source,target,Period,total_votes_shared,total_votes_agreed,weight,topic
Danmarksdemokraterne,Danmarksdemokraterne,68,4117,4101.0,0.9961136750060724,økonomi
Danmarksdemokraterne,Dansk Folkeparti,68,6558,6541.0,0.9974077462641048,økonomi
Danmarksdemokraterne,Det Konservative Folkeparti,68,7158,4547.0,0.6352333053925677,økonomi
Danmarksdemokraterne,Enhedslisten,68,13242,5602.0,0.4230478779640537,økonomi
Danmarksdemokraterne,Inuit Ataqatigiit,68,7,0.0,0.0,økonomi
Danmarksdemokraterne,Liberal Alliance,68,7191,3972.0,0.5523571130579892,økonomi
Danmarksdemokraterne,Moderaterne,68,964,599.0,0.6213692946058091,økonomi
Danmarksdemokraterne,Radikale Venstre,68,14650,7367.0,0.5028668941979522,økonomi
Danmarksdemokraterne,Socialdemokratiet,68,15197,7813.0,0.514114627887083,økonomi
Danmarksdemokraterne,Socialistisk Folkeparti,68,8282,4070.0,0.4914271914996377,økonomi
Danmarksdemokraterne,Uden for folketingsgrupperne,68,5313,4825.0,0.9081498211932996,økonomi
Danmarksdemokraterne,Venstre,68,20685,13870.0,0.6705342035291274,økonomi
Dansk Folkeparti,Danmarksdemokraterne,68,4407,4384.0,0.9947810301792602,økonomi
Dansk Folkeparti,Dansk Folkeparti,68,4724,4702.0,0.9953429297205758,økonomi
Dansk Folkeparti,Det Konservative Folkeparti,68,6781,4416.0,0.6512313818020941,økonomi
Dansk Folkeparti,Enhedslisten,68,13227,5473.0,0.4137748544643532,økonomi
Dansk Folkeparti,Inuit Ataqatigiit,68,9,0.0,0.0,økonomi
Dansk Folkeparti,Liberal Alliance,68,6247,3648.0,0.5839603009444534,økonomi
Dansk Folkeparti,Moderaterne,68,577,379.0,0.6568457538994801,økonomi
Dansk Folkeparti,Radikale Venstre,68,11785,6209.0,0.5268561731014001,økonomi
Dansk Folkeparti,Socialdemokratiet,68,14171,7619.0,0.5376473078822949,økonomi
Dansk Folkeparti,Socialistisk Folkeparti,68,8312,4059.0,0.488330125120308,økonomi
Dansk Folkeparti,Uden for folketingsgrupperne,68,4281,3731.0,0.8715253445456669,økonomi
Dansk Folkeparti,Venstre,68,19685,13777.0,0.6998729997459995,økonomi
Det Konservative Folkeparti,Danmarksdemokraterne,68,2465,1465.0,0.5943204868154158,økonomi
Det Konservative Folkeparti,Dansk Folkeparti,68,3434,2213.0,0.6444379732090856,økonomi
Det Konservative Folkeparti,Det Konservative Folkeparti,68,3302,3290.0,0.996365838885524,økonomi
Det Konservative Folkeparti,Enhedslisten,68,8547,3329.0,0.3894933894933895,økonomi
Det Konservative Folkeparti,Inuit Ataqatigiit,68,4,0.0,0.0,økonomi
Det Konservative Folkeparti,Liberal Alliance,68,3782,2735.0,0.7231623479640402,økonomi
Det Konservative Folkeparti,Moderaterne,68,390,318.0,0.8153846153846154,økonomi
Det Konservative Folkeparti,Radikale Venstre,68,7035,4901.0,0.6966595593461266,økonomi
Det Konservative Folkeparti,Socialdemokratiet,68,9288,6397.0,0.6887381567614126,økonomi
Det Konservative Folkeparti,Socialistisk Folkeparti,68,5448,3324.0,0.6101321585903083,økonomi
Det Konservative Folkeparti,Uden for folketingsgrupperne,68,2420,1589.0,0.6566115702479339,økonomi
Det Konservative Folkeparti,Venstre,68,11911,10180.0,0.8546721517924607,økonomi
Enhedslisten,Danmarksdemokraterne,68,7687,3168.0,0.4121243658124106,økonomi
Enhedslisten,Dansk Folkeparti,68,8982,3508.0,0.3905588955689156,økonomi
Enhedslisten,Det Konservative Folkeparti,68,10573,3964.0,0.3749172420315899,økonomi
Enhedslisten,Enhedslisten,68,18203,17758.0,0.9755534801955722,økonomi
Enhedslisten,Inuit Ataqatigiit,68,14,14.0,1.0,økonomi
Enhedslisten,Liberal Alliance,68,9854,3029.0,0.3073878627968338,økonomi
Enhedslisten,Moderaterne,68,1408,609.0,0.4325284090909091,økonomi
Enhedslisten,Radikale Venstre,68,19452,13394.0,0.6885667283569813,økonomi
Enhedslisten,Socialdemokratiet,68,23387,15744.0,0.6731945097703853,økonomi
Enhedslisten,Socialistisk Folkeparti,68,13434,9751.0,0.7258448712222718,økonomi
Enhedslisten,Uden for folketingsgrupperne,68,7138,2690.0,0.3768562622583357,økonomi
Enhedslisten,Venstre,68,31780,12768.0,0.4017621145374449,økonomi
Inuit Ataqatigiit,Danmarksdemokraterne,68,1,1.0,1.0,økonomi
Inuit Ataqatigiit,Det Konservative Folkeparti,68,2,0.0,0.0,økonomi
Inuit Ataqatigiit,Enhedslisten,68,2,2.0,1.0,økonomi
Inuit Ataqatigiit,Liberal Alliance,68,1,0.0,0.0,økonomi
Inuit Ataqatigiit,Radikale Venstre,68,1,0.0,0.0,økonomi
Inuit Ataqatigiit,Socialdemokratiet,68,4,2.0,0.5,økonomi
Inuit Ataqatigiit,Socialistisk Folkeparti,68,2,0.0,0.0,økonomi
Inuit Ataqatigiit,Uden for folketingsgrupperne,68,2,0.0,0.0,økonomi
Inuit Ataqatigiit,Venstre,68,5,0.0,0.0,økonomi
Liberal Alliance,Danmarksdemokraterne,68,2298,1090.0,0.474325500435161,økonomi
Liberal Alliance,Dansk Folkeparti,68,3743,2053.0,0.5484905156291745,økonomi
Liberal Alliance,Det Konservative Folkeparti,68,4790,3189.0,0.6657620041753654,økonomi
Liberal Alliance,Enhedslisten,68,8867,2798.0,0.3155520469155295,økonomi
Liberal Alliance,Inuit Ataqatigiit,68,6,0.0,0.0,økonomi
Liberal Alliance,Liberal Alliance,68,3131,3108.0,0.9926541041200896,økonomi
Liberal Alliance,Moderaterne,68,255,123.0,0.4823529411764706,økonomi
Liberal Alliance,Radikale Venstre,68,6201,3244.0,0.5231414288018061,økonomi
Liberal Alliance,Socialdemokratiet,68,9642,5088.0,0.5276913503422527,økonomi
Liberal Alliance,Socialistisk Folkeparti,68,5791,2747.0,0.4743567604904161,økonomi
Liberal Alliance,Uden for folketingsgrupperne,68,2197,1522.0,0.6927628584433319,økonomi
Liberal Alliance,Venstre,68,11175,7609.0,0.6808948545861297,økonomi
Moderaterne,Danmarksdemokraterne,68,504,317.0,0.628968253968254,økonomi
Moderaterne,Dansk Folkeparti,68,882,562.0,0.63718820861678,økonomi
Moderaterne,Det Konservative Folkeparti,68,947,766.0,0.808870116156283,økonomi
Moderaterne,Enhedslisten,68,1465,606.0,0.4136518771331058,økonomi
Moderaterne,Inuit Ataqatigiit,68,1,0.0,0.0,økonomi
Moderaterne,Liberal Alliance,68,1023,614.0,0.6001955034213099,økonomi
Moderaterne,Moderaterne,68,5,5.0,1.0,økonomi
Moderaterne,Radikale Venstre,68,2012,1309.0,0.6505964214711729,økonomi
Moderaterne,Socialdemokratiet,68,1918,1280.0,0.6673618352450469,økonomi
Moderaterne,Socialistisk Folkeparti,68,931,540.0,0.5800214822771214,økonomi
Moderaterne,Uden for folketingsgrupperne,68,706,441.0,0.6246458923512748,økonomi
Moderaterne,Venstre,68,2444,2444.0,1.0,økonomi
Radikale Venstre,Danmarksdemokraterne,68,4480,2296.0,0.5125,økonomi
Radikale Venstre,Dansk Folkeparti,68,8183,4354.0,0.5320786997433704,økonomi
Radikale Venstre,Det Konservative Folkeparti,68,10061,6575.0,0.653513567239837,økonomi
Radikale Venstre,Enhedslisten,68,18010,12458.0,0.6917268184342032,økonomi
Radikale Venstre,Inuit Ataqatigiit,68,15,9.0,0.6,økonomi
Radikale Venstre,Liberal Alliance,68,10697,5593.0,0.5228568757595587,økonomi
Radikale Venstre,Moderaterne,68,440,277.0,0.6295454545454545,økonomi
Radikale Venstre,Radikale Venstre,68,14923,14923.0,1.0,økonomi
Radikale Venstre,Socialdemokratiet,68,21842,21839.0,0.9998626499404816,økonomi
Radikale Venstre,Socialistisk Folkeparti,68,11699,11173.0,0.9550388922130096,økonomi
Radikale Venstre,Uden for folketingsgrupperne,68,5640,2992.0,0.5304964539007092,økonomi
Radikale Venstre,Venstre,68,27086,19244.0,0.7104777375766078,økonomi
Socialdemokratiet,Danmarksdemokraterne,68,12612,6518.0,0.5168093878845544,økonomi
Socialdemokratiet,Dansk Folkeparti,68,15483,8422.0,0.5439514306013047,økonomi
Socialdemokratiet,Det Konservative Folkeparti,68,16178,10863.0,0.6714674248980096,økonomi
Socialdemokratiet,Enhedslisten,68,31707,21753.0,0.6860630144762986,økonomi
Socialdemokratiet,Inuit Ataqatigiit,68,22,13.0,0.5909090909090909,økonomi
Socialdemokratiet,Liberal Alliance,68,15208,7995.0,0.5257101525512888,økonomi
Socialdemokratiet,Moderaterne,68,1881,1216.0,0.6464646464646465,økonomi
Socialdemokratiet,Radikale Venstre,68,27643,27628.0,0.9994573671453896,økonomi
Socialdemokratiet,Socialdemokratiet,68,33988,33959.0,0.9991467576791808,økonomi
Socialdemokratiet,Socialistisk Folkeparti,68,18883,17678.0,0.9361859873960704,økonomi
Socialdemokratiet,Uden for folketingsgrupperne,68,9949,5213.0,0.5239722585184441,økonomi
Socialdemokratiet,Venstre,68,47350,34197.0,0.7222175290390708,økonomi
Socialistisk Folkeparti,Danmarksdemokraterne,68,4517,2244.0,0.4967899048040735,økonomi
Socialistisk Folkeparti,Dansk Folkeparti,68,5389,2685.0,0.4982371497494897,økonomi
Socialistisk Folkeparti,Det Konservative Folkeparti,68,6303,3969.0,0.629700142789148,økonomi
Socialistisk Folkeparti,Enhedslisten,68,12125,8832.0,0.7284123711340206,økonomi
Socialistisk Folkeparti,Inuit Ataqatigiit,68,6,3.0,0.5,økonomi
Socialistisk Folkeparti,Liberal Alliance,68,5727,2826.0,0.4934520691461498,økonomi
Socialistisk Folkeparti,Moderaterne,68,733,416.0,0.567530695770805,økonomi
Socialistisk Folkeparti,Radikale Venstre,68,11296,10788.0,0.955028328611898,økonomi
Socialistisk Folkeparti,Socialdemokratiet,68,14688,13870.0,0.9443082788671024,økonomi
Socialistisk Folkeparti,Socialistisk Folkeparti,68,6414,6385.0,0.9954786404739632,økonomi
Socialistisk Folkeparti,Uden for folketingsgrupperne,68,4041,2036.0,0.5038356842365751,økonomi
Socialistisk Folkeparti,Venstre,68,20431,13589.0,0.6651167343742352,økonomi
Uden for folketingsgrupperne,Danmarksdemokraterne,68,597,574.0,0.9614740368509213,økonomi
Uden for folketingsgrupperne,Dansk Folkeparti,68,1931,1927.0,0.9979285344381148,økonomi
Uden for folketingsgrupperne,Det Konservative Folkeparti,68,2970,1809.0,0.6090909090909091,økonomi
Uden for folketingsgrupperne,Enhedslisten,68,4699,1978.0,0.4209406256650351,økonomi
Uden for folketingsgrupperne,Inuit Ataqatigiit,68,3,0.0,0.0,økonomi
Uden for folketingsgrupperne,Liberal Alliance,68,2954,1596.0,0.5402843601895735,økonomi
Uden for folketingsgrupperne,Moderaterne,68,150,91.0,0.6066666666666667,økonomi
Uden for folketingsgrupperne,Radikale Venstre,68,5056,2529.0,0.5001977848101266,økonomi
Uden for folketingsgrupperne,Socialdemokratiet,68,5565,2914.0,0.5236298292902066,økonomi
Uden for folketingsgrupperne,Socialistisk Folkeparti,68,3174,1590.0,0.500945179584121,økonomi
Uden for folketingsgrupperne,Uden for folketingsgrupperne,68,1130,875.0,0.7743362831858407,økonomi
Uden for folketingsgrupperne,Venstre,68,6450,4254.0,0.6595348837209303,økonomi
Venstre,Danmarksdemokraterne,68,14645,9574.0,0.6537384772960054,økonomi
Venstre,Dansk Folkeparti,68,18333,12461.0,0.6797032673321333,økonomi
Venstre,Det Konservative Folkeparti,68,20640,17356.0,0.8408914728682171,økonomi
Venstre,Enhedslisten,68,38325,16804.0,0.4384605348988911,økonomi
Venstre,Inuit Ataqatigiit,68,21,0.0,0.0,økonomi
Venstre,Liberal Alliance,68,20568,14185.0,0.6896635550369506,økonomi
Venstre,Moderaterne,68,2191,2162.0,0.9867640346873574,økonomi
Venstre,Radikale Venstre,68,36311,26221.0,0.7221227727135028,økonomi
Venstre,Socialdemokratiet,68,46394,33504.0,0.7221623485795577,økonomi
Venstre,Socialistisk Folkeparti,68,22718,15073.0,0.6634827009419844,økonomi
Venstre,Uden for folketingsgrupperne,68,13166,8856.0,0.672641652741911,økonomi
Venstre,Venstre,68,56528,55899.0,0.9888727710161336,økonomi
Danmarksdemokraterne,Danmarksdemokraterne,67,3004,2899.0,0.965046604527297,økonomi
Danmarksdemokraterne,Dansk Folkeparti,67,11013,10780.0,0.9788431853264324,økonomi
Danmarksdemokraterne,Det Konservative Folkeparti,67,5154,4679.0,0.9078385719829258,økonomi
Danmarksdemokraterne,Enhedslisten,67,2192,835.0,0.3809306569343065,økonomi
Danmarksdemokraterne,Javnaðarflokkurin,67,3,3.0,1.0,økonomi
Danmarksdemokraterne,Liberal Alliance,67,394,298.0,0.7563451776649747,økonomi
Danmarksdemokraterne,Moderaterne,67,298,288.0,0.9664429530201344,økonomi
Danmarksdemokraterne,Radikale Venstre,67,2490,1280.0,0.5140562248995983,økonomi
Danmarksdemokraterne,Sambandsflokkurin,67,15,13.0,0.8666666666666667,økonomi
Danmarksdemokraterne,Socialdemokratiet,67,28341,13563.0,0.4785646236900603,økonomi
Danmarksdemokraterne,Socialistisk Folkeparti,67,9934,4548.0,0.4578216227098852,økonomi
Danmarksdemokraterne,Uden for folketingsgrupperne,67,2754,2417.0,0.8776325344952796,økonomi
Danmarksdemokraterne,Venstre,67,28617,26440.0,0.9239263374917008,økonomi
Dansk Folkeparti,Danmarksdemokraterne,67,1675,1667.0,0.9952238805970148,økonomi
Dansk Folkeparti,Dansk Folkeparti,67,9118,9113.0,0.9994516341302916,økonomi
Dansk Folkeparti,Det Konservative Folkeparti,67,5567,4852.0,0.8715645769714389,økonomi
Dansk Folkeparti,Enhedslisten,67,1920,764.0,0.3979166666666666,økonomi
Dansk Folkeparti,Javnaðarflokkurin,67,6,6.0,1.0,økonomi
Dansk Folkeparti,Liberal Alliance,67,682,502.0,0.7360703812316716,økonomi
Dansk Folkeparti,Moderaterne,67,242,223.0,0.9214876033057852,økonomi
Dansk Folkeparti,Radikale Venstre,67,2319,1103.0,0.475636050021561,økonomi
Dansk Folkeparti,Socialdemokratiet,67,23005,10468.0,0.4550315148880678,økonomi
Dansk Folkeparti,Socialistisk Folkeparti,67,7786,3360.0,0.4315437965579244,økonomi
Dansk Folkeparti,Uden for folketingsgrupperne,67,2535,1890.0,0.7455621301775148,økonomi
Dansk Folkeparti,Venstre,67,21997,19690.0,0.8951220620993772,økonomi
Det Konservative Folkeparti,Danmarksdemokraterne,67,2451,2264.0,0.9237046103631172,økonomi
Det Konservative Folkeparti,Dansk Folkeparti,67,7675,6858.0,0.8935504885993485,økonomi
Det Konservative Folkeparti,Det Konservative Folkeparti,67,3232,3230.0,0.999381188118812,økonomi
Det Konservative Folkeparti,Enhedslisten,67,1877,748.0,0.3985082578582845,økonomi
Det Konservative Folkeparti,Javnaðarflokkurin,67,3,3.0,1.0,økonomi
Det Konservative Folkeparti,Liberal Alliance,67,432,363.0,0.8402777777777778,økonomi
Det Konservative Folkeparti,Moderaterne,67,208,208.0,1.0,økonomi
Det Konservative Folkeparti,Radikale Venstre,67,1937,1159.0,0.5983479607640682,økonomi
Det Konservative Folkeparti,Sambandsflokkurin,67,20,20.0,1.0,økonomi
Det Konservative Folkeparti,Socialdemokratiet,67,19378,10606.0,0.5473217050263185,økonomi
Det Konservative Folkeparti,Socialistisk Folkeparti,67,6578,3381.0,0.513986013986014,økonomi
Det Konservative Folkeparti,Uden for folketingsgrupperne,67,1871,1513.0,0.8086584714056654,økonomi
Det Konservative Folkeparti,Venstre,67,19588,19570.0,0.9990810700428834,økonomi
Enhedslisten,Danmarksdemokraterne,67,1111,349.0,0.3141314131413141,økonomi
Enhedslisten,Dansk Folkeparti,67,3764,1218.0,0.3235919234856536,økonomi
Enhedslisten,Det Konservative Folkeparti,67,1601,564.0,0.3522798251093066,økonomi
Enhedslisten,Enhedslisten,67,411,366.0,0.8905109489051095,økonomi
Enhedslisten,Javnaðarflokkurin,67,2,2.0,1.0,økonomi
Enhedslisten,Liberal Alliance,67,204,88.0,0.4313725490196078,økonomi
Enhedslisten,Moderaterne,67,99,23.0,0.2323232323232323,økonomi
Enhedslisten,Radikale Venstre,67,793,567.0,0.7150063051702396,økonomi
Enhedslisten,Socialdemokratiet,67,8873,6628.0,0.7469852361095458,økonomi
Enhedslisten,Socialistisk Folkeparti,67,3348,2557.0,0.7637395459976105,økonomi
Enhedslisten,Uden for folketingsgrupperne,67,977,373.0,0.3817809621289662,økonomi
Enhedslisten,Venstre,67,8871,2998.0,0.337955134708601,økonomi
Javnaðarflokkurin,Socialdemokratiet,67,1,1.0,1.0,økonomi
Javnaðarflokkurin,Socialistisk Folkeparti,67,2,2.0,1.0,økonomi
Javnaðarflokkurin,Venstre,67,4,4.0,1.0,økonomi
Liberal Alliance,Danmarksdemokraterne,67,1424,1252.0,0.8792134831460674,økonomi
Liberal Alliance,Dansk Folkeparti,67,2201,1941.0,0.8818718764198091,økonomi
Liberal Alliance,Det Konservative Folkeparti,67,1300,1200.0,0.9230769230769232,økonomi
Liberal Alliance,Enhedslisten,67,553,222.0,0.4014466546112116,økonomi
Liberal Alliance,Javnaðarflokkurin,67,1,1.0,1.0,økonomi
Liberal Alliance,Liberal Alliance,67,1,1.0,1.0,økonomi
Liberal Alliance,Moderaterne,67,86,84.0,0.9767441860465116,økonomi
Liberal Alliance,Radikale Venstre,67,539,322.0,0.5974025974025974,økonomi
Liberal Alliance,Sambandsflokkurin,67,5,5.0,1.0,økonomi
Liberal Alliance,Socialdemokratiet,67,7518,3693.0,0.4912210694333599,økonomi
Liberal Alliance,Socialistisk Folkeparti,67,2594,1293.0,0.4984579799537394,økonomi
Liberal Alliance,Uden for folketingsgrupperne,67,604,496.0,0.8211920529801324,økonomi
Liberal Alliance,Venstre,67,7969,7247.0,0.9093989208181704,økonomi
Moderaterne,Danmarksdemokraterne,67,98,92.0,0.9387755102040816,økonomi
Moderaterne,Dansk Folkeparti,67,420,399.0,0.95,økonomi
Moderaterne,Det Konservative Folkeparti,67,183,183.0,1.0,økonomi
Moderaterne,Enhedslisten,67,18,7.0,0.3888888888888889,økonomi
Moderaterne,Liberal Alliance,67,1,1.0,1.0,økonomi
Moderaterne,Radikale Venstre,67,30,21.0,0.7,økonomi
Moderaterne,Socialdemokratiet,67,879,371.0,0.422070534698521,økonomi
Moderaterne,Socialistisk Folkeparti,67,115,46.0,0.4,økonomi
Moderaterne,Uden for folketingsgrupperne,67,72,33.0,0.4583333333333333,økonomi
Moderaterne,Venstre,67,572,572.0,1.0,økonomi
Radikale Venstre,Danmarksdemokraterne,67,536,261.0,0.4869402985074627,økonomi
Radikale Venstre,Dansk Folkeparti,67,2418,1163.0,0.4809760132340777,økonomi
Radikale Venstre,Det Konservative Folkeparti,67,913,578.0,0.6330777656078861,økonomi
Radikale Venstre,Enhedslisten,67,630,446.0,0.707936507936508,økonomi
Radikale Venstre,Javnaðarflokkurin,67,2,2.0,1.0,økonomi
Radikale Venstre,Liberal Alliance,67,133,76.0,0.5714285714285714,økonomi
Radikale Venstre,Radikale Venstre,67,386,386.0,1.0,økonomi
Radikale Venstre,Socialdemokratiet,67,5105,4278.0,0.838001958863859,økonomi
Radikale Venstre,Socialistisk Folkeparti,67,1881,1579.0,0.8394471026049973,økonomi
Radikale Venstre,Uden for folketingsgrupperne,67,198,163.0,0.8232323232323232,økonomi
Radikale Venstre,Venstre,67,3829,2212.0,0.5776965265082267,økonomi
Sambandsflokkurin,Danmarksdemokraterne,67,24,21.0,0.875,økonomi
Sambandsflokkurin,Dansk Folkeparti,67,73,61.0,0.8356164383561644,økonomi
Sambandsflokkurin,Det Konservative Folkeparti,67,29,29.0,1.0,økonomi
Sambandsflokkurin,Enhedslisten,67,20,3.0,0.15,økonomi
Sambandsflokkurin,Liberal Alliance,67,7,6.0,0.8571428571428571,økonomi
Sambandsflokkurin,Moderaterne,67,1,1.0,1.0,økonomi
Sambandsflokkurin,Radikale Venstre,67,13,7.0,0.5384615384615384,økonomi
Sambandsflokkurin,Socialdemokratiet,67,191,131.0,0.6858638743455497,økonomi
Sambandsflokkurin,Socialistisk Folkeparti,67,84,37.0,0.4404761904761904,økonomi
Sambandsflokkurin,Uden for folketingsgrupperne,67,18,14.0,0.7777777777777778,økonomi
Sambandsflokkurin,Venstre,67,216,216.0,1.0,økonomi
Socialdemokratiet,Danmarksdemokraterne,67,12321,5657.0,0.4591348104861618,økonomi
Socialdemokratiet,Dansk Folkeparti,67,44971,19964.0,0.4439305330101621,økonomi
Socialdemokratiet,Det Konservative Folkeparti,67,21897,12066.0,0.5510343882723661,økonomi
Socialdemokratiet,Enhedslisten,67,8770,6539.0,0.7456100342075257,økonomi
Socialdemokratiet,Javnaðarflokkurin,67,17,17.0,1.0,økonomi
Socialdemokratiet,Liberal Alliance,67,2006,1098.0,0.5473579262213359,økonomi
Socialdemokratiet,Moderaterne,67,1152,465.0,0.4036458333333333,økonomi
Socialdemokratiet,Radikale Venstre,67,10338,8681.0,0.8397175469142968,økonomi
Socialdemokratiet,Sambandsflokkurin,67,40,25.0,0.625,økonomi
Socialdemokratiet,Socialdemokratiet,67,105060,103114.0,0.9814772510946126,økonomi
Socialdemokratiet,Socialistisk Folkeparti,67,36481,34261.0,0.9391464049779336,økonomi
Socialdemokratiet,Uden for folketingsgrupperne,67,11034,5623.0,0.5096066702918253,økonomi
Socialdemokratiet,Venstre,67,104846,55233.0,0.526801213207943,økonomi
Socialistisk Folkeparti,Danmarksdemokraterne,67,4722,2148.0,0.4548919949174079,økonomi
Socialistisk Folkeparti,Dansk Folkeparti,67,16832,7217.0,0.4287666349809886,økonomi
Socialistisk Folkeparti,Det Konservative Folkeparti,67,8435,4292.0,0.5088322465915827,økonomi
Socialistisk Folkeparti,Enhedslisten,67,3159,2546.0,0.8059512503956948,økonomi
Socialistisk Folkeparti,Javnaðarflokkurin,67,7,7.0,1.0,økonomi
Socialistisk Folkeparti,Liberal Alliance,67,752,397.0,0.5279255319148937,økonomi
Socialistisk Folkeparti,Moderaterne,67,442,157.0,0.3552036199095023,økonomi
Socialistisk Folkeparti,Radikale Venstre,67,3954,3223.0,0.8151239251390996,økonomi
Socialistisk Folkeparti,Sambandsflokkurin,67,9,6.0,0.6666666666666666,økonomi
Socialistisk Folkeparti,Socialdemokratiet,67,41630,38678.0,0.9290895988469854,økonomi
Socialistisk Folkeparti,Socialistisk Folkeparti,67,12399,12387.0,0.9990321800145172,økonomi
Socialistisk Folkeparti,Uden for folketingsgrupperne,67,4672,2262.0,0.4841609589041096,økonomi
Socialistisk Folkeparti,Venstre,67,44058,22013.0,0.4996368423441826,økonomi
Uden for folketingsgrupperne,Danmarksdemokraterne,67,510,473.0,0.9274509803921568,økonomi
Uden for folketingsgrupperne,Dansk Folkeparti,67,2862,2862.0,1.0,økonomi
Uden for folketingsgrupperne,Det Konservative Folkeparti,67,1460,1287.0,0.8815068493150685,økonomi
Uden for folketingsgrupperne,Enhedslisten,67,344,136.0,0.3953488372093023,økonomi
Uden for folketingsgrupperne,Javnaðarflokkurin,67,2,2.0,1.0,økonomi
Uden for folketingsgrupperne,Liberal Alliance,67,125,92.0,0.736,økonomi
Uden for folketingsgrupperne,Moderaterne,67,90,86.0,0.9555555555555556,økonomi
Uden for folketingsgrupperne,Radikale Venstre,67,1058,486.0,0.4593572778827977,økonomi
Uden for folketingsgrupperne,Socialdemokratiet,67,6966,3229.0,0.4635371805914441,økonomi
Uden for folketingsgrupperne,Socialistisk Folkeparti,67,1638,752.0,0.4590964590964591,økonomi
Uden for folketingsgrupperne,Uden for folketingsgrupperne,67,396,307.0,0.7752525252525253,økonomi
Uden for folketingsgrupperne,Venstre,67,5089,4525.0,0.8891727254863431,økonomi
Venstre,Danmarksdemokraterne,67,15871,14837.0,0.9348497259151912,økonomi
Venstre,Dansk Folkeparti,67,53125,48017.0,0.903849411764706,økonomi
Venstre,Det Konservative Folkeparti,67,26536,26523.0,0.9995100994874888,økonomi
Venstre,Enhedslisten,67,10775,4253.0,0.3947099767981438,økonomi
Venstre,Javnaðarflokkurin,67,18,18.0,1.0,økonomi
Venstre,Liberal Alliance,67,2307,1902.0,0.8244473342002601,økonomi
Venstre,Moderaterne,67,1505,1504.0,0.9993355481727576,økonomi
Venstre,Radikale Venstre,67,13292,7685.0,0.5781673186879326,økonomi
Venstre,Sambandsflokkurin,67,32,32.0,1.0,økonomi
Venstre,Socialdemokratiet,67,135610,72203.0,0.5324312366344665,økonomi
Venstre,Socialistisk Folkeparti,67,42083,21198.0,0.5037188413373571,økonomi
Venstre,Uden for folketingsgrupperne,67,14498,12434.0,0.8576355359359912,økonomi
Venstre,Venstre,67,126168,126108.0,0.9995244435990108,økonomi
Alternativet,Liberal Alliance,69,63,21.0,0.3333333333333333,økonomi
Alternativet,Radikale Venstre,69,29,25.0,0.8620689655172413,økonomi
Danmarksdemokraterne,Alternativet,69,392,150.0,0.3826530612244898,økonomi
Danmarksdemokraterne,Danmarksdemokraterne,69,5607,5370.0,0.9577314071696096,økonomi
Danmarksdemokraterne,Dansk Folkeparti,69,11398,11155.0,0.97868047025794,økonomi
Danmarksdemokraterne,Det Konservative Folkeparti,69,250,217.0,0.868,økonomi
Danmarksdemokraterne,Enhedslisten,69,9164,3100.0,0.33828022697512,økonomi
Danmarksdemokraterne,Liberal Alliance,69,10757,9317.0,0.8661336803941619,økonomi
Danmarksdemokraterne,Moderaterne,69,669,560.0,0.8370702541106129,økonomi
Danmarksdemokraterne,Radikale Venstre,69,9733,5754.0,0.5911846296106031,økonomi
Danmarksdemokraterne,Socialdemokratiet,69,36938,26254.0,0.7107585684119335,økonomi
Danmarksdemokraterne,Socialistisk Folkeparti,69,5764,2767.0,0.4800485773768216,økonomi
Danmarksdemokraterne,Uden for folketingsgrupperne,69,5846,5615.0,0.960485802257954,økonomi
Danmarksdemokraterne,Venstre,69,33012,28943.0,0.8767417908639282,økonomi
Dansk Folkeparti,Alternativet,69,428,155.0,0.3621495327102804,økonomi
Dansk Folkeparti,Danmarksdemokraterne,69,4347,4249.0,0.9774557165861514,økonomi
Dansk Folkeparti,Dansk Folkeparti,69,8530,8519.0,0.9987104337631888,økonomi
Dansk Folkeparti,Det Konservative Folkeparti,69,228,192.0,0.8421052631578947,økonomi
Dansk Folkeparti,Enhedslisten,69,8744,3008.0,0.344007319304666,økonomi
Dansk Folkeparti,Liberal Alliance,69,7641,6415.0,0.8395497971469703,økonomi
Dansk Folkeparti,Moderaterne,69,299,237.0,0.7926421404682275,økonomi
Dansk Folkeparti,Radikale Venstre,69,8516,4650.0,0.5460310004697041,økonomi
Dansk Folkeparti,Socialdemokratiet,69,29261,19394.0,0.6627934793752777,økonomi
Dansk Folkeparti,Socialistisk Folkeparti,69,3136,1444.0,0.4604591836734694,økonomi
Dansk Folkeparti,Uden for folketingsgrupperne,69,4060,3868.0,0.9527093596059112,økonomi
Dansk Folkeparti,Venstre,69,27647,23721.0,0.8579954425434948,økonomi
Det Konservative Folkeparti,Alternativet,69,31,11.0,0.3548387096774194,økonomi
Det Konservative Folkeparti,Danmarksdemokraterne,69,673,579.0,0.8603268945022289,økonomi
Det Konservative Folkeparti,Dansk Folkeparti,69,1173,1026.0,0.8746803069053708,økonomi
Det Konservative Folkeparti,Det Konservative Folkeparti,69,27,27.0,1.0,økonomi
Det Konservative Folkeparti,Enhedslisten,69,1030,233.0,0.2262135922330097,økonomi
Det Konservative Folkeparti,Liberal Alliance,69,701,644.0,0.9186875891583453,økonomi
Det Konservative Folkeparti,Moderaterne,69,86,83.0,0.9651162790697676,økonomi
Det Konservative Folkeparti,Radikale Venstre,69,725,415.0,0.5724137931034483,økonomi
Det Konservative Folkeparti,Socialdemokratiet,69,2867,2077.0,0.7244506452738054,økonomi
Det Konservative Folkeparti,Socialistisk Folkeparti,69,493,178.0,0.3610547667342799,økonomi
Det Konservative Folkeparti,Uden for folketingsgrupperne,69,455,412.0,0.9054945054945056,økonomi
Det Konservative Folkeparti,Venstre,69,3139,3011.0,0.9592226823829244,økonomi
Enhedslisten,Alternativet,69,364,291.0,0.7994505494505495,økonomi
Enhedslisten,Danmarksdemokraterne,69,4768,1480.0,0.3104026845637584,økonomi
Enhedslisten,Dansk Folkeparti,69,8311,2699.0,0.3247503308867766,økonomi
Enhedslisten,Det Konservative Folkeparti,69,117,61.0,0.5213675213675214,økonomi
Enhedslisten,Enhedslisten,69,6010,6006.0,0.9993344425956738,økonomi
Enhedslisten,Liberal Alliance,69,7593,2449.0,0.3225339128144343,økonomi
Enhedslisten,Moderaterne,69,527,171.0,0.3244781783681214,økonomi
Enhedslisten,Radikale Venstre,69,6817,4086.0,0.5993838932081561,økonomi
Enhedslisten,Socialdemokratiet,69,27327,12145.0,0.4444322464961393,økonomi
Enhedslisten,Socialistisk Folkeparti,69,4137,3139.0,0.7587623882040125,økonomi
Enhedslisten,Uden for folketingsgrupperne,69,3803,1084.0,0.2850381277938469,økonomi
Enhedslisten,Venstre,69,25907,7933.0,0.3062106766510981,økonomi
Liberal Alliance,Alternativet,69,263,92.0,0.3498098859315589,økonomi
Liberal Alliance,Danmarksdemokraterne,69,704,597.0,0.8480113636363636,økonomi
Liberal Alliance,Dansk Folkeparti,69,6151,5202.0,0.8457161437164689,økonomi
Liberal Alliance,Det Konservative Folkeparti,69,93,78.0,0.8387096774193549,økonomi
Liberal Alliance,Enhedslisten,69,4560,1557.0,0.3414473684210526,økonomi
Liberal Alliance,Liberal Alliance,69,3826,3796.0,0.9921589127025614,økonomi
Liberal Alliance,Moderaterne,69,24,21.0,0.875,økonomi
Liberal Alliance,Radikale Venstre,69,5236,3315.0,0.6331168831168831,økonomi
Liberal Alliance,Socialdemokratiet,69,16277,12537.0,0.7702279289795417,økonomi
Liberal Alliance,Socialistisk Folkeparti,69,1368,602.0,0.4400584795321637,økonomi
Liberal Alliance,Uden for folketingsgrupperne,69,2348,2123.0,0.9041737649063032,økonomi
Liberal Alliance,Venstre,69,13516,12931.0,0.9567179638946434,økonomi
Moderaterne,Alternativet,69,13,3.0,0.2307692307692307,økonomi
Moderaterne,Danmarksdemokraterne,69,301,233.0,0.7740863787375415,økonomi
Moderaterne,Dansk Folkeparti,69,873,700.0,0.8018327605956472,økonomi
Moderaterne,Det Konservative Folkeparti,69,23,22.0,0.9565217391304348,økonomi
Moderaterne,Enhedslisten,69,487,176.0,0.3613963039014374,økonomi
Moderaterne,Liberal Alliance,69,815,766.0,0.939877300613497,økonomi
Moderaterne,Moderaterne,69,3,3.0,1.0,økonomi
Moderaterne,Radikale Venstre,69,739,470.0,0.6359945872801083,økonomi
Moderaterne,Socialdemokratiet,69,2820,2318.0,0.8219858156028369,økonomi
Moderaterne,Socialistisk Folkeparti,69,345,175.0,0.5072463768115942,økonomi
Moderaterne,Uden for folketingsgrupperne,69,429,363.0,0.8461538461538461,økonomi
Moderaterne,Venstre,69,2381,2381.0,1.0,økonomi
Radikale Venstre,Alternativet,69,352,250.0,0.7102272727272727,økonomi
Radikale Venstre,Danmarksdemokraterne,69,2143,1232.0,0.5748950069995333,økonomi
Radikale Venstre,Dansk Folkeparti,69,5950,3269.0,0.5494117647058824,økonomi
Radikale Venstre,Det Konservative Folkeparti,69,189,109.0,0.5767195767195767,økonomi
Radikale Venstre,Enhedslisten,69,5543,3502.0,0.6317878405195743,økonomi
Radikale Venstre,Liberal Alliance,69,5044,3251.0,0.6445281522601111,økonomi
Radikale Venstre,Moderaterne,69,73,43.0,0.589041095890411,økonomi
Radikale Venstre,Radikale Venstre,69,4118,4111.0,0.998300145701797,økonomi
Radikale Venstre,Socialdemokratiet,69,17997,13190.0,0.7328999277657388,økonomi
Radikale Venstre,Socialistisk Folkeparti,69,1111,863.0,0.7767776777677767,økonomi
Radikale Venstre,Uden for folketingsgrupperne,69,2085,1228.0,0.588968824940048,økonomi
Radikale Venstre,Venstre,69,15560,9831.0,0.6318123393316195,økonomi
Socialdemokratiet,Alternativet,69,1400,798.0,0.57,økonomi
Socialdemokratiet,Danmarksdemokraterne,69,13269,9233.0,0.6958323912879645,økonomi
Socialdemokratiet,Dansk Folkeparti,69,31072,20465.0,0.6586315653964985,økonomi
Socialdemokratiet,Det Konservative Folkeparti,69,703,536.0,0.7624466571834992,økonomi
Socialdemokratiet,Enhedslisten,69,24616,11571.0,0.4700601234969125,økonomi
Socialdemokratiet,Liberal Alliance,69,26749,20519.0,0.7670940969755878,økonomi
Socialdemokratiet,Moderaterne,69,996,796.0,0.7991967871485943,økonomi
Socialdemokratiet,Radikale Venstre,69,26450,19958.0,0.7545557655954631,økonomi
Socialdemokratiet,Socialdemokratiet,69,89353,87363.0,0.9777287835886876,økonomi
Socialdemokratiet,Socialistisk Folkeparti,69,11227,7047.0,0.6276832635610582,økonomi
Socialdemokratiet,Uden for folketingsgrupperne,69,13949,9187.0,0.6586135206824862,økonomi
Socialdemokratiet,Venstre,69,83377,65363.0,0.7839452127085407,økonomi
Socialistisk Folkeparti,Alternativet,69,221,170.0,0.7692307692307693,økonomi
Socialistisk Folkeparti,Danmarksdemokraterne,69,1263,592.0,0.4687252573238321,økonomi
Socialistisk Folkeparti,Dansk Folkeparti,69,5546,2473.0,0.4459069599711504,økonomi
Socialistisk Folkeparti,Det Konservative Folkeparti,69,99,50.0,0.5050505050505051,økonomi
Socialistisk Folkeparti,Enhedslisten,69,3311,2591.0,0.7825430383569918,økonomi
Socialistisk Folkeparti,Liberal Alliance,69,4806,2354.0,0.4898044111527257,økonomi
Socialistisk Folkeparti,Moderaterne,69,201,101.0,0.5024875621890548,økonomi
Socialistisk Folkeparti,Radikale Venstre,69,5292,3997.0,0.7552910052910053,økonomi
Socialistisk Folkeparti,Socialdemokratiet,69,15494,10008.0,0.6459274557893379,økonomi
Socialistisk Folkeparti,Socialistisk Folkeparti,69,1217,1215.0,0.9983566146261298,økonomi
Socialistisk Folkeparti,Uden for folketingsgrupperne,69,3069,1361.0,0.443466927337895,økonomi
Socialistisk Folkeparti,Venstre,69,13713,6694.0,0.4881499307226719,økonomi
Uden for folketingsgrupperne,Alternativet,69,191,44.0,0.2303664921465968,økonomi
Uden for folketingsgrupperne,Danmarksdemokraterne,69,110,108.0,0.9818181818181818,økonomi
Uden for folketingsgrupperne,Dansk Folkeparti,69,3368,3367.0,0.9997030878859856,økonomi
Uden for folketingsgrupperne,Det Konservative Folkeparti,69,37,32.0,0.8648648648648649,økonomi
Uden for folketingsgrupperne,Enhedslisten,69,2419,706.0,0.291856138900372,økonomi
Uden for folketingsgrupperne,Liberal Alliance,69,2724,2402.0,0.881791483113069,økonomi
Uden for folketingsgrupperne,Moderaterne,69,3,3.0,1.0,økonomi
Uden for folketingsgrupperne,Radikale Venstre,69,3453,1733.0,0.5018824210831161,økonomi
Uden for folketingsgrupperne,Socialdemokratiet,69,8864,5784.0,0.6525270758122743,økonomi
Uden for folketingsgrupperne,Socialistisk Folkeparti,69,153,34.0,0.2222222222222222,økonomi
Uden for folketingsgrupperne,Uden for folketingsgrupperne,69,949,904.0,0.952581664910432,økonomi
Uden for folketingsgrupperne,Venstre,69,7446,6664.0,0.8949771689497716,økonomi
Venstre,Alternativet,69,1346,501.0,0.3722139673105498,økonomi
Venstre,Danmarksdemokraterne,69,12106,10626.0,0.8777465719477945,økonomi
Venstre,Dansk Folkeparti,69,27841,23824.0,0.8557163894975037,økonomi
Venstre,Det Konservative Folkeparti,69,697,664.0,0.9526542324246772,økonomi
Venstre,Enhedslisten,69,21755,7111.0,0.3268673868076304,økonomi
Venstre,Liberal Alliance,69,25332,24495.0,0.966958787304595,økonomi
Venstre,Moderaterne,69,1115,1115.0,1.0,økonomi
Venstre,Radikale Venstre,69,24925,16335.0,0.6553660982948847,økonomi
Venstre,Socialdemokratiet,69,87379,69501.0,0.7953970633676284,økonomi
Venstre,Socialistisk Folkeparti,69,10833,5208.0,0.4807532539462752,økonomi
Venstre,Uden for folketingsgrupperne,69,13325,11870.0,0.8908067542213883,økonomi
Venstre,Venstre,69,73386,73374.0,0.9998364810726842,økonomi
Danmarksdemokraterne,Danmarksdemokraterne,66,1908,1816.0,0.9517819706498952,økonomi
Danmarksdemokraterne,Dansk Folkeparti,66,5225,5058.0,0.9680382775119616,økonomi
Danmarksdemokraterne,Det Konservative Folkeparti,66,4267,3954.0,0.9266463557534568,økonomi
Danmarksdemokraterne,Enhedslisten,66,1539,434.0,0.2820012995451592,økonomi
Danmarksdemokraterne,Liberal Alliance,66,739,681.0,0.9215155615696888,økonomi
Danmarksdemokraterne,Moderaterne,66,128,121.0,0.9453125,økonomi
Danmarksdemokraterne,Radikale Venstre,66,2848,1427.0,0.5010533707865169,økonomi
Danmarksdemokraterne,Siumut,66,6,3.0,0.5,økonomi
Danmarksdemokraterne,Socialdemokratiet,66,12459,6504.0,0.5220322658319287,økonomi
Danmarksdemokraterne,Socialistisk Folkeparti,66,2639,1016.0,0.3849943160287988,økonomi
Danmarksdemokraterne,Uden for folketingsgrupperne,66,2418,1907.0,0.7886683209263854,økonomi
Danmarksdemokraterne,Venstre,66,15993,14838.0,0.9277809041455636,økonomi
Dansk Folkeparti,Danmarksdemokraterne,66,1557,1556.0,0.9993577392421324,økonomi
Dansk Folkeparti,Dansk Folkeparti,66,4139,4135.0,0.9990335829910606,økonomi
Dansk Folkeparti,Det Konservative Folkeparti,66,2814,2538.0,0.9019189765458422,økonomi
Dansk Folkeparti,Enhedslisten,66,1532,446.0,0.2911227154046997,økonomi
Dansk Folkeparti,Liberal Alliance,66,586,518.0,0.8839590443686007,økonomi
Dansk Folkeparti,Moderaterne,66,117,107.0,0.9145299145299144,økonomi
Dansk Folkeparti,Radikale Venstre,66,3035,1513.0,0.4985172981878089,økonomi
Dansk Folkeparti,Siumut,66,4,1.0,0.25,økonomi
Dansk Folkeparti,Socialdemokratiet,66,9971,5035.0,0.5049643967505767,økonomi
Dansk Folkeparti,Socialistisk Folkeparti,66,3034,1230.0,0.4054054054054054,økonomi
Dansk Folkeparti,Uden for folketingsgrupperne,66,2819,1948.0,0.691025186236254,økonomi
Dansk Folkeparti,Venstre,66,13522,12243.0,0.9054134003845584,økonomi
Det Konservative Folkeparti,Danmarksdemokraterne,66,2764,2542.0,0.9196816208393632,økonomi
Det Konservative Folkeparti,Dansk Folkeparti,66,6994,6308.0,0.9019159279382328,økonomi
Det Konservative Folkeparti,Det Konservative Folkeparti,66,4429,4429.0,1.0,økonomi
Det Konservative Folkeparti,Enhedslisten,66,2244,656.0,0.2923351158645276,økonomi
Det Konservative Folkeparti,Liberal Alliance,66,1052,1049.0,0.997148288973384,økonomi
Det Konservative Folkeparti,Moderaterne,66,185,185.0,1.0,økonomi
Det Konservative Folkeparti,Radikale Venstre,66,4361,2352.0,0.5393258426966292,økonomi
Det Konservative Folkeparti,Siumut,66,8,5.0,0.625,økonomi
Det Konservative Folkeparti,Socialdemokratiet,66,16937,9544.0,0.5635000295211666,økonomi
Det Konservative Folkeparti,Socialistisk Folkeparti,66,3454,1394.0,0.4035900405327157,økonomi
Det Konservative Folkeparti,Uden for folketingsgrupperne,66,3541,2854.0,0.8059870093194013,økonomi
Det Konservative Folkeparti,Venstre,66,20690,20681.0,0.9995650072498792,økonomi
Enhedslisten,Danmarksdemokraterne,66,858,232.0,0.2703962703962704,økonomi
Enhedslisten,Dansk Folkeparti,66,1857,473.0,0.254711900915455,økonomi
Enhedslisten,Det Konservative Folkeparti,66,1311,367.0,0.2799389778794813,økonomi
Enhedslisten,Enhedslisten,66,387,386.0,0.9974160206718348,økonomi
Enhedslisten,Liberal Alliance,66,278,68.0,0.2446043165467626,økonomi
Enhedslisten,Moderaterne,66,39,13.0,0.3333333333333333,økonomi
Enhedslisten,Radikale Venstre,66,899,556.0,0.6184649610678532,økonomi
Enhedslisten,Siumut,66,3,0.0,0.0,økonomi
Enhedslisten,Socialdemokratiet,66,4019,2491.0,0.6198059218711122,økonomi
Enhedslisten,Socialistisk Folkeparti,66,1103,890.0,0.8068902991840435,økonomi
Enhedslisten,Uden for folketingsgrupperne,66,990,422.0,0.4262626262626263,økonomi
Enhedslisten,Venstre,66,5365,1510.0,0.2814538676607642,økonomi
Liberal Alliance,Danmarksdemokraterne,66,243,210.0,0.8641975308641975,økonomi
Liberal Alliance,Dansk Folkeparti,66,771,677.0,0.8780804150453956,økonomi
Liberal Alliance,Det Konservative Folkeparti,66,436,436.0,1.0,økonomi
Liberal Alliance,Enhedslisten,66,258,73.0,0.2829457364341085,økonomi
Liberal Alliance,Radikale Venstre,66,716,408.0,0.5698324022346368,økonomi
Liberal Alliance,Socialdemokratiet,66,1798,1016.0,0.5650723025583982,økonomi
Liberal Alliance,Socialistisk Folkeparti,66,339,143.0,0.4218289085545723,økonomi
Liberal Alliance,Uden for folketingsgrupperne,66,435,326.0,0.7494252873563219,økonomi
Liberal Alliance,Venstre,66,1701,1692.0,0.9947089947089948,økonomi
Moderaterne,Danmarksdemokraterne,66,49,45.0,0.9183673469387756,økonomi
Moderaterne,Dansk Folkeparti,66,147,134.0,0.91156462585034,økonomi
Moderaterne,Det Konservative Folkeparti,66,81,81.0,1.0,økonomi
Moderaterne,Enhedslisten,66,62,14.0,0.2258064516129032,økonomi
Moderaterne,Liberal Alliance,66,40,39.0,0.975,økonomi
Moderaterne,Radikale Venstre,66,119,84.0,0.7058823529411765,økonomi
Moderaterne,Socialdemokratiet,66,338,208.0,0.6153846153846154,økonomi
Moderaterne,Socialistisk Folkeparti,66,78,32.0,0.4102564102564102,økonomi
Moderaterne,Uden for folketingsgrupperne,66,93,74.0,0.7956989247311828,økonomi
Moderaterne,Venstre,66,323,323.0,1.0,økonomi
Radikale Venstre,Danmarksdemokraterne,66,961,469.0,0.4880332986472424,økonomi
Radikale Venstre,Dansk Folkeparti,66,2215,1071.0,0.4835214446952596,økonomi
Radikale Venstre,Det Konservative Folkeparti,66,1005,562.0,0.5592039800995025,økonomi
Radikale Venstre,Enhedslisten,66,808,497.0,0.6150990099009901,økonomi
Radikale Venstre,Radikale Venstre,66,1123,1113.0,0.9910952804986642,økonomi
Radikale Venstre,Socialdemokratiet,66,4470,3361.0,0.7519015659955257,økonomi
Radikale Venstre,Socialistisk Folkeparti,66,1334,958.0,0.7181409295352323,økonomi
Radikale Venstre,Uden for folketingsgrupperne,66,1519,1133.0,0.7458854509545754,økonomi
Radikale Venstre,Venstre,66,6252,3365.0,0.5382277671145234,økonomi
Siumut,Danmarksdemokraterne,66,1,1.0,1.0,økonomi
Siumut,Dansk Folkeparti,66,6,4.0,0.6666666666666666,økonomi
Siumut,Det Konservative Folkeparti,66,4,2.0,0.5,økonomi
Siumut,Liberal Alliance,66,1,1.0,1.0,økonomi
Siumut,Radikale Venstre,66,4,3.0,0.75,økonomi
Siumut,Socialdemokratiet,66,14,5.0,0.3571428571428571,økonomi
Siumut,Socialistisk Folkeparti,66,5,0.0,0.0,økonomi
Siumut,Uden for folketingsgrupperne,66,5,3.0,0.6,økonomi
Siumut,Venstre,66,14,7.0,0.5,økonomi
Socialdemokratiet,Danmarksdemokraterne,66,5103,2722.0,0.5334117185969037,økonomi
Socialdemokratiet,Dansk Folkeparti,66,15118,7637.0,0.5051594126207171,økonomi
Socialdemokratiet,Det Konservative Folkeparti,66,8977,5398.0,0.6013144703130222,økonomi
Socialdemokratiet,Enhedslisten,66,4699,2781.0,0.5918280485209619,økonomi
Socialdemokratiet,Liberal Alliance,66,1812,1091.0,0.6020971302428256,økonomi
Socialdemokratiet,Moderaterne,66,334,212.0,0.6347305389221557,økonomi
Socialdemokratiet,Radikale Venstre,66,8983,6947.0,0.7733496604697763,økonomi
Socialdemokratiet,Siumut,66,16,9.0,0.5625,økonomi
Socialdemokratiet,Socialdemokratiet,66,30415,29328.0,0.964261055400296,økonomi
Socialdemokratiet,Socialistisk Folkeparti,66,7871,6094.0,0.7742345318256892,økonomi
Socialdemokratiet,Uden for folketingsgrupperne,66,7636,5022.0,0.6576741749607125,økonomi
Socialdemokratiet,Venstre,66,40921,23742.0,0.5801910999242442,økonomi
Socialistisk Folkeparti,Danmarksdemokraterne,66,1825,727.0,0.3983561643835616,økonomi
Socialistisk Folkeparti,Dansk Folkeparti,66,3541,1362.0,0.3846371081615363,økonomi
Socialistisk Folkeparti,Det Konservative Folkeparti,66,3150,1312.0,0.4165079365079365,økonomi
Socialistisk Folkeparti,Enhedslisten,66,1148,894.0,0.7787456445993032,økonomi
Socialistisk Folkeparti,Liberal Alliance,66,599,236.0,0.3939899833055091,økonomi
Socialistisk Folkeparti,Moderaterne,66,113,48.0,0.4247787610619469,økonomi
Socialistisk Folkeparti,Radikale Venstre,66,2071,1594.0,0.7696764847899565,økonomi
Socialistisk Folkeparti,Siumut,66,3,0.0,0.0,økonomi
Socialistisk Folkeparti,Socialdemokratiet,66,8870,7094.0,0.7997745208568208,økonomi
Socialistisk Folkeparti,Socialistisk Folkeparti,66,1756,1742.0,0.9920273348519362,økonomi
Socialistisk Folkeparti,Uden for folketingsgrupperne,66,1984,1045.0,0.5267137096774194,økonomi
Socialistisk Folkeparti,Venstre,66,12787,5419.0,0.423789786501916,økonomi
Uden for folketingsgrupperne,Danmarksdemokraterne,66,838,677.0,0.8078758949880668,økonomi
Uden for folketingsgrupperne,Dansk Folkeparti,66,2038,1872.0,0.9185475956820413,økonomi
Uden for folketingsgrupperne,Det Konservative Folkeparti,66,1465,1285.0,0.8771331058020477,økonomi
Uden for folketingsgrupperne,Enhedslisten,66,596,217.0,0.3640939597315436,økonomi
Uden for folketingsgrupperne,Liberal Alliance,66,266,252.0,0.9473684210526316,økonomi
Uden for folketingsgrupperne,Moderaterne,66,49,46.0,0.9387755102040816,økonomi
Uden for folketingsgrupperne,Radikale Venstre,66,1022,509.0,0.4980430528375734,økonomi
Uden for folketingsgrupperne,Siumut,66,1,0.0,0.0,økonomi
Uden for folketingsgrupperne,Socialdemokratiet,66,4943,2528.0,0.5114303054825005,økonomi
Uden for folketingsgrupperne,Socialistisk Folkeparti,66,1381,662.0,0.4793627805937726,økonomi
Uden for folketingsgrupperne,Uden for folketingsgrupperne,66,1015,733.0,0.722167487684729,økonomi
Uden for folketingsgrupperne,Venstre,66,7225,6324.0,0.8752941176470588,økonomi
Venstre,Danmarksdemokraterne,66,12582,11607.0,0.9225083452551264,økonomi
Venstre,Dansk Folkeparti,66,27475,24868.0,0.9051137397634212,økonomi
Venstre,Det Konservative Folkeparti,66,20872,20856.0,0.9992334227673438,økonomi
Venstre,Enhedslisten,66,8915,2624.0,0.2943353897924846,økonomi
Venstre,Liberal Alliance,66,4043,4026.0,0.995795201582983,økonomi
Venstre,Moderaterne,66,782,782.0,1.0,økonomi
Venstre,Radikale Venstre,66,15670,8481.0,0.5412252712188896,økonomi
Venstre,Siumut,66,30,15.0,0.5,økonomi
Venstre,Socialdemokratiet,66,63789,36405.0,0.5707096834877486,økonomi
Venstre,Socialistisk Folkeparti,66,14661,6099.0,0.4160016369961121,økonomi
Venstre,Uden for folketingsgrupperne,66,12769,10123.0,0.7927793875792936,økonomi
Venstre,Venstre,66,82211,82127.0,0.9989782389217988,økonomi
Danmarksdemokraterne,Danmarksdemokraterne,65,464,455.0,0.980603448275862,økonomi
Danmarksdemokraterne,Dansk Folkeparti,65,2883,2852.0,0.989247311827957,økonomi
Danmarksdemokraterne,Det Konservative Folkeparti,65,1192,1168.0,0.9798657718120806,økonomi
Danmarksdemokraterne,Enhedslisten,65,118,38.0,0.3220338983050847,økonomi
Danmarksdemokraterne,Inuit Ataqatigiit,65,16,2.0,0.125,økonomi
Danmarksdemokraterne,Kristendemokraterne,65,400,191.0,0.4775,økonomi
Danmarksdemokraterne,Liberal Alliance,65,474,468.0,0.9873417721518988,økonomi
Danmarksdemokraterne,Moderaterne,65,56,55.0,0.9821428571428572,økonomi
Danmarksdemokraterne,Radikale Venstre,65,582,298.0,0.5120274914089347,økonomi
Danmarksdemokraterne,Sambandsflokkurin,65,20,19.0,0.95,økonomi
Danmarksdemokraterne,Socialdemokratiet,65,9631,3641.0,0.37805004672412,økonomi
Danmarksdemokraterne,Socialistisk Folkeparti,65,1640,595.0,0.3628048780487805,økonomi
Danmarksdemokraterne,Uden for folketingsgrupperne,65,1790,1563.0,0.8731843575418995,økonomi
Danmarksdemokraterne,Venstre,65,7136,7015.0,0.9830437219730942,økonomi
Dansk Folkeparti,Danmarksdemokraterne,65,255,255.0,1.0,økonomi
Dansk Folkeparti,Dansk Folkeparti,65,2762,2762.0,1.0,økonomi
Dansk Folkeparti,Det Konservative Folkeparti,65,310,302.0,0.9741935483870968,økonomi
Dansk Folkeparti,Enhedslisten,65,79,20.0,0.2531645569620253,økonomi
Dansk Folkeparti,Inuit Ataqatigiit,65,8,1.0,0.125,økonomi
Dansk Folkeparti,Kristendemokraterne,65,406,187.0,0.4605911330049261,økonomi
Dansk Folkeparti,Liberal Alliance,65,254,248.0,0.9763779527559056,økonomi
Dansk Folkeparti,Moderaterne,65,33,32.0,0.9696969696969696,økonomi
Dansk Folkeparti,Radikale Venstre,65,539,264.0,0.4897959183673469,økonomi
Dansk Folkeparti,Sambandsflokkurin,65,11,10.0,0.9090909090909092,økonomi
Dansk Folkeparti,Socialdemokratiet,65,7208,2712.0,0.3762486126526082,økonomi
Dansk Folkeparti,Socialistisk Folkeparti,65,2002,697.0,0.3481518481518481,økonomi
Dansk Folkeparti,Uden for folketingsgrupperne,65,1103,877.0,0.7951042611060744,økonomi
Dansk Folkeparti,Venstre,65,6745,6583.0,0.975982209043736,økonomi
Det Konservative Folkeparti,Danmarksdemokraterne,65,1019,1004.0,0.985279685966634,økonomi
Det Konservative Folkeparti,Dansk Folkeparti,65,4518,4397.0,0.9732182381584772,økonomi
Det Konservative Folkeparti,Det Konservative Folkeparti,65,1344,1344.0,1.0,økonomi
Det Konservative Folkeparti,Enhedslisten,65,267,82.0,0.3071161048689138,økonomi
Det Konservative Folkeparti,Inuit Ataqatigiit,65,16,2.0,0.125,økonomi
Det Konservative Folkeparti,Kristendemokraterne,65,659,339.0,0.5144157814871017,økonomi
Det Konservative Folkeparti,Liberal Alliance,65,832,832.0,1.0,økonomi
Det Konservative Folkeparti,Moderaterne,65,114,114.0,1.0,økonomi
Det Konservative Folkeparti,Radikale Venstre,65,1106,607.0,0.5488245931283906,økonomi
Det Konservative Folkeparti,Sambandsflokkurin,65,49,49.0,1.0,økonomi
Det Konservative Folkeparti,Socialdemokratiet,65,15649,6727.0,0.4298677231771998,økonomi
Det Konservative Folkeparti,Socialistisk Folkeparti,65,2588,1048.0,0.4049459041731066,økonomi
Det Konservative Folkeparti,Uden for folketingsgrupperne,65,2587,2233.0,0.8631619636644762,økonomi
Det Konservative Folkeparti,Venstre,65,11468,11468.0,1.0,økonomi
Enhedslisten,Danmarksdemokraterne,65,40,17.0,0.425,økonomi
Enhedslisten,Dansk Folkeparti,65,265,95.0,0.3584905660377358,økonomi
Enhedslisten,Det Konservative Folkeparti,65,5,0.0,0.0,økonomi
Enhedslisten,Enhedslisten,65,4,4.0,1.0,økonomi
Enhedslisten,Kristendemokraterne,65,39,24.0,0.6153846153846154,økonomi
Enhedslisten,Liberal Alliance,65,1,0.0,0.0,økonomi
Enhedslisten,Moderaterne,65,2,0.0,0.0,økonomi
Enhedslisten,Radikale Venstre,65,69,46.0,0.6666666666666666,økonomi
Enhedslisten,Sambandsflokkurin,65,13,0.0,0.0,økonomi
Enhedslisten,Socialdemokratiet,65,631,449.0,0.7115689381933439,økonomi
Enhedslisten,Socialistisk Folkeparti,65,103,84.0,0.8155339805825242,økonomi
Enhedslisten,Uden for folketingsgrupperne,65,80,27.0,0.3375,økonomi
Enhedslisten,Venstre,65,348,115.0,0.3304597701149425,økonomi
Inuit Ataqatigiit,Danmarksdemokraterne,65,6,1.0,0.1666666666666666,økonomi
Inuit Ataqatigiit,Dansk Folkeparti,65,30,4.0,0.1333333333333333,økonomi
Inuit Ataqatigiit,Det Konservative Folkeparti,65,8,1.0,0.125,økonomi
Inuit Ataqatigiit,Kristendemokraterne,65,8,5.0,0.625,økonomi
Inuit Ataqatigiit,Liberal Alliance,65,8,1.0,0.125,økonomi
Inuit Ataqatigiit,Radikale Venstre,65,8,7.0,0.875,økonomi
Inuit Ataqatigiit,Socialdemokratiet,65,119,91.0,0.7647058823529411,økonomi
Inuit Ataqatigiit,Socialistisk Folkeparti,65,16,14.0,0.875,økonomi
Inuit Ataqatigiit,Uden for folketingsgrupperne,65,16,8.0,0.5,økonomi
Inuit Ataqatigiit,Venstre,65,55,7.0,0.1272727272727272,økonomi
Kristendemokraterne,Danmarksdemokraterne,65,104,47.0,0.4519230769230769,økonomi
Kristendemokraterne,Dansk Folkeparti,65,604,293.0,0.4850993377483443,økonomi
Kristendemokraterne,Radikale Venstre,65,161,88.0,0.546583850931677,økonomi
Kristendemokraterne,Socialdemokratiet,65,1983,1163.0,0.5864851235501765,økonomi
Kristendemokraterne,Socialistisk Folkeparti,65,395,237.0,0.6,økonomi
Kristendemokraterne,Uden for folketingsgrupperne,65,332,167.0,0.5030120481927711,økonomi
Kristendemokraterne,Venstre,65,1016,503.0,0.4950787401574803,økonomi
Liberal Alliance,Danmarksdemokraterne,65,105,102.0,0.9714285714285714,økonomi
Liberal Alliance,Dansk Folkeparti,65,982,957.0,0.9745417515274948,økonomi
Liberal Alliance,Det Konservative Folkeparti,65,38,38.0,1.0,økonomi
Liberal Alliance,Enhedslisten,65,50,16.0,0.32,økonomi
Liberal Alliance,Kristendemokraterne,65,189,91.0,0.4814814814814814,økonomi
Liberal Alliance,Radikale Venstre,65,273,139.0,0.5091575091575091,økonomi
Liberal Alliance,Sambandsflokkurin,65,7,7.0,1.0,økonomi
Liberal Alliance,Socialdemokratiet,65,3272,1240.0,0.3789731051344743,økonomi
Liberal Alliance,Socialistisk Folkeparti,65,523,197.0,0.3766730401529636,økonomi
Liberal Alliance,Uden for folketingsgrupperne,65,452,347.0,0.7676991150442478,økonomi
Liberal Alliance,Venstre,65,1444,1444.0,1.0,økonomi
Moderaterne,Danmarksdemokraterne,65,18,18.0,1.0,økonomi
Moderaterne,Dansk Folkeparti,65,133,129.0,0.9699248120300752,økonomi
Moderaterne,Det Konservative Folkeparti,65,9,9.0,1.0,økonomi
Moderaterne,Enhedslisten,65,26,7.0,0.2692307692307692,økonomi
Moderaterne,Kristendemokraterne,65,21,15.0,0.7142857142857143,økonomi
Moderaterne,Liberal Alliance,65,25,25.0,1.0,økonomi
Moderaterne,Radikale Venstre,65,42,21.0,0.5,økonomi
Moderaterne,Sambandsflokkurin,65,6,6.0,1.0,økonomi
Moderaterne,Socialdemokratiet,65,344,176.0,0.5116279069767442,økonomi
Moderaterne,Socialistisk Folkeparti,65,79,41.0,0.5189873417721519,økonomi
Moderaterne,Uden for folketingsgrupperne,65,42,38.0,0.9047619047619048,økonomi
Moderaterne,Venstre,65,161,161.0,1.0,økonomi
Radikale Venstre,Danmarksdemokraterne,65,119,64.0,0.5378151260504201,økonomi
Radikale Venstre,Dansk Folkeparti,65,983,501.0,0.5096642929806714,økonomi
Radikale Venstre,Det Konservative Folkeparti,65,3,3.0,1.0,økonomi
Radikale Venstre,Enhedslisten,65,7,5.0,0.7142857142857143,økonomi
Radikale Venstre,Kristendemokraterne,65,56,47.0,0.8392857142857143,økonomi
Radikale Venstre,Radikale Venstre,65,54,54.0,1.0,økonomi
Radikale Venstre,Socialdemokratiet,65,2575,1969.0,0.7646601941747573,økonomi
Radikale Venstre,Socialistisk Folkeparti,65,498,353.0,0.7088353413654619,økonomi
Radikale Venstre,Uden for folketingsgrupperne,65,401,288.0,0.7182044887780549,økonomi
Radikale Venstre,Venstre,65,1495,787.0,0.5264214046822743,økonomi
Sambandsflokkurin,Danmarksdemokraterne,65,1,1.0,1.0,økonomi
Sambandsflokkurin,Dansk Folkeparti,65,41,37.0,0.902439024390244,økonomi
Sambandsflokkurin,Enhedslisten,65,1,0.0,0.0,økonomi
Sambandsflokkurin,Radikale Venstre,65,13,5.0,0.3846153846153846,økonomi
Sambandsflokkurin,Socialdemokratiet,65,118,35.0,0.2966101694915254,økonomi
Sambandsflokkurin,Socialistisk Folkeparti,65,12,1.0,0.0833333333333333,økonomi
Sambandsflokkurin,Uden for folketingsgrupperne,65,14,13.0,0.9285714285714286,økonomi
Sambandsflokkurin,Venstre,65,43,43.0,1.0,økonomi
Socialdemokratiet,Danmarksdemokraterne,65,2708,1068.0,0.3943870014771048,økonomi
Socialdemokratiet,Dansk Folkeparti,65,18939,7298.0,0.3853424151222345,økonomi
Socialdemokratiet,Det Konservative Folkeparti,65,2549,1154.0,0.4527265594350725,økonomi
Socialdemokratiet,Enhedslisten,65,387,291.0,0.751937984496124,økonomi
Socialdemokratiet,Inuit Ataqatigiit,65,56,42.0,0.75,økonomi
Socialdemokratiet,Kristendemokraterne,65,2191,1348.0,0.6152441807393884,økonomi
Socialdemokratiet,Liberal Alliance,65,1591,635.0,0.399120050282841,økonomi
Socialdemokratiet,Moderaterne,65,147,81.0,0.5510204081632653,økonomi
Socialdemokratiet,Radikale Venstre,65,3303,2593.0,0.7850438994853164,økonomi
Socialdemokratiet,Sambandsflokkurin,65,45,16.0,0.3555555555555555,økonomi
Socialdemokratiet,Socialdemokratiet,65,49850,47950.0,0.9618856569709128,økonomi
Socialdemokratiet,Socialistisk Folkeparti,65,9568,7654.0,0.7999581939799331,økonomi
Socialdemokratiet,Uden for folketingsgrupperne,65,8814,3926.0,0.4454277286135693,økonomi
Socialdemokratiet,Venstre,65,35277,14361.0,0.4070924398333191,økonomi
Socialistisk Folkeparti,Danmarksdemokraterne,65,816,307.0,0.3762254901960784,økonomi
Socialistisk Folkeparti,Dansk Folkeparti,65,3198,1201.0,0.3755472170106316,økonomi
Socialistisk Folkeparti,Det Konservative Folkeparti,65,1039,381.0,0.3666987487969201,økonomi
Socialistisk Folkeparti,Enhedslisten,65,149,123.0,0.825503355704698,økonomi
Socialistisk Folkeparti,Inuit Ataqatigiit,65,16,14.0,0.875,økonomi
Socialistisk Folkeparti,Kristendemokraterne,65,428,260.0,0.6074766355140186,økonomi
Socialistisk Folkeparti,Liberal Alliance,65,421,141.0,0.334916864608076,økonomi
Socialistisk Folkeparti,Moderaterne,65,48,28.0,0.5833333333333334,økonomi
Socialistisk Folkeparti,Radikale Venstre,65,670,487.0,0.7268656716417911,økonomi
Socialistisk Folkeparti,Sambandsflokkurin,65,24,3.0,0.125,økonomi
Socialistisk Folkeparti,Socialdemokratiet,65,10792,8662.0,0.8026315789473685,økonomi
Socialistisk Folkeparti,Socialistisk Folkeparti,65,1546,1546.0,1.0,økonomi
Socialistisk Folkeparti,Uden for folketingsgrupperne,65,1919,807.0,0.4205315268368942,økonomi
Socialistisk Folkeparti,Venstre,65,7201,2696.0,0.3743924454936814,økonomi
Uden for folketingsgrupperne,Danmarksdemokraterne,65,257,216.0,0.8404669260700389,økonomi
Uden for folketingsgrupperne,Dansk Folkeparti,65,3229,2876.0,0.8906782285537318,økonomi
Uden for folketingsgrupperne,Det Konservative Folkeparti,65,406,402.0,0.9901477832512317,økonomi
Uden for folketingsgrupperne,Enhedslisten,65,50,10.0,0.2,økonomi
Uden for folketingsgrupperne,Inuit Ataqatigiit,65,16,2.0,0.125,økonomi
Uden for folketingsgrupperne,Kristendemokraterne,65,364,166.0,0.456043956043956,økonomi
Uden for folketingsgrupperne,Liberal Alliance,65,367,363.0,0.989100817438692,økonomi
Uden for folketingsgrupperne,Moderaterne,65,16,15.0,0.9375,økonomi
Uden for folketingsgrupperne,Radikale Venstre,65,585,313.0,0.535042735042735,økonomi
Uden for folketingsgrupperne,Sambandsflokkurin,65,14,13.0,0.9285714285714286,økonomi
Uden for folketingsgrupperne,Socialdemokratiet,65,8960,3705.0,0.4135044642857143,økonomi
Uden for folketingsgrupperne,Socialistisk Folkeparti,65,1475,512.0,0.3471186440677966,økonomi
Uden for folketingsgrupperne,Uden for folketingsgrupperne,65,1135,823.0,0.7251101321585903,økonomi
Uden for folketingsgrupperne,Venstre,65,5341,4773.0,0.8936528739936341,økonomi
Venstre,Danmarksdemokraterne,65,3247,3206.0,0.9873729596550662,økonomi
Venstre,Dansk Folkeparti,65,15485,15099.0,0.9750726509525348,økonomi
Venstre,Det Konservative Folkeparti,65,4294,4294.0,1.0,økonomi
Venstre,Enhedslisten,65,745,230.0,0.3087248322147651,økonomi
Venstre,Inuit Ataqatigiit,65,72,9.0,0.125,økonomi
Venstre,Kristendemokraterne,65,2351,1173.0,0.4989366227137388,økonomi
Venstre,Liberal Alliance,65,2605,2605.0,1.0,økonomi
Venstre,Moderaterne,65,360,360.0,1.0,økonomi
Venstre,Radikale Venstre,65,3507,1864.0,0.5315084117479327,økonomi
Venstre,Sambandsflokkurin,65,115,115.0,1.0,økonomi
Venstre,Socialdemokratiet,65,50738,20552.0,0.405061295281643,økonomi
Venstre,Socialistisk Folkeparti,65,9893,3779.0,0.3819872637218235,økonomi
Venstre,Uden for folketingsgrupperne,65,8922,7666.0,0.8592243891504147,økonomi
Venstre,Venstre,65,34387,34387.0,1.0,økonomi
Alternativet,Radikale Venstre,70,150,118.0,0.7866666666666666,økonomi
Alternativet,Venstre,70,182,90.0,0.4945054945054945,økonomi
Danmarksdemokraterne,Alternativet,70,1285,602.0,0.4684824902723735,økonomi
Danmarksdemokraterne,Danmarksdemokraterne,70,5926,5643.0,0.9522443469456632,økonomi
Danmarksdemokraterne,Dansk Folkeparti,70,4530,4362.0,0.9629139072847682,økonomi
Danmarksdemokraterne,Det Konservative Folkeparti,70,1295,1031.0,0.7961389961389962,økonomi
Danmarksdemokraterne,Enhedslisten,70,6428,3060.0,0.4760423148724331,økonomi
Danmarksdemokraterne,Liberal Alliance,70,2206,1522.0,0.6899365367180417,økonomi
Danmarksdemokraterne,Moderaterne,70,60,44.0,0.7333333333333333,økonomi
Danmarksdemokraterne,Radikale Venstre,70,7914,4371.0,0.5523123578468537,økonomi
Danmarksdemokraterne,Sambandsflokkurin,70,8,8.0,1.0,økonomi
Danmarksdemokraterne,Socialdemokratiet,70,30975,18579.0,0.5998062953995157,økonomi
Danmarksdemokraterne,Socialistisk Folkeparti,70,3717,1846.0,0.4966370729082593,økonomi
Danmarksdemokraterne,Uden for folketingsgrupperne,70,5598,5046.0,0.9013933547695604,økonomi
Danmarksdemokraterne,Venstre,70,26651,20316.0,0.7622978499868673,økonomi
Dansk Folkeparti,Alternativet,70,638,285.0,0.4467084639498432,økonomi
Dansk Folkeparti,Danmarksdemokraterne,70,1834,1790.0,0.9760087241003272,økonomi
Dansk Folkeparti,Dansk Folkeparti,70,1100,1088.0,0.9890909090909092,økonomi
Dansk Folkeparti,Det Konservative Folkeparti,70,169,120.0,0.7100591715976331,økonomi
Dansk Folkeparti,Enhedslisten,70,3020,1387.0,0.4592715231788079,økonomi
Dansk Folkeparti,Liberal Alliance,70,881,605.0,0.6867196367763905,økonomi
Dansk Folkeparti,Moderaterne,70,1,0.0,0.0,økonomi
Dansk Folkeparti,Radikale Venstre,70,2456,1293.0,0.5264657980456026,økonomi
Dansk Folkeparti,Sambandsflokkurin,70,1,1.0,1.0,økonomi
Dansk Folkeparti,Socialdemokratiet,70,9630,5552.0,0.5765316718587746,økonomi
Dansk Folkeparti,Socialistisk Folkeparti,70,520,226.0,0.4346153846153846,økonomi
Dansk Folkeparti,Uden for folketingsgrupperne,70,765,663.0,0.8666666666666667,økonomi
Dansk Folkeparti,Venstre,70,7858,5654.0,0.7195215067447187,økonomi
Det Konservative Folkeparti,Alternativet,70,93,60.0,0.6451612903225806,økonomi
Det Konservative Folkeparti,Danmarksdemokraterne,70,219,169.0,0.771689497716895,økonomi
Det Konservative Folkeparti,Dansk Folkeparti,70,466,362.0,0.776824034334764,økonomi
Det Konservative Folkeparti,Det Konservative Folkeparti,70,46,46.0,1.0,økonomi
Det Konservative Folkeparti,Enhedslisten,70,533,285.0,0.5347091932457786,økonomi
Det Konservative Folkeparti,Liberal Alliance,70,224,175.0,0.78125,økonomi
Det Konservative Folkeparti,Radikale Venstre,70,620,439.0,0.7080645161290322,økonomi
Det Konservative Folkeparti,Socialdemokratiet,70,1632,1208.0,0.7401960784313726,økonomi
Det Konservative Folkeparti,Socialistisk Folkeparti,70,10,6.0,0.6,økonomi
Det Konservative Folkeparti,Uden for folketingsgrupperne,70,265,204.0,0.769811320754717,økonomi
Det Konservative Folkeparti,Venstre,70,1144,1057.0,0.923951048951049,økonomi
Enhedslisten,Alternativet,70,870,750.0,0.8620689655172413,økonomi
Enhedslisten,Danmarksdemokraterne,70,2775,1250.0,0.4504504504504504,økonomi
Enhedslisten,Dansk Folkeparti,70,1437,657.0,0.4572025052192067,økonomi
Enhedslisten,Det Konservative Folkeparti,70,360,202.0,0.5611111111111111,økonomi
Enhedslisten,Enhedslisten,70,2370,2363.0,0.9970464135021097,økonomi
Enhedslisten,Liberal Alliance,70,654,306.0,0.4678899082568807,økonomi
Enhedslisten,Moderaterne,70,15,4.0,0.2666666666666666,økonomi
Enhedslisten,Radikale Venstre,70,3205,2636.0,0.8224648985959438,økonomi
Enhedslisten,Socialdemokratiet,70,12094,9020.0,0.7458243757234992,økonomi
Enhedslisten,Socialistisk Folkeparti,70,1205,1071.0,0.8887966804979253,økonomi
Enhedslisten,Uden for folketingsgrupperne,70,1767,818.0,0.4629315223542727,økonomi
Enhedslisten,Venstre,70,11195,6184.0,0.5523894595801697,økonomi
Liberal Alliance,Alternativet,70,233,104.0,0.4463519313304721,økonomi
Liberal Alliance,Danmarksdemokraterne,70,391,263.0,0.6726342710997443,økonomi
Liberal Alliance,Dansk Folkeparti,70,354,231.0,0.652542372881356,økonomi
Liberal Alliance,Det Konservative Folkeparti,70,49,41.0,0.8367346938775511,økonomi
Liberal Alliance,Enhedslisten,70,1013,469.0,0.4629812438302073,økonomi
Liberal Alliance,Radikale Venstre,70,870,527.0,0.6057471264367816,økonomi
Liberal Alliance,Socialdemokratiet,70,2598,1637.0,0.6301000769822941,økonomi
Liberal Alliance,Socialistisk Folkeparti,70,19,15.0,0.7894736842105263,økonomi
Liberal Alliance,Uden for folketingsgrupperne,70,23,17.0,0.7391304347826086,økonomi
Liberal Alliance,Venstre,70,2116,1682.0,0.7948960302457467,økonomi
Moderaterne,Danmarksdemokraterne,70,15,10.0,0.6666666666666666,økonomi
Moderaterne,Dansk Folkeparti,70,32,20.0,0.625,økonomi
Moderaterne,Det Konservative Folkeparti,70,1,1.0,1.0,økonomi
Moderaterne,Enhedslisten,70,16,5.0,0.3125,økonomi
Moderaterne,Liberal Alliance,70,14,10.0,0.7142857142857143,økonomi
Moderaterne,Radikale Venstre,70,47,13.0,0.2765957446808511,økonomi
Moderaterne,Socialdemokratiet,70,120,32.0,0.2666666666666666,økonomi
Moderaterne,Socialistisk Folkeparti,70,15,4.0,0.2666666666666666,økonomi
Moderaterne,Uden for folketingsgrupperne,70,31,21.0,0.6774193548387096,økonomi
Moderaterne,Venstre,70,143,143.0,1.0,økonomi
Radikale Venstre,Alternativet,70,739,584.0,0.790257104194858,økonomi
Radikale Venstre,Danmarksdemokraterne,70,1580,836.0,0.529113924050633,økonomi
Radikale Venstre,Dansk Folkeparti,70,2009,1065.0,0.5301144848183176,økonomi
Radikale Venstre,Det Konservative Folkeparti,70,316,223.0,0.7056962025316456,økonomi
Radikale Venstre,Enhedslisten,70,3070,2537.0,0.8263843648208469,økonomi
Radikale Venstre,Liberal Alliance,70,877,514.0,0.5860889395667047,økonomi
Radikale Venstre,Moderaterne,70,1,1.0,1.0,økonomi
Radikale Venstre,Radikale Venstre,70,2326,2301.0,0.9892519346517626,økonomi
Radikale Venstre,Sambandsflokkurin,70,6,5.0,0.8333333333333334,økonomi
Radikale Venstre,Socialdemokratiet,70,10172,8904.0,0.8753440817931577,økonomi
Radikale Venstre,Socialistisk Folkeparti,70,320,276.0,0.8625,økonomi
Radikale Venstre,Uden for folketingsgrupperne,70,1118,586.0,0.5241502683363148,økonomi
Radikale Venstre,Venstre,70,7909,5645.0,0.7137438361360475,økonomi
Sambandsflokkurin,Alternativet,70,1,0.0,0.0,økonomi
Sambandsflokkurin,Danmarksdemokraterne,70,27,27.0,1.0,økonomi
Sambandsflokkurin,Dansk Folkeparti,70,19,19.0,1.0,økonomi
Sambandsflokkurin,Enhedslisten,70,26,18.0,0.6923076923076923,økonomi
Sambandsflokkurin,Liberal Alliance,70,7,7.0,1.0,økonomi
Sambandsflokkurin,Radikale Venstre,70,20,17.0,0.85,økonomi
Sambandsflokkurin,Socialdemokratiet,70,85,85.0,1.0,økonomi
Sambandsflokkurin,Socialistisk Folkeparti,70,8,7.0,0.875,økonomi
Sambandsflokkurin,Uden for folketingsgrupperne,70,18,17.0,0.9444444444444444,økonomi
Sambandsflokkurin,Venstre,70,95,95.0,1.0,økonomi
Socialdemokratiet,Alternativet,70,4404,3137.0,0.7123069936421436,økonomi
Socialdemokratiet,Danmarksdemokraterne,70,16497,9820.0,0.5952597441959144,økonomi
Socialdemokratiet,Dansk Folkeparti,70,12374,7390.0,0.5972199773719088,økonomi
Socialdemokratiet,Det Konservative Folkeparti,70,2959,2222.0,0.7509293680297398,økonomi
Socialdemokratiet,Enhedslisten,70,18790,14116.0,0.7512506652474721,økonomi
Socialdemokratiet,Liberal Alliance,70,6190,3913.0,0.6321486268174475,økonomi
Socialdemokratiet,Moderaterne,70,134,35.0,0.2611940298507462,økonomi
Socialdemokratiet,Radikale Venstre,70,21444,18824.0,0.8778213019958963,økonomi
Socialdemokratiet,Sambandsflokkurin,70,11,11.0,1.0,økonomi
Socialdemokratiet,Socialdemokratiet,70,75810,75588.0,0.9970716264345072,økonomi
Socialdemokratiet,Socialistisk Folkeparti,70,7839,6750.0,0.8610792192881745,økonomi
Socialdemokratiet,Uden for folketingsgrupperne,70,12511,7460.0,0.5962752777555751,økonomi
Socialdemokratiet,Venstre,70,68054,51397.0,0.7552384870837864,økonomi
Socialistisk Folkeparti,Alternativet,70,416,351.0,0.84375,økonomi
Socialistisk Folkeparti,Danmarksdemokraterne,70,674,343.0,0.5089020771513353,økonomi
Socialistisk Folkeparti,Dansk Folkeparti,70,1693,870.0,0.5138806851742469,økonomi
Socialistisk Folkeparti,Det Konservative Folkeparti,70,390,259.0,0.6641025641025641,økonomi
Socialistisk Folkeparti,Enhedslisten,70,1672,1491.0,0.8917464114832536,økonomi
Socialistisk Folkeparti,Liberal Alliance,70,795,410.0,0.5157232704402516,økonomi
Socialistisk Folkeparti,Moderaterne,70,30,8.0,0.2666666666666666,økonomi
Socialistisk Folkeparti,Radikale Venstre,70,2667,2375.0,0.8905136857892764,økonomi
Socialistisk Folkeparti,Socialdemokratiet,70,7042,6065.0,0.8612610053961942,økonomi
Socialistisk Folkeparti,Socialistisk Folkeparti,70,459,453.0,0.9869281045751634,økonomi
Socialistisk Folkeparti,Uden for folketingsgrupperne,70,1853,943.0,0.5089044792228818,økonomi
Socialistisk Folkeparti,Venstre,70,6347,3842.0,0.6053253505593194,økonomi
Uden for folketingsgrupperne,Alternativet,70,634,295.0,0.4652996845425867,økonomi
Uden for folketingsgrupperne,Danmarksdemokraterne,70,1105,944.0,0.8542986425339366,økonomi
Uden for folketingsgrupperne,Dansk Folkeparti,70,2364,2186.0,0.9247038917089678,økonomi
Uden for folketingsgrupperne,Det Konservative Folkeparti,70,374,289.0,0.7727272727272727,økonomi
Uden for folketingsgrupperne,Enhedslisten,70,2636,1299.0,0.4927921092564492,økonomi
Uden for folketingsgrupperne,Liberal Alliance,70,1246,832.0,0.6677367576243981,økonomi
Uden for folketingsgrupperne,Moderaterne,70,30,14.0,0.4666666666666667,økonomi
Uden for folketingsgrupperne,Radikale Venstre,70,3416,1979.0,0.5793325526932084,økonomi
Uden for folketingsgrupperne,Socialdemokratiet,70,10233,6438.0,0.6291410143652888,økonomi
Uden for folketingsgrupperne,Socialistisk Folkeparti,70,409,275.0,0.6723716381418093,økonomi
Uden for folketingsgrupperne,Uden for folketingsgrupperne,70,1131,939.0,0.830238726790451,økonomi
Uden for folketingsgrupperne,Venstre,70,7758,5679.0,0.7320185614849188,økonomi
Venstre,Alternativet,70,3796,2107.0,0.5550579557428873,økonomi
Venstre,Danmarksdemokraterne,70,15617,11769.0,0.7536018441442018,økonomi
Venstre,Dansk Folkeparti,70,11687,8579.0,0.7340634893471378,økonomi
Venstre,Det Konservative Folkeparti,70,2923,2685.0,0.918576804652754,økonomi
Venstre,Enhedslisten,70,16183,8956.0,0.5534202558240129,økonomi
Venstre,Liberal Alliance,70,5727,4506.0,0.786799371398638,økonomi
Venstre,Moderaterne,70,69,69.0,1.0,økonomi
Venstre,Radikale Venstre,70,20303,14342.0,0.7063980692508496,økonomi
Venstre,Sambandsflokkurin,70,14,14.0,1.0,økonomi
Venstre,Socialdemokratiet,70,73967,56085.0,0.7582435410385713,økonomi
Venstre,Socialistisk Folkeparti,70,6931,4405.0,0.6355504256240081,økonomi
Venstre,Uden for folketingsgrupperne,70,12451,9190.0,0.7380933258372822,økonomi
Venstre,Venstre,70,59585,59485.0,0.9983217252664262,økonomi
Alternativet,Enhedslisten,71,121,100.0,0.8264462809917356,økonomi
Alternativet,Radikale Venstre,71,86,64.0,0.7441860465116279,økonomi
Alternativet,Socialdemokratiet,71,89,53.0,0.5955056179775281,økonomi
Alternativet,Venstre,71,86,48.0,0.5581395348837209,økonomi
Danmarksdemokraterne,Alternativet,71,630,380.0,0.6031746031746031,økonomi
Danmarksdemokraterne,Danmarksdemokraterne,71,4571,4398.0,0.9621527018157952,økonomi
Danmarksdemokraterne,Dansk Folkeparti,71,1669,1234.0,0.7393648891551827,økonomi
Danmarksdemokraterne,Det Konservative Folkeparti,71,3658,2934.0,0.8020776380535812,økonomi
Danmarksdemokraterne,Enhedslisten,71,6295,3331.0,0.5291501191421764,økonomi
Danmarksdemokraterne,Liberal Alliance,71,908,641.0,0.7059471365638766,økonomi
Danmarksdemokraterne,Moderaterne,71,172,120.0,0.6976744186046512,økonomi
Danmarksdemokraterne,Radikale Venstre,71,2506,1484.0,0.5921787709497207,økonomi
Danmarksdemokraterne,Socialdemokratiet,71,19076,11653.0,0.6108723002725939,økonomi
Danmarksdemokraterne,Socialistisk Folkeparti,71,2119,1182.0,0.5578102878716376,økonomi
Danmarksdemokraterne,Venstre,71,11908,7272.0,0.6106818945246892,økonomi
Dansk Folkeparti,Alternativet,71,167,85.0,0.5089820359281437,økonomi
Dansk Folkeparti,Danmarksdemokraterne,71,1653,1238.0,0.7489413188142771,økonomi
Dansk Folkeparti,Dansk Folkeparti,71,297,292.0,0.9831649831649832,økonomi
Dansk Folkeparti,Det Konservative Folkeparti,71,932,631.0,0.677038626609442,økonomi
Dansk Folkeparti,Enhedslisten,71,1841,965.0,0.5241716458446496,økonomi
Dansk Folkeparti,Liberal Alliance,71,324,229.0,0.7067901234567902,økonomi
Dansk Folkeparti,Moderaterne,71,74,39.0,0.527027027027027,økonomi
Dansk Folkeparti,Radikale Venstre,71,655,351.0,0.5358778625954198,økonomi
Dansk Folkeparti,Socialdemokratiet,71,5803,3147.0,0.5423057039462347,økonomi
Dansk Folkeparti,Socialistisk Folkeparti,71,735,386.0,0.5251700680272109,økonomi
Dansk Folkeparti,Venstre,71,4222,2232.0,0.5286594031264803,økonomi
Det Konservative Folkeparti,Alternativet,71,306,172.0,0.5620915032679739,økonomi
Det Konservative Folkeparti,Danmarksdemokraterne,71,1974,1648.0,0.8348530901722391,økonomi
Det Konservative Folkeparti,Dansk Folkeparti,71,801,545.0,0.6803995006242197,økonomi
Det Konservative Folkeparti,Det Konservative Folkeparti,71,1131,1126.0,0.995579133510168,økonomi
Det Konservative Folkeparti,Enhedslisten,71,3052,1616.0,0.5294888597640891,økonomi
Det Konservative Folkeparti,Liberal Alliance,71,446,354.0,0.7937219730941704,økonomi
Det Konservative Folkeparti,Moderaterne,71,56,48.0,0.8571428571428571,økonomi
Det Konservative Folkeparti,Radikale Venstre,71,872,617.0,0.7075688073394495,økonomi
Det Konservative Folkeparti,Socialdemokratiet,71,7469,5470.0,0.7323604230820726,økonomi
Det Konservative Folkeparti,Socialistisk Folkeparti,71,622,384.0,0.617363344051447,økonomi
Det Konservative Folkeparti,Venstre,71,5617,4132.0,0.7356239985757522,økonomi
Enhedslisten,Alternativet,71,322,268.0,0.8322981366459627,økonomi
Enhedslisten,Danmarksdemokraterne,71,1293,684.0,0.5290023201856149,økonomi
Enhedslisten,Dansk Folkeparti,71,483,281.0,0.5817805383022774,økonomi
Enhedslisten,Det Konservative Folkeparti,71,888,505.0,0.5686936936936937,økonomi
Enhedslisten,Enhedslisten,71,2178,2152.0,0.9880624426078972,økonomi
Enhedslisten,Liberal Alliance,71,166,101.0,0.608433734939759,økonomi
Enhedslisten,Moderaterne,71,5,3.0,0.6,økonomi
Enhedslisten,Radikale Venstre,71,1165,857.0,0.7356223175965665,økonomi
Enhedslisten,Socialdemokratiet,71,4771,2987.0,0.6260741982812827,økonomi
Enhedslisten,Socialistisk Folkeparti,71,433,371.0,0.8568129330254042,økonomi
Enhedslisten,Venstre,71,3490,2121.0,0.6077363896848138,økonomi
Inuit Ataqatigiit,Alternativet,71,1,1.0,1.0,økonomi
Inuit Ataqatigiit,Danmarksdemokraterne,71,5,5.0,1.0,økonomi
Inuit Ataqatigiit,Dansk Folkeparti,71,1,0.0,0.0,økonomi
Inuit Ataqatigiit,Det Konservative Folkeparti,71,4,4.0,1.0,økonomi
Inuit Ataqatigiit,Enhedslisten,71,5,5.0,1.0,økonomi
Inuit Ataqatigiit,Liberal Alliance,71,1,1.0,1.0,økonomi
Inuit Ataqatigiit,Moderaterne,71,1,1.0,1.0,økonomi
Inuit Ataqatigiit,Naleraq,71,1,1.0,1.0,økonomi
Inuit Ataqatigiit,Radikale Venstre,71,2,2.0,1.0,økonomi
Inuit Ataqatigiit,Socialdemokratiet,71,17,17.0,1.0,økonomi
Inuit Ataqatigiit,Socialistisk Folkeparti,71,4,4.0,1.0,økonomi
Inuit Ataqatigiit,Venstre,71,15,15.0,1.0,økonomi
Liberal Alliance,Alternativet,71,117,66.0,0.5641025641025641,økonomi
Liberal Alliance,Danmarksdemokraterne,71,1471,1095.0,0.7443915703602991,økonomi
Liberal Alliance,Dansk Folkeparti,71,428,290.0,0.677570093457944,økonomi
Liberal Alliance,Det Konservative Folkeparti,71,785,607.0,0.7732484076433122,økonomi
Liberal Alliance,Enhedslisten,71,1580,923.0,0.5841772151898734,økonomi
Liberal Alliance,Liberal Alliance,71,134,133.0,0.9925373134328358,økonomi
Liberal Alliance,Moderaterne,71,78,53.0,0.6794871794871795,økonomi
Liberal Alliance,Radikale Venstre,71,530,394.0,0.7433962264150943,økonomi
Liberal Alliance,Socialdemokratiet,71,4606,3353.0,0.7279635258358662,økonomi
Liberal Alliance,Socialistisk Folkeparti,71,541,378.0,0.6987060998151571,økonomi
Liberal Alliance,Venstre,71,3323,2421.0,0.7285585314474872,økonomi
Moderaterne,Alternativet,71,47,29.0,0.6170212765957447,økonomi
Moderaterne,Danmarksdemokraterne,71,392,273.0,0.6964285714285714,økonomi
Moderaterne,Dansk Folkeparti,71,112,62.0,0.5535714285714286,økonomi
Moderaterne,Det Konservative Folkeparti,71,220,162.0,0.7363636363636363,økonomi
Moderaterne,Enhedslisten,71,376,220.0,0.5851063829787234,økonomi
Moderaterne,Liberal Alliance,71,42,31.0,0.7380952380952381,økonomi
Moderaterne,Moderaterne,71,5,5.0,1.0,økonomi
Moderaterne,Radikale Venstre,71,175,143.0,0.8171428571428572,økonomi
Moderaterne,Socialdemokratiet,71,1324,1324.0,1.0,økonomi
Moderaterne,Socialistisk Folkeparti,71,182,135.0,0.7417582417582418,økonomi
Moderaterne,Venstre,71,789,788.0,0.9987325728770596,økonomi
Naleraq,Alternativet,71,2,2.0,1.0,økonomi
Naleraq,Danmarksdemokraterne,71,11,11.0,1.0,økonomi
Naleraq,Dansk Folkeparti,71,2,1.0,0.5,økonomi
Naleraq,Det Konservative Folkeparti,71,8,8.0,1.0,økonomi
Naleraq,Enhedslisten,71,10,10.0,1.0,økonomi
Naleraq,Liberal Alliance,71,2,2.0,1.0,økonomi
Naleraq,Moderaterne,71,2,2.0,1.0,økonomi
Naleraq,Radikale Venstre,71,4,4.0,1.0,økonomi
Naleraq,Socialdemokratiet,71,34,34.0,1.0,økonomi
Naleraq,Socialistisk Folkeparti,71,8,8.0,1.0,økonomi
Naleraq,Venstre,71,30,30.0,1.0,økonomi
Radikale Venstre,Alternativet,71,114,83.0,0.7280701754385965,økonomi
Radikale Venstre,Danmarksdemokraterne,71,589,377.0,0.6400679117147708,økonomi
Radikale Venstre,Dansk Folkeparti,71,337,187.0,0.5548961424332344,økonomi
Radikale Venstre,Det Konservative Folkeparti,71,726,518.0,0.7134986225895317,økonomi
Radikale Venstre,Enhedslisten,71,1073,775.0,0.7222739981360671,økonomi
Radikale Venstre,Liberal Alliance,71,173,124.0,0.7167630057803468,økonomi
Radikale Venstre,Radikale Venstre,71,228,227.0,0.9956140350877192,økonomi
Radikale Venstre,Socialdemokratiet,71,2825,2225.0,0.7876106194690266,økonomi
Radikale Venstre,Socialistisk Folkeparti,71,44,35.0,0.7954545454545454,økonomi
Radikale Venstre,Venstre,71,1868,1483.0,0.7938972162740899,økonomi
Socialdemokratiet,Alternativet,71,1956,1149.0,0.5874233128834356,økonomi
Socialdemokratiet,Danmarksdemokraterne,71,16999,10516.0,0.6186246249779399,økonomi
Socialdemokratiet,Dansk Folkeparti,71,5411,2747.0,0.5076695620033266,økonomi
Socialdemokratiet,Det Konservative Folkeparti,71,11478,8386.0,0.7306150897368879,økonomi
Socialdemokratiet,Enhedslisten,71,20810,12405.0,0.5961076405574243,økonomi
Socialdemokratiet,Liberal Alliance,71,3359,2582.0,0.7686811551056862,økonomi
Socialdemokratiet,Moderaterne,71,500,500.0,1.0,økonomi
Socialdemokratiet,Radikale Venstre,71,7590,6194.0,0.8160737812911726,økonomi
Socialdemokratiet,Socialdemokratiet,71,58027,58027.0,1.0,økonomi
Socialdemokratiet,Socialistisk Folkeparti,71,7308,5754.0,0.7873563218390804,økonomi
Socialdemokratiet,Venstre,71,41328,41216.0,0.997289972899729,økonomi
Socialistisk Folkeparti,Alternativet,71,334,262.0,0.7844311377245509,økonomi
Socialistisk Folkeparti,Danmarksdemokraterne,71,3359,1953.0,0.5814230425721941,økonomi
Socialistisk Folkeparti,Dansk Folkeparti,71,988,487.0,0.492914979757085,økonomi
Socialistisk Folkeparti,Det Konservative Folkeparti,71,2216,1429.0,0.64485559566787,økonomi
Socialistisk Folkeparti,Enhedslisten,71,3509,2796.0,0.7968082074665147,økonomi
Socialistisk Folkeparti,Liberal Alliance,71,669,425.0,0.6352765321375187,økonomi
Socialistisk Folkeparti,Moderaterne,71,134,100.0,0.746268656716418,økonomi
Socialistisk Folkeparti,Radikale Venstre,71,1581,1334.0,0.8437697659709045,økonomi
Socialistisk Folkeparti,Socialdemokratiet,71,11347,8795.0,0.775094738697453,økonomi
Socialistisk Folkeparti,Socialistisk Folkeparti,71,1136,1129.0,0.993838028169014,økonomi
Socialistisk Folkeparti,Venstre,71,8012,6255.0,0.7807039440838742,økonomi
Venstre,Alternativet,71,1335,782.0,0.5857677902621723,økonomi
Venstre,Danmarksdemokraterne,71,12376,7628.0,0.6163542340012929,økonomi
Venstre,Dansk Folkeparti,71,3326,1656.0,0.4978953698135899,økonomi
Venstre,Det Konservative Folkeparti,71,7301,5331.0,0.7301739487741405,økonomi
Venstre,Enhedslisten,71,13643,7947.0,0.5824965183610643,økonomi
Venstre,Liberal Alliance,71,1951,1525.0,0.7816504356740134,økonomi
Venstre,Moderaterne,71,502,497.0,0.9900398406374502,økonomi
Venstre,Radikale Venstre,71,5149,4166.0,0.8090891435230142,økonomi
Venstre,Socialdemokratiet,71,41229,40810.0,0.9898372504790316,økonomi
Venstre,Socialistisk Folkeparti,71,4680,3673.0,0.7848290598290598,økonomi
Venstre,Venstre,71,26576,26220.0,0.9866044551475016,økonomi
Danmarksdemokraterne,Danmarksdemokraterne,68,917,914.0,0.9967284623773174,klima
Danmarksdemokraterne,Dansk Folkeparti,68,1448,1443.0,0.9965469613259668,klima
Danmarksdemokraterne,Det Konservative Folkeparti,68,1678,1136.0,0.6769964243146603,klima
Danmarksdemokraterne,Enhedslisten,68,3084,1333.0,0.432230869001297,klima
Danmarksdemokraterne,Inuit Ataqatigiit,68,6,6.0,1.0,klima
Danmarksdemokraterne,Liberal Alliance,68,1679,1019.0,0.6069088743299583,klima
Danmarksdemokraterne,Moderaterne,68,110,73.0,0.6636363636363637,klima
Danmarksdemokraterne,Radikale Venstre,68,3224,1655.0,0.5133374689826302,klima
Danmarksdemokraterne,Socialdemokratiet,68,3663,1955.0,0.5337155337155337,klima
Danmarksdemokraterne,Socialistisk Folkeparti,68,1861,988.0,0.5308973670069855,klima
Danmarksdemokraterne,Uden for folketingsgrupperne,68,1133,1058.0,0.9338040600176524,klima
Danmarksdemokraterne,Venstre,68,5019,3464.0,0.6901773261605898,klima
Dansk Folkeparti,Danmarksdemokraterne,68,1048,1047.0,0.9990458015267176,klima
Dansk Folkeparti,Dansk Folkeparti,68,1078,1075.0,0.99721706864564,klima
Dansk Folkeparti,Det Konservative Folkeparti,68,1635,1096.0,0.6703363914373088,klima
Dansk Folkeparti,Enhedslisten,68,3128,1437.0,0.4593989769820972,klima
Dansk Folkeparti,Inuit Ataqatigiit,68,4,4.0,1.0,klima
Dansk Folkeparti,Liberal Alliance,68,1516,910.0,0.600263852242744,klima
Dansk Folkeparti,Moderaterne,68,60,41.0,0.6833333333333333,klima
Dansk Folkeparti,Radikale Venstre,68,2735,1419.0,0.5188299817184644,klima
Dansk Folkeparti,Socialdemokratiet,68,3444,1832.0,0.5319396051103368,klima
Dansk Folkeparti,Socialistisk Folkeparti,68,1920,1042.0,0.5427083333333333,klima
Dansk Folkeparti,Uden for folketingsgrupperne,68,929,845.0,0.9095801937567276,klima
Dansk Folkeparti,Venstre,68,4767,3357.0,0.7042164883574575,klima
Det Konservative Folkeparti,Danmarksdemokraterne,68,673,430.0,0.6389301634472511,klima
Det Konservative Folkeparti,Dansk Folkeparti,68,814,544.0,0.6683046683046683,klima
Det Konservative Folkeparti,Det Konservative Folkeparti,68,881,877.0,0.9954597048808173,klima
Det Konservative Folkeparti,Enhedslisten,68,2229,1157.0,0.5190668461193361,klima
Det Konservative Folkeparti,Inuit Ataqatigiit,68,6,6.0,1.0,klima
Det Konservative Folkeparti,Liberal Alliance,68,997,708.0,0.7101303911735206,klima
Det Konservative Folkeparti,Moderaterne,68,72,64.0,0.8888888888888888,klima
Det Konservative Folkeparti,Radikale Venstre,68,1715,1278.0,0.7451895043731779,klima
Det Konservative Folkeparti,Socialdemokratiet,68,2454,1871.0,0.7624286878565607,klima
Det Konservative Folkeparti,Socialistisk Folkeparti,68,1389,1022.0,0.7357811375089993,klima
Det Konservative Folkeparti,Uden for folketingsgrupperne,68,576,404.0,0.7013888888888888,klima
Det Konservative Folkeparti,Venstre,68,3084,2808.0,0.9105058365758756,klima
Enhedslisten,Danmarksdemokraterne,68,1592,749.0,0.4704773869346734,klima
Enhedslisten,Dansk Folkeparti,68,1803,807.0,0.4475873544093178,klima
Enhedslisten,Det Konservative Folkeparti,68,2361,1178.0,0.4989411266412537,klima
Enhedslisten,Enhedslisten,68,4011,3896.0,0.9713288456743954,klima
Enhedslisten,Inuit Ataqatigiit,68,8,8.0,1.0,klima
Enhedslisten,Liberal Alliance,68,2220,1065.0,0.4797297297297297,klima
Enhedslisten,Moderaterne,68,177,93.0,0.5254237288135594,klima
Enhedslisten,Radikale Venstre,68,3990,2953.0,0.7401002506265664,klima
Enhedslisten,Socialdemokratiet,68,5340,3957.0,0.7410112359550561,klima
Enhedslisten,Socialistisk Folkeparti,68,2912,2230.0,0.7657967032967034,klima
Enhedslisten,Uden for folketingsgrupperne,68,1430,583.0,0.4076923076923077,klima
Enhedslisten,Venstre,68,7103,3665.0,0.5159791637336337,klima
Inuit Ataqatigiit,Danmarksdemokraterne,68,1,1.0,1.0,klima
Inuit Ataqatigiit,Det Konservative Folkeparti,68,1,1.0,1.0,klima
Inuit Ataqatigiit,Enhedslisten,68,1,1.0,1.0,klima
Inuit Ataqatigiit,Liberal Alliance,68,1,1.0,1.0,klima
Inuit Ataqatigiit,Radikale Venstre,68,2,2.0,1.0,klima
Inuit Ataqatigiit,Socialdemokratiet,68,3,3.0,1.0,klima
Inuit Ataqatigiit,Socialistisk Folkeparti,68,2,2.0,1.0,klima
Inuit Ataqatigiit,Venstre,68,4,4.0,1.0,klima
Liberal Alliance,Danmarksdemokraterne,68,457,277.0,0.6061269146608315,klima
Liberal Alliance,Dansk Folkeparti,68,744,467.0,0.6276881720430108,klima
Liberal Alliance,Det Konservative Folkeparti,68,1088,806.0,0.7408088235294118,klima
Liberal Alliance,Enhedslisten,68,1975,930.0,0.4708860759493671,klima
Liberal Alliance,Inuit Ataqatigiit,68,5,5.0,1.0,klima
Liberal Alliance,Liberal Alliance,68,709,707.0,0.997179125528914,klima
Liberal Alliance,Moderaterne,68,28,19.0,0.6785714285714286,klima
Liberal Alliance,Radikale Venstre,68,1268,676.0,0.5331230283911672,klima
Liberal Alliance,Socialdemokratiet,68,2275,1256.0,0.5520879120879121,klima
Liberal Alliance,Socialistisk Folkeparti,68,1271,701.0,0.5515342250196695,klima
Liberal Alliance,Uden for folketingsgrupperne,68,446,342.0,0.7668161434977578,klima
Liberal Alliance,Venstre,68,2535,1806.0,0.7124260355029586,klima
Moderaterne,Danmarksdemokraterne,68,106,68.0,0.6415094339622641,klima
Moderaterne,Dansk Folkeparti,68,135,86.0,0.6370370370370371,klima
Moderaterne,Det Konservative Folkeparti,68,148,134.0,0.9054054054054054,klima
Moderaterne,Enhedslisten,68,236,135.0,0.5720338983050848,klima
Moderaterne,Inuit Ataqatigiit,68,1,1.0,1.0,klima
Moderaterne,Liberal Alliance,68,152,101.0,0.6644736842105263,klima
Moderaterne,Moderaterne,68,1,1.0,1.0,klima
Moderaterne,Radikale Venstre,68,279,220.0,0.7885304659498208,klima
Moderaterne,Socialdemokratiet,68,329,267.0,0.8115501519756839,klima
Moderaterne,Socialistisk Folkeparti,68,129,102.0,0.7906976744186046,klima
Moderaterne,Uden for folketingsgrupperne,68,101,67.0,0.6633663366336634,klima
Moderaterne,Venstre,68,399,399.0,1.0,klima
Radikale Venstre,Danmarksdemokraterne,68,911,459.0,0.5038419319429198,klima
Radikale Venstre,Dansk Folkeparti,68,1624,913.0,0.562192118226601,klima
Radikale Venstre,Det Konservative Folkeparti,68,2300,1730.0,0.7521739130434782,klima
Radikale Venstre,Enhedslisten,68,4053,3173.0,0.7828768813224771,klima
Radikale Venstre,Inuit Ataqatigiit,68,7,7.0,1.0,klima
Radikale Venstre,Liberal Alliance,68,2418,1343.0,0.5554177005789909,klima
Radikale Venstre,Moderaterne,68,43,37.0,0.8604651162790697,klima
Radikale Venstre,Radikale Venstre,68,3146,3138.0,0.9974570883661792,klima
Radikale Venstre,Socialdemokratiet,68,4961,4959.0,0.999596855472687,klima
Radikale Venstre,Socialistisk Folkeparti,68,2560,2514.0,0.98203125,klima
Radikale Venstre,Uden for folketingsgrupperne,68,1191,591.0,0.4962216624685138,klima
Radikale Venstre,Venstre,68,6078,4428.0,0.7285291214215203,klima
Socialdemokratiet,Danmarksdemokraterne,68,2892,1525.0,0.5273167358229599,klima
Socialdemokratiet,Dansk Folkeparti,68,3477,1959.0,0.5634167385677308,klima
Socialdemokratiet,Det Konservative Folkeparti,68,3985,3086.0,0.7744040150564617,klima
Socialdemokratiet,Enhedslisten,68,7512,5596.0,0.7449414270500533,klima
Socialdemokratiet,Inuit Ataqatigiit,68,17,17.0,1.0,klima
Socialdemokratiet,Liberal Alliance,68,3583,1978.0,0.5520513536142897,klima
Socialdemokratiet,Moderaterne,68,229,185.0,0.8078602620087336,klima
Socialdemokratiet,Radikale Venstre,68,6189,6183.0,0.9990305380513816,klima
Socialdemokratiet,Socialdemokratiet,68,8394,8394.0,1.0,klima
Socialdemokratiet,Socialistisk Folkeparti,68,4500,4401.0,0.978,klima
Socialdemokratiet,Uden for folketingsgrupperne,68,2121,1095.0,0.5162659123055162,klima
Socialdemokratiet,Venstre,68,11350,8519.0,0.7505726872246696,klima
Socialistisk Folkeparti,Danmarksdemokraterne,68,1122,588.0,0.5240641711229946,klima
Socialistisk Folkeparti,Dansk Folkeparti,68,1250,687.0,0.5496,klima
Socialistisk Folkeparti,Det Konservative Folkeparti,68,1533,1155.0,0.7534246575342466,klima
Socialistisk Folkeparti,Enhedslisten,68,2981,2336.0,0.783629654478363,klima
Socialistisk Folkeparti,Inuit Ataqatigiit,68,7,7.0,1.0,klima
Socialistisk Folkeparti,Liberal Alliance,68,1415,818.0,0.5780918727915194,klima
Socialistisk Folkeparti,Moderaterne,68,122,101.0,0.8278688524590164,klima
Socialistisk Folkeparti,Radikale Venstre,68,2644,2612.0,0.9878971255673222,klima
Socialistisk Folkeparti,Socialdemokratiet,68,3654,3608.0,0.9874110563765736,klima
Socialistisk Folkeparti,Socialistisk Folkeparti,68,1557,1554.0,0.9980732177263968,klima
Socialistisk Folkeparti,Uden for folketingsgrupperne,68,907,471.0,0.5192943770672547,klima
Socialistisk Folkeparti,Venstre,68,5125,3786.0,0.7387317073170732,klima
Uden for folketingsgrupperne,Danmarksdemokraterne,68,102,96.0,0.9411764705882352,klima
Uden for folketingsgrupperne,Dansk Folkeparti,68,349,348.0,0.997134670487106,klima
Uden for folketingsgrupperne,Det Konservative Folkeparti,68,637,437.0,0.6860282574568289,klima
Uden for folketingsgrupperne,Enhedslisten,68,996,427.0,0.428714859437751,klima
Uden for folketingsgrupperne,Inuit Ataqatigiit,68,2,2.0,1.0,klima
Uden for folketingsgrupperne,Liberal Alliance,68,646,392.0,0.6068111455108359,klima
Uden for folketingsgrupperne,Moderaterne,68,4,2.0,0.5,klima
Uden for folketingsgrupperne,Radikale Venstre,68,963,480.0,0.4984423676012461,klima
Uden for folketingsgrupperne,Socialdemokratiet,68,1242,635.0,0.5112721417069244,klima
Uden for folketingsgrupperne,Socialistisk Folkeparti,68,643,322.0,0.5007776049766719,klima
Uden for folketingsgrupperne,Uden for folketingsgrupperne,68,210,174.0,0.8285714285714286,klima
Uden for folketingsgrupperne,Venstre,68,1318,929.0,0.704855842185129,klima
Venstre,Danmarksdemokraterne,68,3342,2298.0,0.6876122082585279,klima
Venstre,Dansk Folkeparti,68,4104,2909.0,0.7088206627680312,klima
Venstre,Det Konservative Folkeparti,68,5058,4567.0,0.9029260577303282,klima
Venstre,Enhedslisten,68,9196,4962.0,0.5395824271422358,klima
Venstre,Inuit Ataqatigiit,68,21,21.0,1.0,klima
Venstre,Liberal Alliance,68,4948,3578.0,0.7231204527081649,klima
Venstre,Moderaterne,68,284,279.0,0.9823943661971832,klima
Venstre,Radikale Venstre,68,8386,6108.0,0.7283567851180539,klima
Venstre,Socialdemokratiet,68,11436,8506.0,0.7437915355019238,klima
Venstre,Socialistisk Folkeparti,68,5363,3885.0,0.7244079806078687,klima
Venstre,Uden for folketingsgrupperne,68,3007,2120.0,0.7050216162287994,klima
Venstre,Venstre,68,13815,13595.0,0.9840752804922186,klima
Danmarksdemokraterne,Danmarksdemokraterne,67,677,662.0,0.9778434268833088,klima
Danmarksdemokraterne,Dansk Folkeparti,67,2927,2896.0,0.9894089511445164,klima
Danmarksdemokraterne,Det Konservative Folkeparti,67,1601,1483.0,0.9262960649594004,klima
Danmarksdemokraterne,Enhedslisten,67,714,231.0,0.3235294117647059,klima
Danmarksdemokraterne,Liberal Alliance,67,180,134.0,0.7444444444444445,klima
Danmarksdemokraterne,Moderaterne,67,22,20.0,0.9090909090909092,klima
Danmarksdemokraterne,Radikale Venstre,67,685,386.0,0.5635036496350365,klima
Danmarksdemokraterne,Sambandsflokkurin,67,11,10.0,0.9090909090909092,klima
Danmarksdemokraterne,Socialdemokratiet,67,7022,3485.0,0.4962973511819994,klima
Danmarksdemokraterne,Socialistisk Folkeparti,67,2765,1309.0,0.4734177215189873,klima
Danmarksdemokraterne,Uden for folketingsgrupperne,67,671,610.0,0.9090909090909092,klima
Danmarksdemokraterne,Venstre,67,7762,7212.0,0.929141973718114,klima
Dansk Folkeparti,Danmarksdemokraterne,67,398,398.0,1.0,klima
Dansk Folkeparti,Dansk Folkeparti,67,2734,2734.0,1.0,klima
Dansk Folkeparti,Det Konservative Folkeparti,67,1852,1678.0,0.906047516198704,klima
Dansk Folkeparti,Enhedslisten,67,777,278.0,0.3577863577863578,klima
Dansk Folkeparti,Liberal Alliance,67,317,240.0,0.7570977917981072,klima
Dansk Folkeparti,Moderaterne,67,21,18.0,0.8571428571428571,klima
Dansk Folkeparti,Radikale Venstre,67,743,407.0,0.5477792732166891,klima
Dansk Folkeparti,Socialdemokratiet,67,6278,2990.0,0.4762663268556865,klima
Dansk Folkeparti,Socialistisk Folkeparti,67,2773,1278.0,0.4608727010457987,klima
Dansk Folkeparti,Uden for folketingsgrupperne,67,792,660.0,0.8333333333333334,klima
Dansk Folkeparti,Venstre,67,6660,6088.0,0.914114114114114,klima
Det Konservative Folkeparti,Danmarksdemokraterne,67,593,537.0,0.9055649241146712,klima
Det Konservative Folkeparti,Dansk Folkeparti,67,2377,2130.0,0.8960875052587295,klima
Det Konservative Folkeparti,Det Konservative Folkeparti,67,1139,1139.0,1.0,klima
Det Konservative Folkeparti,Enhedslisten,67,696,259.0,0.3721264367816091,klima
Det Konservative Folkeparti,Liberal Alliance,67,190,143.0,0.7526315789473684,klima
Det Konservative Folkeparti,Moderaterne,67,17,17.0,1.0,klima
Det Konservative Folkeparti,Radikale Venstre,67,628,418.0,0.6656050955414012,klima
Det Konservative Folkeparti,Sambandsflokkurin,67,12,12.0,1.0,klima
Det Konservative Folkeparti,Socialdemokratiet,67,5348,3075.0,0.574981301421092,klima
Det Konservative Folkeparti,Socialistisk Folkeparti,67,2183,1222.0,0.559780119102153,klima
Det Konservative Folkeparti,Uden for folketingsgrupperne,67,548,465.0,0.8485401459854015,klima
Det Konservative Folkeparti,Venstre,67,5916,5915.0,0.9998309668695065,klima
Enhedslisten,Danmarksdemokraterne,67,254,74.0,0.2913385826771653,klima
Enhedslisten,Dansk Folkeparti,67,1110,332.0,0.2990990990990991,klima
Enhedslisten,Det Konservative Folkeparti,67,505,170.0,0.3366336633663366,klima
Enhedslisten,Enhedslisten,67,166,148.0,0.891566265060241,klima
Enhedslisten,Liberal Alliance,67,113,37.0,0.3274336283185841,klima
Enhedslisten,Moderaterne,67,9,4.0,0.4444444444444444,klima
Enhedslisten,Radikale Venstre,67,224,154.0,0.6875,klima
Enhedslisten,Socialdemokratiet,67,2251,1659.0,0.7370057752110173,klima
Enhedslisten,Socialistisk Folkeparti,67,1068,799.0,0.74812734082397,klima
Enhedslisten,Uden for folketingsgrupperne,67,237,89.0,0.3755274261603376,klima
Enhedslisten,Venstre,67,2553,822.0,0.3219741480611046,klima
Liberal Alliance,Danmarksdemokraterne,67,197,175.0,0.8883248730964467,klima
Liberal Alliance,Dansk Folkeparti,67,379,335.0,0.8839050131926122,klima
Liberal Alliance,Det Konservative Folkeparti,67,260,248.0,0.953846153846154,klima
Liberal Alliance,Enhedslisten,67,112,42.0,0.375,klima
Liberal Alliance,Moderaterne,67,8,8.0,1.0,klima
Liberal Alliance,Radikale Venstre,67,82,53.0,0.6463414634146342,klima
Liberal Alliance,Sambandsflokkurin,67,1,1.0,1.0,klima
Liberal Alliance,Socialdemokratiet,67,1109,586.0,0.5284039675383229,klima
Liberal Alliance,Socialistisk Folkeparti,67,453,248.0,0.5474613686534217,klima
Liberal Alliance,Uden for folketingsgrupperne,67,74,62.0,0.8378378378378378,klima
Liberal Alliance,Venstre,67,1293,1214.0,0.9389017788089714,klima
Moderaterne,Danmarksdemokraterne,67,8,7.0,0.875,klima
Moderaterne,Dansk Folkeparti,67,34,30.0,0.8823529411764706,klima
Moderaterne,Det Konservative Folkeparti,67,13,13.0,1.0,klima
Moderaterne,Enhedslisten,67,1,1.0,1.0,klima
Moderaterne,Radikale Venstre,67,2,2.0,1.0,klima
Moderaterne,Socialdemokratiet,67,70,17.0,0.2428571428571428,klima
Moderaterne,Socialistisk Folkeparti,67,9,4.0,0.4444444444444444,klima
Moderaterne,Uden for folketingsgrupperne,67,3,1.0,0.3333333333333333,klima
Moderaterne,Venstre,67,47,47.0,1.0,klima
Radikale Venstre,Danmarksdemokraterne,67,121,55.0,0.4545454545454545,klima
Radikale Venstre,Dansk Folkeparti,67,720,400.0,0.5555555555555556,klima
Radikale Venstre,Det Konservative Folkeparti,67,347,226.0,0.6512968299711815,klima
Radikale Venstre,Enhedslisten,67,231,146.0,0.6320346320346321,klima
Radikale Venstre,Liberal Alliance,67,82,56.0,0.6829268292682927,klima
Radikale Venstre,Radikale Venstre,67,101,101.0,1.0,klima
Radikale Venstre,Socialdemokratiet,67,1344,1144.0,0.8511904761904762,klima
Radikale Venstre,Socialistisk Folkeparti,67,600,513.0,0.855,klima
Radikale Venstre,Uden for folketingsgrupperne,67,88,67.0,0.7613636363636364,klima
Radikale Venstre,Venstre,67,1173,740.0,0.6308610400682012,klima
Sambandsflokkurin,Danmarksdemokraterne,67,17,15.0,0.8823529411764706,klima
Sambandsflokkurin,Dansk Folkeparti,67,53,47.0,0.8867924528301887,klima
Sambandsflokkurin,Det Konservative Folkeparti,67,19,19.0,1.0,klima
Sambandsflokkurin,Enhedslisten,67,24,5.0,0.2083333333333333,klima
Sambandsflokkurin,Liberal Alliance,67,8,7.0,0.875,klima
Sambandsflokkurin,Radikale Venstre,67,12,11.0,0.9166666666666666,klima
Sambandsflokkurin,Socialdemokratiet,67,125,82.0,0.656,klima
Sambandsflokkurin,Socialistisk Folkeparti,67,66,41.0,0.6212121212121212,klima
Sambandsflokkurin,Uden for folketingsgrupperne,67,10,9.0,0.9,klima
Sambandsflokkurin,Venstre,67,159,159.0,1.0,klima
Socialdemokratiet,Danmarksdemokraterne,67,2825,1265.0,0.447787610619469,klima
Socialdemokratiet,Dansk Folkeparti,67,12139,5816.0,0.4791168959551857,klima
Socialdemokratiet,Det Konservative Folkeparti,67,6728,3924.0,0.5832342449464922,klima
Socialdemokratiet,Enhedslisten,67,3099,2293.0,0.7399161019683769,klima
Socialdemokratiet,Liberal Alliance,67,910,484.0,0.5318681318681319,klima
Socialdemokratiet,Moderaterne,67,96,22.0,0.2291666666666666,klima
Socialdemokratiet,Radikale Venstre,67,2973,2564.0,0.8624285233770602,klima
Socialdemokratiet,Sambandsflokkurin,67,30,21.0,0.7,klima
Socialdemokratiet,Socialdemokratiet,67,25873,25439.0,0.9832257565802188,klima
Socialdemokratiet,Socialistisk Folkeparti,67,10908,10269.0,0.9414191419141914,klima
Socialdemokratiet,Uden for folketingsgrupperne,67,2949,1581.0,0.5361139369277721,klima
Socialdemokratiet,Venstre,67,28743,16042.0,0.5581184984170059,klima
Socialistisk Folkeparti,Danmarksdemokraterne,67,1125,494.0,0.4391111111111111,klima
Socialistisk Folkeparti,Dansk Folkeparti,67,4694,2170.0,0.4622922880272688,klima
Socialistisk Folkeparti,Det Konservative Folkeparti,67,2743,1549.0,0.5647101713452425,klima
Socialistisk Folkeparti,Enhedslisten,67,1097,856.0,0.780309936189608,klima
Socialistisk Folkeparti,Liberal Alliance,67,356,170.0,0.4775280898876404,klima
Socialistisk Folkeparti,Moderaterne,67,37,15.0,0.4054054054054054,klima
Socialistisk Folkeparti,Radikale Venstre,67,1123,937.0,0.8343722172751559,klima
Socialistisk Folkeparti,Sambandsflokkurin,67,3,2.0,0.6666666666666666,klima
Socialistisk Folkeparti,Socialdemokratiet,67,10507,9801.0,0.9328067002950414,klima
Socialistisk Folkeparti,Socialistisk Folkeparti,67,3806,3795.0,0.9971098265895952,klima
Socialistisk Folkeparti,Uden for folketingsgrupperne,67,1175,582.0,0.4953191489361702,klima
Socialistisk Folkeparti,Venstre,67,12397,6761.0,0.5453738807776075,klima
Uden for folketingsgrupperne,Danmarksdemokraterne,67,99,91.0,0.9191919191919192,klima
Uden for folketingsgrupperne,Dansk Folkeparti,67,659,659.0,1.0,klima
Uden for folketingsgrupperne,Det Konservative Folkeparti,67,406,364.0,0.896551724137931,klima
Uden for folketingsgrupperne,Enhedslisten,67,155,53.0,0.3419354838709677,klima
Uden for folketingsgrupperne,Liberal Alliance,67,55,42.0,0.7636363636363637,klima
Uden for folketingsgrupperne,Moderaterne,67,7,7.0,1.0,klima
Uden for folketingsgrupperne,Radikale Venstre,67,259,135.0,0.5212355212355212,klima
Uden for folketingsgrupperne,Socialdemokratiet,67,1391,647.0,0.4651329978432782,klima
Uden for folketingsgrupperne,Socialistisk Folkeparti,67,511,241.0,0.471624266144814,klima
Uden for folketingsgrupperne,Uden for folketingsgrupperne,67,100,82.0,0.82,klima
Uden for folketingsgrupperne,Venstre,67,1341,1215.0,0.906040268456376,klima
Venstre,Danmarksdemokraterne,67,3889,3525.0,0.9064026742093084,klima
Venstre,Dansk Folkeparti,67,15522,14001.0,0.9020100502512562,klima
Venstre,Det Konservative Folkeparti,67,8714,8710.0,0.999540968556346,klima
Venstre,Enhedslisten,67,3901,1434.0,0.3675980517815944,klima
Venstre,Liberal Alliance,67,1090,803.0,0.736697247706422,klima
Venstre,Moderaterne,67,124,124.0,1.0,klima
Venstre,Radikale Venstre,67,3981,2533.0,0.6362722933936197,klima
Venstre,Sambandsflokkurin,67,18,18.0,1.0,klima
Venstre,Socialdemokratiet,67,35725,19943.0,0.5582365290412876,klima
Venstre,Socialistisk Folkeparti,67,13302,7218.0,0.5426251691474966,klima
Venstre,Uden for folketingsgrupperne,67,3797,3297.0,0.8683170924414011,klima
Venstre,Venstre,67,36776,36755.0,0.9994289754187512,klima
Alternativet,Liberal Alliance,69,26,6.0,0.2307692307692307,klima
Alternativet,Radikale Venstre,69,8,7.0,0.875,klima
Danmarksdemokraterne,Alternativet,69,123,37.0,0.3008130081300813,klima
Danmarksdemokraterne,Danmarksdemokraterne,69,1540,1460.0,0.948051948051948,klima
Danmarksdemokraterne,Dansk Folkeparti,69,3009,2931.0,0.9740777666999004,klima
Danmarksdemokraterne,Det Konservative Folkeparti,69,114,82.0,0.7192982456140351,klima
Danmarksdemokraterne,Enhedslisten,69,2495,997.0,0.3995991983967936,klima
Danmarksdemokraterne,Liberal Alliance,69,3079,2465.0,0.8005846053913608,klima
Danmarksdemokraterne,Moderaterne,69,280,209.0,0.7464285714285714,klima
Danmarksdemokraterne,Radikale Venstre,69,2622,1366.0,0.520976353928299,klima
Danmarksdemokraterne,Socialdemokratiet,69,10441,6531.0,0.625514797433196,klima
Danmarksdemokraterne,Socialistisk Folkeparti,69,1610,827.0,0.513664596273292,klima
Danmarksdemokraterne,Uden for folketingsgrupperne,69,1576,1474.0,0.9352791878172588,klima
Danmarksdemokraterne,Venstre,69,9515,7761.0,0.8156594850236468,klima
Dansk Folkeparti,Alternativet,69,131,35.0,0.2671755725190839,klima
Dansk Folkeparti,Danmarksdemokraterne,69,1193,1158.0,0.9706621961441744,klima
Dansk Folkeparti,Dansk Folkeparti,69,2060,2057.0,0.9985436893203884,klima
Dansk Folkeparti,Det Konservative Folkeparti,69,93,67.0,0.7204301075268817,klima
Dansk Folkeparti,Enhedslisten,69,2229,823.0,0.3692238672050246,klima
Dansk Folkeparti,Liberal Alliance,69,2167,1718.0,0.7928011075219197,klima
Dansk Folkeparti,Moderaterne,69,133,96.0,0.7218045112781954,klima
Dansk Folkeparti,Radikale Venstre,69,2206,1036.0,0.4696282864913871,klima
Dansk Folkeparti,Socialdemokratiet,69,8039,4631.0,0.5760666749595721,klima
Dansk Folkeparti,Socialistisk Folkeparti,69,848,382.0,0.4504716981132075,klima
Dansk Folkeparti,Uden for folketingsgrupperne,69,1034,948.0,0.9168278529980658,klima
Dansk Folkeparti,Venstre,69,7485,5952.0,0.795190380761523,klima
Det Konservative Folkeparti,Alternativet,69,15,4.0,0.2666666666666666,klima
Det Konservative Folkeparti,Danmarksdemokraterne,69,169,129.0,0.7633136094674556,klima
Det Konservative Folkeparti,Dansk Folkeparti,69,282,213.0,0.7553191489361702,klima
Det Konservative Folkeparti,Det Konservative Folkeparti,69,20,20.0,1.0,klima
Det Konservative Folkeparti,Enhedslisten,69,258,57.0,0.2209302325581395,klima
Det Konservative Folkeparti,Liberal Alliance,69,207,191.0,0.9227053140096618,klima
Det Konservative Folkeparti,Moderaterne,69,27,27.0,1.0,klima
Det Konservative Folkeparti,Radikale Venstre,69,201,126.0,0.6268656716417911,klima
Det Konservative Folkeparti,Socialdemokratiet,69,774,630.0,0.813953488372093,klima
Det Konservative Folkeparti,Socialistisk Folkeparti,69,136,53.0,0.3897058823529412,klima
Det Konservative Folkeparti,Uden for folketingsgrupperne,69,101,79.0,0.7821782178217822,klima
Det Konservative Folkeparti,Venstre,69,882,863.0,0.9784580498866212,klima
Enhedslisten,Alternativet,69,120,100.0,0.8333333333333334,klima
Enhedslisten,Danmarksdemokraterne,69,1272,481.0,0.3781446540880503,klima
Enhedslisten,Dansk Folkeparti,69,2059,756.0,0.3671685284118504,klima
Enhedslisten,Det Konservative Folkeparti,69,51,13.0,0.2549019607843137,klima
Enhedslisten,Enhedslisten,69,1545,1545.0,1.0,klima
Enhedslisten,Liberal Alliance,69,2179,714.0,0.3276732446076181,klima
Enhedslisten,Moderaterne,69,226,70.0,0.3097345132743362,klima
Enhedslisten,Radikale Venstre,69,1815,1156.0,0.6369146005509642,klima
Enhedslisten,Socialdemokratiet,69,7612,3484.0,0.4576983709931687,klima
Enhedslisten,Socialistisk Folkeparti,69,1109,887.0,0.799819657348963,klima
Enhedslisten,Uden for folketingsgrupperne,69,1000,322.0,0.322,klima
Enhedslisten,Venstre,69,7180,2182.0,0.3038997214484679,klima
Liberal Alliance,Alternativet,69,83,25.0,0.3012048192771084,klima
Liberal Alliance,Danmarksdemokraterne,69,241,197.0,0.8174273858921162,klima
Liberal Alliance,Dansk Folkeparti,69,1606,1263.0,0.7864259028642591,klima
Liberal Alliance,Det Konservative Folkeparti,69,52,45.0,0.8653846153846154,klima
Liberal Alliance,Enhedslisten,69,1213,437.0,0.3602638087386645,klima
Liberal Alliance,Liberal Alliance,69,1146,1146.0,1.0,klima
Liberal Alliance,Moderaterne,69,9,8.0,0.8888888888888888,klima
Liberal Alliance,Radikale Venstre,69,1505,871.0,0.5787375415282392,klima
Liberal Alliance,Socialdemokratiet,69,4732,3577.0,0.7559171597633136,klima
Liberal Alliance,Socialistisk Folkeparti,69,392,169.0,0.4311224489795918,klima
Liberal Alliance,Uden for folketingsgrupperne,69,669,571.0,0.8535127055306427,klima
Liberal Alliance,Venstre,69,3985,3783.0,0.94930991217064,klima
Moderaterne,Alternativet,69,3,0.0,0.0,klima
Moderaterne,Danmarksdemokraterne,69,132,92.0,0.696969696969697,klima
Moderaterne,Dansk Folkeparti,69,345,249.0,0.7217391304347827,klima
Moderaterne,Det Konservative Folkeparti,69,14,13.0,0.9285714285714286,klima
Moderaterne,Enhedslisten,69,191,64.0,0.3350785340314136,klima
Moderaterne,Liberal Alliance,69,364,351.0,0.9642857142857144,klima
Moderaterne,Radikale Venstre,69,265,153.0,0.5773584905660377,klima
Moderaterne,Socialdemokratiet,69,1196,901.0,0.7533444816053512,klima
Moderaterne,Socialistisk Folkeparti,69,142,60.0,0.4225352112676056,klima
Moderaterne,Uden for folketingsgrupperne,69,159,118.0,0.7421383647798742,klima
Moderaterne,Venstre,69,988,988.0,1.0,klima
Radikale Venstre,Alternativet,69,124,87.0,0.7016129032258065,klima
Radikale Venstre,Danmarksdemokraterne,69,560,293.0,0.5232142857142857,klima
Radikale Venstre,Dansk Folkeparti,69,1433,686.0,0.4787159804605722,klima
Radikale Venstre,Det Konservative Folkeparti,69,62,45.0,0.7258064516129032,klima
Radikale Venstre,Enhedslisten,69,1418,903.0,0.6368124118476728,klima
Radikale Venstre,Liberal Alliance,69,1378,803.0,0.5827285921625545,klima
Radikale Venstre,Moderaterne,69,53,35.0,0.660377358490566,klima
Radikale Venstre,Radikale Venstre,69,1087,1084.0,0.997240110395584,klima
Radikale Venstre,Socialdemokratiet,69,4692,3397.0,0.723998294970162,klima
Radikale Venstre,Socialistisk Folkeparti,69,300,218.0,0.7266666666666667,klima
Radikale Venstre,Uden for folketingsgrupperne,69,522,275.0,0.5268199233716475,klima
Radikale Venstre,Venstre,69,4133,2540.0,0.6145656907815147,klima
Socialdemokratiet,Alternativet,69,493,243.0,0.4929006085192697,klima
Socialdemokratiet,Danmarksdemokraterne,69,3636,2266.0,0.6232123212321232,klima
Socialdemokratiet,Dansk Folkeparti,69,8025,4605.0,0.5738317757009346,klima
Socialdemokratiet,Det Konservative Folkeparti,69,275,226.0,0.8218181818181818,klima
Socialdemokratiet,Enhedslisten,69,6547,3049.0,0.4657094852604246,klima
Socialdemokratiet,Liberal Alliance,69,7799,6005.0,0.7699705090396205,klima
Socialdemokratiet,Moderaterne,69,393,286.0,0.727735368956743,klima
Socialdemokratiet,Radikale Venstre,69,7363,5399.0,0.7332608990900448,klima
Socialdemokratiet,Socialdemokratiet,69,25502,24880.0,0.975609756097561,klima
Socialdemokratiet,Socialistisk Folkeparti,69,3076,1899.0,0.6173602080624188,klima
Socialdemokratiet,Uden for folketingsgrupperne,69,3792,2287.0,0.6031118143459916,klima
Socialdemokratiet,Venstre,69,23979,18729.0,0.7810584261228575,klima
Socialistisk Folkeparti,Alternativet,69,76,55.0,0.7236842105263158,klima
Socialistisk Folkeparti,Danmarksdemokraterne,69,347,186.0,0.5360230547550432,klima
Socialistisk Folkeparti,Dansk Folkeparti,69,1376,643.0,0.467296511627907,klima
Socialistisk Folkeparti,Det Konservative Folkeparti,69,48,12.0,0.25,klima
Socialistisk Folkeparti,Enhedslisten,69,868,654.0,0.7534562211981567,klima
Socialistisk Folkeparti,Liberal Alliance,69,1367,647.0,0.473299195318215,klima
Socialistisk Folkeparti,Moderaterne,69,70,30.0,0.4285714285714285,klima
Socialistisk Folkeparti,Radikale Venstre,69,1421,1059.0,0.745249824067558,klima
Socialistisk Folkeparti,Socialdemokratiet,69,4311,2601.0,0.6033402922755741,klima
Socialistisk Folkeparti,Socialistisk Folkeparti,69,333,333.0,1.0,klima
Socialistisk Folkeparti,Uden for folketingsgrupperne,69,811,383.0,0.4722564734895191,klima
Socialistisk Folkeparti,Venstre,69,3938,1905.0,0.4837480954799391,klima
Uden for folketingsgrupperne,Alternativet,69,75,14.0,0.1866666666666666,klima
Uden for folketingsgrupperne,Danmarksdemokraterne,69,36,36.0,1.0,klima
Uden for folketingsgrupperne,Dansk Folkeparti,69,833,832.0,0.9987995198079233,klima
Uden for folketingsgrupperne,Det Konservative Folkeparti,69,13,10.0,0.7692307692307693,klima
Uden for folketingsgrupperne,Enhedslisten,69,614,194.0,0.3159609120521172,klima
Uden for folketingsgrupperne,Liberal Alliance,69,762,624.0,0.8188976377952756,klima
Uden for folketingsgrupperne,Radikale Venstre,69,937,409.0,0.4364994663820704,klima
Uden for folketingsgrupperne,Socialdemokratiet,69,2493,1491.0,0.5980746089049338,klima
Uden for folketingsgrupperne,Socialistisk Folkeparti,69,48,21.0,0.4375,klima
Uden for folketingsgrupperne,Uden for folketingsgrupperne,69,239,218.0,0.9121338912133892,klima
Uden for folketingsgrupperne,Venstre,69,2017,1656.0,0.8210213187902826,klima
Venstre,Alternativet,69,452,111.0,0.245575221238938,klima
Venstre,Danmarksdemokraterne,69,3285,2686.0,0.8176560121765601,klima
Venstre,Dansk Folkeparti,69,7263,5802.0,0.7988434531185461,klima
Venstre,Det Konservative Folkeparti,69,274,262.0,0.9562043795620438,klima
Venstre,Enhedslisten,69,5774,1945.0,0.3368548666435746,klima
Venstre,Liberal Alliance,69,7443,7203.0,0.9677549375251916,klima
Venstre,Moderaterne,69,439,439.0,1.0,klima
Venstre,Radikale Venstre,69,7008,4229.0,0.603453196347032,klima
Venstre,Socialdemokratiet,69,24929,19400.0,0.7782101167315175,klima
Venstre,Socialistisk Folkeparti,69,2929,1403.0,0.4790030727210652,klima
Venstre,Uden for folketingsgrupperne,69,3648,3019.0,0.8275767543859649,klima
Venstre,Venstre,69,21087,21087.0,1.0,klima
Danmarksdemokraterne,Danmarksdemokraterne,66,623,598.0,0.9598715890850722,klima
Danmarksdemokraterne,Dansk Folkeparti,66,1781,1724.0,0.9679955081414936,klima
Danmarksdemokraterne,Det Konservative Folkeparti,66,1416,1305.0,0.9216101694915254,klima
Danmarksdemokraterne,Enhedslisten,66,557,119.0,0.2136445242369838,klima
Danmarksdemokraterne,Liberal Alliance,66,256,234.0,0.9140625,klima
Danmarksdemokraterne,Moderaterne,66,83,81.0,0.9759036144578314,klima
Danmarksdemokraterne,Radikale Venstre,66,919,478.0,0.5201305767138193,klima
Danmarksdemokraterne,Siumut,66,5,5.0,1.0,klima
Danmarksdemokraterne,Socialdemokratiet,66,4211,2255.0,0.5355022559962004,klima
Danmarksdemokraterne,Socialistisk Folkeparti,66,871,326.0,0.3742824339839265,klima
Danmarksdemokraterne,Uden for folketingsgrupperne,66,868,639.0,0.7361751152073732,klima
Danmarksdemokraterne,Venstre,66,5433,4964.0,0.913675685624885,klima
Dansk Folkeparti,Danmarksdemokraterne,66,583,583.0,1.0,klima
Dansk Folkeparti,Dansk Folkeparti,66,1530,1530.0,1.0,klima
Dansk Folkeparti,Det Konservative Folkeparti,66,1059,943.0,0.890462700661001,klima
Dansk Folkeparti,Enhedslisten,66,605,108.0,0.1785123966942148,klima
Dansk Folkeparti,Liberal Alliance,66,246,217.0,0.8821138211382114,klima
Dansk Folkeparti,Moderaterne,66,75,74.0,0.9866666666666668,klima
Dansk Folkeparti,Radikale Venstre,66,1109,532.0,0.4797114517583408,klima
Dansk Folkeparti,Siumut,66,2,2.0,1.0,klima
Dansk Folkeparti,Socialdemokratiet,66,3815,1887.0,0.4946264744429882,klima
Dansk Folkeparti,Socialistisk Folkeparti,66,1119,400.0,0.3574620196604111,klima
Dansk Folkeparti,Uden for folketingsgrupperne,66,1184,742.0,0.6266891891891891,klima
Dansk Folkeparti,Venstre,66,5032,4418.0,0.8779809220985691,klima
Det Konservative Folkeparti,Danmarksdemokraterne,66,970,895.0,0.922680412371134,klima
Det Konservative Folkeparti,Dansk Folkeparti,66,2555,2259.0,0.8841487279843444,klima
Det Konservative Folkeparti,Det Konservative Folkeparti,66,1568,1560.0,0.9948979591836736,klima
Det Konservative Folkeparti,Enhedslisten,66,872,192.0,0.2201834862385321,klima
Det Konservative Folkeparti,Liberal Alliance,66,367,366.0,0.997275204359673,klima
Det Konservative Folkeparti,Moderaterne,66,126,125.0,0.992063492063492,klima
Det Konservative Folkeparti,Radikale Venstre,66,1493,801.0,0.5365036838580041,klima
Det Konservative Folkeparti,Siumut,66,10,10.0,1.0,klima
Det Konservative Folkeparti,Socialdemokratiet,66,6064,3486.0,0.5748680738786279,klima
Det Konservative Folkeparti,Socialistisk Folkeparti,66,1294,479.0,0.3701700154559505,klima
Det Konservative Folkeparti,Uden for folketingsgrupperne,66,1339,1010.0,0.7542942494398805,klima
Det Konservative Folkeparti,Venstre,66,7481,7453.0,0.9962571848683331,klima
Enhedslisten,Danmarksdemokraterne,66,310,55.0,0.1774193548387097,klima
Enhedslisten,Dansk Folkeparti,66,702,152.0,0.2165242165242165,klima
Enhedslisten,Det Konservative Folkeparti,66,463,104.0,0.2246220302375809,klima
Enhedslisten,Enhedslisten,66,156,156.0,1.0,klima
Enhedslisten,Liberal Alliance,66,100,22.0,0.22,klima
Enhedslisten,Moderaterne,66,31,6.0,0.1935483870967742,klima
Enhedslisten,Radikale Venstre,66,334,218.0,0.6526946107784432,klima
Enhedslisten,Siumut,66,2,2.0,1.0,klima
Enhedslisten,Socialdemokratiet,66,1499,896.0,0.5977318212141428,klima
Enhedslisten,Socialistisk Folkeparti,66,424,348.0,0.8207547169811321,klima
Enhedslisten,Uden for folketingsgrupperne,66,418,193.0,0.4617224880382775,klima
Enhedslisten,Venstre,66,2034,458.0,0.2251720747295968,klima
Liberal Alliance,Danmarksdemokraterne,66,88,79.0,0.8977272727272727,klima
Liberal Alliance,Dansk Folkeparti,66,283,245.0,0.8657243816254417,klima
Liberal Alliance,Det Konservative Folkeparti,66,181,181.0,1.0,klima
Liberal Alliance,Enhedslisten,66,106,19.0,0.1792452830188679,klima
Liberal Alliance,Radikale Venstre,66,265,139.0,0.5245283018867924,klima
Liberal Alliance,Socialdemokratiet,66,677,373.0,0.55096011816839,klima
Liberal Alliance,Socialistisk Folkeparti,66,148,48.0,0.3243243243243243,klima
Liberal Alliance,Uden for folketingsgrupperne,66,179,122.0,0.6815642458100558,klima
Liberal Alliance,Venstre,66,647,646.0,0.9984544049459042,klima
Moderaterne,Danmarksdemokraterne,66,30,29.0,0.9666666666666668,klima
Moderaterne,Dansk Folkeparti,66,96,92.0,0.9583333333333334,klima
Moderaterne,Det Konservative Folkeparti,66,63,63.0,1.0,klima
Moderaterne,Enhedslisten,66,29,4.0,0.1379310344827586,klima
Moderaterne,Liberal Alliance,66,25,25.0,1.0,klima
Moderaterne,Radikale Venstre,66,82,46.0,0.5609756097560976,klima
Moderaterne,Socialdemokratiet,66,226,114.0,0.504424778761062,klima
Moderaterne,Socialistisk Folkeparti,66,42,17.0,0.4047619047619047,klima
Moderaterne,Uden for folketingsgrupperne,66,68,45.0,0.6617647058823529,klima
Moderaterne,Venstre,66,212,211.0,0.9952830188679244,klima
Radikale Venstre,Danmarksdemokraterne,66,349,151.0,0.4326647564469914,klima
Radikale Venstre,Dansk Folkeparti,66,756,342.0,0.4523809523809524,klima
Radikale Venstre,Det Konservative Folkeparti,66,360,193.0,0.5361111111111111,klima
Radikale Venstre,Enhedslisten,66,333,214.0,0.6426426426426426,klima
Radikale Venstre,Radikale Venstre,66,374,370.0,0.9893048128342246,klima
Radikale Venstre,Socialdemokratiet,66,1574,1202.0,0.7636594663278272,klima
Radikale Venstre,Socialistisk Folkeparti,66,491,366.0,0.745417515274949,klima
Radikale Venstre,Uden for folketingsgrupperne,66,587,470.0,0.8006814310051107,klima
Radikale Venstre,Venstre,66,2188,1150.0,0.5255941499085923,klima
Siumut,Danmarksdemokraterne,66,2,2.0,1.0,klima
Siumut,Dansk Folkeparti,66,8,8.0,1.0,klima
Siumut,Det Konservative Folkeparti,66,4,4.0,1.0,klima
Siumut,Liberal Alliance,66,2,2.0,1.0,klima
Siumut,Radikale Venstre,66,5,5.0,1.0,klima
Siumut,Socialdemokratiet,66,12,12.0,1.0,klima
Siumut,Socialistisk Folkeparti,66,6,6.0,1.0,klima
Siumut,Uden for folketingsgrupperne,66,5,5.0,1.0,klima
Siumut,Venstre,66,13,13.0,1.0,klima
Socialdemokratiet,Danmarksdemokraterne,66,1935,919.0,0.4749354005167959,klima
Socialdemokratiet,Dansk Folkeparti,66,5431,2659.0,0.4895967593445037,klima
Socialdemokratiet,Det Konservative Folkeparti,66,3258,1912.0,0.5868631062001227,klima
Socialdemokratiet,Enhedslisten,66,1849,1051.0,0.5684153596538669,klima
Socialdemokratiet,Liberal Alliance,66,683,407.0,0.595900439238653,klima
Socialdemokratiet,Moderaterne,66,224,114.0,0.5089285714285714,klima
Socialdemokratiet,Radikale Venstre,66,3139,2402.0,0.7652118509079324,klima
Socialdemokratiet,Siumut,66,18,18.0,1.0,klima
Socialdemokratiet,Socialdemokratiet,66,11127,10781.0,0.9689044666127438,klima
Socialdemokratiet,Socialistisk Folkeparti,66,2946,2159.0,0.7328581126951799,klima
Socialdemokratiet,Uden for folketingsgrupperne,66,3067,2154.0,0.7023149657645908,klima
Socialdemokratiet,Venstre,66,15001,8900.0,0.593293780414639,klima
Socialistisk Folkeparti,Danmarksdemokraterne,66,728,197.0,0.2706043956043956,klima
Socialistisk Folkeparti,Dansk Folkeparti,66,1358,429.0,0.3159057437407953,klima
Socialistisk Folkeparti,Det Konservative Folkeparti,66,1206,411.0,0.3407960199004975,klima
Socialistisk Folkeparti,Enhedslisten,66,476,406.0,0.8529411764705882,klima
Socialistisk Folkeparti,Liberal Alliance,66,226,68.0,0.3008849557522124,klima
Socialistisk Folkeparti,Moderaterne,66,89,39.0,0.4382022471910112,klima
Socialistisk Folkeparti,Radikale Venstre,66,728,569.0,0.7815934065934066,klima
Socialistisk Folkeparti,Socialdemokratiet,66,3481,2573.0,0.7391554151106005,klima
Socialistisk Folkeparti,Socialistisk Folkeparti,66,708,705.0,0.9957627118644068,klima
Socialistisk Folkeparti,Uden for folketingsgrupperne,66,800,449.0,0.56125,klima
Socialistisk Folkeparti,Venstre,66,5117,1766.0,0.3451240961500879,klima
Uden for folketingsgrupperne,Danmarksdemokraterne,66,277,199.0,0.7184115523465704,klima
Uden for folketingsgrupperne,Dansk Folkeparti,66,621,540.0,0.8695652173913043,klima
Uden for folketingsgrupperne,Det Konservative Folkeparti,66,489,395.0,0.8077709611451943,klima
Uden for folketingsgrupperne,Enhedslisten,66,235,76.0,0.3234042553191489,klima
Uden for folketingsgrupperne,Liberal Alliance,66,89,82.0,0.9213483146067416,klima
Uden for folketingsgrupperne,Moderaterne,66,44,42.0,0.9545454545454546,klima
Uden for folketingsgrupperne,Radikale Venstre,66,261,138.0,0.5287356321839081,klima
Uden for folketingsgrupperne,Socialdemokratiet,66,1571,982.0,0.6250795671546785,klima
Uden for folketingsgrupperne,Socialistisk Folkeparti,66,517,278.0,0.5377176015473888,klima
Uden for folketingsgrupperne,Uden for folketingsgrupperne,66,357,247.0,0.6918767507002801,klima
Uden for folketingsgrupperne,Venstre,66,2420,1951.0,0.806198347107438,klima
Venstre,Danmarksdemokraterne,66,4294,3933.0,0.915929203539823,klima
Venstre,Dansk Folkeparti,66,9777,8568.0,0.8763424363301626,klima
Venstre,Det Konservative Folkeparti,66,7317,7285.0,0.995626622932896,klima
Venstre,Enhedslisten,66,3308,735.0,0.2221886336154776,klima
Venstre,Liberal Alliance,66,1501,1498.0,0.9980013324450366,klima
Venstre,Moderaterne,66,470,467.0,0.9936170212765958,klima
Venstre,Radikale Venstre,66,5439,2914.0,0.5357602500459643,klima
Venstre,Siumut,66,30,30.0,1.0,klima
Venstre,Socialdemokratiet,66,22897,13448.0,0.5873258505481067,klima
Venstre,Socialistisk Folkeparti,66,5130,1953.0,0.3807017543859649,klima
Venstre,Uden for folketingsgrupperne,66,4915,3648.0,0.7422177009155646,klima
Venstre,Venstre,66,29249,29141.0,0.9963075660706348,klima
Danmarksdemokraterne,Danmarksdemokraterne,65,5,5.0,1.0,klima
Danmarksdemokraterne,Dansk Folkeparti,65,50,50.0,1.0,klima
Danmarksdemokraterne,Det Konservative Folkeparti,65,28,28.0,1.0,klima
Danmarksdemokraterne,Enhedslisten,65,4,2.0,0.5,klima
Danmarksdemokraterne,Kristendemokraterne,65,4,2.0,0.5,klima
Danmarksdemokraterne,Liberal Alliance,65,10,10.0,1.0,klima
Danmarksdemokraterne,Radikale Venstre,65,16,4.0,0.25,klima
Danmarksdemokraterne,Socialdemokratiet,65,181,32.0,0.1767955801104972,klima
Danmarksdemokraterne,Socialistisk Folkeparti,65,24,4.0,0.1666666666666666,klima
Danmarksdemokraterne,Uden for folketingsgrupperne,65,32,26.0,0.8125,klima
Danmarksdemokraterne,Venstre,65,133,133.0,1.0,klima
Dansk Folkeparti,Dansk Folkeparti,65,50,50.0,1.0,klima
Dansk Folkeparti,Det Konservative Folkeparti,65,12,12.0,1.0,klima
Dansk Folkeparti,Enhedslisten,65,4,2.0,0.5,klima
Dansk Folkeparti,Kristendemokraterne,65,4,2.0,0.5,klima
Dansk Folkeparti,Liberal Alliance,65,8,8.0,1.0,klima
Dansk Folkeparti,Radikale Venstre,65,17,4.0,0.2352941176470588,klima
Dansk Folkeparti,Socialdemokratiet,65,164,32.0,0.1951219512195122,klima
Dansk Folkeparti,Socialistisk Folkeparti,65,31,4.0,0.1290322580645161,klima
Dansk Folkeparti,Uden for folketingsgrupperne,65,24,18.0,0.75,klima
Dansk Folkeparti,Venstre,65,136,136.0,1.0,klima
Det Konservative Folkeparti,Danmarksdemokraterne,65,14,14.0,1.0,klima
Det Konservative Folkeparti,Dansk Folkeparti,65,93,93.0,1.0,klima
Det Konservative Folkeparti,Det Konservative Folkeparti,65,36,36.0,1.0,klima
Det Konservative Folkeparti,Enhedslisten,65,10,5.0,0.5,klima
Det Konservative Folkeparti,Kristendemokraterne,65,6,3.0,0.5,klima
Det Konservative Folkeparti,Liberal Alliance,65,18,18.0,1.0,klima
Det Konservative Folkeparti,Radikale Venstre,65,36,10.0,0.2777777777777778,klima
Det Konservative Folkeparti,Socialdemokratiet,65,336,69.0,0.2053571428571428,klima
Det Konservative Folkeparti,Socialistisk Folkeparti,65,45,10.0,0.2222222222222222,klima
Det Konservative Folkeparti,Uden for folketingsgrupperne,65,56,45.0,0.8035714285714286,klima
Det Konservative Folkeparti,Venstre,65,236,236.0,1.0,klima
Enhedslisten,Dansk Folkeparti,65,6,3.0,0.5,klima
Enhedslisten,Radikale Venstre,65,4,4.0,1.0,klima
Enhedslisten,Socialdemokratiet,65,20,20.0,1.0,klima
Enhedslisten,Socialistisk Folkeparti,65,2,2.0,1.0,klima
Enhedslisten,Uden for folketingsgrupperne,65,4,2.0,0.5,klima
Enhedslisten,Venstre,65,12,6.0,0.5,klima
Kristendemokraterne,Dansk Folkeparti,65,6,3.0,0.5,klima
Kristendemokraterne,Radikale Venstre,65,2,1.0,0.5,klima
Kristendemokraterne,Socialdemokratiet,65,22,11.0,0.5,klima
Kristendemokraterne,Socialistisk Folkeparti,65,4,2.0,0.5,klima
Kristendemokraterne,Uden for folketingsgrupperne,65,4,2.0,0.5,klima
Kristendemokraterne,Venstre,65,10,5.0,0.5,klima
Liberal Alliance,Dansk Folkeparti,65,17,17.0,1.0,klima
Liberal Alliance,Det Konservative Folkeparti,65,3,3.0,1.0,klima
Liberal Alliance,Enhedslisten,65,2,1.0,0.5,klima
Liberal Alliance,Kristendemokraterne,65,2,1.0,0.5,klima
Liberal Alliance,Radikale Venstre,65,8,2.0,0.25,klima
Liberal Alliance,Socialdemokratiet,65,65,11.0,0.1692307692307692,klima
Liberal Alliance,Socialistisk Folkeparti,65,9,2.0,0.2222222222222222,klima
Liberal Alliance,Uden for folketingsgrupperne,65,10,7.0,0.7,klima
Liberal Alliance,Venstre,65,29,29.0,1.0,klima
Radikale Venstre,Dansk Folkeparti,65,23,6.0,0.2608695652173913,klima
Radikale Venstre,Radikale Venstre,65,3,3.0,1.0,klima
Radikale Venstre,Socialdemokratiet,65,72,72.0,1.0,klima
Radikale Venstre,Socialistisk Folkeparti,65,10,10.0,1.0,klima
Radikale Venstre,Uden for folketingsgrupperne,65,12,6.0,0.5,klima
Radikale Venstre,Venstre,65,41,11.0,0.2682926829268293,klima
Socialdemokratiet,Danmarksdemokraterne,65,17,4.0,0.2352941176470588,klima
Socialdemokratiet,Dansk Folkeparti,65,331,58.0,0.175226586102719,klima
Socialdemokratiet,Det Konservative Folkeparti,65,71,21.0,0.2957746478873239,klima
Socialdemokratiet,Enhedslisten,65,16,16.0,1.0,klima
Socialdemokratiet,Kristendemokraterne,65,22,11.0,0.5,klima
Socialdemokratiet,Liberal Alliance,65,34,7.0,0.2058823529411764,klima
Socialdemokratiet,Radikale Venstre,65,82,82.0,1.0,klima
Socialdemokratiet,Socialdemokratiet,65,939,939.0,1.0,klima
Socialdemokratiet,Socialistisk Folkeparti,65,141,141.0,1.0,klima
Socialdemokratiet,Uden for folketingsgrupperne,65,166,49.0,0.2951807228915662,klima
Socialdemokratiet,Venstre,65,678,132.0,0.1946902654867256,klima
Socialistisk Folkeparti,Danmarksdemokraterne,65,10,2.0,0.2,klima
Socialistisk Folkeparti,Dansk Folkeparti,65,54,11.0,0.2037037037037037,klima
Socialistisk Folkeparti,Det Konservative Folkeparti,65,24,5.0,0.2083333333333333,klima
Socialistisk Folkeparti,Enhedslisten,65,4,4.0,1.0,klima
Socialistisk Folkeparti,Kristendemokraterne,65,4,2.0,0.5,klima
Socialistisk Folkeparti,Liberal Alliance,65,8,1.0,0.125,klima
Socialistisk Folkeparti,Radikale Venstre,65,16,16.0,1.0,klima
Socialistisk Folkeparti,Socialdemokratiet,65,200,200.0,1.0,klima
Socialistisk Folkeparti,Socialistisk Folkeparti,65,21,21.0,1.0,klima
Socialistisk Folkeparti,Uden for folketingsgrupperne,65,35,13.0,0.3714285714285714,klima
Socialistisk Folkeparti,Venstre,65,139,29.0,0.2086330935251798,klima
Uden for folketingsgrupperne,Dansk Folkeparti,65,56,47.0,0.8392857142857143,klima
Uden for folketingsgrupperne,Det Konservative Folkeparti,65,8,8.0,1.0,klima
Uden for folketingsgrupperne,Enhedslisten,65,2,1.0,0.5,klima
Uden for folketingsgrupperne,Kristendemokraterne,65,4,2.0,0.5,klima
Uden for folketingsgrupperne,Liberal Alliance,65,6,6.0,1.0,klima
Uden for folketingsgrupperne,Radikale Venstre,65,12,2.0,0.1666666666666666,klima
Uden for folketingsgrupperne,Socialdemokratiet,65,156,49.0,0.3141025641025641,klima
Uden for folketingsgrupperne,Socialistisk Folkeparti,65,21,4.0,0.1904761904761904,klima
Uden for folketingsgrupperne,Uden for folketingsgrupperne,65,20,11.0,0.55,klima
Uden for folketingsgrupperne,Venstre,65,96,81.0,0.84375,klima
Venstre,Danmarksdemokraterne,65,39,39.0,1.0,klima
Venstre,Dansk Folkeparti,65,294,294.0,1.0,klima
Venstre,Det Konservative Folkeparti,65,130,130.0,1.0,klima
Venstre,Enhedslisten,65,24,12.0,0.5,klima
Venstre,Kristendemokraterne,65,22,11.0,0.5,klima
Venstre,Liberal Alliance,65,57,57.0,1.0,klima
Venstre,Radikale Venstre,65,99,25.0,0.2525252525252525,klima
Venstre,Socialdemokratiet,65,1016,192.0,0.1889763779527559,klima
Venstre,Socialistisk Folkeparti,65,151,25.0,0.1655629139072847,klima
Venstre,Uden for folketingsgrupperne,65,176,141.0,0.8011363636363636,klima
Venstre,Venstre,65,699,699.0,1.0,klima
Alternativet,Radikale Venstre,70,36,27.0,0.75,klima
Alternativet,Venstre,70,45,21.0,0.4666666666666667,klima
Danmarksdemokraterne,Alternativet,70,280,136.0,0.4857142857142857,klima
Danmarksdemokraterne,Danmarksdemokraterne,70,1538,1432.0,0.9310793237971392,klima
Danmarksdemokraterne,Dansk Folkeparti,70,1165,1085.0,0.9313304721030042,klima
Danmarksdemokraterne,Det Konservative Folkeparti,70,391,303.0,0.7749360613810742,klima
Danmarksdemokraterne,Enhedslisten,70,1766,846.0,0.479048697621744,klima
Danmarksdemokraterne,Liberal Alliance,70,533,341.0,0.6397748592870544,klima
Danmarksdemokraterne,Moderaterne,70,16,10.0,0.625,klima
Danmarksdemokraterne,Radikale Venstre,70,1978,1099.0,0.5556117290192113,klima
Danmarksdemokraterne,Sambandsflokkurin,70,1,1.0,1.0,klima
Danmarksdemokraterne,Socialdemokratiet,70,7736,4482.0,0.5793691830403309,klima
Danmarksdemokraterne,Socialistisk Folkeparti,70,974,498.0,0.5112936344969199,klima
Danmarksdemokraterne,Uden for folketingsgrupperne,70,1495,1325.0,0.8862876254180602,klima
Danmarksdemokraterne,Venstre,70,6606,4942.0,0.7481077808053285,klima
Dansk Folkeparti,Alternativet,70,149,60.0,0.4026845637583892,klima
Dansk Folkeparti,Danmarksdemokraterne,70,478,448.0,0.9372384937238494,klima
Dansk Folkeparti,Dansk Folkeparti,70,251,249.0,0.9920318725099602,klima
Dansk Folkeparti,Det Konservative Folkeparti,70,73,41.0,0.5616438356164384,klima
Dansk Folkeparti,Enhedslisten,70,860,369.0,0.4290697674418605,klima
Dansk Folkeparti,Liberal Alliance,70,210,128.0,0.6095238095238096,klima
Dansk Folkeparti,Radikale Venstre,70,660,326.0,0.4939393939393939,klima
Dansk Folkeparti,Socialdemokratiet,70,2395,1245.0,0.5198329853862212,klima
Dansk Folkeparti,Socialistisk Folkeparti,70,134,56.0,0.417910447761194,klima
Dansk Folkeparti,Uden for folketingsgrupperne,70,215,185.0,0.8604651162790697,klima
Dansk Folkeparti,Venstre,70,2023,1373.0,0.6786950074147305,klima
Det Konservative Folkeparti,Alternativet,70,21,14.0,0.6666666666666666,klima
Det Konservative Folkeparti,Danmarksdemokraterne,70,78,65.0,0.8333333333333334,klima
Det Konservative Folkeparti,Dansk Folkeparti,70,129,94.0,0.7286821705426356,klima
Det Konservative Folkeparti,Det Konservative Folkeparti,70,30,29.0,0.9666666666666668,klima
Det Konservative Folkeparti,Enhedslisten,70,194,94.0,0.4845360824742268,klima
Det Konservative Folkeparti,Liberal Alliance,70,45,36.0,0.8,klima
Det Konservative Folkeparti,Radikale Venstre,70,171,105.0,0.6140350877192983,klima
Det Konservative Folkeparti,Socialdemokratiet,70,419,302.0,0.720763723150358,klima
Det Konservative Folkeparti,Socialistisk Folkeparti,70,1,1.0,1.0,klima
Det Konservative Folkeparti,Uden for folketingsgrupperne,70,70,45.0,0.6428571428571429,klima
Det Konservative Folkeparti,Venstre,70,322,288.0,0.8944099378881988,klima
Enhedslisten,Alternativet,70,200,181.0,0.905,klima
Enhedslisten,Danmarksdemokraterne,70,710,278.0,0.3915492957746478,klima
Enhedslisten,Dansk Folkeparti,70,327,113.0,0.345565749235474,klima
Enhedslisten,Det Konservative Folkeparti,70,113,63.0,0.5575221238938053,klima
Enhedslisten,Enhedslisten,70,700,694.0,0.9914285714285714,klima
Enhedslisten,Liberal Alliance,70,127,44.0,0.3464566929133858,klima
Enhedslisten,Moderaterne,70,4,2.0,0.5,klima
Enhedslisten,Radikale Venstre,70,851,696.0,0.81786133960047,klima
Enhedslisten,Socialdemokratiet,70,2960,1987.0,0.6712837837837838,klima
Enhedslisten,Socialistisk Folkeparti,70,291,260.0,0.8934707903780069,klima
Enhedslisten,Uden for folketingsgrupperne,70,424,175.0,0.4127358490566037,klima
Enhedslisten,Venstre,70,2744,1215.0,0.4427842565597668,klima
Liberal Alliance,Alternativet,70,49,21.0,0.4285714285714285,klima
Liberal Alliance,Danmarksdemokraterne,70,103,67.0,0.6504854368932039,klima
Liberal Alliance,Dansk Folkeparti,70,87,50.0,0.5747126436781609,klima
Liberal Alliance,Det Konservative Folkeparti,70,29,24.0,0.8275862068965517,klima
Liberal Alliance,Enhedslisten,70,289,123.0,0.4256055363321799,klima
Liberal Alliance,Radikale Venstre,70,231,124.0,0.5367965367965368,klima
Liberal Alliance,Socialdemokratiet,70,623,389.0,0.6243980738362761,klima
Liberal Alliance,Socialistisk Folkeparti,70,8,4.0,0.5,klima
Liberal Alliance,Uden for folketingsgrupperne,70,4,1.0,0.25,klima
Liberal Alliance,Venstre,70,527,425.0,0.8064516129032258,klima
Moderaterne,Danmarksdemokraterne,70,3,1.0,0.3333333333333333,klima
Moderaterne,Dansk Folkeparti,70,8,4.0,0.5,klima
Moderaterne,Enhedslisten,70,4,2.0,0.5,klima
Moderaterne,Liberal Alliance,70,4,3.0,0.75,klima
Moderaterne,Radikale Venstre,70,12,6.0,0.5,klima
Moderaterne,Socialdemokratiet,70,32,16.0,0.5,klima
Moderaterne,Socialistisk Folkeparti,70,4,2.0,0.5,klima
Moderaterne,Uden for folketingsgrupperne,70,8,4.0,0.5,klima
Moderaterne,Venstre,70,40,40.0,1.0,klima
Radikale Venstre,Alternativet,70,166,127.0,0.7650602409638554,klima
Radikale Venstre,Danmarksdemokraterne,70,501,246.0,0.4910179640718562,klima
Radikale Venstre,Dansk Folkeparti,70,498,243.0,0.4879518072289157,klima
Radikale Venstre,Det Konservative Folkeparti,70,132,82.0,0.6212121212121212,klima
Radikale Venstre,Enhedslisten,70,902,749.0,0.8303769401330376,klima
Radikale Venstre,Liberal Alliance,70,195,109.0,0.558974358974359,klima
Radikale Venstre,Radikale Venstre,70,629,625.0,0.9936406995230525,klima
Radikale Venstre,Socialdemokratiet,70,2650,2209.0,0.8335849056603774,klima
Radikale Venstre,Socialistisk Folkeparti,70,124,104.0,0.8387096774193549,klima
Radikale Venstre,Uden for folketingsgrupperne,70,335,157.0,0.4686567164179104,klima
Radikale Venstre,Venstre,70,2145,1339.0,0.6242424242424243,klima
Sambandsflokkurin,Alternativet,70,1,1.0,1.0,klima
Sambandsflokkurin,Danmarksdemokraterne,70,4,4.0,1.0,klima
Sambandsflokkurin,Dansk Folkeparti,70,3,3.0,1.0,klima
Sambandsflokkurin,Det Konservative Folkeparti,70,1,1.0,1.0,klima
Sambandsflokkurin,Enhedslisten,70,4,4.0,1.0,klima
Sambandsflokkurin,Radikale Venstre,70,6,6.0,1.0,klima
Sambandsflokkurin,Socialdemokratiet,70,22,22.0,1.0,klima
Sambandsflokkurin,Socialistisk Folkeparti,70,4,4.0,1.0,klima
Sambandsflokkurin,Uden for folketingsgrupperne,70,3,3.0,1.0,klima
Sambandsflokkurin,Venstre,70,20,20.0,1.0,klima
Socialdemokratiet,Alternativet,70,983,656.0,0.6673448626653102,klima
Socialdemokratiet,Danmarksdemokraterne,70,4397,2551.0,0.5801682965658403,klima
Socialdemokratiet,Dansk Folkeparti,70,3205,1811.0,0.5650546021840873,klima
Socialdemokratiet,Det Konservative Folkeparti,70,929,648.0,0.697524219590958,klima
Socialdemokratiet,Enhedslisten,70,5375,3771.0,0.7015813953488372,klima
Socialdemokratiet,Liberal Alliance,70,1503,959.0,0.6380572188955422,klima
Socialdemokratiet,Moderaterne,70,36,18.0,0.5,klima
Socialdemokratiet,Radikale Venstre,70,5562,4758.0,0.8554476806903991,klima
Socialdemokratiet,Sambandsflokkurin,70,6,6.0,1.0,klima
Socialdemokratiet,Socialdemokratiet,70,19259,19162.0,0.9949633937379926,klima
Socialdemokratiet,Socialistisk Folkeparti,70,2146,1719.0,0.8010251630941286,klima
Socialdemokratiet,Uden for folketingsgrupperne,70,3379,1849.0,0.5472033145901154,klima
Socialdemokratiet,Venstre,70,17478,12529.0,0.7168440324979974,klima
Socialistisk Folkeparti,Alternativet,70,102,83.0,0.8137254901960784,klima
Socialistisk Folkeparti,Danmarksdemokraterne,70,189,83.0,0.4391534391534391,klima
Socialistisk Folkeparti,Dansk Folkeparti,70,406,201.0,0.4950738916256157,klima
Socialistisk Folkeparti,Det Konservative Folkeparti,70,107,62.0,0.5794392523364486,klima
Socialistisk Folkeparti,Enhedslisten,70,512,464.0,0.90625,klima
Socialistisk Folkeparti,Liberal Alliance,70,181,83.0,0.4585635359116022,klima
Socialistisk Folkeparti,Moderaterne,70,8,4.0,0.5,klima
Socialistisk Folkeparti,Radikale Venstre,70,700,616.0,0.88,klima
Socialistisk Folkeparti,Socialdemokratiet,70,1774,1378.0,0.7767756482525366,klima
Socialistisk Folkeparti,Socialistisk Folkeparti,70,128,128.0,1.0,klima
Socialistisk Folkeparti,Uden for folketingsgrupperne,70,483,237.0,0.4906832298136646,klima
Socialistisk Folkeparti,Venstre,70,1670,925.0,0.5538922155688623,klima
Uden for folketingsgrupperne,Alternativet,70,147,69.0,0.4693877551020408,klima
Uden for folketingsgrupperne,Danmarksdemokraterne,70,304,267.0,0.8782894736842105,klima
Uden for folketingsgrupperne,Dansk Folkeparti,70,606,563.0,0.929042904290429,klima
Uden for folketingsgrupperne,Det Konservative Folkeparti,70,155,118.0,0.7612903225806451,klima
Uden for folketingsgrupperne,Enhedslisten,70,822,404.0,0.4914841849148418,klima
Uden for folketingsgrupperne,Liberal Alliance,70,318,188.0,0.5911949685534591,klima
Uden for folketingsgrupperne,Moderaterne,70,8,4.0,0.5,klima
Uden for folketingsgrupperne,Radikale Venstre,70,887,487.0,0.5490417136414881,klima
Uden for folketingsgrupperne,Socialdemokratiet,70,2650,1591.0,0.6003773584905661,klima
Uden for folketingsgrupperne,Socialistisk Folkeparti,70,111,69.0,0.6216216216216216,klima
Uden for folketingsgrupperne,Uden for folketingsgrupperne,70,318,260.0,0.8176100628930818,klima
Uden for folketingsgrupperne,Venstre,70,2057,1455.0,0.7073407875546913,klima
Venstre,Alternativet,70,848,408.0,0.4811320754716981,klima
Venstre,Danmarksdemokraterne,70,4043,3127.0,0.7734355676477863,klima
Venstre,Dansk Folkeparti,70,2869,2103.0,0.7330080167305681,klima
Venstre,Det Konservative Folkeparti,70,878,776.0,0.8838268792710706,klima
Venstre,Enhedslisten,70,4507,2206.0,0.4894608386953628,klima
Venstre,Liberal Alliance,70,1352,1061.0,0.7847633136094675,klima
Venstre,Moderaterne,70,17,17.0,1.0,klima
Venstre,Radikale Venstre,70,5018,3118.0,0.6213630928656836,klima
Venstre,Sambandsflokkurin,70,1,1.0,1.0,klima
Venstre,Socialdemokratiet,70,18186,12848.0,0.7064775101726603,klima
Venstre,Socialistisk Folkeparti,70,1734,1025.0,0.591118800461361,klima
Venstre,Uden for folketingsgrupperne,70,3207,2333.0,0.7274711568444029,klima
Venstre,Venstre,70,14675,14664.0,0.9992504258943782,klima
Alternativet,Enhedslisten,71,84,67.0,0.7976190476190477,klima
Alternativet,Radikale Venstre,71,62,48.0,0.7741935483870968,klima
Alternativet,Socialdemokratiet,71,55,33.0,0.6,klima
Alternativet,Venstre,71,46,29.0,0.6304347826086957,klima
Danmarksdemokraterne,Alternativet,71,418,186.0,0.4449760765550239,klima
Danmarksdemokraterne,Danmarksdemokraterne,71,2436,2378.0,0.9761904761904762,klima
Danmarksdemokraterne,Dansk Folkeparti,71,856,621.0,0.7254672897196262,klima
Danmarksdemokraterne,Det Konservative Folkeparti,71,1976,1560.0,0.7894736842105263,klima
Danmarksdemokraterne,Enhedslisten,71,3402,1640.0,0.4820693709582598,klima
Danmarksdemokraterne,Javnaðarflokkurin,71,13,0.0,0.0,klima
Danmarksdemokraterne,Liberal Alliance,71,537,358.0,0.6666666666666666,klima
Danmarksdemokraterne,Moderaterne,71,90,53.0,0.5888888888888889,klima
Danmarksdemokraterne,Radikale Venstre,71,1328,708.0,0.5331325301204819,klima
Danmarksdemokraterne,Socialdemokratiet,71,10060,6024.0,0.5988071570576541,klima
Danmarksdemokraterne,Socialistisk Folkeparti,71,1125,635.0,0.5644444444444444,klima
Danmarksdemokraterne,Venstre,71,6434,3769.0,0.585794218215729,klima
Dansk Folkeparti,Alternativet,71,116,47.0,0.4051724137931034,klima
Dansk Folkeparti,Danmarksdemokraterne,71,845,638.0,0.7550295857988165,klima
Dansk Folkeparti,Dansk Folkeparti,71,146,145.0,0.9931506849315068,klima
Dansk Folkeparti,Det Konservative Folkeparti,71,486,329.0,0.676954732510288,klima
Dansk Folkeparti,Enhedslisten,71,961,450.0,0.4682622268470343,klima
Dansk Folkeparti,Javnaðarflokkurin,71,6,0.0,0.0,klima
Dansk Folkeparti,Liberal Alliance,71,152,103.0,0.6776315789473685,klima
Dansk Folkeparti,Moderaterne,71,35,15.0,0.4285714285714285,klima
Dansk Folkeparti,Radikale Venstre,71,329,170.0,0.5167173252279635,klima
Dansk Folkeparti,Socialdemokratiet,71,2914,1524.0,0.5229924502402197,klima
Dansk Folkeparti,Socialistisk Folkeparti,71,395,208.0,0.5265822784810127,klima
Dansk Folkeparti,Venstre,71,2145,1092.0,0.509090909090909,klima
Det Konservative Folkeparti,Alternativet,71,222,113.0,0.509009009009009,klima
Det Konservative Folkeparti,Danmarksdemokraterne,71,1097,901.0,0.821330902461258,klima
Det Konservative Folkeparti,Dansk Folkeparti,71,423,289.0,0.6832151300236406,klima
Det Konservative Folkeparti,Det Konservative Folkeparti,71,628,628.0,1.0,klima
Det Konservative Folkeparti,Enhedslisten,71,1723,869.0,0.5043528728961114,klima
Det Konservative Folkeparti,Javnaðarflokkurin,71,10,0.0,0.0,klima
Det Konservative Folkeparti,Liberal Alliance,71,252,199.0,0.7896825396825397,klima
Det Konservative Folkeparti,Moderaterne,71,39,28.0,0.717948717948718,klima
Det Konservative Folkeparti,Radikale Venstre,71,483,315.0,0.6521739130434783,klima
Det Konservative Folkeparti,Socialdemokratiet,71,4094,2627.0,0.6416707376648755,klima
Det Konservative Folkeparti,Socialistisk Folkeparti,71,377,252.0,0.6684350132625995,klima
Det Konservative Folkeparti,Venstre,71,3069,1983.0,0.64613880742913,klima
Enhedslisten,Alternativet,71,224,184.0,0.8214285714285714,klima
Enhedslisten,Danmarksdemokraterne,71,694,331.0,0.4769452449567723,klima
Enhedslisten,Dansk Folkeparti,71,252,124.0,0.492063492063492,klima
Enhedslisten,Det Konservative Folkeparti,71,474,244.0,0.5147679324894515,klima
Enhedslisten,Enhedslisten,71,1187,1183.0,0.9966301600673968,klima
Enhedslisten,Javnaðarflokkurin,71,6,2.0,0.3333333333333333,klima
Enhedslisten,Liberal Alliance,71,92,58.0,0.6304347826086957,klima
Enhedslisten,Radikale Venstre,71,662,498.0,0.7522658610271903,klima
Enhedslisten,Socialdemokratiet,71,2432,1338.0,0.5501644736842105,klima
Enhedslisten,Socialistisk Folkeparti,71,221,186.0,0.8416289592760181,klima
Enhedslisten,Venstre,71,1768,959.0,0.542420814479638,klima
Inuit Ataqatigiit,Alternativet,71,2,1.0,0.5,klima
Inuit Ataqatigiit,Danmarksdemokraterne,71,13,5.0,0.3846153846153846,klima
Inuit Ataqatigiit,Dansk Folkeparti,71,5,0.0,0.0,klima
Inuit Ataqatigiit,Det Konservative Folkeparti,71,10,4.0,0.4,klima
Inuit Ataqatigiit,Enhedslisten,71,13,5.0,0.3846153846153846,klima
Inuit Ataqatigiit,Javnaðarflokkurin,71,1,1.0,1.0,klima
Inuit Ataqatigiit,Liberal Alliance,71,3,1.0,0.3333333333333333,klima
Inuit Ataqatigiit,Moderaterne,71,2,2.0,1.0,klima
Inuit Ataqatigiit,Naleraq,71,1,1.0,1.0,klima
Inuit Ataqatigiit,Radikale Venstre,71,5,2.0,0.4,klima
Inuit Ataqatigiit,Socialdemokratiet,71,47,47.0,1.0,klima
Inuit Ataqatigiit,Socialistisk Folkeparti,71,12,4.0,0.3333333333333333,klima
Inuit Ataqatigiit,Venstre,71,36,36.0,1.0,klima
Javnaðarflokkurin,Alternativet,71,2,1.0,0.5,klima
Javnaðarflokkurin,Danmarksdemokraterne,71,1,0.0,0.0,klima
Javnaðarflokkurin,Enhedslisten,71,7,3.0,0.4285714285714285,klima
Javnaðarflokkurin,Radikale Venstre,71,2,1.0,0.5,klima
Javnaðarflokkurin,Socialdemokratiet,71,3,3.0,1.0,klima
Javnaðarflokkurin,Venstre,71,9,9.0,1.0,klima
Liberal Alliance,Alternativet,71,91,59.0,0.6483516483516484,klima
Liberal Alliance,Danmarksdemokraterne,71,722,480.0,0.6648199445983379,klima
Liberal Alliance,Dansk Folkeparti,71,228,145.0,0.6359649122807017,klima
Liberal Alliance,Det Konservative Folkeparti,71,418,315.0,0.7535885167464115,klima
Liberal Alliance,Enhedslisten,71,829,492.0,0.5934861278648975,klima
Liberal Alliance,Javnaðarflokkurin,71,3,0.0,0.0,klima
Liberal Alliance,Liberal Alliance,71,66,65.0,0.9848484848484848,klima
Liberal Alliance,Moderaterne,71,36,26.0,0.7222222222222222,klima
Liberal Alliance,Radikale Venstre,71,268,196.0,0.7313432835820896,klima
Liberal Alliance,Socialdemokratiet,71,2223,1607.0,0.7228969860548808,klima
Liberal Alliance,Socialistisk Folkeparti,71,247,178.0,0.7206477732793523,klima
Liberal Alliance,Venstre,71,1694,1200.0,0.7083825265643447,klima
Moderaterne,Alternativet,71,32,18.0,0.5625,klima
Moderaterne,Danmarksdemokraterne,71,255,137.0,0.5372549019607843,klima
Moderaterne,Dansk Folkeparti,71,67,35.0,0.5223880597014925,klima
Moderaterne,Det Konservative Folkeparti,71,133,81.0,0.6090225563909775,klima
Moderaterne,Enhedslisten,71,238,147.0,0.6176470588235294,klima
Moderaterne,Javnaðarflokkurin,71,2,2.0,1.0,klima
Moderaterne,Liberal Alliance,71,38,29.0,0.7631578947368421,klima
Moderaterne,Moderaterne,71,1,1.0,1.0,klima
Moderaterne,Radikale Venstre,71,108,87.0,0.8055555555555556,klima
Moderaterne,Socialdemokratiet,71,814,814.0,1.0,klima
Moderaterne,Socialistisk Folkeparti,71,94,66.0,0.7021276595744681,klima
Moderaterne,Venstre,71,500,499.0,0.998,klima
Naleraq,Alternativet,71,1,1.0,1.0,klima
Naleraq,Danmarksdemokraterne,71,5,5.0,1.0,klima
Naleraq,Dansk Folkeparti,71,1,0.0,0.0,klima
Naleraq,Det Konservative Folkeparti,71,4,4.0,1.0,klima
Naleraq,Enhedslisten,71,5,5.0,1.0,klima
Naleraq,Liberal Alliance,71,1,1.0,1.0,klima
Naleraq,Moderaterne,71,1,1.0,1.0,klima
Naleraq,Radikale Venstre,71,2,2.0,1.0,klima
Naleraq,Socialdemokratiet,71,17,17.0,1.0,klima
Naleraq,Socialistisk Folkeparti,71,4,4.0,1.0,klima
Naleraq,Venstre,71,15,15.0,1.0,klima
Radikale Venstre,Alternativet,71,68,55.0,0.8088235294117647,klima
Radikale Venstre,Danmarksdemokraterne,71,307,162.0,0.5276872964169381,klima
Radikale Venstre,Dansk Folkeparti,71,163,85.0,0.5214723926380368,klima
Radikale Venstre,Det Konservative Folkeparti,71,381,237.0,0.6220472440944882,klima
Radikale Venstre,Enhedslisten,71,535,400.0,0.7476635514018691,klima
Radikale Venstre,Javnaðarflokkurin,71,3,1.0,0.3333333333333333,klima
Radikale Venstre,Liberal Alliance,71,102,77.0,0.7549019607843137,klima
Radikale Venstre,Radikale Venstre,71,114,113.0,0.9912280701754386,klima
Radikale Venstre,Socialdemokratiet,71,1407,1027.0,0.7299218194740583,klima
Radikale Venstre,Socialistisk Folkeparti,71,32,30.0,0.9375,klima
Radikale Venstre,Venstre,71,933,689.0,0.7384780278670954,klima
Socialdemokratiet,Alternativet,71,1333,817.0,0.6129032258064516,klima
Socialdemokratiet,Danmarksdemokraterne,71,9436,5556.0,0.5888088172954642,klima
Socialdemokratiet,Dansk Folkeparti,71,2936,1581.0,0.5384877384196185,klima
Socialdemokratiet,Det Konservative Folkeparti,71,6435,4137.0,0.6428904428904428,klima
Socialdemokratiet,Enhedslisten,71,11557,6461.0,0.5590551181102362,klima
Socialdemokratiet,Javnaðarflokkurin,71,48,48.0,1.0,klima
Socialdemokratiet,Liberal Alliance,71,2033,1522.0,0.7486473192326611,klima
Socialdemokratiet,Moderaterne,71,312,312.0,1.0,klima
Socialdemokratiet,Radikale Venstre,71,4135,3227.0,0.7804111245465538,klima
Socialdemokratiet,Socialdemokratiet,71,31745,31745.0,1.0,klima
Socialdemokratiet,Socialistisk Folkeparti,71,4103,3006.0,0.7326346575676335,klima
Socialdemokratiet,Venstre,71,23066,23012.0,0.9976588918754876,klima
Socialistisk Folkeparti,Alternativet,71,210,175.0,0.8333333333333334,klima
Socialistisk Folkeparti,Danmarksdemokraterne,71,1915,1067.0,0.5571801566579635,klima
Socialistisk Folkeparti,Dansk Folkeparti,71,529,304.0,0.5746691871455577,klima
Socialistisk Folkeparti,Det Konservative Folkeparti,71,1237,793.0,0.6410670978172999,klima
Socialistisk Folkeparti,Enhedslisten,71,2008,1608.0,0.8007968127490039,klima
Socialistisk Folkeparti,Javnaðarflokkurin,71,12,4.0,0.3333333333333333,klima
Socialistisk Folkeparti,Liberal Alliance,71,421,289.0,0.6864608076009501,klima
Socialistisk Folkeparti,Moderaterne,71,95,75.0,0.7894736842105263,klima
Socialistisk Folkeparti,Radikale Venstre,71,848,730.0,0.8608490566037735,klima
Socialistisk Folkeparti,Socialdemokratiet,71,6405,4633.0,0.7233411397345824,klima
Socialistisk Folkeparti,Socialistisk Folkeparti,71,664,661.0,0.9954819277108434,klima
Socialistisk Folkeparti,Venstre,71,4791,3506.0,0.7317887706115633,klima
Venstre,Alternativet,71,932,565.0,0.6062231759656652,klima
Venstre,Danmarksdemokraterne,71,7086,4122.0,0.5817104149026249,klima
Venstre,Dansk Folkeparti,71,1952,1052.0,0.5389344262295082,klima
Venstre,Det Konservative Folkeparti,71,4277,2695.0,0.630114566284779,klima
Venstre,Enhedslisten,71,7906,4368.0,0.5524917783961548,klima
Venstre,Javnaðarflokkurin,71,27,27.0,1.0,klima
Venstre,Liberal Alliance,71,1206,895.0,0.74212271973466,klima
Venstre,Moderaterne,71,325,324.0,0.9969230769230768,klima
Venstre,Radikale Venstre,71,2947,2300.0,0.7804546996946047,klima
Venstre,Socialdemokratiet,71,23476,23283.0,0.991778837962174,klima
Venstre,Socialistisk Folkeparti,71,2612,1895.0,0.7254977029096478,klima
Venstre,Venstre,71,15459,15288.0,0.9889384824374152,klima
Danmarksdemokraterne,Danmarksdemokraterne,68,1038,1038.0,1.0,uddannelse
Danmarksdemokraterne,Dansk Folkeparti,68,1851,1851.0,1.0,uddannelse
Danmarksdemokraterne,Det Konservative Folkeparti,68,2031,1471.0,0.724273756770064,uddannelse
Danmarksdemokraterne,Enhedslisten,68,3499,1425.0,0.4072592169191197,uddannelse
Danmarksdemokraterne,Liberal Alliance,68,1898,1258.0,0.6628029504741834,uddannelse
Danmarksdemokraterne,Moderaterne,68,133,86.0,0.6466165413533834,uddannelse
Danmarksdemokraterne,Radikale Venstre,68,3702,2304.0,0.6223662884927067,uddannelse
Danmarksdemokraterne,Socialdemokratiet,68,4217,2692.0,0.6383685084183068,uddannelse
Danmarksdemokraterne,Socialistisk Folkeparti,68,2156,1309.0,0.6071428571428571,uddannelse
Danmarksdemokraterne,Uden for folketingsgrupperne,68,1335,1231.0,0.9220973782771535,uddannelse
Danmarksdemokraterne,Venstre,68,6316,4814.0,0.7621912602913237,uddannelse
Dansk Folkeparti,Danmarksdemokraterne,68,1323,1323.0,1.0,uddannelse
Dansk Folkeparti,Dansk Folkeparti,68,1537,1537.0,1.0,uddannelse
Dansk Folkeparti,Det Konservative Folkeparti,68,2193,1581.0,0.7209302325581395,uddannelse
Dansk Folkeparti,Enhedslisten,68,3948,1609.0,0.407548125633232,uddannelse
Dansk Folkeparti,Liberal Alliance,68,1818,1239.0,0.6815181518151815,uddannelse
Dansk Folkeparti,Moderaterne,68,93,65.0,0.6989247311827957,uddannelse
Dansk Folkeparti,Radikale Venstre,68,3520,2229.0,0.6332386363636363,uddannelse
Dansk Folkeparti,Socialdemokratiet,68,4446,2898.0,0.6518218623481782,uddannelse
Dansk Folkeparti,Socialistisk Folkeparti,68,2425,1494.0,0.6160824742268042,uddannelse
Dansk Folkeparti,Uden for folketingsgrupperne,68,1255,1124.0,0.895617529880478,uddannelse
Dansk Folkeparti,Venstre,68,6686,5216.0,0.7801376009572241,uddannelse
Det Konservative Folkeparti,Danmarksdemokraterne,68,742,504.0,0.6792452830188679,uddannelse
Det Konservative Folkeparti,Dansk Folkeparti,68,1074,786.0,0.7318435754189944,uddannelse
Det Konservative Folkeparti,Det Konservative Folkeparti,68,1098,1098.0,1.0,uddannelse
Det Konservative Folkeparti,Enhedslisten,68,2623,1273.0,0.4853221502096835,uddannelse
Det Konservative Folkeparti,Liberal Alliance,68,1164,865.0,0.743127147766323,uddannelse
Det Konservative Folkeparti,Moderaterne,68,85,77.0,0.9058823529411764,uddannelse
Det Konservative Folkeparti,Radikale Venstre,68,2071,1532.0,0.7397392563978754,uddannelse
Det Konservative Folkeparti,Socialdemokratiet,68,2844,2141.0,0.7528129395218003,uddannelse
Det Konservative Folkeparti,Socialistisk Folkeparti,68,1604,1147.0,0.7150872817955112,uddannelse
Det Konservative Folkeparti,Uden for folketingsgrupperne,68,755,538.0,0.7125827814569536,uddannelse
Det Konservative Folkeparti,Venstre,68,4085,3758.0,0.9199510403916769,uddannelse
Enhedslisten,Danmarksdemokraterne,68,1943,767.0,0.3947503860010293,uddannelse
Enhedslisten,Dansk Folkeparti,68,2513,1004.0,0.3995224830879427,uddannelse
Enhedslisten,Det Konservative Folkeparti,68,2975,1384.0,0.4652100840336134,uddannelse
Enhedslisten,Enhedslisten,68,4793,4669.0,0.974128938034634,uddannelse
Enhedslisten,Liberal Alliance,68,2646,1047.0,0.3956916099773243,uddannelse
Enhedslisten,Moderaterne,68,199,87.0,0.4371859296482412,uddannelse
Enhedslisten,Radikale Venstre,68,4920,3325.0,0.6758130081300813,uddannelse
Enhedslisten,Socialdemokratiet,68,6463,4215.0,0.6521739130434783,uddannelse
Enhedslisten,Socialistisk Folkeparti,68,3453,2449.0,0.7092383434694468,uddannelse
Enhedslisten,Uden for folketingsgrupperne,68,1843,763.0,0.4139989148128052,uddannelse
Enhedslisten,Venstre,68,9595,4349.0,0.4532569046378322,uddannelse
Liberal Alliance,Danmarksdemokraterne,68,492,326.0,0.6626016260162602,uddannelse
Liberal Alliance,Dansk Folkeparti,68,991,686.0,0.6922300706357215,uddannelse
Liberal Alliance,Det Konservative Folkeparti,68,1239,891.0,0.7191283292978208,uddannelse
Liberal Alliance,Enhedslisten,68,2145,862.0,0.4018648018648019,uddannelse
Liberal Alliance,Liberal Alliance,68,759,748.0,0.9855072463768116,uddannelse
Liberal Alliance,Moderaterne,68,22,14.0,0.6363636363636364,uddannelse
Liberal Alliance,Radikale Venstre,68,1414,930.0,0.6577086280056577,uddannelse
Liberal Alliance,Socialdemokratiet,68,2511,1632.0,0.6499402628434886,uddannelse
Liberal Alliance,Socialistisk Folkeparti,68,1416,897.0,0.6334745762711864,uddannelse
Liberal Alliance,Uden for folketingsgrupperne,68,532,423.0,0.7951127819548872,uddannelse
Liberal Alliance,Venstre,68,3123,2317.0,0.7419148254883126,uddannelse
Moderaterne,Danmarksdemokraterne,68,127,79.0,0.6220472440944882,uddannelse
Moderaterne,Dansk Folkeparti,68,185,123.0,0.6648648648648648,uddannelse
Moderaterne,Det Konservative Folkeparti,68,192,176.0,0.9166666666666666,uddannelse
Moderaterne,Enhedslisten,68,309,146.0,0.4724919093851132,uddannelse
Moderaterne,Liberal Alliance,68,195,127.0,0.6512820512820513,uddannelse
Moderaterne,Radikale Venstre,68,370,293.0,0.7918918918918919,uddannelse
Moderaterne,Socialdemokratiet,68,411,322.0,0.7834549878345499,uddannelse
Moderaterne,Socialistisk Folkeparti,68,150,109.0,0.7266666666666667,uddannelse
Moderaterne,Uden for folketingsgrupperne,68,134,86.0,0.6417910447761194,uddannelse
Moderaterne,Venstre,68,577,577.0,1.0,uddannelse
Radikale Venstre,Danmarksdemokraterne,68,1076,672.0,0.6245353159851301,uddannelse
Radikale Venstre,Dansk Folkeparti,68,2154,1389.0,0.6448467966573816,uddannelse
Radikale Venstre,Det Konservative Folkeparti,68,2808,2120.0,0.7549857549857549,uddannelse
Radikale Venstre,Enhedslisten,68,4685,3230.0,0.6894343649946638,uddannelse
Radikale Venstre,Liberal Alliance,68,2778,1711.0,0.6159107271418287,uddannelse
Radikale Venstre,Moderaterne,68,54,42.0,0.7777777777777778,uddannelse
Radikale Venstre,Radikale Venstre,68,3676,3676.0,1.0,uddannelse
Radikale Venstre,Socialdemokratiet,68,5815,5814.0,0.9998280309544282,uddannelse
Radikale Venstre,Socialistisk Folkeparti,68,2959,2925.0,0.9885096316323082,uddannelse
Radikale Venstre,Uden for folketingsgrupperne,68,1512,988.0,0.6534391534391535,uddannelse
Radikale Venstre,Venstre,68,8112,6508.0,0.8022682445759369,uddannelse
Socialdemokratiet,Danmarksdemokraterne,68,3553,2318.0,0.6524064171122995,uddannelse
Socialdemokratiet,Dansk Folkeparti,68,4704,3151.0,0.6698554421768708,uddannelse
Socialdemokratiet,Det Konservative Folkeparti,68,5024,3805.0,0.7573646496815286,uddannelse
Socialdemokratiet,Enhedslisten,68,9070,6117.0,0.6744211686879824,uddannelse
Socialdemokratiet,Liberal Alliance,68,4244,2638.0,0.6215834118755891,uddannelse
Socialdemokratiet,Moderaterne,68,298,239.0,0.802013422818792,uddannelse
Socialdemokratiet,Radikale Venstre,68,7634,7632.0,0.999738014147236,uddannelse
Socialdemokratiet,Socialdemokratiet,68,10246,10236.0,0.99902400936951,uddannelse
Socialdemokratiet,Socialistisk Folkeparti,68,5425,5345.0,0.9852534562211982,uddannelse
Socialdemokratiet,Uden for folketingsgrupperne,68,2726,1826.0,0.6698459280997799,uddannelse
Socialdemokratiet,Venstre,68,15216,12362.0,0.812434279705573,uddannelse
Socialistisk Folkeparti,Danmarksdemokraterne,68,1230,764.0,0.6211382113821138,uddannelse
Socialistisk Folkeparti,Dansk Folkeparti,68,1595,1022.0,0.6407523510971787,uddannelse
Socialistisk Folkeparti,Det Konservative Folkeparti,68,1857,1357.0,0.7307485191168551,uddannelse
Socialistisk Folkeparti,Enhedslisten,68,3347,2347.0,0.7012249775918733,uddannelse
Socialistisk Folkeparti,Liberal Alliance,68,1559,979.0,0.6279666452854393,uddannelse
Socialistisk Folkeparti,Moderaterne,68,142,110.0,0.7746478873239436,uddannelse
Socialistisk Folkeparti,Radikale Venstre,68,3019,2968.0,0.9831069890692282,uddannelse
Socialistisk Folkeparti,Socialdemokratiet,68,4071,4016.0,0.9864898059444854,uddannelse
Socialistisk Folkeparti,Socialistisk Folkeparti,68,1759,1754.0,0.9971574758385446,uddannelse
Socialistisk Folkeparti,Uden for folketingsgrupperne,68,1058,679.0,0.6417769376181475,uddannelse
Socialistisk Folkeparti,Venstre,68,6297,4921.0,0.7814832459901541,uddannelse
Uden for folketingsgrupperne,Danmarksdemokraterne,68,141,136.0,0.9645390070921984,uddannelse
Uden for folketingsgrupperne,Dansk Folkeparti,68,451,451.0,1.0,uddannelse
Uden for folketingsgrupperne,Det Konservative Folkeparti,68,773,555.0,0.7179818887451488,uddannelse
Uden for folketingsgrupperne,Enhedslisten,68,1123,464.0,0.4131789848619768,uddannelse
Uden for folketingsgrupperne,Liberal Alliance,68,755,507.0,0.671523178807947,uddannelse
Uden for folketingsgrupperne,Moderaterne,68,1,1.0,1.0,uddannelse
Uden for folketingsgrupperne,Radikale Venstre,68,1110,716.0,0.645045045045045,uddannelse
Uden for folketingsgrupperne,Socialdemokratiet,68,1444,960.0,0.6648199445983379,uddannelse
Uden for folketingsgrupperne,Socialistisk Folkeparti,68,781,501.0,0.6414852752880922,uddannelse
Uden for folketingsgrupperne,Uden for folketingsgrupperne,68,263,212.0,0.8060836501901141,uddannelse
Uden for folketingsgrupperne,Venstre,68,1834,1406.0,0.7666303162486369,uddannelse
Venstre,Danmarksdemokraterne,68,4026,3019.0,0.7498758072528564,uddannelse
Venstre,Dansk Folkeparti,68,5579,4301.0,0.770926689370855,uddannelse
Venstre,Det Konservative Folkeparti,68,6504,6000.0,0.922509225092251,uddannelse
Venstre,Enhedslisten,68,11251,5368.0,0.4771131454981779,uddannelse
Venstre,Liberal Alliance,68,5947,4335.0,0.7289389608205818,uddannelse
Venstre,Moderaterne,68,353,347.0,0.9830028328611898,uddannelse
Venstre,Radikale Venstre,68,10192,8093.0,0.7940541601255887,uddannelse
Venstre,Socialdemokratiet,68,14213,11527.0,0.8110180820375712,uddannelse
Venstre,Socialistisk Folkeparti,68,6569,5047.0,0.7683056781854164,uddannelse
Venstre,Uden for folketingsgrupperne,68,3853,2891.0,0.7503244225279003,uddannelse
Venstre,Venstre,68,18727,18536.0,0.9898008223420728,uddannelse
Danmarksdemokraterne,Danmarksdemokraterne,67,679,659.0,0.9705449189985272,uddannelse
Danmarksdemokraterne,Dansk Folkeparti,67,2812,2776.0,0.9871977240398292,uddannelse
Danmarksdemokraterne,Det Konservative Folkeparti,67,1500,1360.0,0.9066666666666666,uddannelse
Danmarksdemokraterne,Enhedslisten,67,670,239.0,0.3567164179104478,uddannelse
Danmarksdemokraterne,Liberal Alliance,67,182,143.0,0.7857142857142857,uddannelse
Danmarksdemokraterne,Moderaterne,67,27,23.0,0.8518518518518519,uddannelse
Danmarksdemokraterne,Radikale Venstre,67,581,327.0,0.5628227194492255,uddannelse
Danmarksdemokraterne,Sambandsflokkurin,67,16,14.0,0.875,uddannelse
Danmarksdemokraterne,Socialdemokratiet,67,6995,3960.0,0.5661186561829878,uddannelse
Danmarksdemokraterne,Socialistisk Folkeparti,67,2724,1478.0,0.5425844346549192,uddannelse
Danmarksdemokraterne,Uden for folketingsgrupperne,67,618,551.0,0.8915857605177994,uddannelse
Danmarksdemokraterne,Venstre,67,7496,6826.0,0.9106189967982924,uddannelse
Dansk Folkeparti,Danmarksdemokraterne,67,431,427.0,0.9907192575406032,uddannelse
Dansk Folkeparti,Dansk Folkeparti,67,2517,2517.0,1.0,uddannelse
Dansk Folkeparti,Det Konservative Folkeparti,67,1794,1595.0,0.8890746934225195,uddannelse
Dansk Folkeparti,Enhedslisten,67,746,273.0,0.3659517426273458,uddannelse
Dansk Folkeparti,Liberal Alliance,67,311,238.0,0.7652733118971061,uddannelse
Dansk Folkeparti,Moderaterne,67,30,25.0,0.8333333333333334,uddannelse
Dansk Folkeparti,Radikale Venstre,67,655,347.0,0.5297709923664122,uddannelse
Dansk Folkeparti,Sambandsflokkurin,67,2,2.0,1.0,uddannelse
Dansk Folkeparti,Socialdemokratiet,67,6326,3310.0,0.5232374328169459,uddannelse
Dansk Folkeparti,Socialistisk Folkeparti,67,2655,1323.0,0.4983050847457627,uddannelse
Dansk Folkeparti,Uden for folketingsgrupperne,67,693,581.0,0.8383838383838383,uddannelse
Dansk Folkeparti,Venstre,67,6464,5736.0,0.8873762376237624,uddannelse
Det Konservative Folkeparti,Danmarksdemokraterne,67,587,519.0,0.8841567291311755,uddannelse
Det Konservative Folkeparti,Dansk Folkeparti,67,2073,1799.0,0.8678244090689822,uddannelse
Det Konservative Folkeparti,Det Konservative Folkeparti,67,1004,1004.0,1.0,uddannelse
Det Konservative Folkeparti,Enhedslisten,67,637,258.0,0.4050235478806907,uddannelse
Det Konservative Folkeparti,Liberal Alliance,67,183,154.0,0.8415300546448088,uddannelse
Det Konservative Folkeparti,Moderaterne,67,27,27.0,1.0,uddannelse
Det Konservative Folkeparti,Radikale Venstre,67,509,335.0,0.6581532416502947,uddannelse
Det Konservative Folkeparti,Sambandsflokkurin,67,22,22.0,1.0,uddannelse
Det Konservative Folkeparti,Socialdemokratiet,67,5056,3340.0,0.6606012658227848,uddannelse
Det Konservative Folkeparti,Socialistisk Folkeparti,67,2031,1268.0,0.6243229935992122,uddannelse
Det Konservative Folkeparti,Uden for folketingsgrupperne,67,482,417.0,0.8651452282157677,uddannelse
Det Konservative Folkeparti,Venstre,67,5490,5490.0,1.0,uddannelse
Enhedslisten,Danmarksdemokraterne,67,292,105.0,0.3595890410958904,uddannelse
Enhedslisten,Dansk Folkeparti,67,1037,349.0,0.3365477338476374,uddannelse
Enhedslisten,Det Konservative Folkeparti,67,489,186.0,0.3803680981595092,uddannelse
Enhedslisten,Enhedslisten,67,163,151.0,0.9263803680981596,uddannelse
Enhedslisten,Liberal Alliance,67,111,40.0,0.3603603603603603,uddannelse
Enhedslisten,Moderaterne,67,14,6.0,0.4285714285714285,uddannelse
Enhedslisten,Radikale Venstre,67,192,128.0,0.6666666666666666,uddannelse
Enhedslisten,Socialdemokratiet,67,2223,1484.0,0.6675663517768781,uddannelse
Enhedslisten,Socialistisk Folkeparti,67,1051,737.0,0.7012369172216937,uddannelse
Enhedslisten,Uden for folketingsgrupperne,67,227,99.0,0.4361233480176211,uddannelse
Enhedslisten,Venstre,67,2449,887.0,0.3621886484279297,uddannelse
Liberal Alliance,Danmarksdemokraterne,67,236,197.0,0.8347457627118644,uddannelse
Liberal Alliance,Dansk Folkeparti,67,440,367.0,0.8340909090909091,uddannelse
Liberal Alliance,Det Konservative Folkeparti,67,307,295.0,0.9609120521172638,uddannelse
Liberal Alliance,Enhedslisten,67,121,59.0,0.4876033057851239,uddannelse
Liberal Alliance,Moderaterne,67,11,10.0,0.9090909090909092,uddannelse
Liberal Alliance,Radikale Venstre,67,94,63.0,0.6702127659574468,uddannelse
Liberal Alliance,Sambandsflokkurin,67,4,4.0,1.0,uddannelse
Liberal Alliance,Socialdemokratiet,67,1341,956.0,0.7129008202833707,uddannelse
Liberal Alliance,Socialistisk Folkeparti,67,563,378.0,0.6714031971580817,uddannelse
Liberal Alliance,Uden for folketingsgrupperne,67,90,74.0,0.8222222222222222,uddannelse
Liberal Alliance,Venstre,67,1552,1478.0,0.952319587628866,uddannelse
Moderaterne,Danmarksdemokraterne,67,12,10.0,0.8333333333333334,uddannelse
Moderaterne,Dansk Folkeparti,67,39,32.0,0.8205128205128205,uddannelse
Moderaterne,Det Konservative Folkeparti,67,24,24.0,1.0,uddannelse
Moderaterne,Enhedslisten,67,6,4.0,0.6666666666666666,uddannelse
Moderaterne,Radikale Venstre,67,10,6.0,0.6,uddannelse
Moderaterne,Socialdemokratiet,67,101,49.0,0.4851485148514851,uddannelse
Moderaterne,Socialistisk Folkeparti,67,17,8.0,0.4705882352941176,uddannelse
Moderaterne,Uden for folketingsgrupperne,67,9,7.0,0.7777777777777778,uddannelse
Moderaterne,Venstre,67,76,76.0,1.0,uddannelse
Radikale Venstre,Danmarksdemokraterne,67,120,63.0,0.525,uddannelse
Radikale Venstre,Dansk Folkeparti,67,589,310.0,0.5263157894736842,uddannelse
Radikale Venstre,Det Konservative Folkeparti,67,312,198.0,0.6346153846153846,uddannelse
Radikale Venstre,Enhedslisten,67,207,146.0,0.7053140096618358,uddannelse
Radikale Venstre,Liberal Alliance,67,65,44.0,0.676923076923077,uddannelse
Radikale Venstre,Radikale Venstre,67,71,71.0,1.0,uddannelse
Radikale Venstre,Socialdemokratiet,67,1145,998.0,0.8716157205240175,uddannelse
Radikale Venstre,Socialistisk Folkeparti,67,514,436.0,0.8482490272373541,uddannelse
Radikale Venstre,Uden for folketingsgrupperne,67,68,56.0,0.8235294117647058,uddannelse
Radikale Venstre,Venstre,67,992,647.0,0.6522177419354839,uddannelse
Sambandsflokkurin,Danmarksdemokraterne,67,28,24.0,0.8571428571428571,uddannelse
Sambandsflokkurin,Dansk Folkeparti,67,83,71.0,0.8554216867469879,uddannelse
Sambandsflokkurin,Det Konservative Folkeparti,67,26,26.0,1.0,uddannelse
Sambandsflokkurin,Enhedslisten,67,31,7.0,0.2258064516129032,uddannelse
Sambandsflokkurin,Liberal Alliance,67,8,6.0,0.75,uddannelse
Sambandsflokkurin,Moderaterne,67,1,1.0,1.0,uddannelse
Sambandsflokkurin,Radikale Venstre,67,12,9.0,0.75,uddannelse
Sambandsflokkurin,Socialdemokratiet,67,197,140.0,0.7106598984771574,uddannelse
Sambandsflokkurin,Socialistisk Folkeparti,67,95,45.0,0.4736842105263157,uddannelse
Sambandsflokkurin,Uden for folketingsgrupperne,67,14,11.0,0.7857142857142857,uddannelse
Sambandsflokkurin,Venstre,67,250,250.0,1.0,uddannelse
Socialdemokratiet,Danmarksdemokraterne,67,2919,1587.0,0.5436793422404933,uddannelse
Socialdemokratiet,Dansk Folkeparti,67,11668,6258.0,0.5363387041480974,uddannelse
Socialdemokratiet,Det Konservative Folkeparti,67,6525,4365.0,0.6689655172413793,uddannelse
Socialdemokratiet,Enhedslisten,67,3005,2189.0,0.7284525790349418,uddannelse
Socialdemokratiet,Liberal Alliance,67,940,526.0,0.5595744680851064,uddannelse
Socialdemokratiet,Moderaterne,67,134,61.0,0.4552238805970149,uddannelse
Socialdemokratiet,Radikale Venstre,67,2557,2257.0,0.8826750097770825,uddannelse
Socialdemokratiet,Sambandsflokkurin,67,50,33.0,0.66,uddannelse
Socialdemokratiet,Socialdemokratiet,67,26256,25906.0,0.9866697135892748,uddannelse
Socialdemokratiet,Socialistisk Folkeparti,67,10895,10282.0,0.943735658558972,uddannelse
Socialdemokratiet,Uden for folketingsgrupperne,67,2685,1761.0,0.6558659217877095,uddannelse
Socialdemokratiet,Venstre,67,28334,18240.0,0.6437495588339098,uddannelse
Socialistisk Folkeparti,Danmarksdemokraterne,67,1142,570.0,0.4991243432574431,uddannelse
Socialistisk Folkeparti,Dansk Folkeparti,67,4421,2195.0,0.4964940058810224,uddannelse
Socialistisk Folkeparti,Det Konservative Folkeparti,67,2554,1578.0,0.6178543461237275,uddannelse
Socialistisk Folkeparti,Enhedslisten,67,1031,807.0,0.7827352085354026,uddannelse
Socialistisk Folkeparti,Liberal Alliance,67,349,166.0,0.4756446991404011,uddannelse
Socialistisk Folkeparti,Moderaterne,67,55,30.0,0.5454545454545454,uddannelse
Socialistisk Folkeparti,Radikale Venstre,67,951,794.0,0.8349106203995794,uddannelse
Socialistisk Folkeparti,Sambandsflokkurin,67,6,4.0,0.6666666666666666,uddannelse
Socialistisk Folkeparti,Socialdemokratiet,67,10417,9780.0,0.9388499568013824,uddannelse
Socialistisk Folkeparti,Socialistisk Folkeparti,67,3677,3677.0,1.0,uddannelse
Socialistisk Folkeparti,Uden for folketingsgrupperne,67,1063,644.0,0.605832549388523,uddannelse
Socialistisk Folkeparti,Venstre,67,12038,7261.0,0.6031732845987705,uddannelse
Uden for folketingsgrupperne,Danmarksdemokraterne,67,96,90.0,0.9375,uddannelse
Uden for folketingsgrupperne,Dansk Folkeparti,67,576,576.0,1.0,uddannelse
Uden for folketingsgrupperne,Det Konservative Folkeparti,67,364,319.0,0.8763736263736264,uddannelse
Uden for folketingsgrupperne,Enhedslisten,67,139,56.0,0.4028776978417266,uddannelse
Uden for folketingsgrupperne,Liberal Alliance,67,58,42.0,0.7241379310344828,uddannelse
Uden for folketingsgrupperne,Moderaterne,67,9,8.0,0.8888888888888888,uddannelse
Uden for folketingsgrupperne,Radikale Venstre,67,211,122.0,0.5781990521327014,uddannelse
Uden for folketingsgrupperne,Socialdemokratiet,67,1298,735.0,0.5662557781201849,uddannelse
Uden for folketingsgrupperne,Socialistisk Folkeparti,67,456,267.0,0.5855263157894737,uddannelse
Uden for folketingsgrupperne,Uden for folketingsgrupperne,67,68,54.0,0.7941176470588235,uddannelse
Uden for folketingsgrupperne,Venstre,67,1218,1070.0,0.8784893267651889,uddannelse
Venstre,Danmarksdemokraterne,67,3963,3540.0,0.8932626797880394,uddannelse
Venstre,Dansk Folkeparti,67,14417,12768.0,0.8856211417077062,uddannelse
Venstre,Det Konservative Folkeparti,67,8078,8078.0,1.0,uddannelse
Venstre,Enhedslisten,67,3643,1376.0,0.377710678012627,uddannelse
Venstre,Liberal Alliance,67,1069,874.0,0.8175865294667914,uddannelse
Venstre,Moderaterne,67,186,186.0,1.0,uddannelse
Venstre,Radikale Venstre,67,3335,2125.0,0.6371814092953523,uddannelse
Venstre,Sambandsflokkurin,67,36,36.0,1.0,uddannelse
Venstre,Socialdemokratiet,67,34837,22437.0,0.6440566064816143,uddannelse
Venstre,Socialistisk Folkeparti,67,12602,7572.0,0.6008570068243136,uddannelse
Venstre,Uden for folketingsgrupperne,67,3394,2939.0,0.8659398939304656,uddannelse
Venstre,Venstre,67,35037,35037.0,1.0,uddannelse
Alternativet,Liberal Alliance,69,15,7.0,0.4666666666666667,uddannelse
Alternativet,Radikale Venstre,69,10,8.0,0.8,uddannelse
Danmarksdemokraterne,Alternativet,69,87,32.0,0.367816091954023,uddannelse
Danmarksdemokraterne,Danmarksdemokraterne,69,1548,1486.0,0.9599483204134368,uddannelse
Danmarksdemokraterne,Dansk Folkeparti,69,3144,3075.0,0.9780534351145038,uddannelse
Danmarksdemokraterne,Det Konservative Folkeparti,69,89,84.0,0.9438202247191012,uddannelse
Danmarksdemokraterne,Enhedslisten,69,2512,883.0,0.3515127388535032,uddannelse
Danmarksdemokraterne,Liberal Alliance,69,3129,2708.0,0.8654522211569191,uddannelse
Danmarksdemokraterne,Moderaterne,69,239,208.0,0.8702928870292888,uddannelse
Danmarksdemokraterne,Radikale Venstre,69,2824,1776.0,0.6288951841359773,uddannelse
Danmarksdemokraterne,Socialdemokratiet,69,10765,7856.0,0.7297724105898746,uddannelse
Danmarksdemokraterne,Socialistisk Folkeparti,69,1689,871.0,0.5156897572528123,uddannelse
Danmarksdemokraterne,Uden for folketingsgrupperne,69,1670,1597.0,0.9562874251497006,uddannelse
Danmarksdemokraterne,Venstre,69,9910,8827.0,0.8907164480322907,uddannelse
Dansk Folkeparti,Alternativet,69,79,29.0,0.3670886075949367,uddannelse
Dansk Folkeparti,Danmarksdemokraterne,69,1144,1110.0,0.9702797202797204,uddannelse
Dansk Folkeparti,Dansk Folkeparti,69,2200,2196.0,0.9981818181818182,uddannelse
Dansk Folkeparti,Det Konservative Folkeparti,69,80,73.0,0.9125,uddannelse
Dansk Folkeparti,Enhedslisten,69,2239,845.0,0.3774006252791425,uddannelse
Dansk Folkeparti,Liberal Alliance,69,2165,1781.0,0.8226327944572748,uddannelse
Dansk Folkeparti,Moderaterne,69,116,91.0,0.7844827586206896,uddannelse
Dansk Folkeparti,Radikale Venstre,69,2366,1421.0,0.6005917159763313,uddannelse
Dansk Folkeparti,Socialdemokratiet,69,8267,5593.0,0.676545300592718,uddannelse
Dansk Folkeparti,Socialistisk Folkeparti,69,824,440.0,0.5339805825242718,uddannelse
Dansk Folkeparti,Uden for folketingsgrupperne,69,1141,1078.0,0.9447852760736196,uddannelse
Dansk Folkeparti,Venstre,69,7504,6409.0,0.8540778251599147,uddannelse
Det Konservative Folkeparti,Alternativet,69,4,0.0,0.0,uddannelse
Det Konservative Folkeparti,Danmarksdemokraterne,69,171,154.0,0.9005847953216374,uddannelse
Det Konservative Folkeparti,Dansk Folkeparti,69,224,199.0,0.8883928571428571,uddannelse
Det Konservative Folkeparti,Det Konservative Folkeparti,69,8,8.0,1.0,uddannelse
Det Konservative Folkeparti,Enhedslisten,69,220,64.0,0.2909090909090909,uddannelse
Det Konservative Folkeparti,Liberal Alliance,69,162,152.0,0.9382716049382716,uddannelse
Det Konservative Folkeparti,Moderaterne,69,37,36.0,0.972972972972973,uddannelse
Det Konservative Folkeparti,Radikale Venstre,69,178,123.0,0.6910112359550562,uddannelse
Det Konservative Folkeparti,Socialdemokratiet,69,696,593.0,0.8520114942528736,uddannelse
Det Konservative Folkeparti,Socialistisk Folkeparti,69,114,60.0,0.5263157894736842,uddannelse
Det Konservative Folkeparti,Uden for folketingsgrupperne,69,88,83.0,0.9431818181818182,uddannelse
Det Konservative Folkeparti,Venstre,69,705,690.0,0.9787234042553192,uddannelse
Enhedslisten,Alternativet,69,77,51.0,0.6623376623376623,uddannelse
Enhedslisten,Danmarksdemokraterne,69,1283,453.0,0.353078721745908,uddannelse
Enhedslisten,Dansk Folkeparti,69,2278,869.0,0.3814749780509218,uddannelse
Enhedslisten,Det Konservative Folkeparti,69,42,24.0,0.5714285714285714,uddannelse
Enhedslisten,Enhedslisten,69,1592,1588.0,0.9974874371859296,uddannelse
Enhedslisten,Liberal Alliance,69,2214,782.0,0.3532068654019873,uddannelse
Enhedslisten,Moderaterne,69,177,54.0,0.3050847457627119,uddannelse
Enhedslisten,Radikale Venstre,69,2073,1248.0,0.6020260492040521,uddannelse
Enhedslisten,Socialdemokratiet,69,7967,3715.0,0.4662984812350947,uddannelse
Enhedslisten,Socialistisk Folkeparti,69,1194,886.0,0.7420435510887772,uddannelse
Enhedslisten,Uden for folketingsgrupperne,69,1085,375.0,0.3456221198156682,uddannelse
Enhedslisten,Venstre,69,7587,2691.0,0.3546856465005931,uddannelse
Liberal Alliance,Alternativet,69,63,29.0,0.4603174603174603,uddannelse
Liberal Alliance,Danmarksdemokraterne,69,198,179.0,0.904040404040404,uddannelse
Liberal Alliance,Dansk Folkeparti,69,1755,1472.0,0.8387464387464387,uddannelse
Liberal Alliance,Det Konservative Folkeparti,69,23,19.0,0.8260869565217391,uddannelse
Liberal Alliance,Enhedslisten,69,1267,461.0,0.3638516179952644,uddannelse
Liberal Alliance,Liberal Alliance,69,1185,1185.0,1.0,uddannelse
Liberal Alliance,Moderaterne,69,12,12.0,1.0,uddannelse
Liberal Alliance,Radikale Venstre,69,1637,1131.0,0.6908979841172878,uddannelse
Liberal Alliance,Socialdemokratiet,69,5051,4116.0,0.8148881409621858,uddannelse
Liberal Alliance,Socialistisk Folkeparti,69,413,209.0,0.5060532687651331,uddannelse
Liberal Alliance,Uden for folketingsgrupperne,69,739,666.0,0.9012178619756428,uddannelse
Liberal Alliance,Venstre,69,4048,3982.0,0.9836956521739132,uddannelse
Moderaterne,Alternativet,69,4,1.0,0.25,uddannelse
Moderaterne,Danmarksdemokraterne,69,92,77.0,0.8369565217391305,uddannelse
Moderaterne,Dansk Folkeparti,69,283,231.0,0.8162544169611308,uddannelse
Moderaterne,Det Konservative Folkeparti,69,6,6.0,1.0,uddannelse
Moderaterne,Enhedslisten,69,171,59.0,0.3450292397660818,uddannelse
Moderaterne,Liberal Alliance,69,276,270.0,0.9782608695652174,uddannelse
Moderaterne,Moderaterne,69,1,1.0,1.0,uddannelse
Moderaterne,Radikale Venstre,69,278,187.0,0.6726618705035972,uddannelse
Moderaterne,Socialdemokratiet,69,970,809.0,0.8340206185567011,uddannelse
Moderaterne,Socialistisk Folkeparti,69,125,66.0,0.528,uddannelse
Moderaterne,Uden for folketingsgrupperne,69,159,140.0,0.8805031446540881,uddannelse
Moderaterne,Venstre,69,843,843.0,1.0,uddannelse
Radikale Venstre,Alternativet,69,74,50.0,0.6756756756756757,uddannelse
Radikale Venstre,Danmarksdemokraterne,69,622,382.0,0.6141479099678456,uddannelse
Radikale Venstre,Dansk Folkeparti,69,1673,1016.0,0.6072922893006575,uddannelse
Radikale Venstre,Det Konservative Folkeparti,69,39,31.0,0.7948717948717948,uddannelse
Radikale Venstre,Enhedslisten,69,1431,935.0,0.6533892382948987,uddannelse
Radikale Venstre,Liberal Alliance,69,1506,1022.0,0.6786188579017264,uddannelse
Radikale Venstre,Moderaterne,69,31,20.0,0.6451612903225806,uddannelse
Radikale Venstre,Radikale Venstre,69,1246,1233.0,0.9895666131621188,uddannelse
Radikale Venstre,Socialdemokratiet,69,5367,4155.0,0.7741755170486305,uddannelse
Radikale Venstre,Socialistisk Folkeparti,69,335,266.0,0.7940298507462686,uddannelse
Radikale Venstre,Uden for folketingsgrupperne,69,611,402.0,0.6579378068739771,uddannelse
Radikale Venstre,Venstre,69,4556,3103.0,0.681079894644425,uddannelse
Socialdemokratiet,Alternativet,69,316,206.0,0.6518987341772152,uddannelse
Socialdemokratiet,Danmarksdemokraterne,69,3665,2587.0,0.7058663028649386,uddannelse
Socialdemokratiet,Dansk Folkeparti,69,8779,6140.0,0.699396286593006,uddannelse
Socialdemokratiet,Det Konservative Folkeparti,69,226,186.0,0.8230088495575221,uddannelse
Socialdemokratiet,Enhedslisten,69,6842,3337.0,0.4877228880444315,uddannelse
Socialdemokratiet,Liberal Alliance,69,7904,6479.0,0.8197115384615384,uddannelse
Socialdemokratiet,Moderaterne,69,325,252.0,0.7753846153846153,uddannelse
Socialdemokratiet,Radikale Venstre,69,7961,6332.0,0.79537746514257,uddannelse
Socialdemokratiet,Socialdemokratiet,69,26821,26449.0,0.9861302710562618,uddannelse
Socialdemokratiet,Socialistisk Folkeparti,69,3179,2190.0,0.6888958792072979,uddannelse
Socialdemokratiet,Uden for folketingsgrupperne,69,4084,2926.0,0.7164544564152792,uddannelse
Socialdemokratiet,Venstre,69,25059,20488.0,0.8175904864519733,uddannelse
Socialistisk Folkeparti,Alternativet,69,50,32.0,0.64,uddannelse
Socialistisk Folkeparti,Danmarksdemokraterne,69,340,180.0,0.5294117647058824,uddannelse
Socialistisk Folkeparti,Dansk Folkeparti,69,1559,830.0,0.5323925593329057,uddannelse
Socialistisk Folkeparti,Det Konservative Folkeparti,69,35,20.0,0.5714285714285714,uddannelse
Socialistisk Folkeparti,Enhedslisten,69,891,695.0,0.7800224466891134,uddannelse
Socialistisk Folkeparti,Liberal Alliance,69,1407,754.0,0.5358919687277897,uddannelse
Socialistisk Folkeparti,Moderaterne,69,67,38.0,0.5671641791044776,uddannelse
Socialistisk Folkeparti,Radikale Venstre,69,1554,1217.0,0.7831402831402832,uddannelse
Socialistisk Folkeparti,Socialdemokratiet,69,4697,3212.0,0.6838407494145199,uddannelse
Socialistisk Folkeparti,Socialistisk Folkeparti,69,350,350.0,1.0,uddannelse
Socialistisk Folkeparti,Uden for folketingsgrupperne,69,894,491.0,0.5492170022371364,uddannelse
Socialistisk Folkeparti,Venstre,69,4121,2323.0,0.5636981315214754,uddannelse
Uden for folketingsgrupperne,Alternativet,69,49,14.0,0.2857142857142857,uddannelse
Uden for folketingsgrupperne,Danmarksdemokraterne,69,33,33.0,1.0,uddannelse
Uden for folketingsgrupperne,Dansk Folkeparti,69,857,857.0,1.0,uddannelse
Uden for folketingsgrupperne,Det Konservative Folkeparti,69,16,15.0,0.9375,uddannelse
Uden for folketingsgrupperne,Enhedslisten,69,632,227.0,0.3591772151898734,uddannelse
Uden for folketingsgrupperne,Liberal Alliance,69,771,649.0,0.8417639429312581,uddannelse
Uden for folketingsgrupperne,Moderaterne,69,2,2.0,1.0,uddannelse
Uden for folketingsgrupperne,Radikale Venstre,69,994,590.0,0.5935613682092555,uddannelse
Uden for folketingsgrupperne,Socialdemokratiet,69,2610,1750.0,0.6704980842911877,uddannelse
Uden for folketingsgrupperne,Socialistisk Folkeparti,69,45,13.0,0.2888888888888888,uddannelse
Uden for folketingsgrupperne,Uden for folketingsgrupperne,69,249,232.0,0.931726907630522,uddannelse
Uden for folketingsgrupperne,Venstre,69,2023,1788.0,0.8838358872960949,uddannelse
Venstre,Alternativet,69,277,107.0,0.3862815884476534,uddannelse
Venstre,Danmarksdemokraterne,69,3178,2853.0,0.8977344241661422,uddannelse
Venstre,Dansk Folkeparti,69,8088,7067.0,0.8737636003956478,uddannelse
Venstre,Det Konservative Folkeparti,69,225,223.0,0.9911111111111112,uddannelse
Venstre,Enhedslisten,69,5909,2170.0,0.3672364190218311,uddannelse
Venstre,Liberal Alliance,69,7698,7569.0,0.9832424006235386,uddannelse
Venstre,Moderaterne,69,363,363.0,1.0,uddannelse
Venstre,Radikale Venstre,69,7613,5303.0,0.6965716537501642,uddannelse
Venstre,Socialdemokratiet,69,26452,21891.0,0.8275744745198851,uddannelse
Venstre,Socialistisk Folkeparti,69,3112,1685.0,0.541452442159383,uddannelse
Venstre,Uden for folketingsgrupperne,69,3998,3594.0,0.8989494747373686,uddannelse
Venstre,Venstre,69,22032,22032.0,1.0,uddannelse
Danmarksdemokraterne,Danmarksdemokraterne,66,856,821.0,0.9591121495327104,uddannelse
Danmarksdemokraterne,Dansk Folkeparti,66,2508,2434.0,0.970494417862839,uddannelse
Danmarksdemokraterne,Det Konservative Folkeparti,66,1892,1768.0,0.93446088794926,uddannelse
Danmarksdemokraterne,Enhedslisten,66,808,177.0,0.219059405940594,uddannelse
Danmarksdemokraterne,Liberal Alliance,66,360,339.0,0.9416666666666668,uddannelse
Danmarksdemokraterne,Moderaterne,66,116,115.0,0.9913793103448276,uddannelse
Danmarksdemokraterne,Radikale Venstre,66,1229,721.0,0.5866558177379984,uddannelse
Danmarksdemokraterne,Socialdemokratiet,66,5575,2959.0,0.530762331838565,uddannelse
Danmarksdemokraterne,Socialistisk Folkeparti,66,1206,431.0,0.357379767827529,uddannelse
Danmarksdemokraterne,Uden for folketingsgrupperne,66,1001,792.0,0.7912087912087912,uddannelse
Danmarksdemokraterne,Venstre,66,7464,6917.0,0.9267148981779206,uddannelse
Dansk Folkeparti,Danmarksdemokraterne,66,708,708.0,1.0,uddannelse
Dansk Folkeparti,Dansk Folkeparti,66,2042,2042.0,1.0,uddannelse
Dansk Folkeparti,Det Konservative Folkeparti,66,1290,1183.0,0.9170542635658916,uddannelse
Dansk Folkeparti,Enhedslisten,66,879,197.0,0.2241183162684869,uddannelse
Dansk Folkeparti,Liberal Alliance,66,298,273.0,0.9161073825503356,uddannelse
Dansk Folkeparti,Moderaterne,66,100,96.0,0.96,uddannelse
Dansk Folkeparti,Radikale Venstre,66,1357,791.0,0.582903463522476,uddannelse
Dansk Folkeparti,Socialdemokratiet,66,4655,2448.0,0.5258861439312568,uddannelse
Dansk Folkeparti,Socialistisk Folkeparti,66,1453,534.0,0.3675154852030282,uddannelse
Dansk Folkeparti,Uden for folketingsgrupperne,66,1328,940.0,0.7078313253012049,uddannelse
Dansk Folkeparti,Venstre,66,6381,5791.0,0.9075380034477356,uddannelse
Det Konservative Folkeparti,Danmarksdemokraterne,66,1153,1083.0,0.9392888117953164,uddannelse
Det Konservative Folkeparti,Dansk Folkeparti,66,3214,2927.0,0.9107031736154324,uddannelse
Det Konservative Folkeparti,Det Konservative Folkeparti,66,1778,1778.0,1.0,uddannelse
Det Konservative Folkeparti,Enhedslisten,66,1099,236.0,0.2147406733393994,uddannelse
Det Konservative Folkeparti,Liberal Alliance,66,478,475.0,0.9937238493723848,uddannelse
Det Konservative Folkeparti,Moderaterne,66,156,156.0,1.0,uddannelse
Det Konservative Folkeparti,Radikale Venstre,66,1767,1151.0,0.6513865308432372,uddannelse
Det Konservative Folkeparti,Socialdemokratiet,66,7063,4328.0,0.6127707772901033,uddannelse
Det Konservative Folkeparti,Socialistisk Folkeparti,66,1547,636.0,0.4111182934712346,uddannelse
Det Konservative Folkeparti,Uden for folketingsgrupperne,66,1371,1136.0,0.8285922684172137,uddannelse
Det Konservative Folkeparti,Venstre,66,8931,8926.0,0.9994401522785802,uddannelse
Enhedslisten,Danmarksdemokraterne,66,303,73.0,0.2409240924092409,uddannelse
Enhedslisten,Dansk Folkeparti,66,776,183.0,0.2358247422680412,uddannelse
Enhedslisten,Det Konservative Folkeparti,66,510,114.0,0.2235294117647059,uddannelse
Enhedslisten,Enhedslisten,66,189,189.0,1.0,uddannelse
Enhedslisten,Liberal Alliance,66,109,24.0,0.2201834862385321,uddannelse
Enhedslisten,Moderaterne,66,28,3.0,0.1071428571428571,uddannelse
Enhedslisten,Radikale Venstre,66,326,183.0,0.5613496932515337,uddannelse
Enhedslisten,Socialdemokratiet,66,1547,886.0,0.572721396250808,uddannelse
Enhedslisten,Socialistisk Folkeparti,66,475,387.0,0.8147368421052632,uddannelse
Enhedslisten,Uden for folketingsgrupperne,66,417,161.0,0.3860911270983213,uddannelse
Enhedslisten,Venstre,66,2231,491.0,0.2200806813088301,uddannelse
Liberal Alliance,Danmarksdemokraterne,66,119,109.0,0.9159663865546218,uddannelse
Liberal Alliance,Dansk Folkeparti,66,408,367.0,0.8995098039215687,uddannelse
Liberal Alliance,Det Konservative Folkeparti,66,200,198.0,0.99,uddannelse
Liberal Alliance,Enhedslisten,66,162,32.0,0.1975308641975308,uddannelse
Liberal Alliance,Radikale Venstre,66,334,204.0,0.6107784431137725,uddannelse
Liberal Alliance,Socialdemokratiet,66,847,498.0,0.5879574970484062,uddannelse
Liberal Alliance,Socialistisk Folkeparti,66,181,69.0,0.3812154696132597,uddannelse
Liberal Alliance,Uden for folketingsgrupperne,66,216,167.0,0.7731481481481481,uddannelse
Liberal Alliance,Venstre,66,832,825.0,0.9915865384615384,uddannelse
Moderaterne,Danmarksdemokraterne,66,44,44.0,1.0,uddannelse
Moderaterne,Dansk Folkeparti,66,133,127.0,0.9548872180451128,uddannelse
Moderaterne,Det Konservative Folkeparti,66,72,72.0,1.0,uddannelse
Moderaterne,Enhedslisten,66,53,7.0,0.1320754716981132,uddannelse
Moderaterne,Liberal Alliance,66,38,38.0,1.0,uddannelse
Moderaterne,Radikale Venstre,66,111,79.0,0.7117117117117117,uddannelse
Moderaterne,Socialdemokratiet,66,283,162.0,0.5724381625441696,uddannelse
Moderaterne,Socialistisk Folkeparti,66,59,20.0,0.3389830508474576,uddannelse
Moderaterne,Uden for folketingsgrupperne,66,74,58.0,0.7837837837837838,uddannelse
Moderaterne,Venstre,66,265,265.0,1.0,uddannelse
Radikale Venstre,Danmarksdemokraterne,66,378,221.0,0.5846560846560847,uddannelse
Radikale Venstre,Dansk Folkeparti,66,921,522.0,0.5667752442996743,uddannelse
Radikale Venstre,Det Konservative Folkeparti,66,402,259.0,0.6442786069651741,uddannelse
Radikale Venstre,Enhedslisten,66,472,278.0,0.5889830508474576,uddannelse
Radikale Venstre,Radikale Venstre,66,421,419.0,0.995249406175772,uddannelse
Radikale Venstre,Socialdemokratiet,66,1836,1508.0,0.8213507625272332,uddannelse
Radikale Venstre,Socialistisk Folkeparti,66,579,429.0,0.7409326424870466,uddannelse
Radikale Venstre,Uden for folketingsgrupperne,66,634,526.0,0.8296529968454258,uddannelse
Radikale Venstre,Venstre,66,2641,1699.0,0.6433169254070428,uddannelse
Socialdemokratiet,Danmarksdemokraterne,66,2352,1352.0,0.5748299319727891,uddannelse
Socialdemokratiet,Dansk Folkeparti,66,7008,3679.0,0.5249714611872146,uddannelse
Socialdemokratiet,Det Konservative Folkeparti,66,3930,2507.0,0.637913486005089,uddannelse
Socialdemokratiet,Enhedslisten,66,2542,1522.0,0.5987411487018096,uddannelse
Socialdemokratiet,Liberal Alliance,66,878,531.0,0.6047835990888383,uddannelse
Socialdemokratiet,Moderaterne,66,309,171.0,0.5533980582524272,uddannelse
Socialdemokratiet,Radikale Venstre,66,3762,3171.0,0.8429027113237639,uddannelse
Socialdemokratiet,Socialdemokratiet,66,13435,12913.0,0.9611462597692594,uddannelse
Socialdemokratiet,Socialistisk Folkeparti,66,3685,2794.0,0.7582089552238805,uddannelse
Socialdemokratiet,Uden for folketingsgrupperne,66,3274,2436.0,0.7440439828955406,uddannelse
Socialdemokratiet,Venstre,66,18494,11573.0,0.6257705201687034,uddannelse
Socialistisk Folkeparti,Danmarksdemokraterne,66,859,333.0,0.3876600698486612,uddannelse
Socialistisk Folkeparti,Dansk Folkeparti,66,1583,542.0,0.3423878711307643,uddannelse
Socialistisk Folkeparti,Det Konservative Folkeparti,66,1283,541.0,0.421667965705378,uddannelse
Socialistisk Folkeparti,Enhedslisten,66,568,459.0,0.8080985915492958,uddannelse
Socialistisk Folkeparti,Liberal Alliance,66,267,102.0,0.3820224719101123,uddannelse
Socialistisk Folkeparti,Moderaterne,66,85,23.0,0.2705882352941176,uddannelse
Socialistisk Folkeparti,Radikale Venstre,66,880,648.0,0.7363636363636363,uddannelse
Socialistisk Folkeparti,Socialdemokratiet,66,3812,2919.0,0.7657397691500525,uddannelse
Socialistisk Folkeparti,Socialistisk Folkeparti,66,806,799.0,0.9913151364764268,uddannelse
Socialistisk Folkeparti,Uden for folketingsgrupperne,66,779,436.0,0.5596919127086007,uddannelse
Socialistisk Folkeparti,Venstre,66,5719,2480.0,0.4336422451477531,uddannelse
Uden for folketingsgrupperne,Danmarksdemokraterne,66,358,299.0,0.835195530726257,uddannelse
Uden for folketingsgrupperne,Dansk Folkeparti,66,777,733.0,0.9433719433719434,uddannelse
Uden for folketingsgrupperne,Det Konservative Folkeparti,66,564,487.0,0.8634751773049646,uddannelse
Uden for folketingsgrupperne,Enhedslisten,66,300,89.0,0.2966666666666667,uddannelse
Uden for folketingsgrupperne,Liberal Alliance,66,92,82.0,0.8913043478260869,uddannelse
Uden for folketingsgrupperne,Moderaterne,66,36,33.0,0.9166666666666666,uddannelse
Uden for folketingsgrupperne,Radikale Venstre,66,299,178.0,0.5953177257525084,uddannelse
Uden for folketingsgrupperne,Socialdemokratiet,66,1829,1137.0,0.6216511755057409,uddannelse
Uden for folketingsgrupperne,Socialistisk Folkeparti,66,586,288.0,0.4914675767918088,uddannelse
Uden for folketingsgrupperne,Uden for folketingsgrupperne,66,338,251.0,0.742603550295858,uddannelse
Uden for folketingsgrupperne,Venstre,66,2852,2461.0,0.8629032258064516,uddannelse
Venstre,Danmarksdemokraterne,66,5612,5197.0,0.9260513186029936,uddannelse
Venstre,Dansk Folkeparti,66,12935,11592.0,0.8961731735601083,uddannelse
Venstre,Det Konservative Folkeparti,66,9189,9169.0,0.9978234846011536,uddannelse
Venstre,Enhedslisten,66,4469,998.0,0.2233161781159096,uddannelse
Venstre,Liberal Alliance,66,1996,1974.0,0.9889779559118236,uddannelse
Venstre,Moderaterne,66,671,671.0,1.0,uddannelse
Venstre,Radikale Venstre,66,6680,4309.0,0.645059880239521,uddannelse
Venstre,Socialdemokratiet,66,28726,18159.0,0.632145095035856,uddannelse
Venstre,Socialistisk Folkeparti,66,6730,2932.0,0.4356612184249628,uddannelse
Venstre,Uden for folketingsgrupperne,66,5460,4514.0,0.8267399267399267,uddannelse
Venstre,Venstre,66,37585,37496.0,0.9976320340561394,uddannelse
Danmarksdemokraterne,Danmarksdemokraterne,65,9,7.0,0.7777777777777778,uddannelse
Danmarksdemokraterne,Dansk Folkeparti,65,49,46.0,0.9387755102040816,uddannelse
Danmarksdemokraterne,Det Konservative Folkeparti,65,32,26.0,0.8125,uddannelse
Danmarksdemokraterne,Enhedslisten,65,5,0.0,0.0,uddannelse
Danmarksdemokraterne,Inuit Ataqatigiit,65,2,0.0,0.0,uddannelse
Danmarksdemokraterne,Kristendemokraterne,65,4,0.0,0.0,uddannelse
Danmarksdemokraterne,Liberal Alliance,65,9,8.0,0.8888888888888888,uddannelse
Danmarksdemokraterne,Radikale Venstre,65,21,12.0,0.5714285714285714,uddannelse
Danmarksdemokraterne,Socialdemokratiet,65,173,77.0,0.4450867052023121,uddannelse
Danmarksdemokraterne,Socialistisk Folkeparti,65,32,9.0,0.28125,uddannelse
Danmarksdemokraterne,Uden for folketingsgrupperne,65,24,19.0,0.7916666666666666,uddannelse
Danmarksdemokraterne,Venstre,65,131,110.0,0.8396946564885496,uddannelse
Dansk Folkeparti,Danmarksdemokraterne,65,6,6.0,1.0,uddannelse
Dansk Folkeparti,Dansk Folkeparti,65,44,44.0,1.0,uddannelse
Dansk Folkeparti,Det Konservative Folkeparti,65,15,12.0,0.8,uddannelse
Dansk Folkeparti,Enhedslisten,65,8,0.0,0.0,uddannelse
Dansk Folkeparti,Inuit Ataqatigiit,65,2,0.0,0.0,uddannelse
Dansk Folkeparti,Kristendemokraterne,65,4,0.0,0.0,uddannelse
Dansk Folkeparti,Liberal Alliance,65,6,5.0,0.8333333333333334,uddannelse
Dansk Folkeparti,Radikale Venstre,65,19,11.0,0.5789473684210527,uddannelse
Dansk Folkeparti,Socialdemokratiet,65,141,64.0,0.4539007092198581,uddannelse
Dansk Folkeparti,Socialistisk Folkeparti,65,37,7.0,0.1891891891891892,uddannelse
Dansk Folkeparti,Uden for folketingsgrupperne,65,14,11.0,0.7857142857142857,uddannelse
Dansk Folkeparti,Venstre,65,114,96.0,0.8421052631578947,uddannelse
Det Konservative Folkeparti,Danmarksdemokraterne,65,29,23.0,0.7931034482758621,uddannelse
Det Konservative Folkeparti,Dansk Folkeparti,65,96,81.0,0.84375,uddannelse
Det Konservative Folkeparti,Det Konservative Folkeparti,65,51,51.0,1.0,uddannelse
Det Konservative Folkeparti,Enhedslisten,65,13,0.0,0.0,uddannelse
Det Konservative Folkeparti,Inuit Ataqatigiit,65,4,0.0,0.0,uddannelse
Det Konservative Folkeparti,Kristendemokraterne,65,7,0.0,0.0,uddannelse
Det Konservative Folkeparti,Liberal Alliance,65,17,17.0,1.0,uddannelse
Det Konservative Folkeparti,Radikale Venstre,65,53,42.0,0.7924528301886793,uddannelse
Det Konservative Folkeparti,Socialdemokratiet,65,361,228.0,0.631578947368421,uddannelse
Det Konservative Folkeparti,Socialistisk Folkeparti,65,67,31.0,0.4626865671641791,uddannelse
Det Konservative Folkeparti,Uden for folketingsgrupperne,65,44,36.0,0.8181818181818182,uddannelse
Det Konservative Folkeparti,Venstre,65,252,252.0,1.0,uddannelse
Enhedslisten,Danmarksdemokraterne,65,1,0.0,0.0,uddannelse
Enhedslisten,Dansk Folkeparti,65,4,0.0,0.0,uddannelse
Enhedslisten,Det Konservative Folkeparti,65,1,0.0,0.0,uddannelse
Enhedslisten,Enhedslisten,65,1,1.0,1.0,uddannelse
Enhedslisten,Radikale Venstre,65,3,0.0,0.0,uddannelse
Enhedslisten,Socialdemokratiet,65,15,2.0,0.1333333333333333,uddannelse
Enhedslisten,Socialistisk Folkeparti,65,2,2.0,1.0,uddannelse
Enhedslisten,Uden for folketingsgrupperne,65,1,0.0,0.0,uddannelse
Enhedslisten,Venstre,65,6,0.0,0.0,uddannelse
Inuit Ataqatigiit,Danmarksdemokraterne,65,1,0.0,0.0,uddannelse
Inuit Ataqatigiit,Dansk Folkeparti,65,4,0.0,0.0,uddannelse
Inuit Ataqatigiit,Det Konservative Folkeparti,65,3,0.0,0.0,uddannelse
Inuit Ataqatigiit,Enhedslisten,65,2,2.0,1.0,uddannelse
Inuit Ataqatigiit,Liberal Alliance,65,1,0.0,0.0,uddannelse
Inuit Ataqatigiit,Radikale Venstre,65,3,0.0,0.0,uddannelse
Inuit Ataqatigiit,Socialdemokratiet,65,16,2.0,0.125,uddannelse
Inuit Ataqatigiit,Socialistisk Folkeparti,65,2,2.0,1.0,uddannelse
Inuit Ataqatigiit,Uden for folketingsgrupperne,65,1,0.0,0.0,uddannelse
Inuit Ataqatigiit,Venstre,65,5,0.0,0.0,uddannelse
Kristendemokraterne,Dansk Folkeparti,65,6,0.0,0.0,uddannelse
Kristendemokraterne,Radikale Venstre,65,2,1.0,0.5,uddannelse
Kristendemokraterne,Socialdemokratiet,65,20,9.0,0.45,uddannelse
Kristendemokraterne,Socialistisk Folkeparti,65,3,1.0,0.3333333333333333,uddannelse
Kristendemokraterne,Uden for folketingsgrupperne,65,2,0.0,0.0,uddannelse
Kristendemokraterne,Venstre,65,9,0.0,0.0,uddannelse
Liberal Alliance,Danmarksdemokraterne,65,3,2.0,0.6666666666666666,uddannelse
Liberal Alliance,Dansk Folkeparti,65,17,15.0,0.8823529411764706,uddannelse
Liberal Alliance,Det Konservative Folkeparti,65,7,7.0,1.0,uddannelse
Liberal Alliance,Enhedslisten,65,2,0.0,0.0,uddannelse
Liberal Alliance,Kristendemokraterne,65,2,0.0,0.0,uddannelse
Liberal Alliance,Radikale Venstre,65,12,9.0,0.75,uddannelse
Liberal Alliance,Socialdemokratiet,65,67,38.0,0.5671641791044776,uddannelse
Liberal Alliance,Socialistisk Folkeparti,65,11,6.0,0.5454545454545454,uddannelse
Liberal Alliance,Uden for folketingsgrupperne,65,8,6.0,0.75,uddannelse
Liberal Alliance,Venstre,65,29,29.0,1.0,uddannelse
Radikale Venstre,Danmarksdemokraterne,65,9,6.0,0.6666666666666666,uddannelse
Radikale Venstre,Dansk Folkeparti,65,35,19.0,0.5428571428571428,uddannelse
Radikale Venstre,Det Konservative Folkeparti,65,9,9.0,1.0,uddannelse
Radikale Venstre,Enhedslisten,65,3,0.0,0.0,uddannelse
Radikale Venstre,Kristendemokraterne,65,1,1.0,1.0,uddannelse
Radikale Venstre,Radikale Venstre,65,10,10.0,1.0,uddannelse
Radikale Venstre,Socialdemokratiet,65,91,85.0,0.934065934065934,uddannelse
Radikale Venstre,Socialistisk Folkeparti,65,19,16.0,0.8421052631578947,uddannelse
Radikale Venstre,Uden for folketingsgrupperne,65,11,10.0,0.9090909090909092,uddannelse
Radikale Venstre,Venstre,65,61,47.0,0.7704918032786885,uddannelse
Socialdemokratiet,Danmarksdemokraterne,65,55,35.0,0.6363636363636364,uddannelse
Socialdemokratiet,Dansk Folkeparti,65,306,128.0,0.4183006535947712,uddannelse
Socialdemokratiet,Det Konservative Folkeparti,65,95,80.0,0.8421052631578947,uddannelse
Socialdemokratiet,Enhedslisten,65,29,2.0,0.0689655172413793,uddannelse
Socialdemokratiet,Inuit Ataqatigiit,65,6,0.0,0.0,uddannelse
Socialdemokratiet,Kristendemokraterne,65,19,8.0,0.4210526315789473,uddannelse
Socialdemokratiet,Liberal Alliance,65,28,16.0,0.5714285714285714,uddannelse
Socialdemokratiet,Radikale Venstre,65,133,133.0,1.0,uddannelse
Socialdemokratiet,Socialdemokratiet,65,871,831.0,0.9540757749712974,uddannelse
Socialdemokratiet,Socialistisk Folkeparti,65,177,143.0,0.807909604519774,uddannelse
Socialdemokratiet,Uden for folketingsgrupperne,65,122,70.0,0.5737704918032787,uddannelse
Socialdemokratiet,Venstre,65,603,354.0,0.5870646766169154,uddannelse
Socialistisk Folkeparti,Danmarksdemokraterne,65,20,6.0,0.3,uddannelse
Socialistisk Folkeparti,Dansk Folkeparti,65,58,13.0,0.2241379310344827,uddannelse
Socialistisk Folkeparti,Det Konservative Folkeparti,65,38,19.0,0.5,uddannelse
Socialistisk Folkeparti,Enhedslisten,65,8,8.0,1.0,uddannelse
Socialistisk Folkeparti,Inuit Ataqatigiit,65,3,3.0,1.0,uddannelse
Socialistisk Folkeparti,Kristendemokraterne,65,3,1.0,0.3333333333333333,uddannelse
Socialistisk Folkeparti,Liberal Alliance,65,10,4.0,0.4,uddannelse
Socialistisk Folkeparti,Radikale Venstre,65,34,22.0,0.6470588235294118,uddannelse
Socialistisk Folkeparti,Socialdemokratiet,65,225,159.0,0.7066666666666667,uddannelse
Socialistisk Folkeparti,Socialistisk Folkeparti,65,37,37.0,1.0,uddannelse
Socialistisk Folkeparti,Uden for folketingsgrupperne,65,29,14.0,0.4827586206896552,uddannelse
Socialistisk Folkeparti,Venstre,65,142,75.0,0.528169014084507,uddannelse
Uden for folketingsgrupperne,Danmarksdemokraterne,65,4,4.0,1.0,uddannelse
Uden for folketingsgrupperne,Dansk Folkeparti,65,42,37.0,0.8809523809523809,uddannelse
Uden for folketingsgrupperne,Det Konservative Folkeparti,65,10,9.0,0.9,uddannelse
Uden for folketingsgrupperne,Enhedslisten,65,3,0.0,0.0,uddannelse
Uden for folketingsgrupperne,Inuit Ataqatigiit,65,1,0.0,0.0,uddannelse
Uden for folketingsgrupperne,Kristendemokraterne,65,4,0.0,0.0,uddannelse
Uden for folketingsgrupperne,Liberal Alliance,65,4,4.0,1.0,uddannelse
Uden for folketingsgrupperne,Radikale Venstre,65,15,6.0,0.4,uddannelse
Uden for folketingsgrupperne,Socialdemokratiet,65,112,44.0,0.3928571428571428,uddannelse
Uden for folketingsgrupperne,Socialistisk Folkeparti,65,21,5.0,0.238095238095238,uddannelse
Uden for folketingsgrupperne,Uden for folketingsgrupperne,65,10,6.0,0.6,uddannelse
Uden for folketingsgrupperne,Venstre,65,78,66.0,0.8461538461538461,uddannelse
Venstre,Danmarksdemokraterne,65,62,51.0,0.8225806451612904,uddannelse
Venstre,Dansk Folkeparti,65,257,227.0,0.8832684824902723,uddannelse
Venstre,Det Konservative Folkeparti,65,133,133.0,1.0,uddannelse
Venstre,Enhedslisten,65,24,0.0,0.0,uddannelse
Venstre,Inuit Ataqatigiit,65,10,0.0,0.0,uddannelse
Venstre,Kristendemokraterne,65,24,0.0,0.0,uddannelse
Venstre,Liberal Alliance,65,52,52.0,1.0,uddannelse
Venstre,Radikale Venstre,65,133,97.0,0.7293233082706767,uddannelse
Venstre,Socialdemokratiet,65,930,508.0,0.546236559139785,uddannelse
Venstre,Socialistisk Folkeparti,65,196,90.0,0.4591836734693877,uddannelse
Venstre,Uden for folketingsgrupperne,65,116,96.0,0.8275862068965517,uddannelse
Venstre,Venstre,65,617,617.0,1.0,uddannelse
Alternativet,Radikale Venstre,70,38,29.0,0.7631578947368421,uddannelse
Alternativet,Venstre,70,54,32.0,0.5925925925925926,uddannelse
Danmarksdemokraterne,Alternativet,70,304,174.0,0.5723684210526315,uddannelse
Danmarksdemokraterne,Danmarksdemokraterne,70,1567,1490.0,0.9508615188257816,uddannelse
Danmarksdemokraterne,Dansk Folkeparti,70,1192,1148.0,0.9630872483221476,uddannelse
Danmarksdemokraterne,Det Konservative Folkeparti,70,309,232.0,0.7508090614886731,uddannelse
Danmarksdemokraterne,Enhedslisten,70,1913,831.0,0.4343962362780972,uddannelse
Danmarksdemokraterne,Liberal Alliance,70,553,356.0,0.64376130198915,uddannelse
Danmarksdemokraterne,Moderaterne,70,27,18.0,0.6666666666666666,uddannelse
Danmarksdemokraterne,Radikale Venstre,70,2076,1089.0,0.5245664739884393,uddannelse
Danmarksdemokraterne,Socialdemokratiet,70,8301,4543.0,0.5472834598241175,uddannelse
Danmarksdemokraterne,Socialistisk Folkeparti,70,913,420.0,0.4600219058050383,uddannelse
Danmarksdemokraterne,Uden for folketingsgrupperne,70,1499,1338.0,0.8925950633755837,uddannelse
Danmarksdemokraterne,Venstre,70,6734,5133.0,0.7622512622512623,uddannelse
Dansk Folkeparti,Alternativet,70,155,84.0,0.5419354838709678,uddannelse
Dansk Folkeparti,Danmarksdemokraterne,70,495,486.0,0.9818181818181818,uddannelse
Dansk Folkeparti,Dansk Folkeparti,70,262,260.0,0.9923664122137404,uddannelse
Dansk Folkeparti,Det Konservative Folkeparti,70,44,33.0,0.75,uddannelse
Dansk Folkeparti,Enhedslisten,70,920,370.0,0.4021739130434782,uddannelse
Dansk Folkeparti,Liberal Alliance,70,205,133.0,0.6487804878048781,uddannelse
Dansk Folkeparti,Moderaterne,70,3,1.0,0.3333333333333333,uddannelse
Dansk Folkeparti,Radikale Venstre,70,668,298.0,0.4461077844311377,uddannelse
Dansk Folkeparti,Sambandsflokkurin,70,1,1.0,1.0,uddannelse
Dansk Folkeparti,Socialdemokratiet,70,2587,1332.0,0.5148821028218014,uddannelse
Dansk Folkeparti,Socialistisk Folkeparti,70,124,47.0,0.3790322580645161,uddannelse
Dansk Folkeparti,Uden for folketingsgrupperne,70,228,199.0,0.8728070175438597,uddannelse
Dansk Folkeparti,Venstre,70,2175,1540.0,0.7080459770114943,uddannelse
Det Konservative Folkeparti,Alternativet,70,12,5.0,0.4166666666666667,uddannelse
Det Konservative Folkeparti,Danmarksdemokraterne,70,62,44.0,0.7096774193548387,uddannelse
Det Konservative Folkeparti,Dansk Folkeparti,70,116,83.0,0.7155172413793104,uddannelse
Det Konservative Folkeparti,Det Konservative Folkeparti,70,15,15.0,1.0,uddannelse
Det Konservative Folkeparti,Enhedslisten,70,162,66.0,0.4074074074074074,uddannelse
Det Konservative Folkeparti,Liberal Alliance,70,49,36.0,0.7346938775510204,uddannelse
Det Konservative Folkeparti,Radikale Venstre,70,130,71.0,0.5461538461538461,uddannelse
Det Konservative Folkeparti,Socialdemokratiet,70,381,247.0,0.6482939632545932,uddannelse
Det Konservative Folkeparti,Socialistisk Folkeparti,70,1,0.0,0.0,uddannelse
Det Konservative Folkeparti,Uden for folketingsgrupperne,70,57,45.0,0.7894736842105263,uddannelse
Det Konservative Folkeparti,Venstre,70,283,262.0,0.9257950530035336,uddannelse
Enhedslisten,Alternativet,70,200,150.0,0.75,uddannelse
Enhedslisten,Danmarksdemokraterne,70,815,345.0,0.4233128834355828,uddannelse
Enhedslisten,Dansk Folkeparti,70,375,149.0,0.3973333333333333,uddannelse
Enhedslisten,Det Konservative Folkeparti,70,84,30.0,0.3571428571428571,uddannelse
Enhedslisten,Enhedslisten,70,826,819.0,0.9915254237288136,uddannelse
Enhedslisten,Liberal Alliance,70,131,69.0,0.5267175572519084,uddannelse
Enhedslisten,Moderaterne,70,8,2.0,0.25,uddannelse
Enhedslisten,Radikale Venstre,70,924,822.0,0.8896103896103896,uddannelse
Enhedslisten,Sambandsflokkurin,70,1,0.0,0.0,uddannelse
Enhedslisten,Socialdemokratiet,70,3473,2727.0,0.785200115174201,uddannelse
Enhedslisten,Socialistisk Folkeparti,70,295,252.0,0.8542372881355932,uddannelse
Enhedslisten,Uden for folketingsgrupperne,70,426,168.0,0.3943661971830985,uddannelse
Enhedslisten,Venstre,70,3008,1507.0,0.5009973404255319,uddannelse
Liberal Alliance,Alternativet,70,59,34.0,0.576271186440678,uddannelse
Liberal Alliance,Danmarksdemokraterne,70,100,56.0,0.56,uddannelse
Liberal Alliance,Dansk Folkeparti,70,105,63.0,0.6,uddannelse
Liberal Alliance,Det Konservative Folkeparti,70,22,16.0,0.7272727272727273,uddannelse
Liberal Alliance,Enhedslisten,70,315,154.0,0.4888888888888889,uddannelse
Liberal Alliance,Radikale Venstre,70,236,137.0,0.5805084745762712,uddannelse
Liberal Alliance,Socialdemokratiet,70,721,437.0,0.6061026352288488,uddannelse
Liberal Alliance,Socialistisk Folkeparti,70,2,1.0,0.5,uddannelse
Liberal Alliance,Uden for folketingsgrupperne,70,7,6.0,0.8571428571428571,uddannelse
Liberal Alliance,Venstre,70,559,441.0,0.7889087656529516,uddannelse
Moderaterne,Danmarksdemokraterne,70,6,3.0,0.5,uddannelse
Moderaterne,Dansk Folkeparti,70,14,8.0,0.5714285714285714,uddannelse
Moderaterne,Det Konservative Folkeparti,70,1,0.0,0.0,uddannelse
Moderaterne,Enhedslisten,70,9,2.0,0.2222222222222222,uddannelse
Moderaterne,Liberal Alliance,70,5,3.0,0.6,uddannelse
Moderaterne,Radikale Venstre,70,21,6.0,0.2857142857142857,uddannelse
Moderaterne,Socialdemokratiet,70,51,16.0,0.3137254901960784,uddannelse
Moderaterne,Socialistisk Folkeparti,70,7,2.0,0.2857142857142857,uddannelse
Moderaterne,Uden for folketingsgrupperne,70,12,8.0,0.6666666666666666,uddannelse
Moderaterne,Venstre,70,59,40.0,0.6779661016949152,uddannelse
Radikale Venstre,Alternativet,70,176,132.0,0.75,uddannelse
Radikale Venstre,Danmarksdemokraterne,70,435,198.0,0.4551724137931034,uddannelse
Radikale Venstre,Dansk Folkeparti,70,496,238.0,0.4798387096774194,uddannelse
Radikale Venstre,Det Konservative Folkeparti,70,98,56.0,0.5714285714285714,uddannelse
Radikale Venstre,Enhedslisten,70,919,808.0,0.8792165397170838,uddannelse
Radikale Venstre,Liberal Alliance,70,189,123.0,0.6507936507936508,uddannelse
Radikale Venstre,Radikale Venstre,70,608,608.0,1.0,uddannelse
Radikale Venstre,Socialdemokratiet,70,2698,2388.0,0.8851000741289844,uddannelse
Radikale Venstre,Socialistisk Folkeparti,70,79,67.0,0.8481012658227848,uddannelse
Radikale Venstre,Uden for folketingsgrupperne,70,305,152.0,0.4983606557377049,uddannelse
Radikale Venstre,Venstre,70,2026,1238.0,0.6110562685093781,uddannelse
Sambandsflokkurin,Danmarksdemokraterne,70,5,5.0,1.0,uddannelse
Sambandsflokkurin,Dansk Folkeparti,70,2,2.0,1.0,uddannelse
Sambandsflokkurin,Enhedslisten,70,3,0.0,0.0,uddannelse
Sambandsflokkurin,Moderaterne,70,1,0.0,0.0,uddannelse
Sambandsflokkurin,Radikale Venstre,70,4,0.0,0.0,uddannelse
Sambandsflokkurin,Socialdemokratiet,70,11,0.0,0.0,uddannelse
Sambandsflokkurin,Socialistisk Folkeparti,70,1,0.0,0.0,uddannelse
Sambandsflokkurin,Uden for folketingsgrupperne,70,3,2.0,0.6666666666666666,uddannelse
Sambandsflokkurin,Venstre,70,11,11.0,1.0,uddannelse
Socialdemokratiet,Alternativet,70,1099,710.0,0.6460418562329391,uddannelse
Socialdemokratiet,Danmarksdemokraterne,70,4643,2513.0,0.5412448847727762,uddannelse
Socialdemokratiet,Dansk Folkeparti,70,3378,1741.0,0.5153937240970988,uddannelse
Socialdemokratiet,Det Konservative Folkeparti,70,769,444.0,0.577373211963589,uddannelse
Socialdemokratiet,Enhedslisten,70,5967,4813.0,0.8066029830735713,uddannelse
Socialdemokratiet,Liberal Alliance,70,1533,952.0,0.6210045662100456,uddannelse
Socialdemokratiet,Moderaterne,70,58,18.0,0.3103448275862069,uddannelse
Socialdemokratiet,Radikale Venstre,70,5834,5180.0,0.8878985258827563,uddannelse
Socialdemokratiet,Sambandsflokkurin,70,5,0.0,0.0,uddannelse
Socialdemokratiet,Socialdemokratiet,70,21165,21149.0,0.999244034963383,uddannelse
Socialdemokratiet,Socialistisk Folkeparti,70,2001,1726.0,0.862568715642179,uddannelse
Socialdemokratiet,Uden for folketingsgrupperne,70,3453,1773.0,0.5134665508253693,uddannelse
Socialdemokratiet,Venstre,70,18274,12165.0,0.6656999014993981,uddannelse
Socialistisk Folkeparti,Alternativet,70,97,69.0,0.711340206185567,uddannelse
Socialistisk Folkeparti,Danmarksdemokraterne,70,183,87.0,0.4754098360655737,uddannelse
Socialistisk Folkeparti,Dansk Folkeparti,70,407,173.0,0.4250614250614251,uddannelse
Socialistisk Folkeparti,Det Konservative Folkeparti,70,78,40.0,0.5128205128205128,uddannelse
Socialistisk Folkeparti,Enhedslisten,70,543,478.0,0.8802946593001841,uddannelse
Socialistisk Folkeparti,Liberal Alliance,70,180,108.0,0.6,uddannelse
Socialistisk Folkeparti,Moderaterne,70,10,4.0,0.4,uddannelse
Socialistisk Folkeparti,Radikale Venstre,70,682,622.0,0.9120234604105572,uddannelse
Socialistisk Folkeparti,Socialdemokratiet,70,1858,1595.0,0.8584499461786868,uddannelse
Socialistisk Folkeparti,Socialistisk Folkeparti,70,104,104.0,1.0,uddannelse
Socialistisk Folkeparti,Uden for folketingsgrupperne,70,463,201.0,0.4341252699784017,uddannelse
Socialistisk Folkeparti,Venstre,70,1668,980.0,0.5875299760191847,uddannelse
Uden for folketingsgrupperne,Alternativet,70,154,89.0,0.577922077922078,uddannelse
Uden for folketingsgrupperne,Danmarksdemokraterne,70,293,250.0,0.8532423208191127,uddannelse
Uden for folketingsgrupperne,Dansk Folkeparti,70,599,563.0,0.9398998330550918,uddannelse
Uden for folketingsgrupperne,Det Konservative Folkeparti,70,109,75.0,0.6880733944954128,uddannelse
Uden for folketingsgrupperne,Enhedslisten,70,878,366.0,0.4168564920273349,uddannelse
Uden for folketingsgrupperne,Liberal Alliance,70,311,196.0,0.6302250803858521,uddannelse
Uden for folketingsgrupperne,Moderaterne,70,12,6.0,0.5,uddannelse
Uden for folketingsgrupperne,Radikale Venstre,70,898,455.0,0.5066815144766147,uddannelse
Uden for folketingsgrupperne,Socialdemokratiet,70,2855,1512.0,0.5295971978984239,uddannelse
Uden for folketingsgrupperne,Socialistisk Folkeparti,70,104,56.0,0.5384615384615384,uddannelse
Uden for folketingsgrupperne,Uden for folketingsgrupperne,70,308,257.0,0.8344155844155844,uddannelse
Uden for folketingsgrupperne,Venstre,70,2151,1581.0,0.7350069735006973,uddannelse
Venstre,Alternativet,70,933,499.0,0.5348338692390139,uddannelse
Venstre,Danmarksdemokraterne,70,4347,3242.0,0.7458017023234415,uddannelse
Venstre,Dansk Folkeparti,70,2957,2264.0,0.7656408522150828,uddannelse
Venstre,Det Konservative Folkeparti,70,687,624.0,0.9082969432314412,uddannelse
Venstre,Enhedslisten,70,5031,2454.0,0.4877757901013715,uddannelse
Venstre,Liberal Alliance,70,1394,1079.0,0.7740315638450502,uddannelse
Venstre,Moderaterne,70,35,16.0,0.4571428571428571,uddannelse
Venstre,Radikale Venstre,70,5328,3272.0,0.6141141141141141,uddannelse
Venstre,Socialdemokratiet,70,20092,13331.0,0.6634979096157675,uddannelse
Venstre,Socialistisk Folkeparti,70,1698,1000.0,0.5889281507656066,uddannelse
Venstre,Uden for folketingsgrupperne,70,3204,2424.0,0.7565543071161048,uddannelse
Venstre,Venstre,70,15543,15497.0,0.997040468378048,uddannelse
Alternativet,Enhedslisten,71,38,34.0,0.8947368421052632,uddannelse
Alternativet,Radikale Venstre,71,26,18.0,0.6923076923076923,uddannelse
Alternativet,Socialdemokratiet,71,31,16.0,0.5161290322580645,uddannelse
Alternativet,Venstre,71,18,9.0,0.5,uddannelse
Danmarksdemokraterne,Alternativet,71,187,108.0,0.5775401069518716,uddannelse
Danmarksdemokraterne,Danmarksdemokraterne,71,1799,1704.0,0.9471928849360756,uddannelse
Danmarksdemokraterne,Dansk Folkeparti,71,622,413.0,0.6639871382636656,uddannelse
Danmarksdemokraterne,Det Konservative Folkeparti,71,1440,1112.0,0.7722222222222223,uddannelse
Danmarksdemokraterne,Enhedslisten,71,2519,1266.0,0.5025803890432712,uddannelse
Danmarksdemokraterne,Liberal Alliance,71,395,240.0,0.6075949367088608,uddannelse
Danmarksdemokraterne,Moderaterne,71,48,32.0,0.6666666666666666,uddannelse
Danmarksdemokraterne,Radikale Venstre,71,971,506.0,0.5211122554067971,uddannelse
Danmarksdemokraterne,Socialdemokratiet,71,7256,4427.0,0.6101157662624035,uddannelse
Danmarksdemokraterne,Socialistisk Folkeparti,71,845,483.0,0.5715976331360947,uddannelse
Danmarksdemokraterne,Venstre,71,4516,2791.0,0.6180248007085917,uddannelse
Dansk Folkeparti,Alternativet,71,54,19.0,0.3518518518518518,uddannelse
Dansk Folkeparti,Danmarksdemokraterne,71,677,462.0,0.6824224519940916,uddannelse
Dansk Folkeparti,Dansk Folkeparti,71,109,108.0,0.9908256880733946,uddannelse
Dansk Folkeparti,Det Konservative Folkeparti,71,396,257.0,0.648989898989899,uddannelse
Dansk Folkeparti,Enhedslisten,71,719,263.0,0.3657858136300417,uddannelse
Dansk Folkeparti,Liberal Alliance,71,128,77.0,0.6015625,uddannelse
Dansk Folkeparti,Moderaterne,71,17,5.0,0.2941176470588235,uddannelse
Dansk Folkeparti,Radikale Venstre,71,259,108.0,0.416988416988417,uddannelse
Dansk Folkeparti,Socialdemokratiet,71,2314,1185.0,0.5121002592912706,uddannelse
Dansk Folkeparti,Socialistisk Folkeparti,71,318,149.0,0.4685534591194968,uddannelse
Dansk Folkeparti,Venstre,71,1677,858.0,0.5116279069767442,uddannelse
Det Konservative Folkeparti,Alternativet,71,99,49.0,0.494949494949495,uddannelse
Det Konservative Folkeparti,Danmarksdemokraterne,71,869,707.0,0.8135788262370541,uddannelse
Det Konservative Folkeparti,Dansk Folkeparti,71,307,197.0,0.6416938110749185,uddannelse
Det Konservative Folkeparti,Det Konservative Folkeparti,71,490,490.0,1.0,uddannelse
Det Konservative Folkeparti,Enhedslisten,71,1272,559.0,0.4394654088050314,uddannelse
Det Konservative Folkeparti,Liberal Alliance,71,191,129.0,0.675392670157068,uddannelse
Det Konservative Folkeparti,Moderaterne,71,22,16.0,0.7272727272727273,uddannelse
Det Konservative Folkeparti,Radikale Venstre,71,361,206.0,0.5706371191135734,uddannelse
Det Konservative Folkeparti,Socialdemokratiet,71,3168,2263.0,0.7143308080808081,uddannelse
Det Konservative Folkeparti,Socialistisk Folkeparti,71,307,184.0,0.5993485342019544,uddannelse
Det Konservative Folkeparti,Venstre,71,2347,1685.0,0.717937792927141,uddannelse
Enhedslisten,Alternativet,71,94,79.0,0.8404255319148937,uddannelse
Enhedslisten,Danmarksdemokraterne,71,557,275.0,0.4937163375224416,uddannelse
Enhedslisten,Dansk Folkeparti,71,215,89.0,0.413953488372093,uddannelse
Enhedslisten,Det Konservative Folkeparti,71,378,175.0,0.4629629629629629,uddannelse
Enhedslisten,Enhedslisten,71,897,893.0,0.9955406911928651,uddannelse
Enhedslisten,Liberal Alliance,71,80,49.0,0.6125,uddannelse
Enhedslisten,Radikale Venstre,71,497,388.0,0.7806841046277666,uddannelse
Enhedslisten,Socialdemokratiet,71,1961,1244.0,0.6343702192758797,uddannelse
Enhedslisten,Socialistisk Folkeparti,71,205,191.0,0.9317073170731708,uddannelse
Enhedslisten,Venstre,71,1328,851.0,0.6408132530120482,uddannelse
Inuit Ataqatigiit,Alternativet,71,1,1.0,1.0,uddannelse
Inuit Ataqatigiit,Danmarksdemokraterne,71,5,5.0,1.0,uddannelse
Inuit Ataqatigiit,Dansk Folkeparti,71,1,0.0,0.0,uddannelse
Inuit Ataqatigiit,Det Konservative Folkeparti,71,4,4.0,1.0,uddannelse
Inuit Ataqatigiit,Enhedslisten,71,5,5.0,1.0,uddannelse
Inuit Ataqatigiit,Liberal Alliance,71,1,1.0,1.0,uddannelse
Inuit Ataqatigiit,Moderaterne,71,1,1.0,1.0,uddannelse
Inuit Ataqatigiit,Naleraq,71,1,1.0,1.0,uddannelse
Inuit Ataqatigiit,Radikale Venstre,71,2,2.0,1.0,uddannelse
Inuit Ataqatigiit,Socialdemokratiet,71,17,17.0,1.0,uddannelse
Inuit Ataqatigiit,Socialistisk Folkeparti,71,4,4.0,1.0,uddannelse
Inuit Ataqatigiit,Venstre,71,15,15.0,1.0,uddannelse
Liberal Alliance,Alternativet,71,39,24.0,0.6153846153846154,uddannelse
Liberal Alliance,Danmarksdemokraterne,71,562,374.0,0.6654804270462633,uddannelse
Liberal Alliance,Dansk Folkeparti,71,161,98.0,0.6086956521739131,uddannelse
Liberal Alliance,Det Konservative Folkeparti,71,306,223.0,0.7287581699346405,uddannelse
Liberal Alliance,Enhedslisten,71,621,373.0,0.6006441223832528,uddannelse
Liberal Alliance,Liberal Alliance,71,53,53.0,1.0,uddannelse
Liberal Alliance,Moderaterne,71,19,17.0,0.8947368421052632,uddannelse
Liberal Alliance,Radikale Venstre,71,206,147.0,0.7135922330097088,uddannelse
Liberal Alliance,Socialdemokratiet,71,1668,1299.0,0.7787769784172662,uddannelse
Liberal Alliance,Socialistisk Folkeparti,71,193,133.0,0.689119170984456,uddannelse
Liberal Alliance,Venstre,71,1239,966.0,0.7796610169491526,uddannelse
Moderaterne,Alternativet,71,15,9.0,0.6,uddannelse
Moderaterne,Danmarksdemokraterne,71,133,80.0,0.6015037593984962,uddannelse
Moderaterne,Dansk Folkeparti,71,39,20.0,0.5128205128205128,uddannelse
Moderaterne,Det Konservative Folkeparti,71,75,56.0,0.7466666666666667,uddannelse
Moderaterne,Enhedslisten,71,139,79.0,0.5683453237410072,uddannelse
Moderaterne,Liberal Alliance,71,17,14.0,0.8235294117647058,uddannelse
Moderaterne,Moderaterne,71,1,1.0,1.0,uddannelse
Moderaterne,Radikale Venstre,71,62,46.0,0.7419354838709677,uddannelse
Moderaterne,Socialdemokratiet,71,447,447.0,1.0,uddannelse
Moderaterne,Socialistisk Folkeparti,71,50,34.0,0.68,uddannelse
Moderaterne,Venstre,71,264,264.0,1.0,uddannelse
Naleraq,Alternativet,71,1,1.0,1.0,uddannelse
Naleraq,Danmarksdemokraterne,71,5,5.0,1.0,uddannelse
Naleraq,Dansk Folkeparti,71,1,0.0,0.0,uddannelse
Naleraq,Det Konservative Folkeparti,71,4,4.0,1.0,uddannelse
Naleraq,Enhedslisten,71,5,5.0,1.0,uddannelse
Naleraq,Liberal Alliance,71,1,1.0,1.0,uddannelse
Naleraq,Moderaterne,71,1,1.0,1.0,uddannelse
Naleraq,Radikale Venstre,71,2,2.0,1.0,uddannelse
Naleraq,Socialdemokratiet,71,17,17.0,1.0,uddannelse
Naleraq,Socialistisk Folkeparti,71,4,4.0,1.0,uddannelse
Naleraq,Venstre,71,15,15.0,1.0,uddannelse
Radikale Venstre,Alternativet,71,32,23.0,0.71875,uddannelse
Radikale Venstre,Danmarksdemokraterne,71,230,128.0,0.5565217391304348,uddannelse
Radikale Venstre,Dansk Folkeparti,71,122,50.0,0.4098360655737705,uddannelse
Radikale Venstre,Det Konservative Folkeparti,71,286,177.0,0.6188811188811189,uddannelse
Radikale Venstre,Enhedslisten,71,392,297.0,0.7576530612244898,uddannelse
Radikale Venstre,Liberal Alliance,71,68,53.0,0.7794117647058824,uddannelse
Radikale Venstre,Radikale Venstre,71,87,87.0,1.0,uddannelse
Radikale Venstre,Socialdemokratiet,71,1045,784.0,0.7502392344497608,uddannelse
Radikale Venstre,Socialistisk Folkeparti,71,24,23.0,0.9583333333333334,uddannelse
Radikale Venstre,Venstre,71,682,511.0,0.749266862170088,uddannelse
Socialdemokratiet,Alternativet,71,556,291.0,0.5233812949640287,uddannelse
Socialdemokratiet,Danmarksdemokraterne,71,7173,4397.0,0.6129931688275477,uddannelse
Socialdemokratiet,Dansk Folkeparti,71,2149,1081.0,0.5030246626337832,uddannelse
Socialdemokratiet,Det Konservative Folkeparti,71,4759,3404.0,0.7152763185543182,uddannelse
Socialdemokratiet,Enhedslisten,71,8465,5408.0,0.6388659184878913,uddannelse
Socialdemokratiet,Liberal Alliance,71,1462,1167.0,0.7982216142270862,uddannelse
Socialdemokratiet,Moderaterne,71,180,180.0,1.0,uddannelse
Socialdemokratiet,Radikale Venstre,71,3060,2379.0,0.7774509803921569,uddannelse
Socialdemokratiet,Socialdemokratiet,71,23603,23603.0,1.0,uddannelse
Socialdemokratiet,Socialistisk Folkeparti,71,3233,2375.0,0.734611815651098,uddannelse
Socialdemokratiet,Venstre,71,16824,16758.0,0.996077032810271,uddannelse
Socialistisk Folkeparti,Alternativet,71,97,72.0,0.7422680412371134,uddannelse
Socialistisk Folkeparti,Danmarksdemokraterne,71,1439,766.0,0.532314107018763,uddannelse
Socialistisk Folkeparti,Dansk Folkeparti,71,393,169.0,0.4300254452926209,uddannelse
Socialistisk Folkeparti,Det Konservative Folkeparti,71,923,489.0,0.5297941495124594,uddannelse
Socialistisk Folkeparti,Enhedslisten,71,1498,1321.0,0.8818424566088118,uddannelse
Socialistisk Folkeparti,Liberal Alliance,71,302,191.0,0.6324503311258278,uddannelse
Socialistisk Folkeparti,Moderaterne,71,52,40.0,0.7692307692307693,uddannelse
Socialistisk Folkeparti,Radikale Venstre,71,636,519.0,0.8160377358490566,uddannelse
Socialistisk Folkeparti,Socialdemokratiet,71,4675,3426.0,0.7328342245989304,uddannelse
Socialistisk Folkeparti,Socialistisk Folkeparti,71,513,511.0,0.9961013645224172,uddannelse
Socialistisk Folkeparti,Venstre,71,3437,2529.0,0.7358161187081758,uddannelse
Venstre,Alternativet,71,410,214.0,0.5219512195121951,uddannelse
Venstre,Danmarksdemokraterne,71,5197,3273.0,0.6297864152395612,uddannelse
Venstre,Dansk Folkeparti,71,1364,689.0,0.5051319648093842,uddannelse
Venstre,Det Konservative Folkeparti,71,3099,2309.0,0.7450790577605679,uddannelse
Venstre,Enhedslisten,71,5634,3544.0,0.6290379836705715,uddannelse
Venstre,Liberal Alliance,71,804,656.0,0.8159203980099502,uddannelse
Venstre,Moderaterne,71,194,191.0,0.9845360824742267,uddannelse
Venstre,Radikale Venstre,71,2113,1637.0,0.7747278750591576,uddannelse
Venstre,Socialdemokratiet,71,16805,16606.0,0.988158286224338,uddannelse
Venstre,Socialistisk Folkeparti,71,1960,1401.0,0.7147959183673469,uddannelse
Venstre,Venstre,71,10905,10732.0,0.984135717560752,uddannelse
Danmarksdemokraterne,Danmarksdemokraterne,68,1243,1237.0,0.995172968624296,retspolitik
Danmarksdemokraterne,Dansk Folkeparti,68,1886,1881.0,0.9973488865323435,retspolitik
Danmarksdemokraterne,Det Konservative Folkeparti,68,2127,1496.0,0.7033380347907852,retspolitik
Danmarksdemokraterne,Enhedslisten,68,4136,1906.0,0.4608317214700193,retspolitik
Danmarksdemokraterne,Inuit Ataqatigiit,68,3,0.0,0.0,retspolitik
Danmarksdemokraterne,Liberal Alliance,68,2184,1396.0,0.6391941391941391,retspolitik
Danmarksdemokraterne,Moderaterne,68,121,84.0,0.6942148760330579,retspolitik
Danmarksdemokraterne,Radikale Venstre,68,4519,2257.0,0.4994467802611197,retspolitik
Danmarksdemokraterne,Socialdemokratiet,68,4785,2480.0,0.5182863113897597,retspolitik
Danmarksdemokraterne,Socialistisk Folkeparti,68,2611,1298.0,0.4971275373420145,retspolitik
Danmarksdemokraterne,Uden for folketingsgrupperne,68,1568,1413.0,0.9011479591836736,retspolitik
Danmarksdemokraterne,Venstre,68,6470,4475.0,0.6916537867078826,retspolitik
Dansk Folkeparti,Danmarksdemokraterne,68,1499,1486.0,0.991327551701134,retspolitik
Dansk Folkeparti,Dansk Folkeparti,68,1451,1444.0,0.9951757408683668,retspolitik
Dansk Folkeparti,Det Konservative Folkeparti,68,2098,1519.0,0.7240228789323165,retspolitik
Dansk Folkeparti,Enhedslisten,68,4296,1919.0,0.4466945996275605,retspolitik
Dansk Folkeparti,Inuit Ataqatigiit,68,6,0.0,0.0,retspolitik
Dansk Folkeparti,Liberal Alliance,68,1986,1352.0,0.6807653575025177,retspolitik
Dansk Folkeparti,Moderaterne,68,82,67.0,0.8170731707317073,retspolitik
Dansk Folkeparti,Radikale Venstre,68,3724,1880.0,0.5048335123523093,retspolitik
Dansk Folkeparti,Socialdemokratiet,68,4467,2301.0,0.5151108126259234,retspolitik
Dansk Folkeparti,Socialistisk Folkeparti,68,2679,1348.0,0.5031728256812243,retspolitik
Dansk Folkeparti,Uden for folketingsgrupperne,68,1244,1088.0,0.8745980707395499,retspolitik
Dansk Folkeparti,Venstre,68,6123,4513.0,0.737056998203495,retspolitik
Det Konservative Folkeparti,Danmarksdemokraterne,68,840,553.0,0.6583333333333333,retspolitik
Det Konservative Folkeparti,Dansk Folkeparti,68,1021,691.0,0.6767874632713027,retspolitik
Det Konservative Folkeparti,Det Konservative Folkeparti,68,1026,1026.0,1.0,retspolitik
Det Konservative Folkeparti,Enhedslisten,68,2815,1124.0,0.3992895204262877,retspolitik
Det Konservative Folkeparti,Inuit Ataqatigiit,68,2,0.0,0.0,retspolitik
Det Konservative Folkeparti,Liberal Alliance,68,1260,965.0,0.7658730158730159,retspolitik
Det Konservative Folkeparti,Moderaterne,68,75,64.0,0.8533333333333334,retspolitik
Det Konservative Folkeparti,Radikale Venstre,68,2338,1769.0,0.7566295979469632,retspolitik
Det Konservative Folkeparti,Socialdemokratiet,68,2964,2298.0,0.7753036437246964,retspolitik
Det Konservative Folkeparti,Socialistisk Folkeparti,68,1779,1304.0,0.7329960652051715,retspolitik
Det Konservative Folkeparti,Uden for folketingsgrupperne,68,810,577.0,0.7123456790123457,retspolitik
Det Konservative Folkeparti,Venstre,68,3804,3452.0,0.907465825446898,retspolitik
Enhedslisten,Danmarksdemokraterne,68,2215,1022.0,0.4613995485327313,retspolitik
Enhedslisten,Dansk Folkeparti,68,2386,995.0,0.4170159262363789,retspolitik
Enhedslisten,Det Konservative Folkeparti,68,2992,1106.0,0.3696524064171123,retspolitik
Enhedslisten,Enhedslisten,68,5463,5309.0,0.9718103606077249,retspolitik
Enhedslisten,Inuit Ataqatigiit,68,7,7.0,1.0,retspolitik
Enhedslisten,Liberal Alliance,68,2901,1043.0,0.3595311961392623,retspolitik
Enhedslisten,Moderaterne,68,173,52.0,0.3005780346820809,retspolitik
Enhedslisten,Radikale Venstre,68,5621,3224.0,0.5735634228784914,retspolitik
Enhedslisten,Socialdemokratiet,68,6860,3902.0,0.568804664723032,retspolitik
Enhedslisten,Socialistisk Folkeparti,68,4133,2477.0,0.5993225260101621,retspolitik
Enhedslisten,Uden for folketingsgrupperne,68,2040,807.0,0.3955882352941176,retspolitik
Enhedslisten,Venstre,68,9250,3103.0,0.3354594594594595,retspolitik
Inuit Ataqatigiit,Det Konservative Folkeparti,68,1,0.0,0.0,retspolitik
Inuit Ataqatigiit,Enhedslisten,68,1,1.0,1.0,retspolitik
Inuit Ataqatigiit,Radikale Venstre,68,1,0.0,0.0,retspolitik
Inuit Ataqatigiit,Socialdemokratiet,68,2,0.0,0.0,retspolitik
Inuit Ataqatigiit,Socialistisk Folkeparti,68,2,0.0,0.0,retspolitik
Inuit Ataqatigiit,Uden for folketingsgrupperne,68,1,0.0,0.0,retspolitik
Inuit Ataqatigiit,Venstre,68,2,0.0,0.0,retspolitik
Liberal Alliance,Danmarksdemokraterne,68,624,399.0,0.6394230769230769,retspolitik
Liberal Alliance,Dansk Folkeparti,68,975,617.0,0.6328205128205128,retspolitik
Liberal Alliance,Det Konservative Folkeparti,68,1298,967.0,0.7449922958397535,retspolitik
Liberal Alliance,Enhedslisten,68,2581,816.0,0.3161565284773344,retspolitik
Liberal Alliance,Inuit Ataqatigiit,68,4,0.0,0.0,retspolitik
Liberal Alliance,Liberal Alliance,68,885,871.0,0.984180790960452,retspolitik
Liberal Alliance,Moderaterne,68,20,15.0,0.75,retspolitik
Liberal Alliance,Radikale Venstre,68,1772,1034.0,0.5835214446952596,retspolitik
Liberal Alliance,Socialdemokratiet,68,2721,1550.0,0.569643513414186,retspolitik
Liberal Alliance,Socialistisk Folkeparti,68,1694,972.0,0.5737898465171193,retspolitik
Liberal Alliance,Uden for folketingsgrupperne,68,634,497.0,0.7839116719242902,retspolitik
Liberal Alliance,Venstre,68,3127,2436.0,0.7790214262871762,retspolitik
Moderaterne,Danmarksdemokraterne,68,119,78.0,0.6554621848739496,retspolitik
Moderaterne,Dansk Folkeparti,68,149,97.0,0.6510067114093959,retspolitik
Moderaterne,Det Konservative Folkeparti,68,158,136.0,0.8607594936708861,retspolitik
Moderaterne,Enhedslisten,68,287,99.0,0.3449477351916376,retspolitik
Moderaterne,Liberal Alliance,68,172,122.0,0.7093023255813954,retspolitik
Moderaterne,Moderaterne,68,3,3.0,1.0,retspolitik
Moderaterne,Radikale Venstre,68,327,192.0,0.5871559633027523,retspolitik
Moderaterne,Socialdemokratiet,68,384,248.0,0.6458333333333334,retspolitik
Moderaterne,Socialistisk Folkeparti,68,138,73.0,0.5289855072463768,retspolitik
Moderaterne,Uden for folketingsgrupperne,68,117,82.0,0.7008547008547008,retspolitik
Moderaterne,Venstre,68,456,456.0,1.0,retspolitik
Radikale Venstre,Danmarksdemokraterne,68,1189,642.0,0.5399495374264087,retspolitik
Radikale Venstre,Dansk Folkeparti,68,2263,1154.0,0.5099425541316837,retspolitik
Radikale Venstre,Det Konservative Folkeparti,68,2810,2092.0,0.7444839857651245,retspolitik
Radikale Venstre,Enhedslisten,68,5562,3167.0,0.5693994965839626,retspolitik
Radikale Venstre,Inuit Ataqatigiit,68,6,0.0,0.0,retspolitik
Radikale Venstre,Liberal Alliance,68,3145,1814.0,0.5767885532591415,retspolitik
Radikale Venstre,Moderaterne,68,41,23.0,0.5609756097560976,retspolitik
Radikale Venstre,Radikale Venstre,68,4439,4439.0,1.0,retspolitik
Radikale Venstre,Socialdemokratiet,68,6345,6344.0,0.9998423955870764,retspolitik
Radikale Venstre,Socialistisk Folkeparti,68,3537,3458.0,0.9776646875883516,retspolitik
Radikale Venstre,Uden for folketingsgrupperne,68,1794,1011.0,0.5635451505016722,retspolitik
Radikale Venstre,Venstre,68,7820,5400.0,0.690537084398977,retspolitik
Socialdemokratiet,Danmarksdemokraterne,68,3742,1985.0,0.5304649919828969,retspolitik
Socialdemokratiet,Dansk Folkeparti,68,4563,2366.0,0.5185185185185185,retspolitik
Socialdemokratiet,Det Konservative Folkeparti,68,4922,3657.0,0.7429906542056075,retspolitik
Socialdemokratiet,Enhedslisten,68,9776,6014.0,0.6151800327332242,retspolitik
Socialdemokratiet,Inuit Ataqatigiit,68,9,0.0,0.0,retspolitik
Socialdemokratiet,Liberal Alliance,68,4570,2563.0,0.5608315098468272,retspolitik
Socialdemokratiet,Moderaterne,68,275,165.0,0.6,retspolitik
Socialdemokratiet,Radikale Venstre,68,8313,8311.0,0.999759412967641,retspolitik
Socialdemokratiet,Socialdemokratiet,68,10537,10527.0,0.9990509632722786,retspolitik
Socialdemokratiet,Socialistisk Folkeparti,68,5904,5664.0,0.959349593495935,retspolitik
Socialdemokratiet,Uden for folketingsgrupperne,68,2860,1548.0,0.5412587412587413,retspolitik
Socialdemokratiet,Venstre,68,14283,10018.0,0.7013932647202968,retspolitik
Socialistisk Folkeparti,Danmarksdemokraterne,68,1477,764.0,0.5172647257955315,retspolitik
Socialistisk Folkeparti,Dansk Folkeparti,68,1627,801.0,0.4923171481253841,retspolitik
Socialistisk Folkeparti,Det Konservative Folkeparti,68,1928,1378.0,0.7147302904564315,retspolitik
Socialistisk Folkeparti,Enhedslisten,68,3890,2502.0,0.6431876606683805,retspolitik
Socialistisk Folkeparti,Inuit Ataqatigiit,68,3,0.0,0.0,retspolitik
Socialistisk Folkeparti,Liberal Alliance,68,1838,1042.0,0.5669205658324266,retspolitik
Socialistisk Folkeparti,Moderaterne,68,138,81.0,0.5869565217391305,retspolitik
Socialistisk Folkeparti,Radikale Venstre,68,3729,3618.0,0.9702333065164924,retspolitik
Socialistisk Folkeparti,Socialdemokratiet,68,4684,4494.0,0.9594363791631084,retspolitik
Socialistisk Folkeparti,Socialistisk Folkeparti,68,2130,2127.0,0.9985915492957746,retspolitik
Socialistisk Folkeparti,Uden for folketingsgrupperne,68,1275,677.0,0.5309803921568628,retspolitik
Socialistisk Folkeparti,Venstre,68,6436,4294.0,0.6671845866998135,retspolitik
Uden for folketingsgrupperne,Danmarksdemokraterne,68,138,129.0,0.9347826086956522,retspolitik
Uden for folketingsgrupperne,Dansk Folkeparti,68,484,483.0,0.9979338842975206,retspolitik
Uden for folketingsgrupperne,Det Konservative Folkeparti,68,756,533.0,0.705026455026455,retspolitik
Uden for folketingsgrupperne,Enhedslisten,68,1341,631.0,0.4705443698732289,retspolitik
Uden for folketingsgrupperne,Inuit Ataqatigiit,68,1,0.0,0.0,retspolitik
Uden for folketingsgrupperne,Liberal Alliance,68,815,505.0,0.6196319018404908,retspolitik
Uden for folketingsgrupperne,Moderaterne,68,5,5.0,1.0,retspolitik
Uden for folketingsgrupperne,Radikale Venstre,68,1265,637.0,0.5035573122529644,retspolitik
Uden for folketingsgrupperne,Socialdemokratiet,68,1543,811.0,0.525599481529488,retspolitik
Uden for folketingsgrupperne,Socialistisk Folkeparti,68,897,492.0,0.5484949832775919,retspolitik
Uden for folketingsgrupperne,Uden for folketingsgrupperne,68,321,247.0,0.7694704049844237,retspolitik
Uden for folketingsgrupperne,Venstre,68,1608,1106.0,0.6878109452736318,retspolitik
Venstre,Danmarksdemokraterne,68,4320,3035.0,0.7025462962962963,retspolitik
Venstre,Dansk Folkeparti,68,5339,3780.0,0.7079977523880877,retspolitik
Venstre,Det Konservative Folkeparti,68,6082,5521.0,0.9077606050641236,retspolitik
Venstre,Enhedslisten,68,11706,4475.0,0.3822825901247224,retspolitik
Venstre,Inuit Ataqatigiit,68,10,0.0,0.0,retspolitik
Venstre,Liberal Alliance,68,6207,4759.0,0.7667149991944578,retspolitik
Venstre,Moderaterne,68,315,301.0,0.9555555555555556,retspolitik
Venstre,Radikale Venstre,68,10982,7697.0,0.7008741577126206,retspolitik
Venstre,Socialdemokratiet,68,14149,10255.0,0.7247862039720122,retspolitik
Venstre,Socialistisk Folkeparti,68,7135,4790.0,0.6713384723195515,retspolitik
Venstre,Uden for folketingsgrupperne,68,3849,2714.0,0.7051182125227332,retspolitik
Venstre,Venstre,68,17038,16745.0,0.9828031459091444,retspolitik
Danmarksdemokraterne,Danmarksdemokraterne,67,713,679.0,0.9523141654978962,retspolitik
Danmarksdemokraterne,Dansk Folkeparti,67,3106,3027.0,0.9745653573728268,retspolitik
Danmarksdemokraterne,Det Konservative Folkeparti,67,1589,1429.0,0.8993077407174324,retspolitik
Danmarksdemokraterne,Enhedslisten,67,759,290.0,0.3820816864295125,retspolitik
Danmarksdemokraterne,Liberal Alliance,67,196,158.0,0.8061224489795918,retspolitik
Danmarksdemokraterne,Moderaterne,67,39,39.0,1.0,retspolitik
Danmarksdemokraterne,Radikale Venstre,67,619,315.0,0.5088852988691438,retspolitik
Danmarksdemokraterne,Sambandsflokkurin,67,12,12.0,1.0,retspolitik
Danmarksdemokraterne,Socialdemokratiet,67,7311,3848.0,0.526330187388866,retspolitik
Danmarksdemokraterne,Socialistisk Folkeparti,67,2782,1391.0,0.5,retspolitik
Danmarksdemokraterne,Uden for folketingsgrupperne,67,620,539.0,0.8693548387096774,retspolitik
Danmarksdemokraterne,Venstre,67,7974,7187.0,0.901304238776022,retspolitik
Dansk Folkeparti,Danmarksdemokraterne,67,451,451.0,1.0,retspolitik
Dansk Folkeparti,Dansk Folkeparti,67,2940,2940.0,1.0,retspolitik
Dansk Folkeparti,Det Konservative Folkeparti,67,1935,1715.0,0.8863049095607235,retspolitik
Dansk Folkeparti,Enhedslisten,67,843,311.0,0.3689205219454329,retspolitik
Dansk Folkeparti,Liberal Alliance,67,393,319.0,0.811704834605598,retspolitik
Dansk Folkeparti,Moderaterne,67,37,37.0,1.0,retspolitik
Dansk Folkeparti,Radikale Venstre,67,688,333.0,0.4840116279069767,retspolitik
Dansk Folkeparti,Socialdemokratiet,67,6622,3378.0,0.5101177891875567,retspolitik
Dansk Folkeparti,Socialistisk Folkeparti,67,2834,1269.0,0.4477769936485533,retspolitik
Dansk Folkeparti,Uden for folketingsgrupperne,67,774,598.0,0.772609819121447,retspolitik
Dansk Folkeparti,Venstre,67,7017,6243.0,0.8896964514749893,retspolitik
Det Konservative Folkeparti,Danmarksdemokraterne,67,636,584.0,0.9182389937106918,retspolitik
Det Konservative Folkeparti,Dansk Folkeparti,67,2409,2147.0,0.8912411789124118,retspolitik
Det Konservative Folkeparti,Det Konservative Folkeparti,67,1107,1107.0,1.0,retspolitik
Det Konservative Folkeparti,Enhedslisten,67,698,329.0,0.4713467048710602,retspolitik
Det Konservative Folkeparti,Liberal Alliance,67,225,196.0,0.8711111111111111,retspolitik
Det Konservative Folkeparti,Moderaterne,67,32,32.0,1.0,retspolitik
Det Konservative Folkeparti,Radikale Venstre,67,527,327.0,0.6204933586337761,retspolitik
Det Konservative Folkeparti,Sambandsflokkurin,67,7,7.0,1.0,retspolitik
Det Konservative Folkeparti,Socialdemokratiet,67,5360,3307.0,0.6169776119402985,retspolitik
Det Konservative Folkeparti,Socialistisk Folkeparti,67,2130,1261.0,0.592018779342723,retspolitik
Det Konservative Folkeparti,Uden for folketingsgrupperne,67,540,436.0,0.8074074074074075,retspolitik
Det Konservative Folkeparti,Venstre,67,5926,5926.0,1.0,retspolitik
Enhedslisten,Danmarksdemokraterne,67,291,108.0,0.3711340206185567,retspolitik
Enhedslisten,Dansk Folkeparti,67,1175,430.0,0.3659574468085106,retspolitik
Enhedslisten,Det Konservative Folkeparti,67,545,223.0,0.4091743119266055,retspolitik
Enhedslisten,Enhedslisten,67,177,154.0,0.8700564971751412,retspolitik
Enhedslisten,Liberal Alliance,67,133,54.0,0.4060150375939849,retspolitik
Enhedslisten,Moderaterne,67,15,3.0,0.2,retspolitik
Enhedslisten,Radikale Venstre,67,203,153.0,0.7536945812807881,retspolitik
Enhedslisten,Socialdemokratiet,67,2368,1708.0,0.7212837837837838,retspolitik
Enhedslisten,Socialistisk Folkeparti,67,1105,853.0,0.7719457013574661,retspolitik
Enhedslisten,Uden for folketingsgrupperne,67,254,125.0,0.4921259842519685,retspolitik
Enhedslisten,Venstre,67,2643,1056.0,0.3995459704880817,retspolitik
Liberal Alliance,Danmarksdemokraterne,67,218,190.0,0.8715596330275229,retspolitik
Liberal Alliance,Dansk Folkeparti,67,365,309.0,0.8465753424657534,retspolitik
Liberal Alliance,Det Konservative Folkeparti,67,245,228.0,0.9306122448979592,retspolitik
Liberal Alliance,Enhedslisten,67,101,47.0,0.4653465346534653,retspolitik
Liberal Alliance,Moderaterne,67,14,13.0,0.9285714285714286,retspolitik
Liberal Alliance,Radikale Venstre,67,84,54.0,0.6428571428571429,retspolitik
Liberal Alliance,Sambandsflokkurin,67,2,1.0,0.5,retspolitik
Liberal Alliance,Socialdemokratiet,67,1135,646.0,0.5691629955947136,retspolitik
Liberal Alliance,Socialistisk Folkeparti,67,438,247.0,0.5639269406392694,retspolitik
Liberal Alliance,Uden for folketingsgrupperne,67,80,64.0,0.8,retspolitik
Liberal Alliance,Venstre,67,1280,1195.0,0.93359375,retspolitik
Moderaterne,Danmarksdemokraterne,67,18,18.0,1.0,retspolitik
Moderaterne,Dansk Folkeparti,67,53,53.0,1.0,retspolitik
Moderaterne,Det Konservative Folkeparti,67,28,28.0,1.0,retspolitik
Moderaterne,Enhedslisten,67,6,2.0,0.3333333333333333,retspolitik
Moderaterne,Radikale Venstre,67,13,3.0,0.2307692307692307,retspolitik
Moderaterne,Socialdemokratiet,67,142,38.0,0.2676056338028169,retspolitik
Moderaterne,Socialistisk Folkeparti,67,20,5.0,0.25,retspolitik
Moderaterne,Uden for folketingsgrupperne,67,10,5.0,0.5,retspolitik
Moderaterne,Venstre,67,94,94.0,1.0,retspolitik
Radikale Venstre,Danmarksdemokraterne,67,133,67.0,0.5037593984962406,retspolitik
Radikale Venstre,Dansk Folkeparti,67,682,346.0,0.5073313782991202,retspolitik
Radikale Venstre,Det Konservative Folkeparti,67,341,209.0,0.6129032258064516,retspolitik
Radikale Venstre,Enhedslisten,67,227,170.0,0.748898678414097,retspolitik
Radikale Venstre,Liberal Alliance,67,65,35.0,0.5384615384615384,retspolitik
Radikale Venstre,Radikale Venstre,67,97,97.0,1.0,retspolitik
Radikale Venstre,Socialdemokratiet,67,1180,1027.0,0.8703389830508474,retspolitik
Radikale Venstre,Socialistisk Folkeparti,67,563,462.0,0.8206039076376554,retspolitik
Radikale Venstre,Uden for folketingsgrupperne,67,79,59.0,0.7468354430379747,retspolitik
Radikale Venstre,Venstre,67,1047,624.0,0.5959885386819485,retspolitik
Sambandsflokkurin,Danmarksdemokraterne,67,19,19.0,1.0,retspolitik
Sambandsflokkurin,Dansk Folkeparti,67,45,45.0,1.0,retspolitik
Sambandsflokkurin,Det Konservative Folkeparti,67,20,20.0,1.0,retspolitik
Sambandsflokkurin,Enhedslisten,67,17,4.0,0.2352941176470588,retspolitik
Sambandsflokkurin,Liberal Alliance,67,4,4.0,1.0,retspolitik
Sambandsflokkurin,Moderaterne,67,3,3.0,1.0,retspolitik
Sambandsflokkurin,Radikale Venstre,67,12,6.0,0.5,retspolitik
Sambandsflokkurin,Socialdemokratiet,67,124,70.0,0.5645161290322581,retspolitik
Sambandsflokkurin,Socialistisk Folkeparti,67,49,21.0,0.4285714285714285,retspolitik
Sambandsflokkurin,Uden for folketingsgrupperne,67,11,10.0,0.9090909090909092,retspolitik
Sambandsflokkurin,Venstre,67,156,156.0,1.0,retspolitik
Socialdemokratiet,Danmarksdemokraterne,67,3201,1599.0,0.4995313964386129,retspolitik
Socialdemokratiet,Dansk Folkeparti,67,13381,6627.0,0.4952544652866004,retspolitik
Socialdemokratiet,Det Konservative Folkeparti,67,7075,4267.0,0.6031095406360424,retspolitik
Socialdemokratiet,Enhedslisten,67,3454,2686.0,0.7776491024898669,retspolitik
Socialdemokratiet,Liberal Alliance,67,1103,648.0,0.5874886672710788,retspolitik
Socialdemokratiet,Moderaterne,67,184,50.0,0.2717391304347826,retspolitik
Socialdemokratiet,Radikale Venstre,67,2770,2405.0,0.868231046931408,retspolitik
Socialdemokratiet,Sambandsflokkurin,67,30,18.0,0.6,retspolitik
Socialdemokratiet,Socialdemokratiet,67,27941,27437.0,0.9819619913388926,retspolitik
Socialdemokratiet,Socialistisk Folkeparti,67,11396,10637.0,0.9333976833976834,retspolitik
Socialdemokratiet,Uden for folketingsgrupperne,67,2923,1678.0,0.5740677386247006,retspolitik
Socialdemokratiet,Venstre,67,30857,18114.0,0.5870304955115533,retspolitik
Socialistisk Folkeparti,Danmarksdemokraterne,67,1161,575.0,0.4952627045650301,retspolitik
Socialistisk Folkeparti,Dansk Folkeparti,67,4739,2271.0,0.4792150242667229,retspolitik
Socialistisk Folkeparti,Det Konservative Folkeparti,67,2598,1483.0,0.5708237105465743,retspolitik
Socialistisk Folkeparti,Enhedslisten,67,1089,913.0,0.8383838383838383,retspolitik
Socialistisk Folkeparti,Liberal Alliance,67,391,224.0,0.5728900255754475,retspolitik
Socialistisk Folkeparti,Moderaterne,67,63,17.0,0.2698412698412698,retspolitik
Socialistisk Folkeparti,Radikale Venstre,67,943,779.0,0.8260869565217391,retspolitik
Socialistisk Folkeparti,Sambandsflokkurin,67,6,4.0,0.6666666666666666,retspolitik
Socialistisk Folkeparti,Socialdemokratiet,67,10327,9574.0,0.9270843420160744,retspolitik
Socialistisk Folkeparti,Socialistisk Folkeparti,67,3598,3592.0,0.9983324068927182,retspolitik
Socialistisk Folkeparti,Uden for folketingsgrupperne,67,1061,566.0,0.5334590009425071,retspolitik
Socialistisk Folkeparti,Venstre,67,12155,6956.0,0.57227478403949,retspolitik
Uden for folketingsgrupperne,Danmarksdemokraterne,67,104,99.0,0.9519230769230768,retspolitik
Uden for folketingsgrupperne,Dansk Folkeparti,67,634,634.0,1.0,retspolitik
Uden for folketingsgrupperne,Det Konservative Folkeparti,67,387,339.0,0.875968992248062,retspolitik
Uden for folketingsgrupperne,Enhedslisten,67,157,58.0,0.3694267515923566,retspolitik
Uden for folketingsgrupperne,Liberal Alliance,67,61,50.0,0.819672131147541,retspolitik
Uden for folketingsgrupperne,Moderaterne,67,15,15.0,1.0,retspolitik
Uden for folketingsgrupperne,Radikale Venstre,67,224,106.0,0.4732142857142857,retspolitik
Uden for folketingsgrupperne,Socialdemokratiet,67,1236,614.0,0.4967637540453074,retspolitik
Uden for folketingsgrupperne,Socialistisk Folkeparti,67,479,225.0,0.4697286012526096,retspolitik
Uden for folketingsgrupperne,Uden for folketingsgrupperne,67,86,61.0,0.7093023255813954,retspolitik
Uden for folketingsgrupperne,Venstre,67,1249,1084.0,0.8678943154523618,retspolitik
Venstre,Danmarksdemokraterne,67,4188,3856.0,0.9207258834765998,retspolitik
Venstre,Dansk Folkeparti,67,16397,14583.0,0.8893700067085443,retspolitik
Venstre,Det Konservative Folkeparti,67,8763,8758.0,0.9994294191486932,retspolitik
Venstre,Enhedslisten,67,4126,1801.0,0.4365002423654872,retspolitik
Venstre,Liberal Alliance,67,1283,1090.0,0.8495713172252534,retspolitik
Venstre,Moderaterne,67,236,235.0,0.9957627118644068,retspolitik
Venstre,Radikale Venstre,67,3556,2112.0,0.59392575928009,retspolitik
Venstre,Sambandsflokkurin,67,17,17.0,1.0,retspolitik
Venstre,Socialdemokratiet,67,36900,22048.0,0.5975067750677506,retspolitik
Venstre,Socialistisk Folkeparti,67,13295,7587.0,0.5706656637833772,retspolitik
Venstre,Uden for folketingsgrupperne,67,3616,2988.0,0.8263274336283186,retspolitik
Venstre,Venstre,67,37911,37890.0,0.9994460710611696,retspolitik
Alternativet,Liberal Alliance,69,23,6.0,0.2608695652173913,retspolitik
Alternativet,Radikale Venstre,69,11,8.0,0.7272727272727273,retspolitik
Danmarksdemokraterne,Alternativet,69,150,34.0,0.2266666666666666,retspolitik
Danmarksdemokraterne,Danmarksdemokraterne,69,1961,1852.0,0.944416114227435,retspolitik
Danmarksdemokraterne,Dansk Folkeparti,69,4024,3915.0,0.9729125248508946,retspolitik
Danmarksdemokraterne,Det Konservative Folkeparti,69,134,113.0,0.8432835820895522,retspolitik
Danmarksdemokraterne,Enhedslisten,69,3129,1108.0,0.3541067433684883,retspolitik
Danmarksdemokraterne,Liberal Alliance,69,3825,3176.0,0.8303267973856209,retspolitik
Danmarksdemokraterne,Moderaterne,69,218,177.0,0.8119266055045872,retspolitik
Danmarksdemokraterne,Radikale Venstre,69,3415,1953.0,0.5718887262079063,retspolitik
Danmarksdemokraterne,Socialdemokratiet,69,13378,9091.0,0.6795485124831814,retspolitik
Danmarksdemokraterne,Socialistisk Folkeparti,69,2098,921.0,0.4389895138226882,retspolitik
Danmarksdemokraterne,Uden for folketingsgrupperne,69,2031,1900.0,0.9354997538158544,retspolitik
Danmarksdemokraterne,Venstre,69,12146,10361.0,0.8530380372138976,retspolitik
Dansk Folkeparti,Alternativet,69,158,28.0,0.1772151898734177,retspolitik
Dansk Folkeparti,Danmarksdemokraterne,69,1509,1463.0,0.9695162359178264,retspolitik
Dansk Folkeparti,Dansk Folkeparti,69,2865,2856.0,0.9968586387434556,retspolitik
Dansk Folkeparti,Det Konservative Folkeparti,69,111,94.0,0.8468468468468469,retspolitik
Dansk Folkeparti,Enhedslisten,69,2917,962.0,0.3297908810421666,retspolitik
Dansk Folkeparti,Liberal Alliance,69,2674,2169.0,0.8111443530291698,retspolitik
Dansk Folkeparti,Moderaterne,69,116,89.0,0.7672413793103449,retspolitik
Dansk Folkeparti,Radikale Venstre,69,2870,1582.0,0.551219512195122,retspolitik
Dansk Folkeparti,Socialdemokratiet,69,10456,6741.0,0.6447016067329763,retspolitik
Dansk Folkeparti,Socialistisk Folkeparti,69,1098,459.0,0.4180327868852459,retspolitik
Dansk Folkeparti,Uden for folketingsgrupperne,69,1406,1287.0,0.9153627311522048,retspolitik
Dansk Folkeparti,Venstre,69,9440,7933.0,0.8403601694915255,retspolitik
Det Konservative Folkeparti,Alternativet,69,6,3.0,0.5,retspolitik
Det Konservative Folkeparti,Danmarksdemokraterne,69,228,191.0,0.8377192982456141,retspolitik
Det Konservative Folkeparti,Dansk Folkeparti,69,369,306.0,0.8292682926829268,retspolitik
Det Konservative Folkeparti,Det Konservative Folkeparti,69,16,16.0,1.0,retspolitik
Det Konservative Folkeparti,Enhedslisten,69,339,145.0,0.4277286135693215,retspolitik
Det Konservative Folkeparti,Liberal Alliance,69,247,225.0,0.9109311740890688,retspolitik
Det Konservative Folkeparti,Moderaterne,69,33,29.0,0.8787878787878788,retspolitik
Det Konservative Folkeparti,Radikale Venstre,69,233,144.0,0.6180257510729614,retspolitik
Det Konservative Folkeparti,Socialdemokratiet,69,947,736.0,0.7771911298838438,retspolitik
Det Konservative Folkeparti,Socialistisk Folkeparti,69,162,81.0,0.5,retspolitik
Det Konservative Folkeparti,Uden for folketingsgrupperne,69,121,103.0,0.8512396694214877,retspolitik
Det Konservative Folkeparti,Venstre,69,1034,959.0,0.9274661508704062,retspolitik
Enhedslisten,Alternativet,69,111,95.0,0.8558558558558559,retspolitik
Enhedslisten,Danmarksdemokraterne,69,1568,568.0,0.3622448979591837,retspolitik
Enhedslisten,Dansk Folkeparti,69,2705,983.0,0.3634011090573013,retspolitik
Enhedslisten,Det Konservative Folkeparti,69,67,37.0,0.5522388059701493,retspolitik
Enhedslisten,Enhedslisten,69,1907,1907.0,1.0,retspolitik
Enhedslisten,Liberal Alliance,69,2491,916.0,0.3677238057005219,retspolitik
Enhedslisten,Moderaterne,69,179,76.0,0.4245810055865922,retspolitik
Enhedslisten,Radikale Venstre,69,2238,1450.0,0.647899910634495,retspolitik
Enhedslisten,Socialdemokratiet,69,9306,5038.0,0.541371158392435,retspolitik
Enhedslisten,Socialistisk Folkeparti,69,1383,1142.0,0.8257411424439624,retspolitik
Enhedslisten,Uden for folketingsgrupperne,69,1208,384.0,0.3178807947019867,retspolitik
Enhedslisten,Venstre,69,8769,3440.0,0.3922910252024176,retspolitik
Liberal Alliance,Alternativet,69,98,17.0,0.173469387755102,retspolitik
Liberal Alliance,Danmarksdemokraterne,69,268,207.0,0.7723880597014925,retspolitik
Liberal Alliance,Dansk Folkeparti,69,2151,1747.0,0.8121803812180381,retspolitik
Liberal Alliance,Det Konservative Folkeparti,69,49,43.0,0.8775510204081632,retspolitik
Liberal Alliance,Enhedslisten,69,1625,596.0,0.3667692307692308,retspolitik
Liberal Alliance,Liberal Alliance,69,1365,1360.0,0.9963369963369964,retspolitik
Liberal Alliance,Moderaterne,69,12,9.0,0.75,retspolitik
Liberal Alliance,Radikale Venstre,69,1864,1163.0,0.6239270386266095,retspolitik
Liberal Alliance,Socialdemokratiet,69,6034,4512.0,0.7477626781571097,retspolitik
Liberal Alliance,Socialistisk Folkeparti,69,513,226.0,0.4405458089668616,retspolitik
Liberal Alliance,Uden for folketingsgrupperne,69,848,742.0,0.875,retspolitik
Liberal Alliance,Venstre,69,4870,4598.0,0.9441478439425052,retspolitik
Moderaterne,Alternativet,69,4,0.0,0.0,retspolitik
Moderaterne,Danmarksdemokraterne,69,104,75.0,0.7211538461538461,retspolitik
Moderaterne,Dansk Folkeparti,69,284,214.0,0.7535211267605634,retspolitik
Moderaterne,Det Konservative Folkeparti,69,7,7.0,1.0,retspolitik
Moderaterne,Enhedslisten,69,157,74.0,0.4713375796178344,retspolitik
Moderaterne,Liberal Alliance,69,264,239.0,0.9053030303030304,retspolitik
Moderaterne,Radikale Venstre,69,225,153.0,0.68,retspolitik
Moderaterne,Socialdemokratiet,69,912,744.0,0.8157894736842105,retspolitik
Moderaterne,Socialistisk Folkeparti,69,120,64.0,0.5333333333333333,retspolitik
Moderaterne,Uden for folketingsgrupperne,69,133,104.0,0.7819548872180451,retspolitik
Moderaterne,Venstre,69,744,744.0,1.0,retspolitik
Radikale Venstre,Alternativet,69,126,85.0,0.6746031746031746,retspolitik
Radikale Venstre,Danmarksdemokraterne,69,681,383.0,0.5624082232011748,retspolitik
Radikale Venstre,Dansk Folkeparti,69,1958,1055.0,0.5388151174668029,retspolitik
Radikale Venstre,Det Konservative Folkeparti,69,65,52.0,0.8,retspolitik
Radikale Venstre,Enhedslisten,69,1794,1165.0,0.649386845039019,retspolitik
Radikale Venstre,Liberal Alliance,69,1699,1133.0,0.6668628605061802,retspolitik
Radikale Venstre,Moderaterne,69,28,20.0,0.7142857142857143,retspolitik
Radikale Venstre,Radikale Venstre,69,1357,1350.0,0.9948415622697128,retspolitik
Radikale Venstre,Socialdemokratiet,69,6269,4980.0,0.7943850693890573,retspolitik
Radikale Venstre,Socialistisk Folkeparti,69,391,290.0,0.7416879795396419,retspolitik
Radikale Venstre,Uden for folketingsgrupperne,69,669,400.0,0.5979073243647235,retspolitik
Radikale Venstre,Venstre,69,5223,3607.0,0.6905992724487843,retspolitik
Socialdemokratiet,Alternativet,69,547,326.0,0.5959780621572212,retspolitik
Socialdemokratiet,Danmarksdemokraterne,69,4617,3089.0,0.6690491661251895,retspolitik
Socialdemokratiet,Dansk Folkeparti,69,10907,6911.0,0.6336297790409828,retspolitik
Socialdemokratiet,Det Konservative Folkeparti,69,324,270.0,0.8333333333333334,retspolitik
Socialdemokratiet,Enhedslisten,69,8501,4522.0,0.5319374191271615,retspolitik
Socialdemokratiet,Liberal Alliance,69,9363,7028.0,0.7506141194061733,retspolitik
Socialdemokratiet,Moderaterne,69,307,236.0,0.7687296416938111,retspolitik
Socialdemokratiet,Radikale Venstre,69,9232,7313.0,0.792136048526863,retspolitik
Socialdemokratiet,Socialdemokratiet,69,32742,32081.0,0.97981186243968,retspolitik
Socialdemokratiet,Socialistisk Folkeparti,69,3899,2553.0,0.6547832777635291,retspolitik
Socialdemokratiet,Uden for folketingsgrupperne,69,4867,3178.0,0.6529689747277584,retspolitik
Socialdemokratiet,Venstre,69,30195,23728.0,0.7858254677926809,retspolitik
Socialistisk Folkeparti,Alternativet,69,81,57.0,0.7037037037037037,retspolitik
Socialistisk Folkeparti,Danmarksdemokraterne,69,435,210.0,0.4827586206896552,retspolitik
Socialistisk Folkeparti,Dansk Folkeparti,69,1948,823.0,0.4224845995893224,retspolitik
Socialistisk Folkeparti,Det Konservative Folkeparti,69,55,32.0,0.5818181818181818,retspolitik
Socialistisk Folkeparti,Enhedslisten,69,1134,892.0,0.7865961199294532,retspolitik
Socialistisk Folkeparti,Liberal Alliance,69,1667,813.0,0.4877024595080984,retspolitik
Socialistisk Folkeparti,Moderaterne,69,58,31.0,0.5344827586206896,retspolitik
Socialistisk Folkeparti,Radikale Venstre,69,1834,1354.0,0.7382769901853872,retspolitik
Socialistisk Folkeparti,Socialdemokratiet,69,5707,3732.0,0.6539337655510776,retspolitik
Socialistisk Folkeparti,Socialistisk Folkeparti,69,443,443.0,1.0,retspolitik
Socialistisk Folkeparti,Uden for folketingsgrupperne,69,1091,449.0,0.4115490375802016,retspolitik
Socialistisk Folkeparti,Venstre,69,5077,2606.0,0.5132952531022257,retspolitik
Uden for folketingsgrupperne,Alternativet,69,75,14.0,0.1866666666666666,retspolitik
Uden for folketingsgrupperne,Danmarksdemokraterne,69,27,26.0,0.9629629629629628,retspolitik
Uden for folketingsgrupperne,Dansk Folkeparti,69,1102,1102.0,1.0,retspolitik
Uden for folketingsgrupperne,Det Konservative Folkeparti,69,21,19.0,0.9047619047619048,retspolitik
Uden for folketingsgrupperne,Enhedslisten,69,815,249.0,0.305521472392638,retspolitik
Uden for folketingsgrupperne,Liberal Alliance,69,901,768.0,0.8523862375138734,retspolitik
Uden for folketingsgrupperne,Radikale Venstre,69,1154,597.0,0.5173310225303293,retspolitik
Uden for folketingsgrupperne,Socialdemokratiet,69,3149,2052.0,0.6516354398221658,retspolitik
Uden for folketingsgrupperne,Socialistisk Folkeparti,69,51,21.0,0.4117647058823529,retspolitik
Uden for folketingsgrupperne,Uden for folketingsgrupperne,69,294,266.0,0.9047619047619048,retspolitik
Uden for folketingsgrupperne,Venstre,69,2473,2135.0,0.8633238980994743,retspolitik
Venstre,Alternativet,69,468,138.0,0.2948717948717949,retspolitik
Venstre,Danmarksdemokraterne,69,4226,3570.0,0.8447704685281591,retspolitik
Venstre,Dansk Folkeparti,69,10151,8462.0,0.8336124519751749,retspolitik
Venstre,Det Konservative Folkeparti,69,359,351.0,0.977715877437326,retspolitik
Venstre,Enhedslisten,69,7603,2976.0,0.3914244377219518,retspolitik
Venstre,Liberal Alliance,69,9199,8779.0,0.9543428633547124,retspolitik
Venstre,Moderaterne,69,363,363.0,1.0,retspolitik
Venstre,Radikale Venstre,69,8979,6201.0,0.6906114266622119,retspolitik
Venstre,Socialdemokratiet,69,32620,25818.0,0.791477621091355,retspolitik
Venstre,Socialistisk Folkeparti,69,3860,1959.0,0.5075129533678756,retspolitik
Venstre,Uden for folketingsgrupperne,69,4777,4104.0,0.8591166003768055,retspolitik
Venstre,Venstre,69,27115,27115.0,1.0,retspolitik
Danmarksdemokraterne,Danmarksdemokraterne,66,664,643.0,0.9683734939759036,retspolitik
Danmarksdemokraterne,Dansk Folkeparti,66,1792,1745.0,0.9737723214285714,retspolitik
Danmarksdemokraterne,Det Konservative Folkeparti,66,1442,1372.0,0.9514563106796116,retspolitik
Danmarksdemokraterne,Enhedslisten,66,565,172.0,0.3044247787610619,retspolitik
Danmarksdemokraterne,Liberal Alliance,66,225,215.0,0.9555555555555556,retspolitik
Danmarksdemokraterne,Moderaterne,66,54,50.0,0.925925925925926,retspolitik
Danmarksdemokraterne,Radikale Venstre,66,972,536.0,0.551440329218107,retspolitik
Danmarksdemokraterne,Siumut,66,7,0.0,0.0,retspolitik
Danmarksdemokraterne,Socialdemokratiet,66,4075,2388.0,0.5860122699386503,retspolitik
Danmarksdemokraterne,Socialistisk Folkeparti,66,896,340.0,0.3794642857142857,retspolitik
Danmarksdemokraterne,Uden for folketingsgrupperne,66,809,621.0,0.7676143386897404,retspolitik
Danmarksdemokraterne,Venstre,66,5449,5201.0,0.9544870618462103,retspolitik
Dansk Folkeparti,Danmarksdemokraterne,66,668,668.0,1.0,retspolitik
Dansk Folkeparti,Dansk Folkeparti,66,1534,1534.0,1.0,retspolitik
Dansk Folkeparti,Det Konservative Folkeparti,66,1016,942.0,0.9271653543307088,retspolitik
Dansk Folkeparti,Enhedslisten,66,593,180.0,0.3035413153456998,retspolitik
Dansk Folkeparti,Liberal Alliance,66,203,189.0,0.9310344827586208,retspolitik
Dansk Folkeparti,Moderaterne,66,56,52.0,0.9285714285714286,retspolitik
Dansk Folkeparti,Radikale Venstre,66,1109,566.0,0.5103697024346258,retspolitik
Dansk Folkeparti,Siumut,66,4,0.0,0.0,retspolitik
Dansk Folkeparti,Socialdemokratiet,66,3552,1976.0,0.5563063063063063,retspolitik
Dansk Folkeparti,Socialistisk Folkeparti,66,1120,440.0,0.3928571428571428,retspolitik
Dansk Folkeparti,Uden for folketingsgrupperne,66,1110,741.0,0.6675675675675675,retspolitik
Dansk Folkeparti,Venstre,66,4900,4569.0,0.9324489795918368,retspolitik
Det Konservative Folkeparti,Danmarksdemokraterne,66,936,885.0,0.9455128205128204,retspolitik
Det Konservative Folkeparti,Dansk Folkeparti,66,2437,2243.0,0.9203939269593764,retspolitik
Det Konservative Folkeparti,Det Konservative Folkeparti,66,1408,1408.0,1.0,retspolitik
Det Konservative Folkeparti,Enhedslisten,66,803,248.0,0.3088418430884184,retspolitik
Det Konservative Folkeparti,Liberal Alliance,66,313,310.0,0.9904153354632588,retspolitik
Det Konservative Folkeparti,Moderaterne,66,81,81.0,1.0,retspolitik
Det Konservative Folkeparti,Radikale Venstre,66,1463,852.0,0.582365003417635,retspolitik
Det Konservative Folkeparti,Siumut,66,11,0.0,0.0,retspolitik
Det Konservative Folkeparti,Socialdemokratiet,66,5437,3432.0,0.6312304579731469,retspolitik
Det Konservative Folkeparti,Socialistisk Folkeparti,66,1212,466.0,0.3844884488448845,retspolitik
Det Konservative Folkeparti,Uden for folketingsgrupperne,66,1174,922.0,0.7853492333901193,retspolitik
Det Konservative Folkeparti,Venstre,66,6808,6800.0,0.9988249118683902,retspolitik
Enhedslisten,Danmarksdemokraterne,66,298,89.0,0.2986577181208054,retspolitik
Enhedslisten,Dansk Folkeparti,66,670,205.0,0.3059701492537313,retspolitik
Enhedslisten,Det Konservative Folkeparti,66,425,126.0,0.2964705882352941,retspolitik
Enhedslisten,Enhedslisten,66,141,140.0,0.9929078014184396,retspolitik
Enhedslisten,Liberal Alliance,66,79,29.0,0.3670886075949367,retspolitik
Enhedslisten,Moderaterne,66,16,8.0,0.5,retspolitik
Enhedslisten,Radikale Venstre,66,318,173.0,0.5440251572327044,retspolitik
Enhedslisten,Siumut,66,3,2.0,0.6666666666666666,retspolitik
Enhedslisten,Socialdemokratiet,66,1331,810.0,0.608564988730278,retspolitik
Enhedslisten,Socialistisk Folkeparti,66,403,356.0,0.8833746898263027,retspolitik
Enhedslisten,Uden for folketingsgrupperne,66,367,181.0,0.4931880108991825,retspolitik
Enhedslisten,Venstre,66,1875,583.0,0.3109333333333333,retspolitik
Liberal Alliance,Danmarksdemokraterne,66,93,86.0,0.9247311827956988,retspolitik
Liberal Alliance,Dansk Folkeparti,66,257,235.0,0.914396887159533,retspolitik
Liberal Alliance,Det Konservative Folkeparti,66,136,134.0,0.9852941176470588,retspolitik
Liberal Alliance,Enhedslisten,66,101,33.0,0.3267326732673267,retspolitik
Liberal Alliance,Radikale Venstre,66,225,145.0,0.6444444444444445,retspolitik
Liberal Alliance,Socialdemokratiet,66,563,388.0,0.6891651865008881,retspolitik
Liberal Alliance,Socialistisk Folkeparti,66,125,51.0,0.408,retspolitik
Liberal Alliance,Uden for folketingsgrupperne,66,141,110.0,0.7801418439716312,retspolitik
Liberal Alliance,Venstre,66,559,551.0,0.9856887298747764,retspolitik
Moderaterne,Danmarksdemokraterne,66,21,21.0,1.0,retspolitik
Moderaterne,Dansk Folkeparti,66,74,68.0,0.918918918918919,retspolitik
Moderaterne,Det Konservative Folkeparti,66,39,39.0,1.0,retspolitik
Moderaterne,Enhedslisten,66,27,13.0,0.4814814814814814,retspolitik
Moderaterne,Liberal Alliance,66,16,16.0,1.0,retspolitik
Moderaterne,Radikale Venstre,66,57,44.0,0.7719298245614035,retspolitik
Moderaterne,Socialdemokratiet,66,143,98.0,0.6853146853146853,retspolitik
Moderaterne,Socialistisk Folkeparti,66,34,19.0,0.5588235294117647,retspolitik
Moderaterne,Uden for folketingsgrupperne,66,45,38.0,0.8444444444444444,retspolitik
Moderaterne,Venstre,66,149,149.0,1.0,retspolitik
Radikale Venstre,Danmarksdemokraterne,66,394,212.0,0.5380710659898477,retspolitik
Radikale Venstre,Dansk Folkeparti,66,788,390.0,0.4949238578680203,retspolitik
Radikale Venstre,Det Konservative Folkeparti,66,345,198.0,0.5739130434782609,retspolitik
Radikale Venstre,Enhedslisten,66,323,198.0,0.6130030959752322,retspolitik
Radikale Venstre,Radikale Venstre,66,400,396.0,0.99,retspolitik
Radikale Venstre,Socialdemokratiet,66,1531,1147.0,0.7491835401698237,retspolitik
Radikale Venstre,Socialistisk Folkeparti,66,525,349.0,0.6647619047619048,retspolitik
Radikale Venstre,Uden for folketingsgrupperne,66,608,482.0,0.7927631578947368,retspolitik
Radikale Venstre,Venstre,66,2211,1237.0,0.5594753505201266,retspolitik
Siumut,Danmarksdemokraterne,66,2,0.0,0.0,retspolitik
Siumut,Dansk Folkeparti,66,5,0.0,0.0,retspolitik
Siumut,Det Konservative Folkeparti,66,5,0.0,0.0,retspolitik
Siumut,Enhedslisten,66,1,1.0,1.0,retspolitik
Siumut,Liberal Alliance,66,1,0.0,0.0,retspolitik
Siumut,Radikale Venstre,66,8,0.0,0.0,retspolitik
Siumut,Socialdemokratiet,66,13,1.0,0.0769230769230769,retspolitik
Siumut,Socialistisk Folkeparti,66,5,2.0,0.4,retspolitik
Siumut,Uden for folketingsgrupperne,66,4,0.0,0.0,retspolitik
Siumut,Venstre,66,14,0.0,0.0,retspolitik
Socialdemokratiet,Danmarksdemokraterne,66,2069,1265.0,0.611406476558724,retspolitik
Socialdemokratiet,Dansk Folkeparti,66,5421,3138.0,0.5788599889319314,retspolitik
Socialdemokratiet,Det Konservative Folkeparti,66,3179,2060.0,0.6480025165146273,retspolitik
Socialdemokratiet,Enhedslisten,66,1793,1084.0,0.6045733407696597,retspolitik
Socialdemokratiet,Liberal Alliance,66,589,428.0,0.7266553480475382,retspolitik
Socialdemokratiet,Moderaterne,66,155,113.0,0.7290322580645161,retspolitik
Socialdemokratiet,Radikale Venstre,66,3153,2460.0,0.780209324452902,retspolitik
Socialdemokratiet,Siumut,66,18,0.0,0.0,retspolitik
Socialdemokratiet,Socialdemokratiet,66,10499,10155.0,0.9672349747595008,retspolitik
Socialdemokratiet,Socialistisk Folkeparti,66,2911,2162.0,0.7427001030573686,retspolitik
Socialdemokratiet,Uden for folketingsgrupperne,66,2787,1938.0,0.6953713670613563,retspolitik
Socialdemokratiet,Venstre,66,14502,9065.0,0.6250861950075851,retspolitik
Socialistisk Folkeparti,Danmarksdemokraterne,66,670,245.0,0.3656716417910448,retspolitik
Socialistisk Folkeparti,Dansk Folkeparti,66,1240,446.0,0.3596774193548387,retspolitik
Socialistisk Folkeparti,Det Konservative Folkeparti,66,1034,399.0,0.3858800773694391,retspolitik
Socialistisk Folkeparti,Enhedslisten,66,429,387.0,0.902097902097902,retspolitik
Socialistisk Folkeparti,Liberal Alliance,66,179,69.0,0.3854748603351955,retspolitik
Socialistisk Folkeparti,Moderaterne,66,53,26.0,0.490566037735849,retspolitik
Socialistisk Folkeparti,Radikale Venstre,66,667,486.0,0.7286356821589205,retspolitik
Socialistisk Folkeparti,Siumut,66,3,2.0,0.6666666666666666,retspolitik
Socialistisk Folkeparti,Socialdemokratiet,66,2871,2139.0,0.7450365726227796,retspolitik
Socialistisk Folkeparti,Socialistisk Folkeparti,66,630,622.0,0.9873015873015872,retspolitik
Socialistisk Folkeparti,Uden for folketingsgrupperne,66,664,375.0,0.5647590361445783,retspolitik
Socialistisk Folkeparti,Venstre,66,4320,1656.0,0.3833333333333333,retspolitik
Uden for folketingsgrupperne,Danmarksdemokraterne,66,305,232.0,0.760655737704918,retspolitik
Uden for folketingsgrupperne,Dansk Folkeparti,66,602,554.0,0.920265780730897,retspolitik
Uden for folketingsgrupperne,Det Konservative Folkeparti,66,431,364.0,0.8445475638051044,retspolitik
Uden for folketingsgrupperne,Enhedslisten,66,214,83.0,0.3878504672897196,retspolitik
Uden for folketingsgrupperne,Liberal Alliance,66,64,62.0,0.96875,retspolitik
Uden for folketingsgrupperne,Moderaterne,66,19,17.0,0.8947368421052632,retspolitik
Uden for folketingsgrupperne,Radikale Venstre,66,243,128.0,0.5267489711934157,retspolitik
Uden for folketingsgrupperne,Socialdemokratiet,66,1343,808.0,0.6016381236038719,retspolitik
Uden for folketingsgrupperne,Socialistisk Folkeparti,66,476,244.0,0.5126050420168067,retspolitik
Uden for folketingsgrupperne,Uden for folketingsgrupperne,66,291,207.0,0.711340206185567,retspolitik
Uden for folketingsgrupperne,Venstre,66,2188,1865.0,0.8523765996343693,retspolitik
Venstre,Danmarksdemokraterne,66,4696,4487.0,0.9554940374787052,retspolitik
Venstre,Dansk Folkeparti,66,10058,9385.0,0.9330880890833168,retspolitik
Venstre,Det Konservative Folkeparti,66,7391,7378.0,0.9982411040454608,retspolitik
Venstre,Enhedslisten,66,3261,994.0,0.3048144740877032,retspolitik
Venstre,Liberal Alliance,66,1294,1274.0,0.9845440494590416,retspolitik
Venstre,Moderaterne,66,363,363.0,1.0,retspolitik
Venstre,Radikale Venstre,66,5666,3065.0,0.5409459936463114,retspolitik
Venstre,Siumut,66,29,0.0,0.0,retspolitik
Venstre,Socialdemokratiet,66,22396,13362.0,0.5966243972137881,retspolitik
Venstre,Socialistisk Folkeparti,66,5372,2062.0,0.3838421444527178,retspolitik
Venstre,Uden for folketingsgrupperne,66,4753,3608.0,0.7590995160950978,retspolitik
Venstre,Venstre,66,29597,29523.0,0.9974997465959388,retspolitik
Danmarksdemokraterne,Danmarksdemokraterne,65,5,5.0,1.0,retspolitik
Danmarksdemokraterne,Dansk Folkeparti,65,54,54.0,1.0,retspolitik
Danmarksdemokraterne,Det Konservative Folkeparti,65,29,29.0,1.0,retspolitik
Danmarksdemokraterne,Enhedslisten,65,2,0.0,0.0,retspolitik
Danmarksdemokraterne,Kristendemokraterne,65,2,2.0,1.0,retspolitik
Danmarksdemokraterne,Liberal Alliance,65,10,10.0,1.0,retspolitik
Danmarksdemokraterne,Radikale Venstre,65,20,14.0,0.7,retspolitik
Danmarksdemokraterne,Sambandsflokkurin,65,2,2.0,1.0,retspolitik
Danmarksdemokraterne,Socialdemokratiet,65,177,68.0,0.384180790960452,retspolitik
Danmarksdemokraterne,Socialistisk Folkeparti,65,24,8.0,0.3333333333333333,retspolitik
Danmarksdemokraterne,Uden for folketingsgrupperne,65,36,32.0,0.8888888888888888,retspolitik
Danmarksdemokraterne,Venstre,65,133,132.0,0.9924812030075189,retspolitik
Dansk Folkeparti,Dansk Folkeparti,65,60,60.0,1.0,retspolitik
Dansk Folkeparti,Det Konservative Folkeparti,65,10,10.0,1.0,retspolitik
Dansk Folkeparti,Enhedslisten,65,2,0.0,0.0,retspolitik
Dansk Folkeparti,Kristendemokraterne,65,2,2.0,1.0,retspolitik
Dansk Folkeparti,Liberal Alliance,65,8,8.0,1.0,retspolitik
Dansk Folkeparti,Radikale Venstre,65,22,16.0,0.7272727272727273,retspolitik
Dansk Folkeparti,Sambandsflokkurin,65,2,2.0,1.0,retspolitik
Dansk Folkeparti,Socialdemokratiet,65,172,64.0,0.3720930232558139,retspolitik
Dansk Folkeparti,Socialistisk Folkeparti,65,36,10.0,0.2777777777777778,retspolitik
Dansk Folkeparti,Uden for folketingsgrupperne,65,27,22.0,0.8148148148148148,retspolitik
Dansk Folkeparti,Venstre,65,138,138.0,1.0,retspolitik
Det Konservative Folkeparti,Danmarksdemokraterne,65,17,17.0,1.0,retspolitik
Det Konservative Folkeparti,Dansk Folkeparti,65,115,115.0,1.0,retspolitik
Det Konservative Folkeparti,Det Konservative Folkeparti,65,43,43.0,1.0,retspolitik
Det Konservative Folkeparti,Enhedslisten,65,5,0.0,0.0,retspolitik
Det Konservative Folkeparti,Kristendemokraterne,65,3,3.0,1.0,retspolitik
Det Konservative Folkeparti,Liberal Alliance,65,20,20.0,1.0,retspolitik
Det Konservative Folkeparti,Radikale Venstre,65,48,35.0,0.7291666666666666,retspolitik
Det Konservative Folkeparti,Sambandsflokkurin,65,5,5.0,1.0,retspolitik
Det Konservative Folkeparti,Socialdemokratiet,65,376,162.0,0.4308510638297872,retspolitik
Det Konservative Folkeparti,Socialistisk Folkeparti,65,51,19.0,0.3725490196078431,retspolitik
Det Konservative Folkeparti,Uden for folketingsgrupperne,65,73,65.0,0.8904109589041096,retspolitik
Det Konservative Folkeparti,Venstre,65,279,276.0,0.989247311827957,retspolitik
Enhedslisten,Dansk Folkeparti,65,4,0.0,0.0,retspolitik
Enhedslisten,Radikale Venstre,65,2,2.0,1.0,retspolitik
Enhedslisten,Sambandsflokkurin,65,1,0.0,0.0,retspolitik
Enhedslisten,Socialdemokratiet,65,11,10.0,0.9090909090909092,retspolitik
Enhedslisten,Socialistisk Folkeparti,65,2,2.0,1.0,retspolitik
Enhedslisten,Uden for folketingsgrupperne,65,2,1.0,0.5,retspolitik
Enhedslisten,Venstre,65,5,0.0,0.0,retspolitik
Kristendemokraterne,Dansk Folkeparti,65,3,3.0,1.0,retspolitik
Kristendemokraterne,Radikale Venstre,65,1,0.0,0.0,retspolitik
Kristendemokraterne,Socialdemokratiet,65,11,0.0,0.0,retspolitik
Kristendemokraterne,Socialistisk Folkeparti,65,2,0.0,0.0,retspolitik
Kristendemokraterne,Uden for folketingsgrupperne,65,2,1.0,0.5,retspolitik
Kristendemokraterne,Venstre,65,5,5.0,1.0,retspolitik
Liberal Alliance,Dansk Folkeparti,65,19,19.0,1.0,retspolitik
Liberal Alliance,Det Konservative Folkeparti,65,3,3.0,1.0,retspolitik
Liberal Alliance,Enhedslisten,65,1,0.0,0.0,retspolitik
Liberal Alliance,Kristendemokraterne,65,1,1.0,1.0,retspolitik
Liberal Alliance,Radikale Venstre,65,10,7.0,0.7,retspolitik
Liberal Alliance,Sambandsflokkurin,65,1,1.0,1.0,retspolitik
Liberal Alliance,Socialdemokratiet,65,64,24.0,0.375,retspolitik
Liberal Alliance,Socialistisk Folkeparti,65,9,3.0,0.3333333333333333,retspolitik
Liberal Alliance,Uden for folketingsgrupperne,65,10,8.0,0.8,retspolitik
Liberal Alliance,Venstre,65,26,26.0,1.0,retspolitik
Radikale Venstre,Dansk Folkeparti,65,31,20.0,0.6451612903225806,retspolitik
Radikale Venstre,Radikale Venstre,65,7,7.0,1.0,retspolitik
Radikale Venstre,Socialdemokratiet,65,85,49.0,0.5764705882352941,retspolitik
Radikale Venstre,Socialistisk Folkeparti,65,12,9.0,0.75,retspolitik
Radikale Venstre,Uden for folketingsgrupperne,65,10,9.0,0.9,retspolitik
Radikale Venstre,Venstre,65,41,26.0,0.6341463414634146,retspolitik
Sambandsflokkurin,Dansk Folkeparti,65,4,4.0,1.0,retspolitik
Sambandsflokkurin,Radikale Venstre,65,2,0.0,0.0,retspolitik
Sambandsflokkurin,Socialdemokratiet,65,11,0.0,0.0,retspolitik
Sambandsflokkurin,Socialistisk Folkeparti,65,2,0.0,0.0,retspolitik
Sambandsflokkurin,Uden for folketingsgrupperne,65,2,1.0,0.5,retspolitik
Sambandsflokkurin,Venstre,65,5,5.0,1.0,retspolitik
Socialdemokratiet,Danmarksdemokraterne,65,15,6.0,0.4,retspolitik
Socialdemokratiet,Dansk Folkeparti,65,344,139.0,0.4040697674418604,retspolitik
Socialdemokratiet,Det Konservative Folkeparti,65,60,23.0,0.3833333333333333,retspolitik
Socialdemokratiet,Enhedslisten,65,7,7.0,1.0,retspolitik
Socialdemokratiet,Kristendemokraterne,65,11,0.0,0.0,retspolitik
Socialdemokratiet,Liberal Alliance,65,32,13.0,0.40625,retspolitik
Socialdemokratiet,Radikale Venstre,65,105,62.0,0.5904761904761905,retspolitik
Socialdemokratiet,Sambandsflokkurin,65,7,0.0,0.0,retspolitik
Socialdemokratiet,Socialdemokratiet,65,879,822.0,0.9351535836177476,retspolitik
Socialdemokratiet,Socialistisk Folkeparti,65,147,106.0,0.7210884353741497,retspolitik
Socialdemokratiet,Uden for folketingsgrupperne,65,168,74.0,0.4404761904761904,retspolitik
Socialdemokratiet,Venstre,65,622,258.0,0.4147909967845659,retspolitik
Socialistisk Folkeparti,Danmarksdemokraterne,65,10,4.0,0.4,retspolitik
Socialistisk Folkeparti,Dansk Folkeparti,65,56,23.0,0.4107142857142857,retspolitik
Socialistisk Folkeparti,Det Konservative Folkeparti,65,26,11.0,0.4230769230769231,retspolitik
Socialistisk Folkeparti,Enhedslisten,65,2,2.0,1.0,retspolitik
Socialistisk Folkeparti,Kristendemokraterne,65,2,0.0,0.0,retspolitik
Socialistisk Folkeparti,Liberal Alliance,65,8,3.0,0.375,retspolitik
Socialistisk Folkeparti,Radikale Venstre,65,21,15.0,0.7142857142857143,retspolitik
Socialistisk Folkeparti,Sambandsflokkurin,65,2,0.0,0.0,retspolitik
Socialistisk Folkeparti,Socialdemokratiet,65,181,138.0,0.7624309392265194,retspolitik
Socialistisk Folkeparti,Socialistisk Folkeparti,65,21,21.0,1.0,retspolitik
Socialistisk Folkeparti,Uden for folketingsgrupperne,65,35,19.0,0.5428571428571428,retspolitik
Socialistisk Folkeparti,Venstre,65,133,56.0,0.4210526315789473,retspolitik
Uden for folketingsgrupperne,Dansk Folkeparti,65,69,63.0,0.9130434782608696,retspolitik
Uden for folketingsgrupperne,Det Konservative Folkeparti,65,9,9.0,1.0,retspolitik
Uden for folketingsgrupperne,Enhedslisten,65,1,0.0,0.0,retspolitik
Uden for folketingsgrupperne,Kristendemokraterne,65,2,2.0,1.0,retspolitik
Uden for folketingsgrupperne,Liberal Alliance,65,8,8.0,1.0,retspolitik
Uden for folketingsgrupperne,Radikale Venstre,65,27,21.0,0.7777777777777778,retspolitik
Uden for folketingsgrupperne,Sambandsflokkurin,65,1,1.0,1.0,retspolitik
Uden for folketingsgrupperne,Socialdemokratiet,65,180,75.0,0.4166666666666667,retspolitik
Uden for folketingsgrupperne,Socialistisk Folkeparti,65,26,10.0,0.3846153846153846,retspolitik
Uden for folketingsgrupperne,Uden for folketingsgrupperne,65,24,19.0,0.7916666666666666,retspolitik
Uden for folketingsgrupperne,Venstre,65,104,95.0,0.9134615384615384,retspolitik
Venstre,Danmarksdemokraterne,65,41,40.0,0.975609756097561,retspolitik
Venstre,Dansk Folkeparti,65,332,327.0,0.9849397590361446,retspolitik
Venstre,Det Konservative Folkeparti,65,124,122.0,0.9838709677419356,retspolitik
Venstre,Enhedslisten,65,11,0.0,0.0,retspolitik
Venstre,Kristendemokraterne,65,11,11.0,1.0,retspolitik
Venstre,Liberal Alliance,65,61,60.0,0.9836065573770492,retspolitik
Venstre,Radikale Venstre,65,134,98.0,0.7313432835820896,retspolitik
Venstre,Sambandsflokkurin,65,11,11.0,1.0,retspolitik
Venstre,Socialdemokratiet,65,1044,426.0,0.4080459770114942,retspolitik
Venstre,Socialistisk Folkeparti,65,160,55.0,0.34375,retspolitik
Venstre,Uden for folketingsgrupperne,65,209,182.0,0.8708133971291866,retspolitik
Venstre,Venstre,65,717,700.0,0.9762900976290098,retspolitik
Alternativet,Radikale Venstre,70,51,39.0,0.7647058823529411,retspolitik
Alternativet,Venstre,70,68,37.0,0.5441176470588235,retspolitik
Danmarksdemokraterne,Alternativet,70,468,222.0,0.4743589743589743,retspolitik
Danmarksdemokraterne,Danmarksdemokraterne,70,2014,1905.0,0.9458788480635552,retspolitik
Danmarksdemokraterne,Dansk Folkeparti,70,1404,1347.0,0.9594017094017094,retspolitik
Danmarksdemokraterne,Det Konservative Folkeparti,70,398,297.0,0.7462311557788944,retspolitik
Danmarksdemokraterne,Enhedslisten,70,2571,1056.0,0.41073512252042,retspolitik
Danmarksdemokraterne,Liberal Alliance,70,803,542.0,0.6749688667496887,retspolitik
Danmarksdemokraterne,Moderaterne,70,32,21.0,0.65625,retspolitik
Danmarksdemokraterne,Radikale Venstre,70,2712,1287.0,0.4745575221238938,retspolitik
Danmarksdemokraterne,Sambandsflokkurin,70,2,2.0,1.0,retspolitik
Danmarksdemokraterne,Socialdemokratiet,70,11742,6363.0,0.5419008686765457,retspolitik
Danmarksdemokraterne,Socialistisk Folkeparti,70,1323,562.0,0.4247921390778533,retspolitik
Danmarksdemokraterne,Uden for folketingsgrupperne,70,2089,1872.0,0.8961225466730494,retspolitik
Danmarksdemokraterne,Venstre,70,9694,6942.0,0.71611305962451,retspolitik
Dansk Folkeparti,Alternativet,70,224,101.0,0.4508928571428571,retspolitik
Dansk Folkeparti,Danmarksdemokraterne,70,760,740.0,0.9736842105263158,retspolitik
Dansk Folkeparti,Dansk Folkeparti,70,345,344.0,0.9971014492753624,retspolitik
Dansk Folkeparti,Det Konservative Folkeparti,70,82,52.0,0.6341463414634146,retspolitik
Dansk Folkeparti,Enhedslisten,70,1287,502.0,0.3900543900543901,retspolitik
Dansk Folkeparti,Liberal Alliance,70,328,215.0,0.6554878048780488,retspolitik
Dansk Folkeparti,Radikale Venstre,70,941,403.0,0.4282678002125398,retspolitik
Dansk Folkeparti,Sambandsflokkurin,70,1,1.0,1.0,retspolitik
Dansk Folkeparti,Socialdemokratiet,70,4140,2013.0,0.486231884057971,retspolitik
Dansk Folkeparti,Socialistisk Folkeparti,70,220,79.0,0.359090909090909,retspolitik
Dansk Folkeparti,Uden for folketingsgrupperne,70,374,330.0,0.8823529411764706,retspolitik
Dansk Folkeparti,Venstre,70,3483,2406.0,0.6907838070628768,retspolitik
Det Konservative Folkeparti,Alternativet,70,25,12.0,0.48,retspolitik
Det Konservative Folkeparti,Danmarksdemokraterne,70,51,37.0,0.7254901960784313,retspolitik
Det Konservative Folkeparti,Dansk Folkeparti,70,122,81.0,0.6639344262295082,retspolitik
Det Konservative Folkeparti,Det Konservative Folkeparti,70,22,22.0,1.0,retspolitik
Det Konservative Folkeparti,Enhedslisten,70,203,91.0,0.4482758620689655,retspolitik
Det Konservative Folkeparti,Liberal Alliance,70,56,47.0,0.8392857142857143,retspolitik
Det Konservative Folkeparti,Radikale Venstre,70,157,107.0,0.6815286624203821,retspolitik
Det Konservative Folkeparti,Socialdemokratiet,70,463,359.0,0.775377969762419,retspolitik
Det Konservative Folkeparti,Uden for folketingsgrupperne,70,67,49.0,0.7313432835820896,retspolitik
Det Konservative Folkeparti,Venstre,70,344,311.0,0.9040697674418604,retspolitik
Enhedslisten,Alternativet,70,328,276.0,0.8414634146341463,retspolitik
Enhedslisten,Danmarksdemokraterne,70,1070,430.0,0.4018691588785046,retspolitik
Enhedslisten,Dansk Folkeparti,70,448,174.0,0.3883928571428571,retspolitik
Enhedslisten,Det Konservative Folkeparti,70,131,59.0,0.4503816793893129,retspolitik
Enhedslisten,Enhedslisten,70,1125,1119.0,0.9946666666666668,retspolitik
Enhedslisten,Liberal Alliance,70,214,114.0,0.5327102803738317,retspolitik
Enhedslisten,Moderaterne,70,8,4.0,0.5,retspolitik
Enhedslisten,Radikale Venstre,70,1262,1080.0,0.8557844690966719,retspolitik
Enhedslisten,Socialdemokratiet,70,5002,3718.0,0.7433026789284286,retspolitik
Enhedslisten,Socialistisk Folkeparti,70,441,409.0,0.927437641723356,retspolitik
Enhedslisten,Uden for folketingsgrupperne,70,671,256.0,0.3815201192250372,retspolitik
Enhedslisten,Venstre,70,4472,2256.0,0.5044722719141324,retspolitik
Liberal Alliance,Alternativet,70,98,52.0,0.5306122448979592,retspolitik
Liberal Alliance,Danmarksdemokraterne,70,126,82.0,0.6507936507936508,retspolitik
Liberal Alliance,Dansk Folkeparti,70,103,59.0,0.5728155339805825,retspolitik
Liberal Alliance,Det Konservative Folkeparti,70,32,27.0,0.84375,retspolitik
Liberal Alliance,Enhedslisten,70,442,227.0,0.5135746606334841,retspolitik
Liberal Alliance,Radikale Venstre,70,318,198.0,0.6226415094339622,retspolitik
Liberal Alliance,Socialdemokratiet,70,1001,631.0,0.6303696303696303,retspolitik
Liberal Alliance,Socialistisk Folkeparti,70,5,5.0,1.0,retspolitik
Liberal Alliance,Uden for folketingsgrupperne,70,6,6.0,1.0,retspolitik
Liberal Alliance,Venstre,70,835,658.0,0.7880239520958083,retspolitik
Moderaterne,Danmarksdemokraterne,70,7,3.0,0.4285714285714285,retspolitik
Moderaterne,Dansk Folkeparti,70,17,9.0,0.5294117647058824,retspolitik
Moderaterne,Enhedslisten,70,9,5.0,0.5555555555555556,retspolitik
Moderaterne,Liberal Alliance,70,8,5.0,0.625,retspolitik
Moderaterne,Radikale Venstre,70,24,12.0,0.5,retspolitik
Moderaterne,Socialdemokratiet,70,62,30.0,0.4838709677419355,retspolitik
Moderaterne,Socialistisk Folkeparti,70,7,3.0,0.4285714285714285,retspolitik
Moderaterne,Uden for folketingsgrupperne,70,16,8.0,0.5,retspolitik
Moderaterne,Venstre,70,74,74.0,1.0,retspolitik
Radikale Venstre,Alternativet,70,277,214.0,0.7725631768953068,retspolitik
Radikale Venstre,Danmarksdemokraterne,70,637,276.0,0.4332810047095761,retspolitik
Radikale Venstre,Dansk Folkeparti,70,656,274.0,0.4176829268292683,retspolitik
Radikale Venstre,Det Konservative Folkeparti,70,146,88.0,0.6027397260273972,retspolitik
Radikale Venstre,Enhedslisten,70,1347,1139.0,0.8455827765404603,retspolitik
Radikale Venstre,Liberal Alliance,70,321,200.0,0.6230529595015576,retspolitik
Radikale Venstre,Radikale Venstre,70,863,859.0,0.9953650057937428,retspolitik
Radikale Venstre,Sambandsflokkurin,70,1,1.0,1.0,retspolitik
Radikale Venstre,Socialdemokratiet,70,4123,3625.0,0.8792141644433665,retspolitik
Radikale Venstre,Socialistisk Folkeparti,70,148,139.0,0.9391891891891893,retspolitik
Radikale Venstre,Uden for folketingsgrupperne,70,506,228.0,0.4505928853754941,retspolitik
Radikale Venstre,Venstre,70,3261,2095.0,0.6424409690279056,retspolitik
Sambandsflokkurin,Danmarksdemokraterne,70,3,3.0,1.0,retspolitik
Sambandsflokkurin,Dansk Folkeparti,70,1,1.0,1.0,retspolitik
Sambandsflokkurin,Enhedslisten,70,3,3.0,1.0,retspolitik
Sambandsflokkurin,Liberal Alliance,70,1,1.0,1.0,retspolitik
Sambandsflokkurin,Radikale Venstre,70,2,2.0,1.0,retspolitik
Sambandsflokkurin,Socialdemokratiet,70,12,12.0,1.0,retspolitik
Sambandsflokkurin,Socialistisk Folkeparti,70,2,2.0,1.0,retspolitik
Sambandsflokkurin,Uden for folketingsgrupperne,70,2,2.0,1.0,retspolitik
Sambandsflokkurin,Venstre,70,13,13.0,1.0,retspolitik
Socialdemokratiet,Alternativet,70,1685,1171.0,0.6949554896142434,retspolitik
Socialdemokratiet,Danmarksdemokraterne,70,6001,3236.0,0.5392434594234294,retspolitik
Socialdemokratiet,Dansk Folkeparti,70,4155,2054.0,0.4943441636582431,retspolitik
Socialdemokratiet,Det Konservative Folkeparti,70,995,756.0,0.7597989949748744,retspolitik
Socialdemokratiet,Enhedslisten,70,8478,6397.0,0.7545411653691908,retspolitik
Socialdemokratiet,Liberal Alliance,70,2399,1574.0,0.6561067111296374,retspolitik
Socialdemokratiet,Moderaterne,70,70,34.0,0.4857142857142857,retspolitik
Socialdemokratiet,Radikale Venstre,70,8129,7055.0,0.8678804280969369,retspolitik
Socialdemokratiet,Sambandsflokkurin,70,3,3.0,1.0,retspolitik
Socialdemokratiet,Socialdemokratiet,70,31445,31397.0,0.9984735252027348,retspolitik
Socialdemokratiet,Socialistisk Folkeparti,70,3086,2603.0,0.8434867141931303,retspolitik
Socialdemokratiet,Uden for folketingsgrupperne,70,5167,2522.0,0.4880975420940584,retspolitik
Socialdemokratiet,Venstre,70,27453,19820.0,0.7219611699996358,retspolitik
Socialistisk Folkeparti,Alternativet,70,134,104.0,0.7761194029850746,retspolitik
Socialistisk Folkeparti,Danmarksdemokraterne,70,244,111.0,0.4549180327868852,retspolitik
Socialistisk Folkeparti,Dansk Folkeparti,70,535,215.0,0.4018691588785046,retspolitik
Socialistisk Folkeparti,Det Konservative Folkeparti,70,124,66.0,0.532258064516129,retspolitik
Socialistisk Folkeparti,Enhedslisten,70,820,747.0,0.9109756097560976,retspolitik
Socialistisk Folkeparti,Liberal Alliance,70,285,148.0,0.519298245614035,retspolitik
Socialistisk Folkeparti,Moderaterne,70,15,7.0,0.4666666666666667,retspolitik
Socialistisk Folkeparti,Radikale Venstre,70,993,910.0,0.916414904330312,retspolitik
Socialistisk Folkeparti,Socialdemokratiet,70,2794,2332.0,0.8346456692913385,retspolitik
Socialistisk Folkeparti,Socialistisk Folkeparti,70,156,156.0,1.0,retspolitik
Socialistisk Folkeparti,Uden for folketingsgrupperne,70,770,290.0,0.3766233766233766,retspolitik
Socialistisk Folkeparti,Venstre,70,2461,1316.0,0.534741974806989,retspolitik
Uden for folketingsgrupperne,Alternativet,70,235,113.0,0.4808510638297872,retspolitik
Uden for folketingsgrupperne,Danmarksdemokraterne,70,377,318.0,0.843501326259947,retspolitik
Uden for folketingsgrupperne,Dansk Folkeparti,70,803,756.0,0.9414694894146948,retspolitik
Uden for folketingsgrupperne,Det Konservative Folkeparti,70,151,103.0,0.6821192052980133,retspolitik
Uden for folketingsgrupperne,Enhedslisten,70,1265,499.0,0.3944664031620553,retspolitik
Uden for folketingsgrupperne,Liberal Alliance,70,481,306.0,0.6361746361746362,retspolitik
Uden for folketingsgrupperne,Moderaterne,70,14,6.0,0.4285714285714285,retspolitik
Uden for folketingsgrupperne,Radikale Venstre,70,1260,583.0,0.4626984126984127,retspolitik
Uden for folketingsgrupperne,Socialdemokratiet,70,4213,2124.0,0.5041538096368383,retspolitik
Uden for folketingsgrupperne,Socialistisk Folkeparti,70,140,90.0,0.6428571428571429,retspolitik
Uden for folketingsgrupperne,Uden for folketingsgrupperne,70,491,417.0,0.8492871690427699,retspolitik
Uden for folketingsgrupperne,Venstre,70,3177,2167.0,0.6820900220333648,retspolitik
Venstre,Alternativet,70,1416,764.0,0.53954802259887,retspolitik
Venstre,Danmarksdemokraterne,70,5583,3927.0,0.7033852767329393,retspolitik
Venstre,Dansk Folkeparti,70,3778,2616.0,0.6924298570672314,retspolitik
Venstre,Det Konservative Folkeparti,70,945,878.0,0.9291005291005292,retspolitik
Venstre,Enhedslisten,70,7120,3551.0,0.4987359550561798,retspolitik
Venstre,Liberal Alliance,70,2133,1680.0,0.7876230661040787,retspolitik
Venstre,Moderaterne,70,36,36.0,1.0,retspolitik
Venstre,Radikale Venstre,70,7420,4850.0,0.6536388140161725,retspolitik
Venstre,Sambandsflokkurin,70,3,3.0,1.0,retspolitik
Venstre,Socialdemokratiet,70,29726,21740.0,0.7313462961717015,retspolitik
Venstre,Socialistisk Folkeparti,70,2625,1474.0,0.5615238095238095,retspolitik
Venstre,Uden for folketingsgrupperne,70,4876,3481.0,0.7139048400328137,retspolitik
Venstre,Venstre,70,23290,23279.0,0.9995276942893946,retspolitik
Alternativet,Enhedslisten,71,43,41.0,0.9534883720930232,retspolitik
Alternativet,Radikale Venstre,71,38,26.0,0.6842105263157895,retspolitik
Alternativet,Socialdemokratiet,71,28,15.0,0.5357142857142857,retspolitik
Alternativet,Venstre,71,32,19.0,0.59375,retspolitik
Danmarksdemokraterne,Alternativet,71,263,124.0,0.4714828897338403,retspolitik
Danmarksdemokraterne,Danmarksdemokraterne,71,2302,2241.0,0.973501303214596,retspolitik
Danmarksdemokraterne,Dansk Folkeparti,71,735,577.0,0.7850340136054422,retspolitik
Danmarksdemokraterne,Det Konservative Folkeparti,71,1859,1476.0,0.7939752555137171,retspolitik
Danmarksdemokraterne,Enhedslisten,71,3132,1476.0,0.4712643678160919,retspolitik
Danmarksdemokraterne,Javnaðarflokkurin,71,10,10.0,1.0,retspolitik
Danmarksdemokraterne,Liberal Alliance,71,452,289.0,0.6393805309734514,retspolitik
Danmarksdemokraterne,Moderaterne,71,93,57.0,0.6129032258064516,retspolitik
Danmarksdemokraterne,Radikale Venstre,71,1143,619.0,0.5415573053368329,retspolitik
Danmarksdemokraterne,Socialdemokratiet,71,9197,5480.0,0.5958464716755464,retspolitik
Danmarksdemokraterne,Socialistisk Folkeparti,71,1019,509.0,0.4995093228655544,retspolitik
Danmarksdemokraterne,Venstre,71,5716,3346.0,0.5853743876836949,retspolitik
Dansk Folkeparti,Alternativet,71,69,28.0,0.4057971014492754,retspolitik
Dansk Folkeparti,Danmarksdemokraterne,71,783,612.0,0.7816091954022989,retspolitik
Dansk Folkeparti,Dansk Folkeparti,71,121,121.0,1.0,retspolitik
Dansk Folkeparti,Det Konservative Folkeparti,71,420,280.0,0.6666666666666666,retspolitik
Dansk Folkeparti,Enhedslisten,71,813,324.0,0.3985239852398524,retspolitik
Dansk Folkeparti,Javnaðarflokkurin,71,3,3.0,1.0,retspolitik
Dansk Folkeparti,Liberal Alliance,71,116,80.0,0.6896551724137931,retspolitik
Dansk Folkeparti,Moderaterne,71,41,20.0,0.4878048780487805,retspolitik
Dansk Folkeparti,Radikale Venstre,71,274,130.0,0.4744525547445255,retspolitik
Dansk Folkeparti,Socialdemokratiet,71,2565,1455.0,0.5672514619883041,retspolitik
Dansk Folkeparti,Socialistisk Folkeparti,71,347,157.0,0.4524495677233429,retspolitik
Dansk Folkeparti,Venstre,71,1829,999.0,0.5462001093493712,retspolitik
Det Konservative Folkeparti,Alternativet,71,130,56.0,0.4307692307692308,retspolitik
Det Konservative Folkeparti,Danmarksdemokraterne,71,986,762.0,0.7728194726166329,retspolitik
Det Konservative Folkeparti,Dansk Folkeparti,71,374,246.0,0.6577540106951871,retspolitik
Det Konservative Folkeparti,Det Konservative Folkeparti,71,554,552.0,0.9963898916967509,retspolitik
Det Konservative Folkeparti,Enhedslisten,71,1545,728.0,0.4711974110032362,retspolitik
Det Konservative Folkeparti,Javnaðarflokkurin,71,8,8.0,1.0,retspolitik
Det Konservative Folkeparti,Liberal Alliance,71,205,151.0,0.7365853658536585,retspolitik
Det Konservative Folkeparti,Moderaterne,71,29,24.0,0.8275862068965517,retspolitik
Det Konservative Folkeparti,Radikale Venstre,71,426,278.0,0.6525821596244131,retspolitik
Det Konservative Folkeparti,Socialdemokratiet,71,3609,2547.0,0.7057356608478803,retspolitik
Det Konservative Folkeparti,Socialistisk Folkeparti,71,318,184.0,0.5786163522012578,retspolitik
Det Konservative Folkeparti,Venstre,71,2677,1882.0,0.7030257751214045,retspolitik
Enhedslisten,Alternativet,71,139,131.0,0.9424460431654677,retspolitik
Enhedslisten,Danmarksdemokraterne,71,648,305.0,0.470679012345679,retspolitik
Enhedslisten,Dansk Folkeparti,71,230,104.0,0.4521739130434782,retspolitik
Enhedslisten,Det Konservative Folkeparti,71,416,209.0,0.5024038461538461,retspolitik
Enhedslisten,Enhedslisten,71,1065,1055.0,0.9906103286384976,retspolitik
Enhedslisten,Javnaðarflokkurin,71,6,6.0,1.0,retspolitik
Enhedslisten,Liberal Alliance,71,78,43.0,0.5512820512820513,retspolitik
Enhedslisten,Radikale Venstre,71,592,434.0,0.7331081081081081,retspolitik
Enhedslisten,Socialdemokratiet,71,2231,1303.0,0.584043030031376,retspolitik
Enhedslisten,Socialistisk Folkeparti,71,204,173.0,0.8480392156862745,retspolitik
Enhedslisten,Venstre,71,1581,930.0,0.5882352941176471,retspolitik
Inuit Ataqatigiit,Alternativet,71,1,1.0,1.0,retspolitik
Inuit Ataqatigiit,Danmarksdemokraterne,71,10,10.0,1.0,retspolitik
Inuit Ataqatigiit,Dansk Folkeparti,71,3,2.0,0.6666666666666666,retspolitik
Inuit Ataqatigiit,Det Konservative Folkeparti,71,8,8.0,1.0,retspolitik
Inuit Ataqatigiit,Enhedslisten,71,9,9.0,1.0,retspolitik
Inuit Ataqatigiit,Javnaðarflokkurin,71,1,1.0,1.0,retspolitik
Inuit Ataqatigiit,Liberal Alliance,71,2,2.0,1.0,retspolitik
Inuit Ataqatigiit,Moderaterne,71,1,1.0,1.0,retspolitik
Inuit Ataqatigiit,Naleraq,71,1,1.0,1.0,retspolitik
Inuit Ataqatigiit,Radikale Venstre,71,3,3.0,1.0,retspolitik
Inuit Ataqatigiit,Socialdemokratiet,71,37,37.0,1.0,retspolitik
Inuit Ataqatigiit,Socialistisk Folkeparti,71,8,8.0,1.0,retspolitik
Inuit Ataqatigiit,Venstre,71,28,28.0,1.0,retspolitik
Javnaðarflokkurin,Alternativet,71,1,1.0,1.0,retspolitik
Javnaðarflokkurin,Danmarksdemokraterne,71,1,1.0,1.0,retspolitik
Javnaðarflokkurin,Enhedslisten,71,3,3.0,1.0,retspolitik
Javnaðarflokkurin,Radikale Venstre,71,1,1.0,1.0,retspolitik
Javnaðarflokkurin,Socialdemokratiet,71,2,2.0,1.0,retspolitik
Javnaðarflokkurin,Venstre,71,6,6.0,1.0,retspolitik
Liberal Alliance,Alternativet,71,48,20.0,0.4166666666666667,retspolitik
Liberal Alliance,Danmarksdemokraterne,71,579,434.0,0.7495682210708118,retspolitik
Liberal Alliance,Dansk Folkeparti,71,196,134.0,0.6836734693877551,retspolitik
Liberal Alliance,Det Konservative Folkeparti,71,332,267.0,0.8042168674698795,retspolitik
Liberal Alliance,Enhedslisten,71,654,339.0,0.518348623853211,retspolitik
Liberal Alliance,Javnaðarflokkurin,71,2,2.0,1.0,retspolitik
Liberal Alliance,Liberal Alliance,71,57,57.0,1.0,retspolitik
Liberal Alliance,Moderaterne,71,21,14.0,0.6666666666666666,retspolitik
Liberal Alliance,Radikale Venstre,71,211,145.0,0.6872037914691943,retspolitik
Liberal Alliance,Socialdemokratiet,71,1734,1395.0,0.8044982698961938,retspolitik
Liberal Alliance,Socialistisk Folkeparti,71,184,117.0,0.6358695652173914,retspolitik
Liberal Alliance,Venstre,71,1297,1027.0,0.7918272937548189,retspolitik
Moderaterne,Alternativet,71,21,14.0,0.6666666666666666,retspolitik
Moderaterne,Danmarksdemokraterne,71,223,128.0,0.5739910313901345,retspolitik
Moderaterne,Dansk Folkeparti,71,43,26.0,0.6046511627906976,retspolitik
Moderaterne,Det Konservative Folkeparti,71,129,87.0,0.6744186046511628,retspolitik
Moderaterne,Enhedslisten,71,224,134.0,0.5982142857142857,retspolitik
Moderaterne,Javnaðarflokkurin,71,1,1.0,1.0,retspolitik
Moderaterne,Liberal Alliance,71,24,14.0,0.5833333333333334,retspolitik
Moderaterne,Moderaterne,71,1,1.0,1.0,retspolitik
Moderaterne,Radikale Venstre,71,80,69.0,0.8625,retspolitik
Moderaterne,Socialdemokratiet,71,731,730.0,0.9986320109439124,retspolitik
Moderaterne,Socialistisk Folkeparti,71,86,57.0,0.6627906976744186,retspolitik
Moderaterne,Venstre,71,424,424.0,1.0,retspolitik
Naleraq,Alternativet,71,1,1.0,1.0,retspolitik
Naleraq,Danmarksdemokraterne,71,5,5.0,1.0,retspolitik
Naleraq,Dansk Folkeparti,71,1,0.0,0.0,retspolitik
Naleraq,Det Konservative Folkeparti,71,4,4.0,1.0,retspolitik
Naleraq,Enhedslisten,71,5,5.0,1.0,retspolitik
Naleraq,Liberal Alliance,71,1,1.0,1.0,retspolitik
Naleraq,Moderaterne,71,1,1.0,1.0,retspolitik
Naleraq,Radikale Venstre,71,2,2.0,1.0,retspolitik
Naleraq,Socialdemokratiet,71,17,17.0,1.0,retspolitik
Naleraq,Socialistisk Folkeparti,71,4,4.0,1.0,retspolitik
Naleraq,Venstre,71,15,15.0,1.0,retspolitik
Radikale Venstre,Alternativet,71,40,28.0,0.7,retspolitik
Radikale Venstre,Danmarksdemokraterne,71,244,138.0,0.5655737704918032,retspolitik
Radikale Venstre,Dansk Folkeparti,71,129,62.0,0.4806201550387597,retspolitik
Radikale Venstre,Det Konservative Folkeparti,71,295,185.0,0.6271186440677966,retspolitik
Radikale Venstre,Enhedslisten,71,395,288.0,0.7291139240506329,retspolitik
Radikale Venstre,Javnaðarflokkurin,71,2,2.0,1.0,retspolitik
Radikale Venstre,Liberal Alliance,71,78,53.0,0.6794871794871795,retspolitik
Radikale Venstre,Radikale Venstre,71,84,84.0,1.0,retspolitik
Radikale Venstre,Socialdemokratiet,71,1104,843.0,0.7635869565217391,retspolitik
Radikale Venstre,Socialistisk Folkeparti,71,20,19.0,0.95,retspolitik
Radikale Venstre,Venstre,71,716,558.0,0.7793296089385475,retspolitik
Socialdemokratiet,Alternativet,71,806,460.0,0.5707196029776674,retspolitik
Socialdemokratiet,Danmarksdemokraterne,71,8613,5171.0,0.6003715314060142,retspolitik
Socialdemokratiet,Dansk Folkeparti,71,2486,1390.0,0.5591311343523733,retspolitik
Socialdemokratiet,Det Konservative Folkeparti,71,5806,4071.0,0.7011712022046159,retspolitik
Socialdemokratiet,Enhedslisten,71,10192,6007.0,0.589383830455259,retspolitik
Socialdemokratiet,Javnaðarflokkurin,71,39,39.0,1.0,retspolitik
Socialdemokratiet,Liberal Alliance,71,1699,1271.0,0.7480871100647439,retspolitik
Socialdemokratiet,Moderaterne,71,255,255.0,1.0,retspolitik
Socialdemokratiet,Radikale Venstre,71,3479,2667.0,0.7665995975855131,retspolitik
Socialdemokratiet,Socialdemokratiet,71,28055,28036.0,0.9993227588665122,retspolitik
Socialdemokratiet,Socialistisk Folkeparti,71,3630,2515.0,0.6928374655647382,retspolitik
Socialdemokratiet,Venstre,71,19818,19776.0,0.997880714501968,retspolitik
Socialistisk Folkeparti,Alternativet,71,132,102.0,0.7727272727272727,retspolitik
Socialistisk Folkeparti,Danmarksdemokraterne,71,1798,1017.0,0.5656284760845384,retspolitik
Socialistisk Folkeparti,Dansk Folkeparti,71,441,200.0,0.4535147392290249,retspolitik
Socialistisk Folkeparti,Det Konservative Folkeparti,71,1161,683.0,0.5882859603789836,retspolitik
Socialistisk Folkeparti,Enhedslisten,71,1811,1440.0,0.7951408061844285,retspolitik
Socialistisk Folkeparti,Javnaðarflokkurin,71,8,8.0,1.0,retspolitik
Socialistisk Folkeparti,Liberal Alliance,71,354,224.0,0.632768361581921,retspolitik
Socialistisk Folkeparti,Moderaterne,71,84,57.0,0.6785714285714286,retspolitik
Socialistisk Folkeparti,Radikale Venstre,71,710,558.0,0.7859154929577464,retspolitik
Socialistisk Folkeparti,Socialdemokratiet,71,5753,4060.0,0.7057187554319485,retspolitik
Socialistisk Folkeparti,Socialistisk Folkeparti,71,586,586.0,1.0,retspolitik
Socialistisk Folkeparti,Venstre,71,4087,2919.0,0.7142158062148275,retspolitik
Venstre,Alternativet,71,567,335.0,0.5908289241622575,retspolitik
Venstre,Danmarksdemokraterne,71,6240,3680.0,0.5897435897435898,retspolitik
Venstre,Dansk Folkeparti,71,1570,855.0,0.5445859872611465,retspolitik
Venstre,Det Konservative Folkeparti,71,3687,2579.0,0.699484675888256,retspolitik
Venstre,Enhedslisten,71,6701,3955.0,0.5902104163557678,retspolitik
Venstre,Javnaðarflokkurin,71,22,22.0,1.0,retspolitik
Venstre,Liberal Alliance,71,948,713.0,0.7521097046413502,retspolitik
Venstre,Moderaterne,71,280,279.0,0.9964285714285714,retspolitik
Venstre,Radikale Venstre,71,2380,1861.0,0.7819327731092437,retspolitik
Venstre,Socialdemokratiet,71,19916,19729.0,0.9906105643703554,retspolitik
Venstre,Socialistisk Folkeparti,71,2229,1550.0,0.6953790937640197,retspolitik
Venstre,Venstre,71,12689,12559.0,0.989754905823942,retspolitik
Danmarksdemokraterne,Danmarksdemokraterne,68,1122,1120.0,0.998217468805704,social
Danmarksdemokraterne,Dansk Folkeparti,68,1773,1771.0,0.9988719684151156,social
Danmarksdemokraterne,Det Konservative Folkeparti,68,1978,1386.0,0.7007077856420627,social
Danmarksdemokraterne,Enhedslisten,68,3771,1681.0,0.4457703526915937,social
Danmarksdemokraterne,Liberal Alliance,68,1984,1231.0,0.6204637096774194,social
Danmarksdemokraterne,Moderaterne,68,124,100.0,0.8064516129032258,social
Danmarksdemokraterne,Radikale Venstre,68,4232,2188.0,0.5170132325141777,social
Danmarksdemokraterne,Socialdemokratiet,68,4460,2428.0,0.5443946188340807,social
Danmarksdemokraterne,Socialistisk Folkeparti,68,2445,1182.0,0.4834355828220859,social
Danmarksdemokraterne,Uden for folketingsgrupperne,68,1509,1349.0,0.8939695162359178,social
Danmarksdemokraterne,Venstre,68,6017,4402.0,0.7315938175170351,social
Dansk Folkeparti,Danmarksdemokraterne,68,1450,1440.0,0.993103448275862,social
Dansk Folkeparti,Dansk Folkeparti,68,1463,1457.0,0.9958988380041012,social
Dansk Folkeparti,Det Konservative Folkeparti,68,2054,1431.0,0.6966893865628043,social
Dansk Folkeparti,Enhedslisten,68,4136,1834.0,0.4434235976789168,social
Dansk Folkeparti,Liberal Alliance,68,1891,1150.0,0.6081438392384981,social
Dansk Folkeparti,Moderaterne,68,98,77.0,0.7857142857142857,social
Dansk Folkeparti,Radikale Venstre,68,3656,1970.0,0.5388402625820569,social
Dansk Folkeparti,Socialdemokratiet,68,4416,2463.0,0.5577445652173914,social
Dansk Folkeparti,Socialistisk Folkeparti,68,2619,1340.0,0.5116456662848415,social
Dansk Folkeparti,Uden for folketingsgrupperne,68,1270,1093.0,0.8606299212598425,social
Dansk Folkeparti,Venstre,68,6110,4470.0,0.7315875613747954,social
Det Konservative Folkeparti,Danmarksdemokraterne,68,854,581.0,0.680327868852459,social
Det Konservative Folkeparti,Dansk Folkeparti,68,1087,761.0,0.7000919963201472,social
Det Konservative Folkeparti,Det Konservative Folkeparti,68,1038,1038.0,1.0,social
Det Konservative Folkeparti,Enhedslisten,68,2757,1127.0,0.4087776568734131,social
Det Konservative Folkeparti,Liberal Alliance,68,1255,951.0,0.7577689243027889,social
Det Konservative Folkeparti,Moderaterne,68,83,75.0,0.9036144578313252,social
Det Konservative Folkeparti,Radikale Venstre,68,2423,1895.0,0.7820883202641353,social
Det Konservative Folkeparti,Socialdemokratiet,68,3001,2351.0,0.7834055314895035,social
Det Konservative Folkeparti,Socialistisk Folkeparti,68,1731,1284.0,0.7417677642980935,social
Det Konservative Folkeparti,Uden for folketingsgrupperne,68,877,625.0,0.7126567844925884,social
Det Konservative Folkeparti,Venstre,68,3913,3678.0,0.9399437771530796,social
Enhedslisten,Danmarksdemokraterne,68,2139,898.0,0.4198223468910706,social
Enhedslisten,Dansk Folkeparti,68,2434,1014.0,0.4165981922760887,social
Enhedslisten,Det Konservative Folkeparti,68,2915,1113.0,0.3818181818181818,social
Enhedslisten,Enhedslisten,68,5218,5088.0,0.9750862399386738,social
Enhedslisten,Liberal Alliance,68,2787,859.0,0.3082167204879799,social
Enhedslisten,Moderaterne,68,198,88.0,0.4444444444444444,social
Enhedslisten,Radikale Venstre,68,5556,2923.0,0.5260979121670266,social
Enhedslisten,Socialdemokratiet,68,6788,3707.0,0.5461107837360047,social
Enhedslisten,Socialistisk Folkeparti,68,4007,2247.0,0.5607686548540055,social
Enhedslisten,Uden for folketingsgrupperne,68,2042,813.0,0.3981390793339863,social
Enhedslisten,Venstre,68,9145,3346.0,0.365882996172772,social
Liberal Alliance,Danmarksdemokraterne,68,603,382.0,0.6334991708126037,social
Liberal Alliance,Dansk Folkeparti,68,1039,682.0,0.6564003849855631,social
Liberal Alliance,Det Konservative Folkeparti,68,1226,960.0,0.7830342577487766,social
Liberal Alliance,Enhedslisten,68,2445,705.0,0.2883435582822086,social
Liberal Alliance,Liberal Alliance,68,851,851.0,1.0,social
Liberal Alliance,Moderaterne,68,22,15.0,0.6818181818181818,social
Liberal Alliance,Radikale Venstre,68,1751,1159.0,0.6619074814391777,social
Liberal Alliance,Socialdemokratiet,68,2722,1719.0,0.6315209404849376,social
Liberal Alliance,Socialistisk Folkeparti,68,1645,1024.0,0.6224924012158055,social
Liberal Alliance,Uden for folketingsgrupperne,68,613,489.0,0.797716150081566,social
Liberal Alliance,Venstre,68,3156,2490.0,0.7889733840304183,social
Moderaterne,Danmarksdemokraterne,68,135,100.0,0.7407407407407407,social
Moderaterne,Dansk Folkeparti,68,181,138.0,0.7624309392265194,social
Moderaterne,Det Konservative Folkeparti,68,174,157.0,0.9022988505747126,social
Moderaterne,Enhedslisten,68,302,148.0,0.4900662251655629,social
Moderaterne,Liberal Alliance,68,188,133.0,0.7074468085106383,social
Moderaterne,Radikale Venstre,68,361,247.0,0.6842105263157895,social
Moderaterne,Socialdemokratiet,68,421,295.0,0.7007125890736342,social
Moderaterne,Socialistisk Folkeparti,68,161,97.0,0.6024844720496895,social
Moderaterne,Uden for folketingsgrupperne,68,126,94.0,0.746031746031746,social
Moderaterne,Venstre,68,530,530.0,1.0,social
Radikale Venstre,Danmarksdemokraterne,68,1120,598.0,0.5339285714285714,social
Radikale Venstre,Dansk Folkeparti,68,2262,1252.0,0.5534924845269673,social
Radikale Venstre,Det Konservative Folkeparti,68,2668,2075.0,0.777736131934033,social
Radikale Venstre,Enhedslisten,68,5243,2820.0,0.53786000381461,social
Radikale Venstre,Liberal Alliance,68,2996,1845.0,0.6158210947930574,social
Radikale Venstre,Moderaterne,68,44,29.0,0.6590909090909091,social
Radikale Venstre,Radikale Venstre,68,4286,4286.0,1.0,social
Radikale Venstre,Socialdemokratiet,68,6112,6112.0,1.0,social
Radikale Venstre,Socialistisk Folkeparti,68,3364,3287.0,0.9771105826397146,social
Radikale Venstre,Uden for folketingsgrupperne,68,1792,1064.0,0.59375,social
Radikale Venstre,Venstre,68,7681,5885.0,0.7661762791303216,social
Socialdemokratiet,Danmarksdemokraterne,68,3645,2054.0,0.5635116598079561,social
Socialdemokratiet,Dansk Folkeparti,68,4672,2714.0,0.5809075342465754,social
Socialdemokratiet,Det Konservative Folkeparti,68,4885,3831.0,0.7842374616171955,social
Socialdemokratiet,Enhedslisten,68,9473,5697.0,0.6013934339702312,social
Socialdemokratiet,Liberal Alliance,68,4462,2737.0,0.6134020618556701,social
Socialdemokratiet,Moderaterne,68,314,222.0,0.7070063694267515,social
Socialdemokratiet,Radikale Venstre,68,8382,8382.0,1.0,social
Socialdemokratiet,Socialdemokratiet,68,10474,10474.0,1.0,social
Socialdemokratiet,Socialistisk Folkeparti,68,5847,5628.0,0.9625448948178552,social
Socialdemokratiet,Uden for folketingsgrupperne,68,2946,1776.0,0.6028513238289206,social
Socialdemokratiet,Venstre,68,14315,11111.0,0.7761788333915474,social
Socialistisk Folkeparti,Danmarksdemokraterne,68,1402,735.0,0.5242510699001427,social
Socialistisk Folkeparti,Dansk Folkeparti,68,1657,909.0,0.5485817742908872,social
Socialistisk Folkeparti,Det Konservative Folkeparti,68,1950,1436.0,0.7364102564102564,social
Socialistisk Folkeparti,Enhedslisten,68,3766,2285.0,0.606744556558683,social
Socialistisk Folkeparti,Liberal Alliance,68,1799,1059.0,0.5886603668704836,social
Socialistisk Folkeparti,Moderaterne,68,144,94.0,0.6527777777777778,social
Socialistisk Folkeparti,Radikale Venstre,68,3701,3633.0,0.9816265874088084,social
Socialistisk Folkeparti,Socialdemokratiet,68,4625,4483.0,0.9692972972972972,social
Socialistisk Folkeparti,Socialistisk Folkeparti,68,2104,2101.0,0.998574144486692,social
Socialistisk Folkeparti,Uden for folketingsgrupperne,68,1288,723.0,0.5613354037267081,social
Socialistisk Folkeparti,Venstre,68,6348,4657.0,0.7336168872085697,social
Uden for folketingsgrupperne,Danmarksdemokraterne,68,134,126.0,0.9402985074626866,social
Uden for folketingsgrupperne,Dansk Folkeparti,68,503,503.0,1.0,social
Uden for folketingsgrupperne,Det Konservative Folkeparti,68,726,515.0,0.709366391184573,social
Uden for folketingsgrupperne,Enhedslisten,68,1297,588.0,0.4533538936006168,social
Uden for folketingsgrupperne,Liberal Alliance,68,818,480.0,0.58679706601467,social
Uden for folketingsgrupperne,Moderaterne,68,2,2.0,1.0,social
Uden for folketingsgrupperne,Radikale Venstre,68,1271,689.0,0.5420928402832416,social
Uden for folketingsgrupperne,Socialdemokratiet,68,1515,845.0,0.5577557755775577,social
Uden for folketingsgrupperne,Socialistisk Folkeparti,68,897,495.0,0.5518394648829431,social
Uden for folketingsgrupperne,Uden for folketingsgrupperne,68,322,243.0,0.7546583850931677,social
Uden for folketingsgrupperne,Venstre,68,1715,1247.0,0.7271137026239067,social
Venstre,Danmarksdemokraterne,68,3961,2923.0,0.7379449633930826,social
Venstre,Dansk Folkeparti,68,5100,3857.0,0.7562745098039215,social
Venstre,Det Konservative Folkeparti,68,5734,5344.0,0.9319846529473316,social
Venstre,Enhedslisten,68,10802,4217.0,0.3903906683947417,social
Venstre,Liberal Alliance,68,5708,4343.0,0.7608619481429573,social
Venstre,Moderaterne,68,336,326.0,0.9702380952380952,social
Venstre,Radikale Venstre,68,10368,7935.0,0.7653356481481481,social
Venstre,Socialdemokratiet,68,13361,10388.0,0.7774867150662376,social
Venstre,Socialistisk Folkeparti,68,6699,4829.0,0.7208538587848933,social
Venstre,Uden for folketingsgrupperne,68,3752,2798.0,0.7457356076759062,social
Venstre,Venstre,68,16153,15929.0,0.9861326069460782,social
Danmarksdemokraterne,Danmarksdemokraterne,67,624,605.0,0.969551282051282,social
Danmarksdemokraterne,Dansk Folkeparti,67,2648,2602.0,0.9826283987915408,social
Danmarksdemokraterne,Det Konservative Folkeparti,67,1381,1276.0,0.9239681390296888,social
Danmarksdemokraterne,Enhedslisten,67,677,272.0,0.4017725258493353,social
Danmarksdemokraterne,Javnaðarflokkurin,67,3,3.0,1.0,social
Danmarksdemokraterne,Liberal Alliance,67,138,118.0,0.855072463768116,social
Danmarksdemokraterne,Moderaterne,67,27,27.0,1.0,social
Danmarksdemokraterne,Radikale Venstre,67,631,370.0,0.5863708399366085,social
Danmarksdemokraterne,Sambandsflokkurin,67,3,3.0,1.0,social
Danmarksdemokraterne,Socialdemokratiet,67,6381,3374.0,0.5287572480802382,social
Danmarksdemokraterne,Socialistisk Folkeparti,67,2430,1236.0,0.508641975308642,social
Danmarksdemokraterne,Uden for folketingsgrupperne,67,551,490.0,0.8892921960072595,social
Danmarksdemokraterne,Venstre,67,6864,6372.0,0.9283216783216784,social
Dansk Folkeparti,Danmarksdemokraterne,67,367,367.0,1.0,social
Dansk Folkeparti,Dansk Folkeparti,67,2359,2359.0,1.0,social
Dansk Folkeparti,Det Konservative Folkeparti,67,1646,1495.0,0.908262454434994,social
Dansk Folkeparti,Enhedslisten,67,741,301.0,0.4062078272604588,social
Dansk Folkeparti,Javnaðarflokkurin,67,6,6.0,1.0,social
Dansk Folkeparti,Liberal Alliance,67,248,213.0,0.8588709677419355,social
Dansk Folkeparti,Moderaterne,67,32,32.0,1.0,social
Dansk Folkeparti,Radikale Venstre,67,718,399.0,0.5557103064066853,social
Dansk Folkeparti,Socialdemokratiet,67,5743,2835.0,0.4936444367055546,social
Dansk Folkeparti,Socialistisk Folkeparti,67,2389,1104.0,0.4621180410213478,social
Dansk Folkeparti,Uden for folketingsgrupperne,67,661,540.0,0.8169440242057489,social
Dansk Folkeparti,Venstre,67,5866,5375.0,0.9162973065121036,social
Det Konservative Folkeparti,Danmarksdemokraterne,67,535,501.0,0.9364485981308412,social
Det Konservative Folkeparti,Dansk Folkeparti,67,1867,1693.0,0.906802356722014,social
Det Konservative Folkeparti,Det Konservative Folkeparti,67,916,916.0,1.0,social
Det Konservative Folkeparti,Enhedslisten,67,588,288.0,0.4897959183673469,social
Det Konservative Folkeparti,Javnaðarflokkurin,67,3,3.0,1.0,social
Det Konservative Folkeparti,Liberal Alliance,67,154,136.0,0.8831168831168831,social
Det Konservative Folkeparti,Moderaterne,67,30,30.0,1.0,social
Det Konservative Folkeparti,Radikale Venstre,67,509,348.0,0.6836935166994106,social
Det Konservative Folkeparti,Sambandsflokkurin,67,2,2.0,1.0,social
Det Konservative Folkeparti,Socialdemokratiet,67,4428,2714.0,0.6129177958446251,social
Det Konservative Folkeparti,Socialistisk Folkeparti,67,1767,1040.0,0.588568194680249,social
Det Konservative Folkeparti,Uden for folketingsgrupperne,67,432,372.0,0.8611111111111112,social
Det Konservative Folkeparti,Venstre,67,4814,4814.0,1.0,social
Enhedslisten,Danmarksdemokraterne,67,260,87.0,0.3346153846153846,social
Enhedslisten,Dansk Folkeparti,67,991,318.0,0.3208879919273461,social
Enhedslisten,Det Konservative Folkeparti,67,472,198.0,0.4194915254237288,social
Enhedslisten,Enhedslisten,67,163,138.0,0.8466257668711656,social
Enhedslisten,Javnaðarflokkurin,67,2,2.0,1.0,social
Enhedslisten,Liberal Alliance,67,89,28.0,0.3146067415730337,social
Enhedslisten,Moderaterne,67,12,3.0,0.25,social
Enhedslisten,Radikale Venstre,67,208,143.0,0.6875,social
Enhedslisten,Socialdemokratiet,67,2093,1507.0,0.7200191113234592,social
Enhedslisten,Socialistisk Folkeparti,67,981,719.0,0.7329255861365953,social
Enhedslisten,Uden for folketingsgrupperne,67,223,99.0,0.4439461883408072,social
Enhedslisten,Venstre,67,2298,912.0,0.3968668407310705,social
Javnaðarflokkurin,Socialdemokratiet,67,1,1.0,1.0,social
Javnaðarflokkurin,Socialistisk Folkeparti,67,2,2.0,1.0,social
Javnaðarflokkurin,Venstre,67,4,4.0,1.0,social
Liberal Alliance,Danmarksdemokraterne,67,215,190.0,0.8837209302325582,social
Liberal Alliance,Dansk Folkeparti,67,390,343.0,0.8794871794871795,social
Liberal Alliance,Det Konservative Folkeparti,67,259,242.0,0.9343629343629344,social
Liberal Alliance,Enhedslisten,67,123,51.0,0.4146341463414634,social
Liberal Alliance,Javnaðarflokkurin,67,1,1.0,1.0,social
Liberal Alliance,Moderaterne,67,11,11.0,1.0,social
Liberal Alliance,Radikale Venstre,67,92,63.0,0.6847826086956522,social
Liberal Alliance,Socialdemokratiet,67,1216,652.0,0.5361842105263158,social
Liberal Alliance,Socialistisk Folkeparti,67,481,246.0,0.5114345114345115,social
Liberal Alliance,Uden for folketingsgrupperne,67,82,71.0,0.8658536585365854,social
Liberal Alliance,Venstre,67,1354,1245.0,0.9194977843426884,social
Moderaterne,Danmarksdemokraterne,67,13,13.0,1.0,social
Moderaterne,Dansk Folkeparti,67,41,41.0,1.0,social
Moderaterne,Det Konservative Folkeparti,67,20,20.0,1.0,social
Moderaterne,Enhedslisten,67,7,4.0,0.5714285714285714,social
Moderaterne,Radikale Venstre,67,9,7.0,0.7777777777777778,social
Moderaterne,Socialdemokratiet,67,119,44.0,0.3697478991596639,social
Moderaterne,Socialistisk Folkeparti,67,15,5.0,0.3333333333333333,social
Moderaterne,Uden for folketingsgrupperne,67,11,11.0,1.0,social
Moderaterne,Venstre,67,80,80.0,1.0,social
Radikale Venstre,Danmarksdemokraterne,67,116,65.0,0.5603448275862069,social
Radikale Venstre,Dansk Folkeparti,67,626,349.0,0.5575079872204473,social
Radikale Venstre,Det Konservative Folkeparti,67,338,225.0,0.665680473372781,social
Radikale Venstre,Enhedslisten,67,236,186.0,0.788135593220339,social
Radikale Venstre,Javnaðarflokkurin,67,2,2.0,1.0,social
Radikale Venstre,Liberal Alliance,67,64,33.0,0.515625,social
Radikale Venstre,Radikale Venstre,67,94,94.0,1.0,social
Radikale Venstre,Socialdemokratiet,67,1203,1037.0,0.8620116375727348,social
Radikale Venstre,Socialistisk Folkeparti,67,571,504.0,0.882661996497373,social
Radikale Venstre,Uden for folketingsgrupperne,67,79,57.0,0.7215189873417721,social
Radikale Venstre,Venstre,67,1039,672.0,0.6467757459095284,social
Sambandsflokkurin,Danmarksdemokraterne,67,5,5.0,1.0,social
Sambandsflokkurin,Dansk Folkeparti,67,11,11.0,1.0,social
Sambandsflokkurin,Det Konservative Folkeparti,67,3,3.0,1.0,social
Sambandsflokkurin,Enhedslisten,67,6,0.0,0.0,social
Sambandsflokkurin,Liberal Alliance,67,2,2.0,1.0,social
Sambandsflokkurin,Radikale Venstre,67,3,1.0,0.3333333333333333,social
Sambandsflokkurin,Socialdemokratiet,67,28,12.0,0.4285714285714285,social
Sambandsflokkurin,Socialistisk Folkeparti,67,13,0.0,0.0,social
Sambandsflokkurin,Uden for folketingsgrupperne,67,3,3.0,1.0,social
Sambandsflokkurin,Venstre,67,34,34.0,1.0,social
Socialdemokratiet,Danmarksdemokraterne,67,2737,1353.0,0.4943368651808549,social
Socialdemokratiet,Dansk Folkeparti,67,10878,5200.0,0.4780290494576208,social
Socialdemokratiet,Det Konservative Folkeparti,67,5919,3481.0,0.58810609900321,social
Socialdemokratiet,Enhedslisten,67,3040,2318.0,0.7625,social
Socialdemokratiet,Javnaðarflokkurin,67,17,17.0,1.0,social
Socialdemokratiet,Liberal Alliance,67,694,349.0,0.5028818443804035,social
Socialdemokratiet,Moderaterne,67,147,41.0,0.2789115646258503,social
Socialdemokratiet,Radikale Venstre,67,2705,2358.0,0.8717190388170055,social
Socialdemokratiet,Sambandsflokkurin,67,7,3.0,0.4285714285714285,social
Socialdemokratiet,Socialdemokratiet,67,23975,23619.0,0.9851511991657976,social
Socialdemokratiet,Socialistisk Folkeparti,67,9645,9119.0,0.9454639709694144,social
Socialdemokratiet,Uden for folketingsgrupperne,67,2484,1392.0,0.5603864734299517,social
Socialdemokratiet,Venstre,67,25851,14756.0,0.5708096398591931,social
Socialistisk Folkeparti,Danmarksdemokraterne,67,1034,515.0,0.4980657640232108,social
Socialistisk Folkeparti,Dansk Folkeparti,67,3984,1882.0,0.4723895582329317,social
Socialistisk Folkeparti,Det Konservative Folkeparti,67,2260,1257.0,0.5561946902654867,social
Socialistisk Folkeparti,Enhedslisten,67,999,809.0,0.8098098098098098,social
Socialistisk Folkeparti,Javnaðarflokkurin,67,7,7.0,1.0,social
Socialistisk Folkeparti,Liberal Alliance,67,263,120.0,0.4562737642585551,social
Socialistisk Folkeparti,Moderaterne,67,56,20.0,0.3571428571428571,social
Socialistisk Folkeparti,Radikale Venstre,67,968,824.0,0.8512396694214877,social
Socialistisk Folkeparti,Socialdemokratiet,67,9202,8570.0,0.9313192784177352,social
Socialistisk Folkeparti,Socialistisk Folkeparti,67,3187,3180.0,0.9978035770316912,social
Socialistisk Folkeparti,Uden for folketingsgrupperne,67,937,498.0,0.5314834578441836,social
Socialistisk Folkeparti,Venstre,67,10602,5852.0,0.5519713261648745,social
Uden for folketingsgrupperne,Danmarksdemokraterne,67,89,87.0,0.9775280898876404,social
Uden for folketingsgrupperne,Dansk Folkeparti,67,521,521.0,1.0,social
Uden for folketingsgrupperne,Det Konservative Folkeparti,67,331,296.0,0.8942598187311178,social
Uden for folketingsgrupperne,Enhedslisten,67,148,66.0,0.4459459459459459,social
Uden for folketingsgrupperne,Javnaðarflokkurin,67,2,2.0,1.0,social
Uden for folketingsgrupperne,Liberal Alliance,67,38,34.0,0.8947368421052632,social
Uden for folketingsgrupperne,Moderaterne,67,12,12.0,1.0,social
Uden for folketingsgrupperne,Radikale Venstre,67,218,126.0,0.5779816513761468,social
Uden for folketingsgrupperne,Socialdemokratiet,67,1136,582.0,0.5123239436619719,social
Uden for folketingsgrupperne,Socialistisk Folkeparti,67,396,187.0,0.4722222222222222,social
Uden for folketingsgrupperne,Uden for folketingsgrupperne,67,75,61.0,0.8133333333333334,social
Uden for folketingsgrupperne,Venstre,67,1070,968.0,0.9046728971962616,social
Venstre,Danmarksdemokraterne,67,3572,3374.0,0.944568868980963,social
Venstre,Dansk Folkeparti,67,13303,12102.0,0.9097196121175676,social
Venstre,Det Konservative Folkeparti,67,7323,7323.0,1.0,social
Venstre,Enhedslisten,67,3559,1581.0,0.4442259061534139,social
Venstre,Javnaðarflokkurin,67,18,18.0,1.0,social
Venstre,Liberal Alliance,67,813,690.0,0.8487084870848709,social
Venstre,Moderaterne,67,199,199.0,1.0,social
Venstre,Radikale Venstre,67,3500,2251.0,0.6431428571428571,social
Venstre,Sambandsflokkurin,67,4,4.0,1.0,social
Venstre,Socialdemokratiet,67,31320,17902.0,0.5715836526181354,social
Venstre,Socialistisk Folkeparti,67,11185,6109.0,0.546177916852928,social
Venstre,Uden for folketingsgrupperne,67,3100,2710.0,0.8741935483870967,social
Venstre,Venstre,67,31473,31473.0,1.0,social
Alternativet,Liberal Alliance,69,36,15.0,0.4166666666666667,social
Alternativet,Radikale Venstre,69,16,13.0,0.8125,social
Danmarksdemokraterne,Alternativet,69,228,88.0,0.3859649122807017,social
Danmarksdemokraterne,Danmarksdemokraterne,69,2136,2035.0,0.9527153558052436,social
Danmarksdemokraterne,Dansk Folkeparti,69,4105,4006.0,0.9758830694275274,social
Danmarksdemokraterne,Det Konservative Folkeparti,69,129,116.0,0.8992248062015504,social
Danmarksdemokraterne,Enhedslisten,69,3426,1469.0,0.4287799182720374,social
Danmarksdemokraterne,Liberal Alliance,69,4099,3553.0,0.8667967797023665,social
Danmarksdemokraterne,Moderaterne,69,258,220.0,0.8527131782945736,social
Danmarksdemokraterne,Radikale Venstre,69,3577,2286.0,0.639083030472463,social
Danmarksdemokraterne,Socialdemokratiet,69,14410,10370.0,0.7196391394864677,social
Danmarksdemokraterne,Socialistisk Folkeparti,69,2242,1182.0,0.5272078501338091,social
Danmarksdemokraterne,Uden for folketingsgrupperne,69,2257,2152.0,0.9534780682321666,social
Danmarksdemokraterne,Venstre,69,13089,11587.0,0.8852471540988617,social
Dansk Folkeparti,Alternativet,69,219,75.0,0.3424657534246575,social
Dansk Folkeparti,Danmarksdemokraterne,69,1691,1646.0,0.9733885274985216,social
Dansk Folkeparti,Dansk Folkeparti,69,2990,2986.0,0.9986622073578596,social
Dansk Folkeparti,Det Konservative Folkeparti,69,101,87.0,0.8613861386138614,social
Dansk Folkeparti,Enhedslisten,69,3212,1430.0,0.4452054794520548,social
Dansk Folkeparti,Liberal Alliance,69,2891,2468.0,0.8536838464199239,social
Dansk Folkeparti,Moderaterne,69,141,111.0,0.7872340425531915,social
Dansk Folkeparti,Radikale Venstre,69,2977,1817.0,0.6103459858918374,social
Dansk Folkeparti,Socialdemokratiet,69,11362,7855.0,0.691339552895617,social
Dansk Folkeparti,Socialistisk Folkeparti,69,1184,625.0,0.5278716216216216,social
Dansk Folkeparti,Uden for folketingsgrupperne,69,1530,1441.0,0.9418300653594772,social
Dansk Folkeparti,Venstre,69,10338,8956.0,0.8663184368349778,social
Det Konservative Folkeparti,Alternativet,69,8,3.0,0.375,social
Det Konservative Folkeparti,Danmarksdemokraterne,69,188,154.0,0.8191489361702128,social
Det Konservative Folkeparti,Dansk Folkeparti,69,338,284.0,0.8402366863905325,social
Det Konservative Folkeparti,Det Konservative Folkeparti,69,13,13.0,1.0,social
Det Konservative Folkeparti,Enhedslisten,69,302,157.0,0.5198675496688742,social
Det Konservative Folkeparti,Liberal Alliance,69,230,201.0,0.8739130434782608,social
Det Konservative Folkeparti,Moderaterne,69,34,32.0,0.9411764705882352,social
Det Konservative Folkeparti,Radikale Venstre,69,214,152.0,0.7102803738317757,social
Det Konservative Folkeparti,Socialdemokratiet,69,888,716.0,0.8063063063063063,social
Det Konservative Folkeparti,Socialistisk Folkeparti,69,137,78.0,0.5693430656934306,social
Det Konservative Folkeparti,Uden for folketingsgrupperne,69,124,103.0,0.8306451612903226,social
Det Konservative Folkeparti,Venstre,69,928,898.0,0.9676724137931034,social
Enhedslisten,Alternativet,69,171,145.0,0.847953216374269,social
Enhedslisten,Danmarksdemokraterne,69,1624,665.0,0.4094827586206896,social
Enhedslisten,Dansk Folkeparti,69,2758,1209.0,0.4383611312545322,social
Enhedslisten,Det Konservative Folkeparti,69,75,51.0,0.68,social
Enhedslisten,Enhedslisten,69,2072,2072.0,1.0,social
Enhedslisten,Liberal Alliance,69,2632,1112.0,0.4224924012158054,social
Enhedslisten,Moderaterne,69,199,82.0,0.4120603015075377,social
Enhedslisten,Radikale Venstre,69,2294,1407.0,0.6133391455972101,social
Enhedslisten,Socialdemokratiet,69,9800,4962.0,0.5063265306122449,social
Enhedslisten,Socialistisk Folkeparti,69,1422,1097.0,0.7714486638537271,social
Enhedslisten,Uden for folketingsgrupperne,69,1321,526.0,0.3981831945495837,social
Enhedslisten,Venstre,69,9268,3860.0,0.4164868364264135,social
Liberal Alliance,Alternativet,69,145,54.0,0.3724137931034483,social
Liberal Alliance,Danmarksdemokraterne,69,255,215.0,0.8431372549019608,social
Liberal Alliance,Dansk Folkeparti,69,2145,1823.0,0.8498834498834499,social
Liberal Alliance,Det Konservative Folkeparti,69,37,31.0,0.8378378378378378,social
Liberal Alliance,Enhedslisten,69,1716,731.0,0.4259906759906759,social
Liberal Alliance,Liberal Alliance,69,1429,1428.0,0.9993002099370188,social
Liberal Alliance,Moderaterne,69,8,7.0,0.875,social
Liberal Alliance,Radikale Venstre,69,1938,1291.0,0.6661506707946336,social
Liberal Alliance,Socialdemokratiet,69,6283,4815.0,0.7663536527136718,social
Liberal Alliance,Socialistisk Folkeparti,69,522,258.0,0.4942528735632184,social
Liberal Alliance,Uden for folketingsgrupperne,69,944,858.0,0.9088983050847458,social
Liberal Alliance,Venstre,69,5144,4893.0,0.9512052877138414,social
Moderaterne,Alternativet,69,7,2.0,0.2857142857142857,social
Moderaterne,Danmarksdemokraterne,69,112,86.0,0.7678571428571429,social
Moderaterne,Dansk Folkeparti,69,344,279.0,0.811046511627907,social
Moderaterne,Det Konservative Folkeparti,69,12,11.0,0.9166666666666666,social
Moderaterne,Enhedslisten,69,216,107.0,0.4953703703703703,social
Moderaterne,Liberal Alliance,69,331,302.0,0.9123867069486404,social
Moderaterne,Moderaterne,69,1,1.0,1.0,social
Moderaterne,Radikale Venstre,69,256,188.0,0.734375,social
Moderaterne,Socialdemokratiet,69,1106,919.0,0.8309222423146474,social
Moderaterne,Socialistisk Folkeparti,69,142,82.0,0.5774647887323944,social
Moderaterne,Uden for folketingsgrupperne,69,158,131.0,0.8291139240506329,social
Moderaterne,Venstre,69,938,938.0,1.0,social
Radikale Venstre,Alternativet,69,194,130.0,0.6701030927835051,social
Radikale Venstre,Danmarksdemokraterne,69,830,542.0,0.653012048192771,social
Radikale Venstre,Dansk Folkeparti,69,2113,1320.0,0.6247042120208235,social
Radikale Venstre,Det Konservative Folkeparti,69,65,53.0,0.8153846153846154,social
Radikale Venstre,Enhedslisten,69,1986,1261.0,0.634944612286002,social
Radikale Venstre,Liberal Alliance,69,1813,1284.0,0.7082184225041368,social
Radikale Venstre,Moderaterne,69,40,32.0,0.8,social
Radikale Venstre,Radikale Venstre,69,1465,1455.0,0.9931740614334472,social
Radikale Venstre,Socialdemokratiet,69,6910,5593.0,0.8094066570188133,social
Radikale Venstre,Socialistisk Folkeparti,69,451,350.0,0.7760532150776053,social
Radikale Venstre,Uden for folketingsgrupperne,69,799,524.0,0.655819774718398,social
Radikale Venstre,Venstre,69,5931,4401.0,0.7420333839150227,social
Socialdemokratiet,Alternativet,69,825,517.0,0.6266666666666667,social
Socialdemokratiet,Danmarksdemokraterne,69,5025,3453.0,0.6871641791044776,social
Socialdemokratiet,Dansk Folkeparti,69,11285,7795.0,0.6907399202481169,social
Socialdemokratiet,Det Konservative Folkeparti,69,340,258.0,0.7588235294117647,social
Socialdemokratiet,Enhedslisten,69,9405,4860.0,0.5167464114832536,social
Socialdemokratiet,Liberal Alliance,69,10115,7722.0,0.7634206623826001,social
Socialdemokratiet,Moderaterne,69,384,311.0,0.8098958333333334,social
Socialdemokratiet,Radikale Venstre,69,9746,7701.0,0.7901703262877078,social
Socialdemokratiet,Socialdemokratiet,69,35408,34927.0,0.9864154993221872,social
Socialdemokratiet,Socialistisk Folkeparti,69,4278,2884.0,0.6741467975689575,social
Socialdemokratiet,Uden for folketingsgrupperne,69,5476,3646.0,0.6658144631117604,social
Socialdemokratiet,Venstre,69,33043,26200.0,0.7929062131162424,social
Socialistisk Folkeparti,Alternativet,69,128,95.0,0.7421875,social
Socialistisk Folkeparti,Danmarksdemokraterne,69,493,264.0,0.5354969574036511,social
Socialistisk Folkeparti,Dansk Folkeparti,69,1995,1018.0,0.5102756892230577,social
Socialistisk Folkeparti,Det Konservative Folkeparti,69,56,41.0,0.7321428571428571,social
Socialistisk Folkeparti,Enhedslisten,69,1257,970.0,0.771678599840891,social
Socialistisk Folkeparti,Liberal Alliance,69,1802,993.0,0.5510543840177581,social
Socialistisk Folkeparti,Moderaterne,69,73,45.0,0.6164383561643836,social
Socialistisk Folkeparti,Radikale Venstre,69,1933,1448.0,0.7490946714950854,social
Socialistisk Folkeparti,Socialdemokratiet,69,6140,4106.0,0.6687296416938111,social
Socialistisk Folkeparti,Socialistisk Folkeparti,69,487,486.0,0.997946611909651,social
Socialistisk Folkeparti,Uden for folketingsgrupperne,69,1218,617.0,0.506568144499179,social
Socialistisk Folkeparti,Venstre,69,5499,3076.0,0.5593744317148572,social
Uden for folketingsgrupperne,Alternativet,69,118,40.0,0.3389830508474576,social
Uden for folketingsgrupperne,Danmarksdemokraterne,69,48,46.0,0.9583333333333334,social
Uden for folketingsgrupperne,Dansk Folkeparti,69,1146,1146.0,1.0,social
Uden for folketingsgrupperne,Det Konservative Folkeparti,69,22,19.0,0.8636363636363636,social
Uden for folketingsgrupperne,Enhedslisten,69,922,367.0,0.3980477223427331,social
Uden for folketingsgrupperne,Liberal Alliance,69,984,860.0,0.8739837398373984,social
Uden for folketingsgrupperne,Radikale Venstre,69,1266,739.0,0.5837282780410743,social
Uden for folketingsgrupperne,Socialdemokratiet,69,3420,2279.0,0.666374269005848,social
Uden for folketingsgrupperne,Socialistisk Folkeparti,69,57,30.0,0.5263157894736842,social
Uden for folketingsgrupperne,Uden for folketingsgrupperne,69,364,343.0,0.9423076923076924,social
Uden for folketingsgrupperne,Venstre,69,2764,2449.0,0.8860347322720694,social
Venstre,Alternativet,69,734,312.0,0.4250681198910082,social
Venstre,Danmarksdemokraterne,69,4623,3991.0,0.863292234479775,social
Venstre,Dansk Folkeparti,69,10399,9028.0,0.8681604000384653,social
Venstre,Det Konservative Folkeparti,69,351,338.0,0.9629629629629628,social
Venstre,Enhedslisten,69,8385,3578.0,0.4267143709004174,social
Venstre,Liberal Alliance,69,9832,9378.0,0.9538242473555736,social
Venstre,Moderaterne,69,422,422.0,1.0,social
Venstre,Radikale Venstre,69,9358,6817.0,0.7284676212865997,social
Venstre,Socialdemokratiet,69,35090,28187.0,0.8032772869763465,social
Venstre,Socialistisk Folkeparti,69,4136,2277.0,0.550531914893617,social
Venstre,Uden for folketingsgrupperne,69,5324,4709.0,0.8844853493613825,social
Venstre,Venstre,69,29363,29363.0,1.0,social
Danmarksdemokraterne,Danmarksdemokraterne,66,857,827.0,0.9649941656942824,social
Danmarksdemokraterne,Dansk Folkeparti,66,2544,2477.0,0.9736635220125788,social
Danmarksdemokraterne,Det Konservative Folkeparti,66,1959,1839.0,0.9387442572741196,social
Danmarksdemokraterne,Enhedslisten,66,854,236.0,0.2763466042154566,social
Danmarksdemokraterne,Liberal Alliance,66,325,298.0,0.916923076923077,social
Danmarksdemokraterne,Moderaterne,66,84,84.0,1.0,social
Danmarksdemokraterne,Radikale Venstre,66,1317,713.0,0.5413819286256644,social
Danmarksdemokraterne,Socialdemokratiet,66,5652,3208.0,0.56758669497523,social
Danmarksdemokraterne,Socialistisk Folkeparti,66,1291,534.0,0.4136328427575523,social
Danmarksdemokraterne,Uden for folketingsgrupperne,66,1114,889.0,0.7980251346499102,social
Danmarksdemokraterne,Venstre,66,7683,7170.0,0.9332292073408824,social
Dansk Folkeparti,Danmarksdemokraterne,66,824,824.0,1.0,social
Dansk Folkeparti,Dansk Folkeparti,66,2164,2164.0,1.0,social
Dansk Folkeparti,Det Konservative Folkeparti,66,1416,1298.0,0.9166666666666666,social
Dansk Folkeparti,Enhedslisten,66,911,263.0,0.2886937431394072,social
Dansk Folkeparti,Liberal Alliance,66,291,259.0,0.8900343642611683,social
Dansk Folkeparti,Moderaterne,66,82,82.0,1.0,social
Dansk Folkeparti,Radikale Venstre,66,1571,862.0,0.5486950986632718,social
Dansk Folkeparti,Socialdemokratiet,66,5002,2800.0,0.5597760895641744,social
Dansk Folkeparti,Socialistisk Folkeparti,66,1611,706.0,0.4382371198013656,social
Dansk Folkeparti,Uden for folketingsgrupperne,66,1524,1099.0,0.7211286089238845,social
Dansk Folkeparti,Venstre,66,7016,6380.0,0.9093500570125428,social
Det Konservative Folkeparti,Danmarksdemokraterne,66,1264,1211.0,0.9580696202531646,social
Det Konservative Folkeparti,Dansk Folkeparti,66,3397,3135.0,0.9228731233441272,social
Det Konservative Folkeparti,Det Konservative Folkeparti,66,1956,1953.0,0.9984662576687116,social
Det Konservative Folkeparti,Enhedslisten,66,1223,340.0,0.2780049059689288,social
Det Konservative Folkeparti,Liberal Alliance,66,446,441.0,0.9887892376681614,social
Det Konservative Folkeparti,Moderaterne,66,116,116.0,1.0,social
Det Konservative Folkeparti,Radikale Venstre,66,2025,1225.0,0.6049382716049383,social
Det Konservative Folkeparti,Socialdemokratiet,66,7530,4711.0,0.6256308100929615,social
Det Konservative Folkeparti,Socialistisk Folkeparti,66,1776,748.0,0.4211711711711711,social
Det Konservative Folkeparti,Uden for folketingsgrupperne,66,1609,1336.0,0.8303293971410814,social
Det Konservative Folkeparti,Venstre,66,9776,9769.0,0.9992839607201308,social
Enhedslisten,Danmarksdemokraterne,66,399,110.0,0.2756892230576441,social
Enhedslisten,Dansk Folkeparti,66,949,296.0,0.3119072708113804,social
Enhedslisten,Det Konservative Folkeparti,66,608,172.0,0.2828947368421052,social
Enhedslisten,Enhedslisten,66,229,229.0,1.0,social
Enhedslisten,Liberal Alliance,66,127,39.0,0.3070866141732283,social
Enhedslisten,Moderaterne,66,19,7.0,0.3684210526315789,social
Enhedslisten,Radikale Venstre,66,431,258.0,0.5986078886310905,social
Enhedslisten,Socialdemokratiet,66,1870,1149.0,0.6144385026737967,social
Enhedslisten,Socialistisk Folkeparti,66,565,446.0,0.7893805309734513,social
Enhedslisten,Uden for folketingsgrupperne,66,530,227.0,0.4283018867924528,social
Enhedslisten,Venstre,66,2719,802.0,0.2949613828613461,social
Liberal Alliance,Danmarksdemokraterne,66,114,103.0,0.9035087719298246,social
Liberal Alliance,Dansk Folkeparti,66,375,330.0,0.88,social
Liberal Alliance,Det Konservative Folkeparti,66,195,192.0,0.9846153846153848,social
Liberal Alliance,Enhedslisten,66,148,36.0,0.2432432432432432,social
Liberal Alliance,Radikale Venstre,66,327,193.0,0.5902140672782875,social
Liberal Alliance,Socialdemokratiet,66,808,512.0,0.6336633663366337,social
Liberal Alliance,Socialistisk Folkeparti,66,185,76.0,0.4108108108108108,social
Liberal Alliance,Uden for folketingsgrupperne,66,215,167.0,0.7767441860465116,social
Liberal Alliance,Venstre,66,803,795.0,0.9900373599003736,social
Moderaterne,Danmarksdemokraterne,66,35,35.0,1.0,social
Moderaterne,Dansk Folkeparti,66,94,94.0,1.0,social
Moderaterne,Det Konservative Folkeparti,66,50,50.0,1.0,social
Moderaterne,Enhedslisten,66,36,6.0,0.1666666666666666,social
Moderaterne,Liberal Alliance,66,26,26.0,1.0,social
Moderaterne,Radikale Venstre,66,95,65.0,0.6842105263157895,social
Moderaterne,Socialdemokratiet,66,210,104.0,0.4952380952380952,social
Moderaterne,Socialistisk Folkeparti,66,48,16.0,0.3333333333333333,social
Moderaterne,Uden for folketingsgrupperne,66,59,49.0,0.8305084745762712,social
Moderaterne,Venstre,66,215,215.0,1.0,social
Radikale Venstre,Danmarksdemokraterne,66,466,243.0,0.5214592274678111,social
Radikale Venstre,Dansk Folkeparti,66,1100,611.0,0.5554545454545454,social
Radikale Venstre,Det Konservative Folkeparti,66,476,285.0,0.5987394957983193,social
Radikale Venstre,Enhedslisten,66,498,324.0,0.6506024096385542,social
Radikale Venstre,Radikale Venstre,66,516,514.0,0.996124031007752,social
Radikale Venstre,Socialdemokratiet,66,2162,1679.0,0.776595744680851,social
Radikale Venstre,Socialistisk Folkeparti,66,733,525.0,0.7162346521145976,social
Radikale Venstre,Uden for folketingsgrupperne,66,832,662.0,0.7956730769230769,social
Radikale Venstre,Venstre,66,3139,1895.0,0.6036954444090474,social
Socialdemokratiet,Danmarksdemokraterne,66,2673,1566.0,0.5858585858585859,social
Socialdemokratiet,Dansk Folkeparti,66,7667,4262.0,0.5558888743967654,social
Socialdemokratiet,Det Konservative Folkeparti,66,4424,2838.0,0.641500904159132,social
Socialdemokratiet,Enhedslisten,66,2727,1649.0,0.6046938027136047,social
Socialdemokratiet,Liberal Alliance,66,845,552.0,0.6532544378698225,social
Socialdemokratiet,Moderaterne,66,240,109.0,0.4541666666666666,social
Socialdemokratiet,Radikale Venstre,66,4353,3401.0,0.7813002526992878,social
Socialdemokratiet,Socialdemokratiet,66,14642,14144.0,0.9659882529709056,social
Socialdemokratiet,Socialistisk Folkeparti,66,4139,3039.0,0.7342353225416768,social
Socialdemokratiet,Uden for folketingsgrupperne,66,3835,2721.0,0.7095176010430247,social
Socialdemokratiet,Venstre,66,20778,13063.0,0.6286938107613822,social
Socialistisk Folkeparti,Danmarksdemokraterne,66,971,360.0,0.3707518022657055,social
Socialistisk Folkeparti,Dansk Folkeparti,66,1843,699.0,0.3792729245794899,social
Socialistisk Folkeparti,Det Konservative Folkeparti,66,1478,624.0,0.4221921515561569,social
Socialistisk Folkeparti,Enhedslisten,66,694,577.0,0.8314121037463977,social
Socialistisk Folkeparti,Liberal Alliance,66,287,106.0,0.3693379790940767,social
Socialistisk Folkeparti,Moderaterne,66,75,26.0,0.3466666666666667,social
Socialistisk Folkeparti,Radikale Venstre,66,1004,763.0,0.7599601593625498,social
Socialistisk Folkeparti,Socialdemokratiet,66,4281,3091.0,0.722027563653352,social
Socialistisk Folkeparti,Socialistisk Folkeparti,66,956,951.0,0.9947698744769874,social
Socialistisk Folkeparti,Uden for folketingsgrupperne,66,1013,567.0,0.5597235932872655,social
Socialistisk Folkeparti,Venstre,66,6500,2726.0,0.4193846153846154,social
Uden for folketingsgrupperne,Danmarksdemokraterne,66,460,375.0,0.8152173913043478,social
Uden for folketingsgrupperne,Dansk Folkeparti,66,914,854.0,0.9343544857768052,social
Uden for folketingsgrupperne,Det Konservative Folkeparti,66,643,544.0,0.8460342146189735,social
Uden for folketingsgrupperne,Enhedslisten,66,348,123.0,0.3534482758620689,social
Uden for folketingsgrupperne,Liberal Alliance,66,106,99.0,0.9339622641509434,social
Uden for folketingsgrupperne,Moderaterne,66,21,21.0,1.0,social
Uden for folketingsgrupperne,Radikale Venstre,66,376,220.0,0.5851063829787234,social
Uden for folketingsgrupperne,Socialdemokratiet,66,2034,1312.0,0.6450344149459194,social
Uden for folketingsgrupperne,Socialistisk Folkeparti,66,669,350.0,0.523168908819133,social
Uden for folketingsgrupperne,Uden for folketingsgrupperne,66,427,314.0,0.7353629976580797,social
Uden for folketingsgrupperne,Venstre,66,3315,2826.0,0.8524886877828054,social
Venstre,Danmarksdemokraterne,66,6320,5929.0,0.9381329113924052,social
Venstre,Dansk Folkeparti,66,14403,13074.0,0.9077275567590084,social
Venstre,Det Konservative Folkeparti,66,10382,10349.0,0.996821421691389,social
Venstre,Enhedslisten,66,5042,1490.0,0.2955176517255057,social
Venstre,Liberal Alliance,66,1925,1907.0,0.9906493506493508,social
Venstre,Moderaterne,66,513,513.0,1.0,social
Venstre,Radikale Venstre,66,7977,4792.0,0.6007270903848565,social
Venstre,Socialdemokratiet,66,31844,19768.0,0.6207762843863837,social
Venstre,Socialistisk Folkeparti,66,7783,3408.0,0.4378774251573943,social
Venstre,Uden for folketingsgrupperne,66,6585,5380.0,0.8170083523158694,social
Venstre,Venstre,66,42873,42808.0,0.9984838942924452,social
Danmarksdemokraterne,Danmarksdemokraterne,65,26,26.0,1.0,social
Danmarksdemokraterne,Dansk Folkeparti,65,185,185.0,1.0,social
Danmarksdemokraterne,Det Konservative Folkeparti,65,94,94.0,1.0,social
Danmarksdemokraterne,Enhedslisten,65,13,2.0,0.1538461538461538,social
Danmarksdemokraterne,Inuit Ataqatigiit,65,2,0.0,0.0,social
Danmarksdemokraterne,Kristendemokraterne,65,25,10.0,0.4,social
Danmarksdemokraterne,Liberal Alliance,65,32,32.0,1.0,social
Danmarksdemokraterne,Moderaterne,65,6,6.0,1.0,social
Danmarksdemokraterne,Radikale Venstre,65,60,36.0,0.6,social
Danmarksdemokraterne,Sambandsflokkurin,65,2,2.0,1.0,social
Danmarksdemokraterne,Socialdemokratiet,65,659,316.0,0.4795144157814871,social
Danmarksdemokraterne,Socialistisk Folkeparti,65,126,40.0,0.3174603174603174,social
Danmarksdemokraterne,Uden for folketingsgrupperne,65,121,111.0,0.9173553719008264,social
Danmarksdemokraterne,Venstre,65,489,489.0,1.0,social
Dansk Folkeparti,Danmarksdemokraterne,65,7,7.0,1.0,social
Dansk Folkeparti,Dansk Folkeparti,65,176,176.0,1.0,social
Dansk Folkeparti,Det Konservative Folkeparti,65,24,24.0,1.0,social
Dansk Folkeparti,Enhedslisten,65,8,1.0,0.125,social
Dansk Folkeparti,Inuit Ataqatigiit,65,1,0.0,0.0,social
Dansk Folkeparti,Kristendemokraterne,65,21,7.0,0.3333333333333333,social
Dansk Folkeparti,Liberal Alliance,65,17,17.0,1.0,social
Dansk Folkeparti,Moderaterne,65,4,4.0,1.0,social
Dansk Folkeparti,Radikale Venstre,65,43,24.0,0.5581395348837209,social
Dansk Folkeparti,Sambandsflokkurin,65,1,1.0,1.0,social
Dansk Folkeparti,Socialdemokratiet,65,448,185.0,0.4129464285714285,social
Dansk Folkeparti,Socialistisk Folkeparti,65,137,42.0,0.3065693430656934,social
Dansk Folkeparti,Uden for folketingsgrupperne,65,72,61.0,0.8472222222222222,social
Dansk Folkeparti,Venstre,65,464,464.0,1.0,social
Det Konservative Folkeparti,Danmarksdemokraterne,65,69,69.0,1.0,social
Det Konservative Folkeparti,Dansk Folkeparti,65,326,326.0,1.0,social
Det Konservative Folkeparti,Det Konservative Folkeparti,65,114,114.0,1.0,social
Det Konservative Folkeparti,Enhedslisten,65,27,4.0,0.1481481481481481,social
Det Konservative Folkeparti,Inuit Ataqatigiit,65,2,0.0,0.0,social
Det Konservative Folkeparti,Kristendemokraterne,65,46,18.0,0.391304347826087,social
Det Konservative Folkeparti,Liberal Alliance,65,63,63.0,1.0,social
Det Konservative Folkeparti,Moderaterne,65,10,10.0,1.0,social
Det Konservative Folkeparti,Radikale Venstre,65,126,84.0,0.6666666666666666,social
Det Konservative Folkeparti,Sambandsflokkurin,65,5,5.0,1.0,social
Det Konservative Folkeparti,Socialdemokratiet,65,1194,643.0,0.5385259631490787,social
Det Konservative Folkeparti,Socialistisk Folkeparti,65,235,89.0,0.3787234042553191,social
Det Konservative Folkeparti,Uden for folketingsgrupperne,65,209,194.0,0.9282296650717704,social
Det Konservative Folkeparti,Venstre,65,889,889.0,1.0,social
Enhedslisten,Danmarksdemokraterne,65,2,0.0,0.0,social
Enhedslisten,Dansk Folkeparti,65,14,2.0,0.1428571428571428,social
Enhedslisten,Kristendemokraterne,65,4,1.0,0.25,social
Enhedslisten,Radikale Venstre,65,15,3.0,0.2,social
Enhedslisten,Socialdemokratiet,65,58,15.0,0.2586206896551724,social
Enhedslisten,Socialistisk Folkeparti,65,10,8.0,0.8,social
Enhedslisten,Uden for folketingsgrupperne,65,10,2.0,0.2,social
Enhedslisten,Venstre,65,29,6.0,0.2068965517241379,social
Inuit Ataqatigiit,Danmarksdemokraterne,65,1,0.0,0.0,social
Inuit Ataqatigiit,Dansk Folkeparti,65,4,0.0,0.0,social
Inuit Ataqatigiit,Det Konservative Folkeparti,65,1,0.0,0.0,social
Inuit Ataqatigiit,Kristendemokraterne,65,1,1.0,1.0,social
Inuit Ataqatigiit,Liberal Alliance,65,1,0.0,0.0,social
Inuit Ataqatigiit,Radikale Venstre,65,1,1.0,1.0,social
Inuit Ataqatigiit,Socialdemokratiet,65,15,15.0,1.0,social
Inuit Ataqatigiit,Socialistisk Folkeparti,65,2,2.0,1.0,social
Inuit Ataqatigiit,Uden for folketingsgrupperne,65,2,1.0,0.5,social
Inuit Ataqatigiit,Venstre,65,7,0.0,0.0,social
Kristendemokraterne,Danmarksdemokraterne,65,3,1.0,0.3333333333333333,social
Kristendemokraterne,Dansk Folkeparti,65,37,15.0,0.4054054054054054,social
Kristendemokraterne,Enhedslisten,65,1,1.0,1.0,social
Kristendemokraterne,Radikale Venstre,65,14,4.0,0.2857142857142857,social
Kristendemokraterne,Socialdemokratiet,65,122,58.0,0.4754098360655737,social
Kristendemokraterne,Socialistisk Folkeparti,65,25,9.0,0.36,social
Kristendemokraterne,Uden for folketingsgrupperne,65,21,8.0,0.3809523809523809,social
Kristendemokraterne,Venstre,65,60,21.0,0.35,social
Liberal Alliance,Danmarksdemokraterne,65,4,4.0,1.0,social
Liberal Alliance,Dansk Folkeparti,65,64,64.0,1.0,social
Liberal Alliance,Det Konservative Folkeparti,65,3,3.0,1.0,social
Liberal Alliance,Enhedslisten,65,5,1.0,0.2,social
Liberal Alliance,Kristendemokraterne,65,11,4.0,0.3636363636363636,social
Liberal Alliance,Radikale Venstre,65,27,17.0,0.6296296296296297,social
Liberal Alliance,Sambandsflokkurin,65,1,1.0,1.0,social
Liberal Alliance,Socialdemokratiet,65,219,101.0,0.4611872146118721,social
Liberal Alliance,Socialistisk Folkeparti,65,42,17.0,0.4047619047619047,social
Liberal Alliance,Uden for folketingsgrupperne,65,33,29.0,0.8787878787878788,social
Liberal Alliance,Venstre,65,106,106.0,1.0,social
Moderaterne,Dansk Folkeparti,65,7,7.0,1.0,social
Moderaterne,Det Konservative Folkeparti,65,1,1.0,1.0,social
Moderaterne,Enhedslisten,65,2,1.0,0.5,social
Moderaterne,Kristendemokraterne,65,3,1.0,0.3333333333333333,social
Moderaterne,Liberal Alliance,65,2,2.0,1.0,social
Moderaterne,Radikale Venstre,65,8,0.0,0.0,social
Moderaterne,Socialdemokratiet,65,41,13.0,0.3170731707317073,social
Moderaterne,Socialistisk Folkeparti,65,9,3.0,0.3333333333333333,social
Moderaterne,Uden for folketingsgrupperne,65,7,6.0,0.8571428571428571,social
Moderaterne,Venstre,65,16,16.0,1.0,social
Radikale Venstre,Danmarksdemokraterne,65,11,10.0,0.9090909090909092,social
Radikale Venstre,Dansk Folkeparti,65,96,67.0,0.6979166666666666,social
Radikale Venstre,Det Konservative Folkeparti,65,3,3.0,1.0,social
Radikale Venstre,Enhedslisten,65,1,0.0,0.0,social
Radikale Venstre,Kristendemokraterne,65,8,2.0,0.25,social
Radikale Venstre,Radikale Venstre,65,19,19.0,1.0,social
Radikale Venstre,Socialdemokratiet,65,231,139.0,0.6017316017316018,social
Radikale Venstre,Socialistisk Folkeparti,65,56,32.0,0.5714285714285714,social
Radikale Venstre,Uden for folketingsgrupperne,65,35,23.0,0.6571428571428571,social
Radikale Venstre,Venstre,65,162,105.0,0.6481481481481481,social
Sambandsflokkurin,Danmarksdemokraterne,65,1,1.0,1.0,social
Sambandsflokkurin,Dansk Folkeparti,65,3,3.0,1.0,social
Sambandsflokkurin,Enhedslisten,65,1,0.0,0.0,social
Sambandsflokkurin,Kristendemokraterne,65,1,0.0,0.0,social
Sambandsflokkurin,Radikale Venstre,65,1,1.0,1.0,social
Sambandsflokkurin,Socialdemokratiet,65,11,0.0,0.0,social
Sambandsflokkurin,Socialistisk Folkeparti,65,1,0.0,0.0,social
Sambandsflokkurin,Uden for folketingsgrupperne,65,2,2.0,1.0,social
Sambandsflokkurin,Venstre,65,5,5.0,1.0,social
Socialdemokratiet,Danmarksdemokraterne,65,130,70.0,0.5384615384615384,social
Socialdemokratiet,Dansk Folkeparti,65,1297,660.0,0.5088666152659984,social
Socialdemokratiet,Det Konservative Folkeparti,65,208,127.0,0.6105769230769231,social
Socialdemokratiet,Enhedslisten,65,49,24.0,0.4897959183673469,social
Socialdemokratiet,Inuit Ataqatigiit,65,7,7.0,1.0,social
Socialdemokratiet,Kristendemokraterne,65,142,64.0,0.4507042253521127,social
Socialdemokratiet,Liberal Alliance,65,109,57.0,0.5229357798165137,social
Socialdemokratiet,Moderaterne,65,12,4.0,0.3333333333333333,social
Socialdemokratiet,Radikale Venstre,65,367,248.0,0.6757493188010899,social
Socialdemokratiet,Sambandsflokkurin,65,8,0.0,0.0,social
Socialdemokratiet,Socialdemokratiet,65,3409,3254.0,0.954532120856556,social
Socialdemokratiet,Socialistisk Folkeparti,65,733,527.0,0.7189631650750341,social
Socialdemokratiet,Uden for folketingsgrupperne,65,637,325.0,0.5102040816326531,social
Socialdemokratiet,Venstre,65,2512,1297.0,0.5163216560509554,social
Socialistisk Folkeparti,Danmarksdemokraterne,65,57,19.0,0.3333333333333333,social
Socialistisk Folkeparti,Dansk Folkeparti,65,257,85.0,0.3307392996108949,social
Socialistisk Folkeparti,Det Konservative Folkeparti,65,95,36.0,0.3789473684210526,social
Socialistisk Folkeparti,Enhedslisten,65,19,16.0,0.8421052631578947,social
Socialistisk Folkeparti,Inuit Ataqatigiit,65,2,2.0,1.0,social
Socialistisk Folkeparti,Kristendemokraterne,65,32,13.0,0.40625,social
Socialistisk Folkeparti,Liberal Alliance,65,31,10.0,0.3225806451612903,social
Socialistisk Folkeparti,Moderaterne,65,5,2.0,0.4,social
Socialistisk Folkeparti,Radikale Venstre,65,93,48.0,0.5161290322580645,social
Socialistisk Folkeparti,Sambandsflokkurin,65,3,0.0,0.0,social
Socialistisk Folkeparti,Socialdemokratiet,65,878,645.0,0.734624145785877,social
Socialistisk Folkeparti,Socialistisk Folkeparti,65,148,148.0,1.0,social
Socialistisk Folkeparti,Uden for folketingsgrupperne,65,162,59.0,0.3641975308641975,social
Socialistisk Folkeparti,Venstre,65,588,215.0,0.3656462585034014,social
Uden for folketingsgrupperne,Danmarksdemokraterne,65,12,11.0,0.9166666666666666,social
Uden for folketingsgrupperne,Dansk Folkeparti,65,225,211.0,0.9377777777777778,social
Uden for folketingsgrupperne,Det Konservative Folkeparti,65,26,26.0,1.0,social
Uden for folketingsgrupperne,Enhedslisten,65,7,1.0,0.1428571428571428,social
Uden for folketingsgrupperne,Inuit Ataqatigiit,65,2,0.0,0.0,social
Uden for folketingsgrupperne,Kristendemokraterne,65,25,11.0,0.44,social
Uden for folketingsgrupperne,Liberal Alliance,65,21,21.0,1.0,social
Uden for folketingsgrupperne,Moderaterne,65,2,2.0,1.0,social
Uden for folketingsgrupperne,Radikale Venstre,65,64,42.0,0.65625,social
Uden for folketingsgrupperne,Socialdemokratiet,65,587,273.0,0.4650766609880749,social
Uden for folketingsgrupperne,Socialistisk Folkeparti,65,111,33.0,0.2972972972972973,social
Uden for folketingsgrupperne,Uden for folketingsgrupperne,65,77,63.0,0.8181818181818182,social
Uden for folketingsgrupperne,Venstre,65,372,348.0,0.935483870967742,social
Venstre,Danmarksdemokraterne,65,171,171.0,1.0,social
Venstre,Dansk Folkeparti,65,1023,1023.0,1.0,social
Venstre,Det Konservative Folkeparti,65,317,317.0,1.0,social
Venstre,Enhedslisten,65,58,10.0,0.1724137931034483,social
Venstre,Inuit Ataqatigiit,65,9,0.0,0.0,social
Venstre,Kristendemokraterne,65,138,50.0,0.3623188405797101,social
Venstre,Liberal Alliance,65,177,177.0,1.0,social
Venstre,Moderaterne,65,31,31.0,1.0,social
Venstre,Radikale Venstre,65,342,211.0,0.6169590643274854,social
Venstre,Sambandsflokkurin,65,10,10.0,1.0,social
Venstre,Socialdemokratiet,65,3425,1632.0,0.4764963503649635,social
Venstre,Socialistisk Folkeparti,65,768,268.0,0.3489583333333333,social
Venstre,Uden for folketingsgrupperne,65,620,563.0,0.9080645161290324,social
Venstre,Venstre,65,2406,2406.0,1.0,social
Alternativet,Radikale Venstre,70,50,39.0,0.78,social
Alternativet,Venstre,70,79,39.0,0.4936708860759494,social
Danmarksdemokraterne,Alternativet,70,462,192.0,0.4155844155844156,social
Danmarksdemokraterne,Danmarksdemokraterne,70,2281,2171.0,0.9517755370451556,social
Danmarksdemokraterne,Dansk Folkeparti,70,1644,1600.0,0.97323600973236,social
Danmarksdemokraterne,Det Konservative Folkeparti,70,415,341.0,0.8216867469879519,social
Danmarksdemokraterne,Enhedslisten,70,2478,1176.0,0.4745762711864407,social
Danmarksdemokraterne,Liberal Alliance,70,887,615.0,0.6933483652762119,social
Danmarksdemokraterne,Moderaterne,70,60,31.0,0.5166666666666667,social
Danmarksdemokraterne,Radikale Venstre,70,2956,1731.0,0.5855886332882273,social
Danmarksdemokraterne,Sambandsflokkurin,70,2,1.0,0.5,social
Danmarksdemokraterne,Socialdemokratiet,70,12690,7480.0,0.5894405043341213,social
Danmarksdemokraterne,Socialistisk Folkeparti,70,1496,732.0,0.4893048128342246,social
Danmarksdemokraterne,Uden for folketingsgrupperne,70,2353,2131.0,0.9056523586910328,social
Danmarksdemokraterne,Venstre,70,10914,8141.0,0.7459226681326736,social
Dansk Folkeparti,Alternativet,70,215,90.0,0.4186046511627907,social
Dansk Folkeparti,Danmarksdemokraterne,70,601,596.0,0.9916805324459236,social
Dansk Folkeparti,Dansk Folkeparti,70,362,359.0,0.9917127071823204,social
Dansk Folkeparti,Det Konservative Folkeparti,70,54,46.0,0.8518518518518519,social
Dansk Folkeparti,Enhedslisten,70,1116,532.0,0.4767025089605735,social
Dansk Folkeparti,Liberal Alliance,70,326,225.0,0.6901840490797546,social
Dansk Folkeparti,Radikale Venstre,70,900,540.0,0.6,social
Dansk Folkeparti,Socialdemokratiet,70,3642,2091.0,0.5741350906095551,social
Dansk Folkeparti,Socialistisk Folkeparti,70,157,79.0,0.5031847133757962,social
Dansk Folkeparti,Uden for folketingsgrupperne,70,278,252.0,0.9064748201438848,social
Dansk Folkeparti,Venstre,70,3157,2320.0,0.7348748812163446,social
Det Konservative Folkeparti,Alternativet,70,19,9.0,0.4736842105263157,social
Det Konservative Folkeparti,Danmarksdemokraterne,70,57,50.0,0.8771929824561403,social
Det Konservative Folkeparti,Dansk Folkeparti,70,130,115.0,0.8846153846153846,social
Det Konservative Folkeparti,Det Konservative Folkeparti,70,14,14.0,1.0,social
Det Konservative Folkeparti,Enhedslisten,70,183,90.0,0.4918032786885246,social
Det Konservative Folkeparti,Liberal Alliance,70,63,47.0,0.746031746031746,social
Det Konservative Folkeparti,Radikale Venstre,70,157,107.0,0.6815286624203821,social
Det Konservative Folkeparti,Socialdemokratiet,70,491,332.0,0.6761710794297352,social
Det Konservative Folkeparti,Uden for folketingsgrupperne,70,70,55.0,0.7857142857142857,social
Det Konservative Folkeparti,Venstre,70,379,353.0,0.9313984168865436,social
Enhedslisten,Alternativet,70,310,276.0,0.8903225806451613,social
Enhedslisten,Danmarksdemokraterne,70,1025,440.0,0.4292682926829268,social
Enhedslisten,Dansk Folkeparti,70,470,210.0,0.4468085106382978,social
Enhedslisten,Det Konservative Folkeparti,70,112,53.0,0.4732142857142857,social
Enhedslisten,Enhedslisten,70,900,889.0,0.9877777777777778,social
Enhedslisten,Liberal Alliance,70,226,118.0,0.5221238938053098,social
Enhedslisten,Moderaterne,70,15,2.0,0.1333333333333333,social
Enhedslisten,Radikale Venstre,70,1143,930.0,0.8136482939632546,social
Enhedslisten,Socialdemokratiet,70,4707,3601.0,0.7650308051837689,social
Enhedslisten,Socialistisk Folkeparti,70,414,363.0,0.8768115942028986,social
Enhedslisten,Uden for folketingsgrupperne,70,638,299.0,0.4686520376175548,social
Enhedslisten,Venstre,70,4380,2130.0,0.4863013698630137,social
Liberal Alliance,Alternativet,70,84,41.0,0.4880952380952381,social
Liberal Alliance,Danmarksdemokraterne,70,129,80.0,0.6201550387596899,social
Liberal Alliance,Dansk Folkeparti,70,117,78.0,0.6666666666666666,social
Liberal Alliance,Det Konservative Folkeparti,70,25,17.0,0.68,social
Liberal Alliance,Enhedslisten,70,420,218.0,0.5190476190476191,social
Liberal Alliance,Radikale Venstre,70,362,220.0,0.6077348066298343,social
Liberal Alliance,Socialdemokratiet,70,1047,671.0,0.6408787010506208,social
Liberal Alliance,Socialistisk Folkeparti,70,11,6.0,0.5454545454545454,social
Liberal Alliance,Uden for folketingsgrupperne,70,11,8.0,0.7272727272727273,social
Liberal Alliance,Venstre,70,943,717.0,0.76033934252386,social
Moderaterne,Danmarksdemokraterne,70,15,5.0,0.3333333333333333,social
Moderaterne,Dansk Folkeparti,70,30,10.0,0.3333333333333333,social
Moderaterne,Enhedslisten,70,15,2.0,0.1333333333333333,social
Moderaterne,Liberal Alliance,70,15,7.0,0.4666666666666667,social
Moderaterne,Radikale Venstre,70,45,6.0,0.1333333333333333,social
Moderaterne,Socialdemokratiet,70,120,16.0,0.1333333333333333,social
Moderaterne,Socialistisk Folkeparti,70,15,2.0,0.1333333333333333,social
Moderaterne,Uden for folketingsgrupperne,70,30,10.0,0.3333333333333333,social
Moderaterne,Venstre,70,150,150.0,1.0,social
Radikale Venstre,Alternativet,70,266,209.0,0.7857142857142857,social
Radikale Venstre,Danmarksdemokraterne,70,636,326.0,0.5125786163522013,social
Radikale Venstre,Dansk Folkeparti,70,673,373.0,0.5542347696879644,social
Radikale Venstre,Det Konservative Folkeparti,70,120,75.0,0.625,social
Radikale Venstre,Enhedslisten,70,1212,988.0,0.8151815181518152,social
Radikale Venstre,Liberal Alliance,70,309,191.0,0.6181229773462783,social
Radikale Venstre,Radikale Venstre,70,876,872.0,0.9954337899543378,social
Radikale Venstre,Socialdemokratiet,70,4128,3631.0,0.8796027131782945,social
Radikale Venstre,Socialistisk Folkeparti,70,166,146.0,0.8795180722891566,social
Radikale Venstre,Uden for folketingsgrupperne,70,461,263.0,0.5704989154013015,social
Radikale Venstre,Venstre,70,3416,2253.0,0.6595433255269321,social
Sambandsflokkurin,Alternativet,70,2,1.0,0.5,social
Sambandsflokkurin,Danmarksdemokraterne,70,8,4.0,0.5,social
Sambandsflokkurin,Dansk Folkeparti,70,6,3.0,0.5,social
Sambandsflokkurin,Enhedslisten,70,6,6.0,1.0,social
Sambandsflokkurin,Liberal Alliance,70,2,2.0,1.0,social
Sambandsflokkurin,Radikale Venstre,70,6,6.0,1.0,social
Sambandsflokkurin,Socialdemokratiet,70,23,23.0,1.0,social
Sambandsflokkurin,Socialistisk Folkeparti,70,2,2.0,1.0,social
Sambandsflokkurin,Uden for folketingsgrupperne,70,2,2.0,1.0,social
Sambandsflokkurin,Venstre,70,26,26.0,1.0,social
Socialdemokratiet,Alternativet,70,1629,1077.0,0.6611418047882136,social
Socialdemokratiet,Danmarksdemokraterne,70,6132,3559.0,0.5803979125896934,social
Socialdemokratiet,Dansk Folkeparti,70,4564,2687.0,0.588737949167397,social
Socialdemokratiet,Det Konservative Folkeparti,70,946,626.0,0.6617336152219874,social
Socialdemokratiet,Enhedslisten,70,7575,5869.0,0.7747854785478547,social
Socialdemokratiet,Liberal Alliance,70,2522,1603.0,0.6356066613798572,social
Socialdemokratiet,Moderaterne,70,135,18.0,0.1333333333333333,social
Socialdemokratiet,Radikale Venstre,70,8287,7284.0,0.8789670568360082,social
Socialdemokratiet,Sambandsflokkurin,70,5,5.0,1.0,social
Socialdemokratiet,Socialdemokratiet,70,31478,31461.0,0.999459940275748,social
Socialdemokratiet,Socialistisk Folkeparti,70,3218,2754.0,0.855811062771908,social
Socialdemokratiet,Uden for folketingsgrupperne,70,5263,3111.0,0.591107733231997,social
Socialdemokratiet,Venstre,70,28667,19333.0,0.6743991348937803,social
Socialistisk Folkeparti,Alternativet,70,132,108.0,0.8181818181818182,social
Socialistisk Folkeparti,Danmarksdemokraterne,70,224,126.0,0.5625,social
Socialistisk Folkeparti,Dansk Folkeparti,70,583,306.0,0.5248713550600344,social
Socialistisk Folkeparti,Det Konservative Folkeparti,70,98,54.0,0.5510204081632653,social
Socialistisk Folkeparti,Enhedslisten,70,692,622.0,0.8988439306358381,social
Socialistisk Folkeparti,Liberal Alliance,70,303,156.0,0.5148514851485149,social
Socialistisk Folkeparti,Moderaterne,70,30,4.0,0.1333333333333333,social
Socialistisk Folkeparti,Radikale Venstre,70,998,853.0,0.8547094188376754,social
Socialistisk Folkeparti,Socialdemokratiet,70,2769,2304.0,0.8320693391115926,social
Socialistisk Folkeparti,Socialistisk Folkeparti,70,171,171.0,1.0,social
Socialistisk Folkeparti,Uden for folketingsgrupperne,70,747,381.0,0.5100401606425703,social
Socialistisk Folkeparti,Venstre,70,2753,1381.0,0.5016345804576825,social
Uden for folketingsgrupperne,Alternativet,70,224,97.0,0.4330357142857143,social
Uden for folketingsgrupperne,Danmarksdemokraterne,70,381,330.0,0.8661417322834646,social
Uden for folketingsgrupperne,Dansk Folkeparti,70,869,822.0,0.945914844649022,social
Uden for folketingsgrupperne,Det Konservative Folkeparti,70,140,113.0,0.8071428571428572,social
Uden for folketingsgrupperne,Enhedslisten,70,1135,552.0,0.4863436123348018,social
Uden for folketingsgrupperne,Liberal Alliance,70,506,338.0,0.6679841897233202,social
Uden for folketingsgrupperne,Moderaterne,70,30,7.0,0.2333333333333333,social
Uden for folketingsgrupperne,Radikale Venstre,70,1341,803.0,0.598806860551827,social
Uden for folketingsgrupperne,Socialdemokratiet,70,4283,2583.0,0.6030819519028718,social
Uden for folketingsgrupperne,Socialistisk Folkeparti,70,183,128.0,0.6994535519125683,social
Uden for folketingsgrupperne,Uden for folketingsgrupperne,70,488,411.0,0.8422131147540983,social
Uden for folketingsgrupperne,Venstre,70,3521,2395.0,0.680204487361545,social
Venstre,Alternativet,70,1379,664.0,0.4815083393763597,social
Venstre,Danmarksdemokraterne,70,5445,4035.0,0.7410468319559229,social
Venstre,Dansk Folkeparti,70,4026,3064.0,0.7610531544957775,social
Venstre,Det Konservative Folkeparti,70,871,798.0,0.9161882893226176,social
Venstre,Enhedslisten,70,6216,3123.0,0.5024131274131274,social
Venstre,Liberal Alliance,70,2170,1694.0,0.7806451612903226,social
Venstre,Moderaterne,70,57,57.0,1.0,social
Venstre,Radikale Venstre,70,7432,5078.0,0.6832615715823466,social
Venstre,Sambandsflokkurin,70,2,2.0,1.0,social
Venstre,Socialdemokratiet,70,28973,20182.0,0.6965795740862182,social
Venstre,Socialistisk Folkeparti,70,2448,1364.0,0.5571895424836601,social
Venstre,Uden for folketingsgrupperne,70,4724,3547.0,0.7508467400508044,social
Venstre,Venstre,70,23656,23594.0,0.9973791004396348,social
Alternativet,Enhedslisten,71,69,58.0,0.8405797101449275,social
Alternativet,Radikale Venstre,71,49,37.0,0.7551020408163265,social
Alternativet,Socialdemokratiet,71,39,26.0,0.6666666666666666,social
Alternativet,Venstre,71,37,25.0,0.6756756756756757,social
Danmarksdemokraterne,Alternativet,71,319,177.0,0.554858934169279,social
Danmarksdemokraterne,Danmarksdemokraterne,71,2289,2235.0,0.9764089121887288,social
Danmarksdemokraterne,Dansk Folkeparti,71,785,568.0,0.7235668789808917,social
Danmarksdemokraterne,Det Konservative Folkeparti,71,1798,1519.0,0.8448275862068966,social
Danmarksdemokraterne,Enhedslisten,71,3251,1775.0,0.5459858505075361,social
Danmarksdemokraterne,Liberal Alliance,71,418,321.0,0.7679425837320574,social
Danmarksdemokraterne,Moderaterne,71,92,63.0,0.6847826086956522,social
Danmarksdemokraterne,Radikale Venstre,71,1231,793.0,0.644191714053615,social
Danmarksdemokraterne,Socialdemokratiet,71,9410,5953.0,0.632624867162593,social
Danmarksdemokraterne,Socialistisk Folkeparti,71,1115,668.0,0.5991031390134529,social
Danmarksdemokraterne,Venstre,71,6072,3869.0,0.6371870882740448,social
Dansk Folkeparti,Alternativet,71,82,38.0,0.4634146341463415,social
Dansk Folkeparti,Danmarksdemokraterne,71,831,595.0,0.7160048134777377,social
Dansk Folkeparti,Dansk Folkeparti,71,138,138.0,1.0,social
Dansk Folkeparti,Det Konservative Folkeparti,71,468,313.0,0.6688034188034188,social
Dansk Folkeparti,Enhedslisten,71,923,454.0,0.4918743228602383,social
Dansk Folkeparti,Liberal Alliance,71,137,96.0,0.7007299270072993,social
Dansk Folkeparti,Moderaterne,71,37,16.0,0.4324324324324324,social
Dansk Folkeparti,Radikale Venstre,71,314,169.0,0.5382165605095541,social
Dansk Folkeparti,Socialdemokratiet,71,2834,1538.0,0.5426958362738179,social
Dansk Folkeparti,Socialistisk Folkeparti,71,408,227.0,0.5563725490196079,social
Dansk Folkeparti,Venstre,71,2060,1097.0,0.5325242718446602,social
Det Konservative Folkeparti,Alternativet,71,168,90.0,0.5357142857142857,social
Det Konservative Folkeparti,Danmarksdemokraterne,71,1080,933.0,0.8638888888888889,social
Det Konservative Folkeparti,Dansk Folkeparti,71,396,281.0,0.7095959595959596,social
Det Konservative Folkeparti,Det Konservative Folkeparti,71,586,584.0,0.9965870307167236,social
Det Konservative Folkeparti,Enhedslisten,71,1648,909.0,0.5515776699029126,social
Det Konservative Folkeparti,Liberal Alliance,71,214,173.0,0.8084112149532711,social
Det Konservative Folkeparti,Moderaterne,71,40,35.0,0.875,social
Det Konservative Folkeparti,Radikale Venstre,71,461,326.0,0.7071583514099783,social
Det Konservative Folkeparti,Socialdemokratiet,71,3977,2975.0,0.7480512949459391,social
Det Konservative Folkeparti,Socialistisk Folkeparti,71,399,274.0,0.6867167919799498,social
Det Konservative Folkeparti,Venstre,71,3046,2316.0,0.7603414313854235,social
Enhedslisten,Alternativet,71,168,141.0,0.8392857142857143,social
Enhedslisten,Danmarksdemokraterne,71,629,342.0,0.5437201907790143,social
Enhedslisten,Dansk Folkeparti,71,225,125.0,0.5555555555555556,social
Enhedslisten,Det Konservative Folkeparti,71,415,247.0,0.5951807228915663,social
Enhedslisten,Enhedslisten,71,1120,1120.0,1.0,social
Enhedslisten,Liberal Alliance,71,65,39.0,0.6,social
Enhedslisten,Radikale Venstre,71,613,452.0,0.7373572593800979,social
Enhedslisten,Socialdemokratiet,71,2229,1386.0,0.6218034993270525,social
Enhedslisten,Socialistisk Folkeparti,71,224,189.0,0.84375,social
Enhedslisten,Venstre,71,1654,1060.0,0.6408706166868199,social
Inuit Ataqatigiit,Alternativet,71,1,1.0,1.0,social
Inuit Ataqatigiit,Danmarksdemokraterne,71,5,5.0,1.0,social
Inuit Ataqatigiit,Dansk Folkeparti,71,1,0.0,0.0,social
Inuit Ataqatigiit,Det Konservative Folkeparti,71,4,4.0,1.0,social
Inuit Ataqatigiit,Enhedslisten,71,5,5.0,1.0,social
Inuit Ataqatigiit,Liberal Alliance,71,1,1.0,1.0,social
Inuit Ataqatigiit,Moderaterne,71,1,1.0,1.0,social
Inuit Ataqatigiit,Naleraq,71,1,1.0,1.0,social
Inuit Ataqatigiit,Radikale Venstre,71,2,2.0,1.0,social
Inuit Ataqatigiit,Socialdemokratiet,71,17,17.0,1.0,social
Inuit Ataqatigiit,Socialistisk Folkeparti,71,4,4.0,1.0,social
Inuit Ataqatigiit,Venstre,71,15,15.0,1.0,social
Liberal Alliance,Alternativet,71,59,37.0,0.6271186440677966,social
Liberal Alliance,Danmarksdemokraterne,71,591,451.0,0.7631133671742809,social
Liberal Alliance,Dansk Folkeparti,71,175,112.0,0.64,social
Liberal Alliance,Det Konservative Folkeparti,71,309,240.0,0.7766990291262136,social
Liberal Alliance,Enhedslisten,71,688,399.0,0.5799418604651163,social
Liberal Alliance,Liberal Alliance,71,40,40.0,1.0,social
Liberal Alliance,Moderaterne,71,24,19.0,0.7916666666666666,social
Liberal Alliance,Radikale Venstre,71,226,164.0,0.7256637168141593,social
Liberal Alliance,Socialdemokratiet,71,1814,1316.0,0.7254685777287762,social
Liberal Alliance,Socialistisk Folkeparti,71,215,143.0,0.6651162790697674,social
Liberal Alliance,Venstre,71,1411,1017.0,0.7207654145995748,social
Moderaterne,Alternativet,71,24,18.0,0.75,social
Moderaterne,Danmarksdemokraterne,71,168,113.0,0.6726190476190477,social
Moderaterne,Dansk Folkeparti,71,43,19.0,0.4418604651162791,social
Moderaterne,Det Konservative Folkeparti,71,96,68.0,0.7083333333333334,social
Moderaterne,Enhedslisten,71,193,132.0,0.6839378238341969,social
Moderaterne,Liberal Alliance,71,21,15.0,0.7142857142857143,social
Moderaterne,Radikale Venstre,71,79,68.0,0.8607594936708861,social
Moderaterne,Socialdemokratiet,71,632,632.0,1.0,social
Moderaterne,Socialistisk Folkeparti,71,86,68.0,0.7906976744186046,social
Moderaterne,Venstre,71,405,404.0,0.9975308641975308,social
Naleraq,Alternativet,71,2,2.0,1.0,social
Naleraq,Danmarksdemokraterne,71,11,11.0,1.0,social
Naleraq,Dansk Folkeparti,71,2,1.0,0.5,social
Naleraq,Det Konservative Folkeparti,71,8,8.0,1.0,social
Naleraq,Enhedslisten,71,10,10.0,1.0,social
Naleraq,Liberal Alliance,71,2,2.0,1.0,social
Naleraq,Moderaterne,71,2,2.0,1.0,social
Naleraq,Radikale Venstre,71,4,4.0,1.0,social
Naleraq,Socialdemokratiet,71,34,34.0,1.0,social
Naleraq,Socialistisk Folkeparti,71,8,8.0,1.0,social
Naleraq,Venstre,71,30,30.0,1.0,social
Radikale Venstre,Alternativet,71,53,39.0,0.7358490566037735,social
Radikale Venstre,Danmarksdemokraterne,71,278,192.0,0.6906474820143885,social
Radikale Venstre,Dansk Folkeparti,71,155,93.0,0.6,social
Radikale Venstre,Det Konservative Folkeparti,71,338,253.0,0.7485207100591716,social
Radikale Venstre,Enhedslisten,71,503,362.0,0.7196819085487077,social
Radikale Venstre,Liberal Alliance,71,75,57.0,0.76,social
Radikale Venstre,Radikale Venstre,71,105,105.0,1.0,social
Radikale Venstre,Socialdemokratiet,71,1279,1004.0,0.7849882720875684,social
Radikale Venstre,Socialistisk Folkeparti,71,24,20.0,0.8333333333333334,social
Radikale Venstre,Venstre,71,888,711.0,0.8006756756756757,social
Socialdemokratiet,Alternativet,71,1000,598.0,0.598,social
Socialdemokratiet,Danmarksdemokraterne,71,8789,5705.0,0.6491068380930709,social
Socialdemokratiet,Dansk Folkeparti,71,2643,1397.0,0.5285660234581915,social
Socialdemokratiet,Det Konservative Folkeparti,71,5801,4286.0,0.7388381313566627,social
Socialdemokratiet,Enhedslisten,71,10886,6838.0,0.6281462428807643,social
Socialdemokratiet,Liberal Alliance,71,1620,1186.0,0.7320987654320987,social
Socialdemokratiet,Moderaterne,71,223,223.0,1.0,social
Socialdemokratiet,Radikale Venstre,71,3825,2990.0,0.7816993464052288,social
Socialdemokratiet,Socialdemokratiet,71,29357,29357.0,1.0,social
Socialdemokratiet,Socialistisk Folkeparti,71,4028,3076.0,0.7636544190665343,social
Socialdemokratiet,Venstre,71,21546,21488.0,0.9973080850273832,social
Socialistisk Folkeparti,Alternativet,71,160,113.0,0.70625,social
Socialistisk Folkeparti,Danmarksdemokraterne,71,1868,1164.0,0.6231263383297645,social
Socialistisk Folkeparti,Dansk Folkeparti,71,487,279.0,0.5728952772073922,social
Socialistisk Folkeparti,Det Konservative Folkeparti,71,1191,759.0,0.6372795969773299,social
Socialistisk Folkeparti,Enhedslisten,71,1983,1658.0,0.8361069087241553,social
Socialistisk Folkeparti,Liberal Alliance,71,363,233.0,0.6418732782369146,social
Socialistisk Folkeparti,Moderaterne,71,75,62.0,0.8266666666666667,social
Socialistisk Folkeparti,Radikale Venstre,71,816,635.0,0.7781862745098039,social
Socialistisk Folkeparti,Socialdemokratiet,71,6138,4699.0,0.7655588139459107,social
Socialistisk Folkeparti,Socialistisk Folkeparti,71,670,668.0,0.9970149253731344,social
Socialistisk Folkeparti,Venstre,71,4584,3543.0,0.7729057591623036,social
Venstre,Alternativet,71,705,435.0,0.6170212765957447,social
Venstre,Danmarksdemokraterne,71,6332,4037.0,0.6375552747946936,social
Venstre,Dansk Folkeparti,71,1693,858.0,0.5067926757235677,social
Venstre,Det Konservative Folkeparti,71,3683,2683.0,0.7284822155851208,social
Venstre,Enhedslisten,71,7345,4482.0,0.6102110279101429,social
Venstre,Liberal Alliance,71,924,673.0,0.7283549783549783,social
Venstre,Moderaterne,71,246,243.0,0.9878048780487804,social
Venstre,Radikale Venstre,71,2652,2080.0,0.7843137254901961,social
Venstre,Socialdemokratiet,71,20843,20717.0,0.9939548049704936,social
Venstre,Socialistisk Folkeparti,71,2502,1851.0,0.7398081534772182,social
Venstre,Venstre,71,13883,13756.0,0.990852121299431,social
Danmarksdemokraterne,Danmarksdemokraterne,68,561,561.0,1.0,forsvar
Danmarksdemokraterne,Dansk Folkeparti,68,854,854.0,1.0,forsvar
Danmarksdemokraterne,Det Konservative Folkeparti,68,991,714.0,0.7204843592330978,forsvar
Danmarksdemokraterne,Enhedslisten,68,1755,924.0,0.5264957264957265,forsvar
Danmarksdemokraterne,Liberal Alliance,68,957,534.0,0.5579937304075235,forsvar
Danmarksdemokraterne,Moderaterne,68,67,47.0,0.7014925373134329,forsvar
Danmarksdemokraterne,Radikale Venstre,68,1781,971.0,0.545199326221224,forsvar
Danmarksdemokraterne,Socialdemokratiet,68,2157,1190.0,0.5516921650440426,forsvar
Danmarksdemokraterne,Socialistisk Folkeparti,68,1098,595.0,0.5418943533697632,forsvar
Danmarksdemokraterne,Uden for folketingsgrupperne,68,689,621.0,0.9013062409288825,forsvar
Danmarksdemokraterne,Venstre,68,2991,2075.0,0.6937479103978602,forsvar
Dansk Folkeparti,Danmarksdemokraterne,68,636,636.0,1.0,forsvar
Dansk Folkeparti,Dansk Folkeparti,68,632,632.0,1.0,forsvar
Dansk Folkeparti,Det Konservative Folkeparti,68,940,658.0,0.7,forsvar
Dansk Folkeparti,Enhedslisten,68,1739,907.0,0.5215641173087981,forsvar
Dansk Folkeparti,Liberal Alliance,68,812,499.0,0.6145320197044335,forsvar
Dansk Folkeparti,Moderaterne,68,34,24.0,0.7058823529411765,forsvar
Dansk Folkeparti,Radikale Venstre,68,1483,713.0,0.480782198246797,forsvar
Dansk Folkeparti,Socialdemokratiet,68,1940,948.0,0.488659793814433,forsvar
Dansk Folkeparti,Socialistisk Folkeparti,68,1090,556.0,0.5100917431192661,forsvar
Dansk Folkeparti,Uden for folketingsgrupperne,68,559,480.0,0.8586762075134168,forsvar
Dansk Folkeparti,Venstre,68,2680,1880.0,0.7014925373134329,forsvar
Det Konservative Folkeparti,Danmarksdemokraterne,68,383,261.0,0.6814621409921671,forsvar
Det Konservative Folkeparti,Dansk Folkeparti,68,487,355.0,0.728952772073922,forsvar
Det Konservative Folkeparti,Det Konservative Folkeparti,68,503,503.0,1.0,forsvar
Det Konservative Folkeparti,Enhedslisten,68,1236,580.0,0.4692556634304207,forsvar
Det Konservative Folkeparti,Liberal Alliance,68,555,358.0,0.645045045045045,forsvar
Det Konservative Folkeparti,Moderaterne,68,39,35.0,0.8974358974358975,forsvar
Det Konservative Folkeparti,Radikale Venstre,68,974,712.0,0.731006160164271,forsvar
Det Konservative Folkeparti,Socialdemokratiet,68,1374,1063.0,0.7736535662299855,forsvar
Det Konservative Folkeparti,Socialistisk Folkeparti,68,783,572.0,0.7305236270753512,forsvar
Det Konservative Folkeparti,Uden for folketingsgrupperne,68,364,246.0,0.6758241758241759,forsvar
Det Konservative Folkeparti,Venstre,68,1775,1672.0,0.9419718309859156,forsvar
Enhedslisten,Danmarksdemokraterne,68,968,493.0,0.5092975206611571,forsvar
Enhedslisten,Dansk Folkeparti,68,1094,514.0,0.469835466179159,forsvar
Enhedslisten,Det Konservative Folkeparti,68,1363,528.0,0.3873807776962582,forsvar
Enhedslisten,Enhedslisten,68,2253,2185.0,0.9698180204172216,forsvar
Enhedslisten,Liberal Alliance,68,1281,553.0,0.4316939890710382,forsvar
Enhedslisten,Moderaterne,68,97,43.0,0.4432989690721649,forsvar
Enhedslisten,Radikale Venstre,68,2269,1627.0,0.7170559717937417,forsvar
Enhedslisten,Socialdemokratiet,68,3110,2107.0,0.677491961414791,forsvar
Enhedslisten,Socialistisk Folkeparti,68,1691,1211.0,0.7161442933175636,forsvar
Enhedslisten,Uden for folketingsgrupperne,68,883,442.0,0.5005662514156285,forsvar
Enhedslisten,Venstre,68,4149,1762.0,0.4246806459387804,forsvar
Liberal Alliance,Danmarksdemokraterne,68,283,179.0,0.6325088339222615,forsvar
Liberal Alliance,Dansk Folkeparti,68,462,269.0,0.5822510822510822,forsvar
Liberal Alliance,Det Konservative Folkeparti,68,615,355.0,0.5772357723577236,forsvar
Liberal Alliance,Enhedslisten,68,1062,475.0,0.4472693032015066,forsvar
Liberal Alliance,Liberal Alliance,68,393,389.0,0.989821882951654,forsvar
Liberal Alliance,Moderaterne,68,13,9.0,0.6923076923076923,forsvar
Liberal Alliance,Radikale Venstre,68,735,334.0,0.454421768707483,forsvar
Liberal Alliance,Socialdemokratiet,68,1261,568.0,0.4504361617763679,forsvar
Liberal Alliance,Socialistisk Folkeparti,68,720,294.0,0.4083333333333333,forsvar
Liberal Alliance,Uden for folketingsgrupperne,68,272,206.0,0.7573529411764706,forsvar
Liberal Alliance,Venstre,68,1457,828.0,0.5682910089224433,forsvar
Moderaterne,Danmarksdemokraterne,68,74,49.0,0.6621621621621622,forsvar
Moderaterne,Dansk Folkeparti,68,93,65.0,0.6989247311827957,forsvar
Moderaterne,Det Konservative Folkeparti,68,93,86.0,0.9247311827956988,forsvar
Moderaterne,Enhedslisten,68,153,77.0,0.5032679738562091,forsvar
Moderaterne,Liberal Alliance,68,103,57.0,0.5533980582524272,forsvar
Moderaterne,Moderaterne,68,1,1.0,1.0,forsvar
Moderaterne,Radikale Venstre,68,173,132.0,0.7630057803468208,forsvar
Moderaterne,Socialdemokratiet,68,228,183.0,0.8026315789473685,forsvar
Moderaterne,Socialistisk Folkeparti,68,87,66.0,0.7586206896551724,forsvar
Moderaterne,Uden for folketingsgrupperne,68,66,47.0,0.7121212121212122,forsvar
Moderaterne,Venstre,68,272,272.0,1.0,forsvar
Radikale Venstre,Danmarksdemokraterne,68,515,229.0,0.4446601941747573,forsvar
Radikale Venstre,Dansk Folkeparti,68,897,489.0,0.5451505016722408,forsvar
Radikale Venstre,Det Konservative Folkeparti,68,1188,863.0,0.7264309764309764,forsvar
Radikale Venstre,Enhedslisten,68,2022,1483.0,0.7334322453016815,forsvar
Radikale Venstre,Liberal Alliance,68,1223,532.0,0.4349959116925593,forsvar
Radikale Venstre,Moderaterne,68,18,14.0,0.7777777777777778,forsvar
Radikale Venstre,Radikale Venstre,68,1587,1587.0,1.0,forsvar
Radikale Venstre,Socialdemokratiet,68,2519,2518.0,0.999603017070266,forsvar
Radikale Venstre,Socialistisk Folkeparti,68,1342,1323.0,0.9858420268256334,forsvar
Radikale Venstre,Uden for folketingsgrupperne,68,677,351.0,0.518463810930576,forsvar
Radikale Venstre,Venstre,68,3215,2367.0,0.7362363919129082,forsvar
Socialdemokratiet,Danmarksdemokraterne,68,1701,847.0,0.4979423868312757,forsvar
Socialdemokratiet,Dansk Folkeparti,68,2064,1085.0,0.5256782945736435,forsvar
Socialdemokratiet,Det Konservative Folkeparti,68,2317,1689.0,0.7289598618903755,forsvar
Socialdemokratiet,Enhedslisten,68,4157,2936.0,0.7062785662737551,forsvar
Socialdemokratiet,Liberal Alliance,68,2001,918.0,0.4587706146926537,forsvar
Socialdemokratiet,Moderaterne,68,140,104.0,0.7428571428571429,forsvar
Socialdemokratiet,Radikale Venstre,68,3529,3527.0,0.9994332672145084,forsvar
Socialdemokratiet,Socialdemokratiet,68,4779,4769.0,0.9979075120318058,forsvar
Socialdemokratiet,Socialistisk Folkeparti,68,2574,2518.0,0.9782439782439782,forsvar
Socialdemokratiet,Uden for folketingsgrupperne,68,1321,690.0,0.522331566994701,forsvar
Socialdemokratiet,Venstre,68,6593,4854.0,0.736235401183073,forsvar
Socialistisk Folkeparti,Danmarksdemokraterne,68,627,327.0,0.5215311004784688,forsvar
Socialistisk Folkeparti,Dansk Folkeparti,68,699,358.0,0.5121602288984263,forsvar
Socialistisk Folkeparti,Det Konservative Folkeparti,68,850,592.0,0.6964705882352941,forsvar
Socialistisk Folkeparti,Enhedslisten,68,1569,1177.0,0.7501593371574251,forsvar
Socialistisk Folkeparti,Liberal Alliance,68,762,327.0,0.4291338582677165,forsvar
Socialistisk Folkeparti,Moderaterne,68,71,55.0,0.7746478873239436,forsvar
Socialistisk Folkeparti,Radikale Venstre,68,1397,1375.0,0.984251968503937,forsvar
Socialistisk Folkeparti,Socialdemokratiet,68,2016,1969.0,0.976686507936508,forsvar
Socialistisk Folkeparti,Socialistisk Folkeparti,68,856,856.0,1.0,forsvar
Socialistisk Folkeparti,Uden for folketingsgrupperne,68,518,284.0,0.5482625482625483,forsvar
Socialistisk Folkeparti,Venstre,68,2851,2023.0,0.7095755875131533,forsvar
Uden for folketingsgrupperne,Danmarksdemokraterne,68,76,71.0,0.9342105263157896,forsvar
Uden for folketingsgrupperne,Dansk Folkeparti,68,220,220.0,1.0,forsvar
Uden for folketingsgrupperne,Det Konservative Folkeparti,68,363,255.0,0.7024793388429752,forsvar
Uden for folketingsgrupperne,Enhedslisten,68,569,298.0,0.523725834797891,forsvar
Uden for folketingsgrupperne,Liberal Alliance,68,391,221.0,0.5652173913043478,forsvar
Uden for folketingsgrupperne,Moderaterne,68,1,1.0,1.0,forsvar
Uden for folketingsgrupperne,Radikale Venstre,68,541,279.0,0.5157116451016636,forsvar
Uden for folketingsgrupperne,Socialdemokratiet,68,701,367.0,0.5235378031383737,forsvar
Uden for folketingsgrupperne,Socialistisk Folkeparti,68,401,216.0,0.5386533665835411,forsvar
Uden for folketingsgrupperne,Uden for folketingsgrupperne,68,135,106.0,0.7851851851851852,forsvar
Uden for folketingsgrupperne,Venstre,68,806,549.0,0.6811414392059554,forsvar
Venstre,Danmarksdemokraterne,68,2000,1350.0,0.675,forsvar
Venstre,Dansk Folkeparti,68,2463,1719.0,0.6979293544457978,forsvar
Venstre,Det Konservative Folkeparti,68,2955,2765.0,0.9357021996615904,forsvar
Venstre,Enhedslisten,68,5201,2387.0,0.458950201884253,forsvar
Venstre,Liberal Alliance,68,2781,1755.0,0.6310679611650486,forsvar
Venstre,Moderaterne,68,172,166.0,0.9651162790697676,forsvar
Venstre,Radikale Venstre,68,4692,3386.0,0.7216538789428815,forsvar
Venstre,Socialdemokratiet,68,6628,5080.0,0.7664453832226916,forsvar
Venstre,Socialistisk Folkeparti,68,3086,2223.0,0.720349967595593,forsvar
Venstre,Uden for folketingsgrupperne,68,1821,1227.0,0.6738056013179572,forsvar
Venstre,Venstre,68,8058,7941.0,0.9854802680565896,forsvar
Danmarksdemokraterne,Danmarksdemokraterne,67,470,460.0,0.9787234042553192,forsvar
Danmarksdemokraterne,Dansk Folkeparti,67,1803,1787.0,0.9911259012756516,forsvar
Danmarksdemokraterne,Det Konservative Folkeparti,67,966,861.0,0.8913043478260869,forsvar
Danmarksdemokraterne,Enhedslisten,67,396,127.0,0.3207070707070707,forsvar
Danmarksdemokraterne,Liberal Alliance,67,131,101.0,0.7709923664122137,forsvar
Danmarksdemokraterne,Moderaterne,67,36,36.0,1.0,forsvar
Danmarksdemokraterne,Radikale Venstre,67,414,214.0,0.5169082125603864,forsvar
Danmarksdemokraterne,Sambandsflokkurin,67,6,6.0,1.0,forsvar
Danmarksdemokraterne,Socialdemokratiet,67,4273,2005.0,0.469225368593494,forsvar
Danmarksdemokraterne,Socialistisk Folkeparti,67,1702,759.0,0.4459459459459459,forsvar
Danmarksdemokraterne,Uden for folketingsgrupperne,67,400,334.0,0.835,forsvar
Danmarksdemokraterne,Venstre,67,4561,4074.0,0.8932251699188775,forsvar
Dansk Folkeparti,Danmarksdemokraterne,67,317,317.0,1.0,forsvar
Dansk Folkeparti,Dansk Folkeparti,67,1625,1625.0,1.0,forsvar
Dansk Folkeparti,Det Konservative Folkeparti,67,1099,968.0,0.8808007279344859,forsvar
Dansk Folkeparti,Enhedslisten,67,388,153.0,0.3943298969072165,forsvar
Dansk Folkeparti,Liberal Alliance,67,233,182.0,0.7811158798283262,forsvar
Dansk Folkeparti,Moderaterne,67,23,23.0,1.0,forsvar
Dansk Folkeparti,Radikale Venstre,67,430,214.0,0.4976744186046511,forsvar
Dansk Folkeparti,Socialdemokratiet,67,3686,1747.0,0.4739555073250135,forsvar
Dansk Folkeparti,Socialistisk Folkeparti,67,1665,743.0,0.4462462462462462,forsvar
Dansk Folkeparti,Uden for folketingsgrupperne,67,476,346.0,0.726890756302521,forsvar
Dansk Folkeparti,Venstre,67,3833,3429.0,0.8945995303939474,forsvar
Det Konservative Folkeparti,Danmarksdemokraterne,67,389,351.0,0.9023136246786632,forsvar
Det Konservative Folkeparti,Dansk Folkeparti,67,1349,1176.0,0.8717568569310601,forsvar
Det Konservative Folkeparti,Det Konservative Folkeparti,67,640,640.0,1.0,forsvar
Det Konservative Folkeparti,Enhedslisten,67,353,137.0,0.3881019830028329,forsvar
Det Konservative Folkeparti,Liberal Alliance,67,148,132.0,0.8918918918918919,forsvar
Det Konservative Folkeparti,Moderaterne,67,25,25.0,1.0,forsvar
Det Konservative Folkeparti,Radikale Venstre,67,338,213.0,0.6301775147928994,forsvar
Det Konservative Folkeparti,Sambandsflokkurin,67,6,6.0,1.0,forsvar
Det Konservative Folkeparti,Socialdemokratiet,67,2946,1679.0,0.5699253224711474,forsvar
Det Konservative Folkeparti,Socialistisk Folkeparti,67,1241,668.0,0.5382755842062853,forsvar
Det Konservative Folkeparti,Uden for folketingsgrupperne,67,295,211.0,0.7152542372881356,forsvar
Det Konservative Folkeparti,Venstre,67,3196,3196.0,1.0,forsvar
Enhedslisten,Danmarksdemokraterne,67,198,56.0,0.2828282828282828,forsvar
Enhedslisten,Dansk Folkeparti,67,666,173.0,0.2597597597597597,forsvar
Enhedslisten,Det Konservative Folkeparti,67,305,84.0,0.2754098360655738,forsvar
Enhedslisten,Enhedslisten,67,85,75.0,0.8823529411764706,forsvar
Enhedslisten,Liberal Alliance,67,71,29.0,0.4084507042253521,forsvar
Enhedslisten,Moderaterne,67,12,1.0,0.0833333333333333,forsvar
Enhedslisten,Radikale Venstre,67,152,93.0,0.6118421052631579,forsvar
Enhedslisten,Socialdemokratiet,67,1395,937.0,0.6716845878136201,forsvar
Enhedslisten,Socialistisk Folkeparti,67,640,425.0,0.6640625,forsvar
Enhedslisten,Uden for folketingsgrupperne,67,161,57.0,0.3540372670807453,forsvar
Enhedslisten,Venstre,67,1510,407.0,0.2695364238410596,forsvar
Liberal Alliance,Danmarksdemokraterne,67,100,83.0,0.83,forsvar
Liberal Alliance,Dansk Folkeparti,67,169,138.0,0.8165680473372781,forsvar
Liberal Alliance,Det Konservative Folkeparti,67,108,97.0,0.8981481481481481,forsvar
Liberal Alliance,Enhedslisten,67,46,19.0,0.4130434782608695,forsvar
Liberal Alliance,Moderaterne,67,10,8.0,0.8,forsvar
Liberal Alliance,Radikale Venstre,67,35,27.0,0.7714285714285715,forsvar
Liberal Alliance,Sambandsflokkurin,67,2,1.0,0.5,forsvar
Liberal Alliance,Socialdemokratiet,67,503,249.0,0.4950298210735586,forsvar
Liberal Alliance,Socialistisk Folkeparti,67,199,91.0,0.457286432160804,forsvar
Liberal Alliance,Uden for folketingsgrupperne,67,36,23.0,0.6388888888888888,forsvar
Liberal Alliance,Venstre,67,558,512.0,0.9175627240143368,forsvar
Moderaterne,Danmarksdemokraterne,67,12,12.0,1.0,forsvar
Moderaterne,Dansk Folkeparti,67,52,52.0,1.0,forsvar
Moderaterne,Det Konservative Folkeparti,67,23,23.0,1.0,forsvar
Moderaterne,Enhedslisten,67,4,0.0,0.0,forsvar
Moderaterne,Radikale Venstre,67,9,1.0,0.1111111111111111,forsvar
Moderaterne,Socialdemokratiet,67,101,9.0,0.0891089108910891,forsvar
Moderaterne,Socialistisk Folkeparti,67,15,1.0,0.0666666666666666,forsvar
Moderaterne,Uden for folketingsgrupperne,67,11,5.0,0.4545454545454545,forsvar
Moderaterne,Venstre,67,64,64.0,1.0,forsvar
Radikale Venstre,Danmarksdemokraterne,67,103,39.0,0.3786407766990291,forsvar
Radikale Venstre,Dansk Folkeparti,67,438,217.0,0.4954337899543379,forsvar
Radikale Venstre,Det Konservative Folkeparti,67,229,147.0,0.6419213973799127,forsvar
Radikale Venstre,Enhedslisten,67,116,85.0,0.7327586206896551,forsvar
Radikale Venstre,Liberal Alliance,67,54,37.0,0.6851851851851852,forsvar
Radikale Venstre,Radikale Venstre,67,73,73.0,1.0,forsvar
Radikale Venstre,Socialdemokratiet,67,756,654.0,0.8650793650793651,forsvar
Radikale Venstre,Socialistisk Folkeparti,67,411,358.0,0.8710462287104623,forsvar
Radikale Venstre,Uden for folketingsgrupperne,67,61,39.0,0.639344262295082,forsvar
Radikale Venstre,Venstre,67,681,405.0,0.5947136563876652,forsvar
Sambandsflokkurin,Danmarksdemokraterne,67,12,12.0,1.0,forsvar
Sambandsflokkurin,Dansk Folkeparti,67,31,31.0,1.0,forsvar
Sambandsflokkurin,Det Konservative Folkeparti,67,15,15.0,1.0,forsvar
Sambandsflokkurin,Enhedslisten,67,11,1.0,0.0909090909090909,forsvar
Sambandsflokkurin,Liberal Alliance,67,1,1.0,1.0,forsvar
Sambandsflokkurin,Moderaterne,67,2,2.0,1.0,forsvar
Sambandsflokkurin,Radikale Venstre,67,10,3.0,0.3,forsvar
Sambandsflokkurin,Socialdemokratiet,67,80,27.0,0.3375,forsvar
Sambandsflokkurin,Socialistisk Folkeparti,67,33,16.0,0.4848484848484848,forsvar
Sambandsflokkurin,Uden for folketingsgrupperne,67,8,7.0,0.875,forsvar
Sambandsflokkurin,Venstre,67,96,96.0,1.0,forsvar
Socialdemokratiet,Danmarksdemokraterne,67,2028,858.0,0.4230769230769231,forsvar
Socialdemokratiet,Dansk Folkeparti,67,7361,3308.0,0.44939546257302,forsvar
Socialdemokratiet,Det Konservative Folkeparti,67,4049,2292.0,0.566065695233391,forsvar
Socialdemokratiet,Enhedslisten,67,1673,1252.0,0.7483562462641961,forsvar
Socialdemokratiet,Liberal Alliance,67,658,388.0,0.5896656534954408,forsvar
Socialdemokratiet,Moderaterne,67,123,14.0,0.1138211382113821,forsvar
Socialdemokratiet,Radikale Venstre,67,1805,1599.0,0.8858725761772853,forsvar
Socialdemokratiet,Sambandsflokkurin,67,15,7.0,0.4666666666666667,forsvar
Socialdemokratiet,Socialdemokratiet,67,15506,15176.0,0.9787179156455564,forsvar
Socialdemokratiet,Socialistisk Folkeparti,67,6613,6206.0,0.9384545592015726,forsvar
Socialdemokratiet,Uden for folketingsgrupperne,67,1775,875.0,0.4929577464788732,forsvar
Socialdemokratiet,Venstre,67,16731,9188.0,0.5491602414679337,forsvar
Socialistisk Folkeparti,Danmarksdemokraterne,67,728,272.0,0.3736263736263736,forsvar
Socialistisk Folkeparti,Dansk Folkeparti,67,2657,1133.0,0.4264207753105005,forsvar
Socialistisk Folkeparti,Det Konservative Folkeparti,67,1538,815.0,0.5299089726918076,forsvar
Socialistisk Folkeparti,Enhedslisten,67,548,412.0,0.7518248175182481,forsvar
Socialistisk Folkeparti,Liberal Alliance,67,252,150.0,0.5952380952380952,forsvar
Socialistisk Folkeparti,Moderaterne,67,51,4.0,0.0784313725490196,forsvar
Socialistisk Folkeparti,Radikale Venstre,67,611,523.0,0.855973813420622,forsvar
Socialistisk Folkeparti,Sambandsflokkurin,67,4,1.0,0.25,forsvar
Socialistisk Folkeparti,Socialdemokratiet,67,5976,5548.0,0.928380187416332,forsvar
Socialistisk Folkeparti,Socialistisk Folkeparti,67,2169,2159.0,0.9953895804518212,forsvar
Socialistisk Folkeparti,Uden for folketingsgrupperne,67,652,309.0,0.4739263803680981,forsvar
Socialistisk Folkeparti,Venstre,67,6803,3478.0,0.5112450389534029,forsvar
Uden for folketingsgrupperne,Danmarksdemokraterne,67,86,77.0,0.8953488372093024,forsvar
Uden for folketingsgrupperne,Dansk Folkeparti,67,351,351.0,1.0,forsvar
Uden for folketingsgrupperne,Det Konservative Folkeparti,67,231,196.0,0.8484848484848485,forsvar
Uden for folketingsgrupperne,Enhedslisten,67,68,23.0,0.3382352941176471,forsvar
Uden for folketingsgrupperne,Liberal Alliance,67,37,26.0,0.7027027027027027,forsvar
Uden for folketingsgrupperne,Moderaterne,67,10,10.0,1.0,forsvar
Uden for folketingsgrupperne,Radikale Venstre,67,147,75.0,0.5102040816326531,forsvar
Uden for folketingsgrupperne,Socialdemokratiet,67,716,338.0,0.4720670391061452,forsvar
Uden for folketingsgrupperne,Socialistisk Folkeparti,67,295,142.0,0.4813559322033898,forsvar
Uden for folketingsgrupperne,Uden for folketingsgrupperne,67,55,38.0,0.6909090909090909,forsvar
Uden for folketingsgrupperne,Venstre,67,727,612.0,0.8418156808803301,forsvar
Venstre,Danmarksdemokraterne,67,2611,2392.0,0.916124090386825,forsvar
Venstre,Dansk Folkeparti,67,8903,7851.0,0.8818375828372459,forsvar
Venstre,Det Konservative Folkeparti,67,4968,4968.0,1.0,forsvar
Venstre,Enhedslisten,67,2015,709.0,0.3518610421836228,forsvar
Venstre,Liberal Alliance,67,764,648.0,0.8481675392670157,forsvar
Venstre,Moderaterne,67,176,176.0,1.0,forsvar
Venstre,Radikale Venstre,67,2294,1406.0,0.6129032258064516,forsvar
Venstre,Sambandsflokkurin,67,11,11.0,1.0,forsvar
Venstre,Socialdemokratiet,67,20470,11414.0,0.5575964826575476,forsvar
Venstre,Socialistisk Folkeparti,67,7683,3988.0,0.5190680723675648,forsvar
Venstre,Uden for folketingsgrupperne,67,2149,1689.0,0.7859469520707306,forsvar
Venstre,Venstre,67,20529,20529.0,1.0,forsvar
Alternativet,Liberal Alliance,69,10,2.0,0.2,forsvar
Alternativet,Radikale Venstre,69,6,6.0,1.0,forsvar
Danmarksdemokraterne,Alternativet,69,59,10.0,0.1694915254237288,forsvar
Danmarksdemokraterne,Danmarksdemokraterne,69,945,907.0,0.9597883597883596,forsvar
Danmarksdemokraterne,Dansk Folkeparti,69,1879,1831.0,0.9744544970729112,forsvar
Danmarksdemokraterne,Det Konservative Folkeparti,69,55,41.0,0.7454545454545455,forsvar
Danmarksdemokraterne,Enhedslisten,69,1524,543.0,0.3562992125984252,forsvar
Danmarksdemokraterne,Liberal Alliance,69,1832,1531.0,0.8356986899563319,forsvar
Danmarksdemokraterne,Moderaterne,69,161,129.0,0.8012422360248447,forsvar
Danmarksdemokraterne,Radikale Venstre,69,1551,874.0,0.5635074145712443,forsvar
Danmarksdemokraterne,Socialdemokratiet,69,6475,4610.0,0.711969111969112,forsvar
Danmarksdemokraterne,Socialistisk Folkeparti,69,945,420.0,0.4444444444444444,forsvar
Danmarksdemokraterne,Uden for folketingsgrupperne,69,991,934.0,0.9424823410696268,forsvar
Danmarksdemokraterne,Venstre,69,5723,4905.0,0.8570679713437008,forsvar
Dansk Folkeparti,Alternativet,69,66,13.0,0.1969696969696969,forsvar
Dansk Folkeparti,Danmarksdemokraterne,69,719,701.0,0.9749652294853964,forsvar
Dansk Folkeparti,Dansk Folkeparti,69,1313,1313.0,1.0,forsvar
Dansk Folkeparti,Det Konservative Folkeparti,69,40,32.0,0.8,forsvar
Dansk Folkeparti,Enhedslisten,69,1398,537.0,0.3841201716738197,forsvar
Dansk Folkeparti,Liberal Alliance,69,1267,1042.0,0.8224151539068666,forsvar
Dansk Folkeparti,Moderaterne,69,74,57.0,0.7702702702702703,forsvar
Dansk Folkeparti,Radikale Venstre,69,1299,693.0,0.5334872979214781,forsvar
Dansk Folkeparti,Socialdemokratiet,69,4998,3393.0,0.6788715486194478,forsvar
Dansk Folkeparti,Socialistisk Folkeparti,69,495,228.0,0.4606060606060606,forsvar
Dansk Folkeparti,Uden for folketingsgrupperne,69,667,620.0,0.929535232383808,forsvar
Dansk Folkeparti,Venstre,69,4338,3562.0,0.8211157215306593,forsvar
Det Konservative Folkeparti,Alternativet,69,6,4.0,0.6666666666666666,forsvar
Det Konservative Folkeparti,Danmarksdemokraterne,69,74,53.0,0.7162162162162162,forsvar
Det Konservative Folkeparti,Dansk Folkeparti,69,123,86.0,0.6991869918699187,forsvar
Det Konservative Folkeparti,Det Konservative Folkeparti,69,8,8.0,1.0,forsvar
Det Konservative Folkeparti,Enhedslisten,69,112,28.0,0.25,forsvar
Det Konservative Folkeparti,Liberal Alliance,69,86,68.0,0.7906976744186046,forsvar
Det Konservative Folkeparti,Moderaterne,69,17,15.0,0.8823529411764706,forsvar
Det Konservative Folkeparti,Radikale Venstre,69,90,40.0,0.4444444444444444,forsvar
Det Konservative Folkeparti,Socialdemokratiet,69,367,258.0,0.7029972752043597,forsvar
Det Konservative Folkeparti,Socialistisk Folkeparti,69,56,18.0,0.3214285714285714,forsvar
Det Konservative Folkeparti,Uden for folketingsgrupperne,69,58,48.0,0.8275862068965517,forsvar
Det Konservative Folkeparti,Venstre,69,398,373.0,0.9371859296482412,forsvar
Enhedslisten,Alternativet,69,51,48.0,0.9411764705882352,forsvar
Enhedslisten,Danmarksdemokraterne,69,758,259.0,0.341688654353562,forsvar
Enhedslisten,Dansk Folkeparti,69,1264,436.0,0.3449367088607595,forsvar
Enhedslisten,Det Konservative Folkeparti,69,25,7.0,0.28,forsvar
Enhedslisten,Enhedslisten,69,944,944.0,1.0,forsvar
Enhedslisten,Liberal Alliance,69,1211,407.0,0.3360858794384806,forsvar
Enhedslisten,Moderaterne,69,125,41.0,0.328,forsvar
Enhedslisten,Radikale Venstre,69,1054,649.0,0.6157495256166983,forsvar
Enhedslisten,Socialdemokratiet,69,4559,1986.0,0.4356218468962491,forsvar
Enhedslisten,Socialistisk Folkeparti,69,624,503.0,0.8060897435897436,forsvar
Enhedslisten,Uden for folketingsgrupperne,69,625,208.0,0.3328,forsvar
Enhedslisten,Venstre,69,4134,1370.0,0.3313981615868408,forsvar
Liberal Alliance,Alternativet,69,36,8.0,0.2222222222222222,forsvar
Liberal Alliance,Danmarksdemokraterne,69,129,99.0,0.7674418604651163,forsvar
Liberal Alliance,Dansk Folkeparti,69,953,735.0,0.7712486883525709,forsvar
Liberal Alliance,Det Konservative Folkeparti,69,15,11.0,0.7333333333333333,forsvar
Liberal Alliance,Enhedslisten,69,752,261.0,0.3470744680851064,forsvar
Liberal Alliance,Liberal Alliance,69,648,645.0,0.9953703703703703,forsvar
Liberal Alliance,Moderaterne,69,7,5.0,0.7142857142857143,forsvar
Liberal Alliance,Radikale Venstre,69,861,561.0,0.6515679442508711,forsvar
Liberal Alliance,Socialdemokratiet,69,2927,2149.0,0.7341988384010932,forsvar
Liberal Alliance,Socialistisk Folkeparti,69,232,101.0,0.4353448275862069,forsvar
Liberal Alliance,Uden for folketingsgrupperne,69,418,358.0,0.8564593301435407,forsvar
Liberal Alliance,Venstre,69,2264,2097.0,0.9262367491166078,forsvar
Moderaterne,Alternativet,69,3,0.0,0.0,forsvar
Moderaterne,Danmarksdemokraterne,69,67,50.0,0.746268656716418,forsvar
Moderaterne,Dansk Folkeparti,69,207,156.0,0.7536231884057971,forsvar
Moderaterne,Det Konservative Folkeparti,69,8,8.0,1.0,forsvar
Moderaterne,Enhedslisten,69,124,54.0,0.4354838709677419,forsvar
Moderaterne,Liberal Alliance,69,176,148.0,0.8409090909090909,forsvar
Moderaterne,Moderaterne,69,2,2.0,1.0,forsvar
Moderaterne,Radikale Venstre,69,141,82.0,0.5815602836879432,forsvar
Moderaterne,Socialdemokratiet,69,663,547.0,0.8250377073906485,forsvar
Moderaterne,Socialistisk Folkeparti,69,80,41.0,0.5125,forsvar
Moderaterne,Uden for folketingsgrupperne,69,107,82.0,0.7663551401869159,forsvar
Moderaterne,Venstre,69,559,559.0,1.0,forsvar
Radikale Venstre,Alternativet,69,52,38.0,0.7307692307692307,forsvar
Radikale Venstre,Danmarksdemokraterne,69,309,189.0,0.6116504854368932,forsvar
Radikale Venstre,Dansk Folkeparti,69,833,466.0,0.5594237695078031,forsvar
Radikale Venstre,Det Konservative Folkeparti,69,26,13.0,0.5,forsvar
Radikale Venstre,Enhedslisten,69,771,493.0,0.6394293125810635,forsvar
Radikale Venstre,Liberal Alliance,69,740,481.0,0.65,forsvar
Radikale Venstre,Moderaterne,69,24,16.0,0.6666666666666666,forsvar
Radikale Venstre,Radikale Venstre,69,583,577.0,0.9897084048027444,forsvar
Radikale Venstre,Socialdemokratiet,69,2782,1942.0,0.698058950395399,forsvar
Radikale Venstre,Socialistisk Folkeparti,69,166,143.0,0.8614457831325302,forsvar
Radikale Venstre,Uden for folketingsgrupperne,69,297,169.0,0.569023569023569,forsvar
Radikale Venstre,Venstre,69,2246,1407.0,0.6264470169189671,forsvar
Socialdemokratiet,Alternativet,69,224,130.0,0.5803571428571429,forsvar
Socialdemokratiet,Danmarksdemokraterne,69,2295,1607.0,0.7002178649237473,forsvar
Socialdemokratiet,Dansk Folkeparti,69,5112,3422.0,0.6694053208137715,forsvar
Socialdemokratiet,Det Konservative Folkeparti,69,141,121.0,0.8581560283687943,forsvar
Socialdemokratiet,Enhedslisten,69,4152,1981.0,0.4771194605009634,forsvar
Socialdemokratiet,Liberal Alliance,69,4506,3397.0,0.7538837106080781,forsvar
Socialdemokratiet,Moderaterne,69,250,195.0,0.78,forsvar
Socialdemokratiet,Radikale Venstre,69,4297,3163.0,0.736094949965092,forsvar
Socialdemokratiet,Socialdemokratiet,69,16024,15591.0,0.9729780329505742,forsvar
Socialdemokratiet,Socialistisk Folkeparti,69,1780,1114.0,0.6258426966292134,forsvar
Socialdemokratiet,Uden for folketingsgrupperne,69,2361,1590.0,0.6734434561626429,forsvar
Socialdemokratiet,Venstre,69,14380,11709.0,0.8142559109874826,forsvar
Socialistisk Folkeparti,Alternativet,69,25,19.0,0.76,forsvar
Socialistisk Folkeparti,Danmarksdemokraterne,69,194,114.0,0.5876288659793815,forsvar
Socialistisk Folkeparti,Dansk Folkeparti,69,837,373.0,0.4456391875746714,forsvar
Socialistisk Folkeparti,Det Konservative Folkeparti,69,25,10.0,0.4,forsvar
Socialistisk Folkeparti,Enhedslisten,69,526,420.0,0.7984790874524715,forsvar
Socialistisk Folkeparti,Liberal Alliance,69,746,410.0,0.5495978552278821,forsvar
Socialistisk Folkeparti,Moderaterne,69,43,22.0,0.5116279069767442,forsvar
Socialistisk Folkeparti,Radikale Venstre,69,776,623.0,0.8028350515463918,forsvar
Socialistisk Folkeparti,Socialdemokratiet,69,2563,1584.0,0.6180257510729614,forsvar
Socialistisk Folkeparti,Socialistisk Folkeparti,69,182,182.0,1.0,forsvar
Socialistisk Folkeparti,Uden for folketingsgrupperne,69,495,226.0,0.4565656565656565,forsvar
Socialistisk Folkeparti,Venstre,69,2204,1190.0,0.5399274047186933,forsvar
Uden for folketingsgrupperne,Alternativet,69,29,5.0,0.1724137931034483,forsvar
Uden for folketingsgrupperne,Danmarksdemokraterne,69,18,18.0,1.0,forsvar
Uden for folketingsgrupperne,Dansk Folkeparti,69,507,507.0,1.0,forsvar
Uden for folketingsgrupperne,Det Konservative Folkeparti,69,11,10.0,0.9090909090909092,forsvar
Uden for folketingsgrupperne,Enhedslisten,69,391,133.0,0.340153452685422,forsvar
Uden for folketingsgrupperne,Liberal Alliance,69,431,363.0,0.8422273781902552,forsvar
Uden for folketingsgrupperne,Moderaterne,69,2,2.0,1.0,forsvar
Uden for folketingsgrupperne,Radikale Venstre,69,542,290.0,0.5350553505535055,forsvar
Uden for folketingsgrupperne,Socialdemokratiet,69,1573,1044.0,0.6636999364272091,forsvar
Uden for folketingsgrupperne,Socialistisk Folkeparti,69,23,9.0,0.391304347826087,forsvar
Uden for folketingsgrupperne,Uden for folketingsgrupperne,69,153,136.0,0.8888888888888888,forsvar
Uden for folketingsgrupperne,Venstre,69,1217,1032.0,0.847986852917009,forsvar
Venstre,Alternativet,69,197,48.0,0.2436548223350254,forsvar
Venstre,Danmarksdemokraterne,69,1948,1659.0,0.8516427104722792,forsvar
Venstre,Dansk Folkeparti,69,4552,3687.0,0.8099736379613357,forsvar
Venstre,Det Konservative Folkeparti,69,145,141.0,0.9724137931034482,forsvar
Venstre,Enhedslisten,69,3523,1275.0,0.3619074652284984,forsvar
Venstre,Liberal Alliance,69,4246,3999.0,0.941827602449364,forsvar
Venstre,Moderaterne,69,257,257.0,1.0,forsvar
Venstre,Radikale Venstre,69,3995,2646.0,0.6623279098873592,forsvar
Venstre,Socialdemokratiet,69,15217,12353.0,0.8117894460143261,forsvar
Venstre,Socialistisk Folkeparti,69,1669,830.0,0.4973037747153984,forsvar
Venstre,Uden for folketingsgrupperne,69,2264,1904.0,0.8409893992932862,forsvar
Venstre,Venstre,69,12242,12242.0,1.0,forsvar
Danmarksdemokraterne,Danmarksdemokraterne,66,407,394.0,0.968058968058968,forsvar
Danmarksdemokraterne,Dansk Folkeparti,66,1121,1094.0,0.975914362176628,forsvar
Danmarksdemokraterne,Det Konservative Folkeparti,66,894,821.0,0.91834451901566,forsvar
Danmarksdemokraterne,Enhedslisten,66,366,111.0,0.3032786885245901,forsvar
Danmarksdemokraterne,Liberal Alliance,66,161,141.0,0.8757763975155279,forsvar
Danmarksdemokraterne,Moderaterne,66,18,18.0,1.0,forsvar
Danmarksdemokraterne,Radikale Venstre,66,625,341.0,0.5456,forsvar
Danmarksdemokraterne,Socialdemokratiet,66,2538,1519.0,0.5985027580772262,forsvar
Danmarksdemokraterne,Socialistisk Folkeparti,66,526,220.0,0.4182509505703422,forsvar
Danmarksdemokraterne,Uden for folketingsgrupperne,66,423,327.0,0.7730496453900709,forsvar
Danmarksdemokraterne,Venstre,66,3521,3215.0,0.9130928713433684,forsvar
Dansk Folkeparti,Danmarksdemokraterne,66,393,393.0,1.0,forsvar
Dansk Folkeparti,Dansk Folkeparti,66,1011,1011.0,1.0,forsvar
Dansk Folkeparti,Det Konservative Folkeparti,66,684,608.0,0.8888888888888888,forsvar
Dansk Folkeparti,Enhedslisten,66,444,140.0,0.3153153153153153,forsvar
Dansk Folkeparti,Liberal Alliance,66,155,134.0,0.864516129032258,forsvar
Dansk Folkeparti,Moderaterne,66,22,22.0,1.0,forsvar
Dansk Folkeparti,Radikale Venstre,66,774,384.0,0.4961240310077519,forsvar
Dansk Folkeparti,Socialdemokratiet,66,2384,1300.0,0.5453020134228188,forsvar
Dansk Folkeparti,Socialistisk Folkeparti,66,738,289.0,0.3915989159891599,forsvar
Dansk Folkeparti,Uden for folketingsgrupperne,66,611,411.0,0.6726677577741408,forsvar
Dansk Folkeparti,Venstre,66,3358,2997.0,0.8924955330553901,forsvar
Det Konservative Folkeparti,Danmarksdemokraterne,66,593,564.0,0.951096121416526,forsvar
Det Konservative Folkeparti,Dansk Folkeparti,66,1544,1399.0,0.9060880829015544,forsvar
Det Konservative Folkeparti,Det Konservative Folkeparti,66,914,914.0,1.0,forsvar
Det Konservative Folkeparti,Enhedslisten,66,544,155.0,0.2849264705882353,forsvar
Det Konservative Folkeparti,Liberal Alliance,66,236,228.0,0.9661016949152542,forsvar
Det Konservative Folkeparti,Moderaterne,66,30,30.0,1.0,forsvar
Det Konservative Folkeparti,Radikale Venstre,66,980,566.0,0.5775510204081633,forsvar
Det Konservative Folkeparti,Socialdemokratiet,66,3487,2236.0,0.6412388872956696,forsvar
Det Konservative Folkeparti,Socialistisk Folkeparti,66,760,305.0,0.4013157894736842,forsvar
Det Konservative Folkeparti,Uden for folketingsgrupperne,66,644,507.0,0.7872670807453416,forsvar
Det Konservative Folkeparti,Venstre,66,4489,4480.0,0.9979950991312097,forsvar
Enhedslisten,Danmarksdemokraterne,66,188,44.0,0.2340425531914893,forsvar
Enhedslisten,Dansk Folkeparti,66,390,93.0,0.2384615384615384,forsvar
Enhedslisten,Det Konservative Folkeparti,66,284,74.0,0.2605633802816901,forsvar
Enhedslisten,Enhedslisten,66,97,97.0,1.0,forsvar
Enhedslisten,Liberal Alliance,66,62,18.0,0.2903225806451613,forsvar
Enhedslisten,Moderaterne,66,5,0.0,0.0,forsvar
Enhedslisten,Radikale Venstre,66,188,120.0,0.6382978723404256,forsvar
Enhedslisten,Socialdemokratiet,66,815,481.0,0.5901840490797546,forsvar
Enhedslisten,Socialistisk Folkeparti,66,240,193.0,0.8041666666666667,forsvar
Enhedslisten,Uden for folketingsgrupperne,66,197,87.0,0.4416243654822335,forsvar
Enhedslisten,Venstre,66,1236,346.0,0.2799352750809061,forsvar
Liberal Alliance,Danmarksdemokraterne,66,69,61.0,0.8840579710144928,forsvar
Liberal Alliance,Dansk Folkeparti,66,197,166.0,0.8426395939086294,forsvar
Liberal Alliance,Det Konservative Folkeparti,66,112,108.0,0.9642857142857144,forsvar
Liberal Alliance,Enhedslisten,66,75,23.0,0.3066666666666666,forsvar
Liberal Alliance,Radikale Venstre,66,187,126.0,0.6737967914438503,forsvar
Liberal Alliance,Socialdemokratiet,66,444,292.0,0.6576576576576577,forsvar
Liberal Alliance,Socialistisk Folkeparti,66,93,35.0,0.3763440860215054,forsvar
Liberal Alliance,Uden for folketingsgrupperne,66,96,75.0,0.78125,forsvar
Liberal Alliance,Venstre,66,443,428.0,0.9661399548532732,forsvar
Moderaterne,Danmarksdemokraterne,66,11,11.0,1.0,forsvar
Moderaterne,Dansk Folkeparti,66,22,22.0,1.0,forsvar
Moderaterne,Det Konservative Folkeparti,66,11,11.0,1.0,forsvar
Moderaterne,Enhedslisten,66,10,0.0,0.0,forsvar
Moderaterne,Liberal Alliance,66,7,7.0,1.0,forsvar
Moderaterne,Radikale Venstre,66,20,11.0,0.55,forsvar
Moderaterne,Socialdemokratiet,66,56,25.0,0.4464285714285714,forsvar
Moderaterne,Socialistisk Folkeparti,66,13,1.0,0.0769230769230769,forsvar
Moderaterne,Uden for folketingsgrupperne,66,17,12.0,0.7058823529411765,forsvar
Moderaterne,Venstre,66,53,53.0,1.0,forsvar
Radikale Venstre,Danmarksdemokraterne,66,238,134.0,0.5630252100840336,forsvar
Radikale Venstre,Dansk Folkeparti,66,502,249.0,0.4960159362549801,forsvar
Radikale Venstre,Det Konservative Folkeparti,66,224,138.0,0.6160714285714286,forsvar
Radikale Venstre,Enhedslisten,66,250,150.0,0.6,forsvar
Radikale Venstre,Radikale Venstre,66,268,268.0,1.0,forsvar
Radikale Venstre,Socialdemokratiet,66,1059,896.0,0.846081208687441,forsvar
Radikale Venstre,Socialistisk Folkeparti,66,320,229.0,0.715625,forsvar
Radikale Venstre,Uden for folketingsgrupperne,66,333,265.0,0.7957957957957958,forsvar
Radikale Venstre,Venstre,66,1559,903.0,0.5792174470814625,forsvar
Socialdemokratiet,Danmarksdemokraterne,66,1232,722.0,0.586038961038961,forsvar
Socialdemokratiet,Dansk Folkeparti,66,3426,1864.0,0.5440747227086982,forsvar
Socialdemokratiet,Det Konservative Folkeparti,66,2045,1396.0,0.682640586797066,forsvar
Socialdemokratiet,Enhedslisten,66,1253,715.0,0.5706304868316041,forsvar
Socialdemokratiet,Liberal Alliance,66,443,300.0,0.6772009029345373,forsvar
Socialdemokratiet,Moderaterne,66,53,26.0,0.490566037735849,forsvar
Socialdemokratiet,Radikale Venstre,66,2036,1777.0,0.8727897838899804,forsvar
Socialdemokratiet,Socialdemokratiet,66,6654,6379.0,0.9586714758040276,forsvar
Socialdemokratiet,Socialistisk Folkeparti,66,1834,1292.0,0.7044711014176663,forsvar
Socialdemokratiet,Uden for folketingsgrupperne,66,1504,1186.0,0.788563829787234,forsvar
Socialdemokratiet,Venstre,66,9542,6323.0,0.6626493397610563,forsvar
Socialistisk Folkeparti,Danmarksdemokraterne,66,481,158.0,0.3284823284823285,forsvar
Socialistisk Folkeparti,Dansk Folkeparti,66,876,300.0,0.3424657534246575,forsvar
Socialistisk Folkeparti,Det Konservative Folkeparti,66,751,301.0,0.4007989347536618,forsvar
Socialistisk Folkeparti,Enhedslisten,66,322,255.0,0.7919254658385093,forsvar
Socialistisk Folkeparti,Liberal Alliance,66,147,60.0,0.4081632653061224,forsvar
Socialistisk Folkeparti,Moderaterne,66,18,2.0,0.1111111111111111,forsvar
Socialistisk Folkeparti,Radikale Venstre,66,502,361.0,0.7191235059760956,forsvar
Socialistisk Folkeparti,Socialdemokratiet,66,2059,1525.0,0.7406508013598835,forsvar
Socialistisk Folkeparti,Socialistisk Folkeparti,66,440,440.0,1.0,forsvar
Socialistisk Folkeparti,Uden for folketingsgrupperne,66,411,229.0,0.5571776155717761,forsvar
Socialistisk Folkeparti,Venstre,66,3224,1276.0,0.3957816377171216,forsvar
Uden for folketingsgrupperne,Danmarksdemokraterne,66,177,140.0,0.7909604519774012,forsvar
Uden for folketingsgrupperne,Dansk Folkeparti,66,353,323.0,0.9150141643059492,forsvar
Uden for folketingsgrupperne,Det Konservative Folkeparti,66,246,211.0,0.8577235772357723,forsvar
Uden for folketingsgrupperne,Enhedslisten,66,129,38.0,0.2945736434108527,forsvar
Uden for folketingsgrupperne,Liberal Alliance,66,43,40.0,0.9302325581395348,forsvar
Uden for folketingsgrupperne,Moderaterne,66,8,8.0,1.0,forsvar
Uden for folketingsgrupperne,Radikale Venstre,66,158,81.0,0.5126582278481012,forsvar
Uden for folketingsgrupperne,Socialdemokratiet,66,792,491.0,0.6199494949494949,forsvar
Uden for folketingsgrupperne,Socialistisk Folkeparti,66,264,137.0,0.5189393939393939,forsvar
Uden for folketingsgrupperne,Uden for folketingsgrupperne,66,148,104.0,0.7027027027027027,forsvar
Uden for folketingsgrupperne,Venstre,66,1301,1089.0,0.8370484242890085,forsvar
Venstre,Danmarksdemokraterne,66,2917,2707.0,0.928008227631128,forsvar
Venstre,Dansk Folkeparti,66,6616,5859.0,0.8855804111245466,forsvar
Venstre,Det Konservative Folkeparti,66,4963,4944.0,0.996171670360669,forsvar
Venstre,Enhedslisten,66,2300,741.0,0.3221739130434782,forsvar
Venstre,Liberal Alliance,66,1045,1008.0,0.9645933014354068,forsvar
Venstre,Moderaterne,66,125,125.0,1.0,forsvar
Venstre,Radikale Venstre,66,3794,2249.0,0.5927780706378493,forsvar
Venstre,Socialdemokratiet,66,14702,9772.0,0.664671473268943,forsvar
Venstre,Socialistisk Folkeparti,66,3408,1464.0,0.4295774647887324,forsvar
Venstre,Uden for folketingsgrupperne,66,2619,2078.0,0.7934326078655976,forsvar
Venstre,Venstre,66,20071,19964.0,0.9946689253151312,forsvar
Danmarksdemokraterne,Danmarksdemokraterne,65,6,6.0,1.0,forsvar
Danmarksdemokraterne,Dansk Folkeparti,65,40,40.0,1.0,forsvar
Danmarksdemokraterne,Det Konservative Folkeparti,65,19,19.0,1.0,forsvar
Danmarksdemokraterne,Enhedslisten,65,2,0.0,0.0,forsvar
Danmarksdemokraterne,Kristendemokraterne,65,6,4.0,0.6666666666666666,forsvar
Danmarksdemokraterne,Liberal Alliance,65,8,8.0,1.0,forsvar
Danmarksdemokraterne,Radikale Venstre,65,12,6.0,0.5,forsvar
Danmarksdemokraterne,Socialdemokratiet,65,155,36.0,0.232258064516129,forsvar
Danmarksdemokraterne,Socialistisk Folkeparti,65,25,15.0,0.6,forsvar
Danmarksdemokraterne,Uden for folketingsgrupperne,65,26,20.0,0.7692307692307693,forsvar
Danmarksdemokraterne,Venstre,65,109,109.0,1.0,forsvar
Dansk Folkeparti,Danmarksdemokraterne,65,2,2.0,1.0,forsvar
Dansk Folkeparti,Dansk Folkeparti,65,36,36.0,1.0,forsvar
Dansk Folkeparti,Det Konservative Folkeparti,65,5,5.0,1.0,forsvar
Dansk Folkeparti,Enhedslisten,65,1,0.0,0.0,forsvar
Dansk Folkeparti,Kristendemokraterne,65,6,4.0,0.6666666666666666,forsvar
Dansk Folkeparti,Liberal Alliance,65,4,4.0,1.0,forsvar
Dansk Folkeparti,Radikale Venstre,65,9,3.0,0.3333333333333333,forsvar
Dansk Folkeparti,Socialdemokratiet,65,108,21.0,0.1944444444444444,forsvar
Dansk Folkeparti,Socialistisk Folkeparti,65,26,15.0,0.5769230769230769,forsvar
Dansk Folkeparti,Uden for folketingsgrupperne,65,15,9.0,0.6,forsvar
Dansk Folkeparti,Venstre,65,101,101.0,1.0,forsvar
Det Konservative Folkeparti,Danmarksdemokraterne,65,14,14.0,1.0,forsvar
Det Konservative Folkeparti,Dansk Folkeparti,65,60,60.0,1.0,forsvar
Det Konservative Folkeparti,Det Konservative Folkeparti,65,19,19.0,1.0,forsvar
Det Konservative Folkeparti,Enhedslisten,65,5,0.0,0.0,forsvar
Det Konservative Folkeparti,Kristendemokraterne,65,9,6.0,0.6666666666666666,forsvar
Det Konservative Folkeparti,Liberal Alliance,65,13,13.0,1.0,forsvar
Det Konservative Folkeparti,Radikale Venstre,65,24,15.0,0.625,forsvar
Det Konservative Folkeparti,Socialdemokratiet,65,236,71.0,0.3008474576271186,forsvar
Det Konservative Folkeparti,Socialistisk Folkeparti,65,39,26.0,0.6666666666666666,forsvar
Det Konservative Folkeparti,Uden for folketingsgrupperne,65,37,28.0,0.7567567567567568,forsvar
Det Konservative Folkeparti,Venstre,65,176,176.0,1.0,forsvar
Enhedslisten,Danmarksdemokraterne,65,1,0.0,0.0,forsvar
Enhedslisten,Dansk Folkeparti,65,3,0.0,0.0,forsvar
Enhedslisten,Radikale Venstre,65,3,0.0,0.0,forsvar
Enhedslisten,Socialdemokratiet,65,9,0.0,0.0,forsvar
Enhedslisten,Socialistisk Folkeparti,65,2,0.0,0.0,forsvar
Enhedslisten,Uden for folketingsgrupperne,65,2,0.0,0.0,forsvar
Enhedslisten,Venstre,65,7,0.0,0.0,forsvar
Kristendemokraterne,Dansk Folkeparti,65,9,6.0,0.6666666666666666,forsvar
Kristendemokraterne,Radikale Venstre,65,3,1.0,0.3333333333333333,forsvar
Kristendemokraterne,Socialdemokratiet,65,34,14.0,0.4117647058823529,forsvar
Kristendemokraterne,Socialistisk Folkeparti,65,5,4.0,0.8,forsvar
Kristendemokraterne,Uden for folketingsgrupperne,65,5,2.0,0.4,forsvar
Kristendemokraterne,Venstre,65,15,10.0,0.6666666666666666,forsvar
Liberal Alliance,Danmarksdemokraterne,65,1,1.0,1.0,forsvar
Liberal Alliance,Dansk Folkeparti,65,15,15.0,1.0,forsvar
Liberal Alliance,Det Konservative Folkeparti,65,1,1.0,1.0,forsvar
Liberal Alliance,Enhedslisten,65,1,0.0,0.0,forsvar
Liberal Alliance,Kristendemokraterne,65,3,2.0,0.6666666666666666,forsvar
Liberal Alliance,Radikale Venstre,65,6,3.0,0.5,forsvar
Liberal Alliance,Socialdemokratiet,65,55,12.0,0.2181818181818181,forsvar
Liberal Alliance,Socialistisk Folkeparti,65,8,5.0,0.625,forsvar
Liberal Alliance,Uden for folketingsgrupperne,65,7,4.0,0.5714285714285714,forsvar
Liberal Alliance,Venstre,65,25,25.0,1.0,forsvar
Radikale Venstre,Danmarksdemokraterne,65,3,3.0,1.0,forsvar
Radikale Venstre,Dansk Folkeparti,65,18,9.0,0.5,forsvar
Radikale Venstre,Radikale Venstre,65,3,3.0,1.0,forsvar
Radikale Venstre,Socialdemokratiet,65,42,22.0,0.5238095238095238,forsvar
Radikale Venstre,Socialistisk Folkeparti,65,11,8.0,0.7272727272727273,forsvar
Radikale Venstre,Uden for folketingsgrupperne,65,8,6.0,0.75,forsvar
Radikale Venstre,Venstre,65,34,19.0,0.5588235294117647,forsvar
Socialdemokratiet,Danmarksdemokraterne,65,25,16.0,0.64,forsvar
Socialdemokratiet,Dansk Folkeparti,65,286,53.0,0.1853146853146853,forsvar
Socialdemokratiet,Det Konservative Folkeparti,65,42,15.0,0.3571428571428571,forsvar
Socialdemokratiet,Enhedslisten,65,7,0.0,0.0,forsvar
Socialdemokratiet,Kristendemokraterne,65,32,10.0,0.3125,forsvar
Socialdemokratiet,Liberal Alliance,65,27,6.0,0.2222222222222222,forsvar
Socialdemokratiet,Radikale Venstre,65,72,48.0,0.6666666666666666,forsvar
Socialdemokratiet,Socialdemokratiet,65,813,773.0,0.95079950799508,forsvar
Socialdemokratiet,Socialistisk Folkeparti,65,141,102.0,0.723404255319149,forsvar
Socialdemokratiet,Uden for folketingsgrupperne,65,132,37.0,0.2803030303030303,forsvar
Socialdemokratiet,Venstre,65,576,143.0,0.2482638888888889,forsvar
Socialistisk Folkeparti,Danmarksdemokraterne,65,12,8.0,0.6666666666666666,forsvar
Socialistisk Folkeparti,Dansk Folkeparti,65,49,25.0,0.5102040816326531,forsvar
Socialistisk Folkeparti,Det Konservative Folkeparti,65,19,11.0,0.5789473684210527,forsvar
Socialistisk Folkeparti,Enhedslisten,65,3,0.0,0.0,forsvar
Socialistisk Folkeparti,Kristendemokraterne,65,6,4.0,0.6666666666666666,forsvar
Socialistisk Folkeparti,Liberal Alliance,65,8,4.0,0.5,forsvar
Socialistisk Folkeparti,Radikale Venstre,65,15,11.0,0.7333333333333333,forsvar
Socialistisk Folkeparti,Socialdemokratiet,65,181,140.0,0.7734806629834254,forsvar
Socialistisk Folkeparti,Socialistisk Folkeparti,65,25,25.0,1.0,forsvar
Socialistisk Folkeparti,Uden for folketingsgrupperne,65,31,16.0,0.5161290322580645,forsvar
Socialistisk Folkeparti,Venstre,65,123,67.0,0.5447154471544715,forsvar
Uden for folketingsgrupperne,Danmarksdemokraterne,65,2,2.0,1.0,forsvar
Uden for folketingsgrupperne,Dansk Folkeparti,65,48,39.0,0.8125,forsvar
Uden for folketingsgrupperne,Det Konservative Folkeparti,65,6,6.0,1.0,forsvar
Uden for folketingsgrupperne,Kristendemokraterne,65,6,4.0,0.6666666666666666,forsvar
Uden for folketingsgrupperne,Liberal Alliance,65,6,6.0,1.0,forsvar
Uden for folketingsgrupperne,Radikale Venstre,65,9,3.0,0.3333333333333333,forsvar
Uden for folketingsgrupperne,Socialdemokratiet,65,142,23.0,0.1619718309859155,forsvar
Uden for folketingsgrupperne,Socialistisk Folkeparti,65,20,10.0,0.5,forsvar
Uden for folketingsgrupperne,Uden for folketingsgrupperne,65,16,8.0,0.5,forsvar
Uden for folketingsgrupperne,Venstre,65,83,68.0,0.8192771084337349,forsvar
Venstre,Danmarksdemokraterne,65,41,41.0,1.0,forsvar
Venstre,Dansk Folkeparti,65,211,211.0,1.0,forsvar
Venstre,Det Konservative Folkeparti,65,58,58.0,1.0,forsvar
Venstre,Enhedslisten,65,11,0.0,0.0,forsvar
Venstre,Kristendemokraterne,65,33,22.0,0.6666666666666666,forsvar
Venstre,Liberal Alliance,65,41,41.0,1.0,forsvar
Venstre,Radikale Venstre,65,68,35.0,0.5147058823529411,forsvar
Venstre,Socialdemokratiet,65,768,177.0,0.23046875,forsvar
Venstre,Socialistisk Folkeparti,65,143,87.0,0.6083916083916084,forsvar
Venstre,Uden for folketingsgrupperne,65,129,96.0,0.7441860465116279,forsvar
Venstre,Venstre,65,513,513.0,1.0,forsvar
Alternativet,Radikale Venstre,70,25,16.0,0.64,forsvar
Alternativet,Venstre,70,33,16.0,0.4848484848484848,forsvar
Danmarksdemokraterne,Alternativet,70,179,85.0,0.4748603351955307,forsvar
Danmarksdemokraterne,Danmarksdemokraterne,70,824,796.0,0.9660194174757282,forsvar
Danmarksdemokraterne,Dansk Folkeparti,70,563,550.0,0.9769094138543516,forsvar
Danmarksdemokraterne,Det Konservative Folkeparti,70,165,123.0,0.7454545454545455,forsvar
Danmarksdemokraterne,Enhedslisten,70,1087,491.0,0.451701931922723,forsvar
Danmarksdemokraterne,Liberal Alliance,70,316,218.0,0.689873417721519,forsvar
Danmarksdemokraterne,Moderaterne,70,16,10.0,0.625,forsvar
Danmarksdemokraterne,Radikale Venstre,70,1151,597.0,0.5186794092093832,forsvar
Danmarksdemokraterne,Sambandsflokkurin,70,2,2.0,1.0,forsvar
Danmarksdemokraterne,Socialdemokratiet,70,4653,2721.0,0.5847840103159252,forsvar
Danmarksdemokraterne,Socialistisk Folkeparti,70,541,291.0,0.5378927911275416,forsvar
Danmarksdemokraterne,Uden for folketingsgrupperne,70,849,773.0,0.9104829210836278,forsvar
Danmarksdemokraterne,Venstre,70,3917,3081.0,0.7865713556293081,forsvar
Dansk Folkeparti,Alternativet,70,96,41.0,0.4270833333333333,forsvar
Dansk Folkeparti,Danmarksdemokraterne,70,319,314.0,0.9843260188087776,forsvar
Dansk Folkeparti,Dansk Folkeparti,70,135,134.0,0.9925925925925926,forsvar
Dansk Folkeparti,Det Konservative Folkeparti,70,39,32.0,0.8205128205128205,forsvar
Dansk Folkeparti,Enhedslisten,70,539,230.0,0.4267161410018553,forsvar
Dansk Folkeparti,Liberal Alliance,70,141,93.0,0.6595744680851063,forsvar
Dansk Folkeparti,Moderaterne,70,2,0.0,0.0,forsvar
Dansk Folkeparti,Radikale Venstre,70,378,181.0,0.4788359788359788,forsvar
Dansk Folkeparti,Sambandsflokkurin,70,1,1.0,1.0,forsvar
Dansk Folkeparti,Socialdemokratiet,70,1670,863.0,0.5167664670658683,forsvar
Dansk Folkeparti,Socialistisk Folkeparti,70,87,39.0,0.4482758620689655,forsvar
Dansk Folkeparti,Uden for folketingsgrupperne,70,152,137.0,0.9013157894736842,forsvar
Dansk Folkeparti,Venstre,70,1386,1061.0,0.7655122655122655,forsvar
Det Konservative Folkeparti,Alternativet,70,11,3.0,0.2727272727272727,forsvar
Det Konservative Folkeparti,Danmarksdemokraterne,70,26,17.0,0.6538461538461539,forsvar
Det Konservative Folkeparti,Dansk Folkeparti,70,53,33.0,0.6226415094339622,forsvar
Det Konservative Folkeparti,Det Konservative Folkeparti,70,9,9.0,1.0,forsvar
Det Konservative Folkeparti,Enhedslisten,70,86,44.0,0.5116279069767442,forsvar
Det Konservative Folkeparti,Liberal Alliance,70,26,22.0,0.8461538461538461,forsvar
Det Konservative Folkeparti,Radikale Venstre,70,70,54.0,0.7714285714285715,forsvar
Det Konservative Folkeparti,Socialdemokratiet,70,200,152.0,0.76,forsvar
Det Konservative Folkeparti,Uden for folketingsgrupperne,70,29,21.0,0.7241379310344828,forsvar
Det Konservative Folkeparti,Venstre,70,166,157.0,0.9457831325301204,forsvar
Enhedslisten,Alternativet,70,132,98.0,0.7424242424242424,forsvar
Enhedslisten,Danmarksdemokraterne,70,432,146.0,0.3379629629629629,forsvar
Enhedslisten,Dansk Folkeparti,70,164,57.0,0.3475609756097561,forsvar
Enhedslisten,Det Konservative Folkeparti,70,43,16.0,0.3720930232558139,forsvar
Enhedslisten,Enhedslisten,70,474,465.0,0.981012658227848,forsvar
Enhedslisten,Liberal Alliance,70,82,36.0,0.4390243902439024,forsvar
Enhedslisten,Moderaterne,70,6,3.0,0.5,forsvar
Enhedslisten,Radikale Venstre,70,523,409.0,0.7820267686424475,forsvar
Enhedslisten,Socialdemokratiet,70,2063,1294.0,0.6272418807561804,forsvar
Enhedslisten,Socialistisk Folkeparti,70,166,139.0,0.8373493975903614,forsvar
Enhedslisten,Uden for folketingsgrupperne,70,268,104.0,0.3880597014925373,forsvar
Enhedslisten,Venstre,70,1837,773.0,0.4207947740881873,forsvar
Liberal Alliance,Alternativet,70,40,17.0,0.425,forsvar
Liberal Alliance,Danmarksdemokraterne,70,64,42.0,0.65625,forsvar
Liberal Alliance,Dansk Folkeparti,70,41,21.0,0.5121951219512195,forsvar
Liberal Alliance,Det Konservative Folkeparti,70,14,12.0,0.8571428571428571,forsvar
Liberal Alliance,Enhedslisten,70,191,101.0,0.5287958115183246,forsvar
Liberal Alliance,Radikale Venstre,70,126,84.0,0.6666666666666666,forsvar
Liberal Alliance,Socialdemokratiet,70,423,255.0,0.6028368794326241,forsvar
Liberal Alliance,Socialistisk Folkeparti,70,2,1.0,0.5,forsvar
Liberal Alliance,Uden for folketingsgrupperne,70,5,3.0,0.6,forsvar
Liberal Alliance,Venstre,70,359,283.0,0.7883008356545961,forsvar
Moderaterne,Danmarksdemokraterne,70,4,2.0,0.5,forsvar
Moderaterne,Dansk Folkeparti,70,4,4.0,1.0,forsvar
Moderaterne,Det Konservative Folkeparti,70,2,1.0,0.5,forsvar
Moderaterne,Enhedslisten,70,10,5.0,0.5,forsvar
Moderaterne,Liberal Alliance,70,4,2.0,0.5,forsvar
Moderaterne,Radikale Venstre,70,10,5.0,0.5,forsvar
Moderaterne,Socialdemokratiet,70,28,14.0,0.5,forsvar
Moderaterne,Socialistisk Folkeparti,70,2,1.0,0.5,forsvar
Moderaterne,Uden for folketingsgrupperne,70,4,4.0,1.0,forsvar
Moderaterne,Venstre,70,30,25.0,0.8333333333333334,forsvar
Radikale Venstre,Alternativet,70,116,76.0,0.6551724137931034,forsvar
Radikale Venstre,Danmarksdemokraterne,70,261,122.0,0.4674329501915709,forsvar
Radikale Venstre,Dansk Folkeparti,70,279,138.0,0.4946236559139785,forsvar
Radikale Venstre,Det Konservative Folkeparti,70,54,33.0,0.6111111111111112,forsvar
Radikale Venstre,Enhedslisten,70,580,473.0,0.8155172413793104,forsvar
Radikale Venstre,Liberal Alliance,70,138,94.0,0.6811594202898551,forsvar
Radikale Venstre,Moderaterne,70,2,1.0,0.5,forsvar
Radikale Venstre,Radikale Venstre,70,366,362.0,0.989071038251366,forsvar
Radikale Venstre,Sambandsflokkurin,70,1,1.0,1.0,forsvar
Radikale Venstre,Socialdemokratiet,70,1699,1385.0,0.8151854031783402,forsvar
Radikale Venstre,Socialistisk Folkeparti,70,55,48.0,0.8727272727272727,forsvar
Radikale Venstre,Uden for folketingsgrupperne,70,194,112.0,0.5773195876288659,forsvar
Radikale Venstre,Venstre,70,1286,882.0,0.6858475894245724,forsvar
Sambandsflokkurin,Danmarksdemokraterne,70,3,3.0,1.0,forsvar
Sambandsflokkurin,Dansk Folkeparti,70,1,1.0,1.0,forsvar
Sambandsflokkurin,Enhedslisten,70,3,3.0,1.0,forsvar
Sambandsflokkurin,Liberal Alliance,70,1,1.0,1.0,forsvar
Sambandsflokkurin,Radikale Venstre,70,2,2.0,1.0,forsvar
Sambandsflokkurin,Socialdemokratiet,70,12,12.0,1.0,forsvar
Sambandsflokkurin,Socialistisk Folkeparti,70,2,2.0,1.0,forsvar
Sambandsflokkurin,Uden for folketingsgrupperne,70,2,2.0,1.0,forsvar
Sambandsflokkurin,Venstre,70,13,13.0,1.0,forsvar
Socialdemokratiet,Alternativet,70,680,357.0,0.525,forsvar
Socialdemokratiet,Danmarksdemokraterne,70,2721,1608.0,0.5909592061742006,forsvar
Socialdemokratiet,Dansk Folkeparti,70,1699,921.0,0.5420835785756327,forsvar
Socialdemokratiet,Det Konservative Folkeparti,70,451,338.0,0.7494456762749445,forsvar
Socialdemokratiet,Enhedslisten,70,3661,2404.0,0.6566511881999454,forsvar
Socialdemokratiet,Liberal Alliance,70,970,602.0,0.6206185567010309,forsvar
Socialdemokratiet,Moderaterne,70,40,20.0,0.5,forsvar
Socialdemokratiet,Radikale Venstre,70,3546,2993.0,0.8440496333897349,forsvar
Socialdemokratiet,Sambandsflokkurin,70,3,3.0,1.0,forsvar
Socialdemokratiet,Socialdemokratiet,70,13121,13121.0,1.0,forsvar
Socialdemokratiet,Socialistisk Folkeparti,70,1297,1043.0,0.8041634541249036,forsvar
Socialdemokratiet,Uden for folketingsgrupperne,70,2214,1303.0,0.5885275519421861,forsvar
Socialdemokratiet,Venstre,70,11601,8676.0,0.747866563227308,forsvar
Socialistisk Folkeparti,Alternativet,70,55,35.0,0.6363636363636364,forsvar
Socialistisk Folkeparti,Danmarksdemokraterne,70,129,64.0,0.4961240310077519,forsvar
Socialistisk Folkeparti,Dansk Folkeparti,70,225,118.0,0.5244444444444445,forsvar
Socialistisk Folkeparti,Det Konservative Folkeparti,70,53,29.0,0.5471698113207547,forsvar
Socialistisk Folkeparti,Enhedslisten,70,361,310.0,0.8587257617728532,forsvar
Socialistisk Folkeparti,Liberal Alliance,70,124,68.0,0.5483870967741935,forsvar
Socialistisk Folkeparti,Moderaterne,70,8,4.0,0.5,forsvar
Socialistisk Folkeparti,Radikale Venstre,70,418,367.0,0.8779904306220095,forsvar
Socialistisk Folkeparti,Socialdemokratiet,70,1161,926.0,0.797588285960379,forsvar
Socialistisk Folkeparti,Socialistisk Folkeparti,70,61,61.0,1.0,forsvar
Socialistisk Folkeparti,Uden for folketingsgrupperne,70,320,172.0,0.5375,forsvar
Socialistisk Folkeparti,Venstre,70,1052,605.0,0.5750950570342205,forsvar
Uden for folketingsgrupperne,Alternativet,70,99,42.0,0.4242424242424242,forsvar
Uden for folketingsgrupperne,Danmarksdemokraterne,70,203,189.0,0.9310344827586208,forsvar
Uden for folketingsgrupperne,Dansk Folkeparti,70,328,311.0,0.948170731707317,forsvar
Uden for folketingsgrupperne,Det Konservative Folkeparti,70,48,34.0,0.7083333333333334,forsvar
Uden for folketingsgrupperne,Enhedslisten,70,566,277.0,0.489399293286219,forsvar
Uden for folketingsgrupperne,Liberal Alliance,70,194,127.0,0.654639175257732,forsvar
Uden for folketingsgrupperne,Moderaterne,70,7,3.0,0.4285714285714285,forsvar
Uden for folketingsgrupperne,Radikale Venstre,70,569,298.0,0.523725834797891,forsvar
Uden for folketingsgrupperne,Socialdemokratiet,70,1799,1048.0,0.5825458588104503,forsvar
Uden for folketingsgrupperne,Socialistisk Folkeparti,70,48,28.0,0.5833333333333334,forsvar
Uden for folketingsgrupperne,Uden for folketingsgrupperne,70,204,174.0,0.8529411764705882,forsvar
Uden for folketingsgrupperne,Venstre,70,1334,1042.0,0.7811094452773614,forsvar
Venstre,Alternativet,70,585,287.0,0.4905982905982906,forsvar
Venstre,Danmarksdemokraterne,70,2545,2042.0,0.8023575638506876,forsvar
Venstre,Dansk Folkeparti,70,1596,1248.0,0.7819548872180451,forsvar
Venstre,Det Konservative Folkeparti,70,404,375.0,0.9282178217821784,forsvar
Venstre,Enhedslisten,70,3165,1502.0,0.474565560821485,forsvar
Venstre,Liberal Alliance,70,883,696.0,0.7882219705549264,forsvar
Venstre,Moderaterne,70,24,16.0,0.6666666666666666,forsvar
Venstre,Radikale Venstre,70,3346,2296.0,0.6861924686192469,forsvar
Venstre,Sambandsflokkurin,70,3,3.0,1.0,forsvar
Venstre,Socialdemokratiet,70,12732,9509.0,0.7468583097706566,forsvar
Venstre,Socialistisk Folkeparti,70,1123,641.0,0.5707925200356189,forsvar
Venstre,Uden for folketingsgrupperne,70,2175,1743.0,0.8013793103448276,forsvar
Venstre,Venstre,70,10061,10044.0,0.998310307126528,forsvar
Alternativet,Enhedslisten,71,27,27.0,1.0,forsvar
Alternativet,Radikale Venstre,71,23,16.0,0.6956521739130435,forsvar
Alternativet,Socialdemokratiet,71,18,7.0,0.3888888888888889,forsvar
Alternativet,Venstre,71,18,10.0,0.5555555555555556,forsvar
Danmarksdemokraterne,Alternativet,71,158,74.0,0.4683544303797468,forsvar
Danmarksdemokraterne,Danmarksdemokraterne,71,1345,1303.0,0.9687732342007436,forsvar
Danmarksdemokraterne,Dansk Folkeparti,71,474,370.0,0.7805907172995781,forsvar
Danmarksdemokraterne,Det Konservative Folkeparti,71,1064,855.0,0.8035714285714286,forsvar
Danmarksdemokraterne,Enhedslisten,71,1867,782.0,0.4188537761114086,forsvar
Danmarksdemokraterne,Liberal Alliance,71,228,153.0,0.6710526315789473,forsvar
Danmarksdemokraterne,Moderaterne,71,50,39.0,0.78,forsvar
Danmarksdemokraterne,Radikale Venstre,71,723,390.0,0.5394190871369294,forsvar
Danmarksdemokraterne,Socialdemokratiet,71,5613,3824.0,0.6812756101906289,forsvar
Danmarksdemokraterne,Socialistisk Folkeparti,71,561,310.0,0.5525846702317291,forsvar
Danmarksdemokraterne,Venstre,71,3594,2403.0,0.6686143572621035,forsvar
Dansk Folkeparti,Alternativet,71,40,21.0,0.525,forsvar
Dansk Folkeparti,Danmarksdemokraterne,71,462,361.0,0.7813852813852814,forsvar
Dansk Folkeparti,Dansk Folkeparti,71,80,80.0,1.0,forsvar
Dansk Folkeparti,Det Konservative Folkeparti,71,252,188.0,0.746031746031746,forsvar
Dansk Folkeparti,Enhedslisten,71,519,204.0,0.3930635838150289,forsvar
Dansk Folkeparti,Liberal Alliance,71,69,53.0,0.7681159420289855,forsvar
Dansk Folkeparti,Moderaterne,71,20,12.0,0.6,forsvar
Dansk Folkeparti,Radikale Venstre,71,182,100.0,0.5494505494505495,forsvar
Dansk Folkeparti,Socialdemokratiet,71,1619,1058.0,0.6534898085237801,forsvar
Dansk Folkeparti,Socialistisk Folkeparti,71,212,101.0,0.4764150943396226,forsvar
Dansk Folkeparti,Venstre,71,1168,748.0,0.6404109589041096,forsvar
Det Konservative Folkeparti,Alternativet,71,76,27.0,0.3552631578947368,forsvar
Det Konservative Folkeparti,Danmarksdemokraterne,71,586,473.0,0.8071672354948806,forsvar
Det Konservative Folkeparti,Dansk Folkeparti,71,248,183.0,0.7379032258064516,forsvar
Det Konservative Folkeparti,Det Konservative Folkeparti,71,323,323.0,1.0,forsvar
Det Konservative Folkeparti,Enhedslisten,71,939,331.0,0.3525026624068157,forsvar
Det Konservative Folkeparti,Liberal Alliance,71,123,99.0,0.8048780487804879,forsvar
Det Konservative Folkeparti,Moderaterne,71,19,17.0,0.8947368421052632,forsvar
Det Konservative Folkeparti,Radikale Venstre,71,271,170.0,0.6273062730627307,forsvar
Det Konservative Folkeparti,Socialdemokratiet,71,2307,1790.0,0.775899436497616,forsvar
Det Konservative Folkeparti,Socialistisk Folkeparti,71,189,100.0,0.5291005291005291,forsvar
Det Konservative Folkeparti,Venstre,71,1722,1327.0,0.7706155632984901,forsvar
Enhedslisten,Alternativet,71,80,80.0,1.0,forsvar
Enhedslisten,Danmarksdemokraterne,71,381,168.0,0.4409448818897638,forsvar
Enhedslisten,Dansk Folkeparti,71,136,68.0,0.5,forsvar
Enhedslisten,Det Konservative Folkeparti,71,230,83.0,0.3608695652173913,forsvar
Enhedslisten,Enhedslisten,71,638,636.0,0.9968652037617556,forsvar
Enhedslisten,Liberal Alliance,71,39,20.0,0.5128205128205128,forsvar
Enhedslisten,Radikale Venstre,71,366,262.0,0.7158469945355191,forsvar
Enhedslisten,Socialdemokratiet,71,1366,720.0,0.527086383601757,forsvar
Enhedslisten,Socialistisk Folkeparti,71,123,107.0,0.8699186991869918,forsvar
Enhedslisten,Venstre,71,973,519.0,0.5334018499486125,forsvar
Inuit Ataqatigiit,Alternativet,71,1,1.0,1.0,forsvar
Inuit Ataqatigiit,Danmarksdemokraterne,71,5,5.0,1.0,forsvar
Inuit Ataqatigiit,Dansk Folkeparti,71,1,0.0,0.0,forsvar
Inuit Ataqatigiit,Det Konservative Folkeparti,71,4,4.0,1.0,forsvar
Inuit Ataqatigiit,Enhedslisten,71,5,5.0,1.0,forsvar
Inuit Ataqatigiit,Liberal Alliance,71,1,1.0,1.0,forsvar
Inuit Ataqatigiit,Moderaterne,71,1,1.0,1.0,forsvar
Inuit Ataqatigiit,Naleraq,71,1,1.0,1.0,forsvar
Inuit Ataqatigiit,Radikale Venstre,71,2,2.0,1.0,forsvar
Inuit Ataqatigiit,Socialdemokratiet,71,17,17.0,1.0,forsvar
Inuit Ataqatigiit,Socialistisk Folkeparti,71,4,4.0,1.0,forsvar
Inuit Ataqatigiit,Venstre,71,15,15.0,1.0,forsvar
Liberal Alliance,Alternativet,71,26,11.0,0.4230769230769231,forsvar
Liberal Alliance,Danmarksdemokraterne,71,372,256.0,0.6881720430107527,forsvar
Liberal Alliance,Dansk Folkeparti,71,115,79.0,0.6869565217391305,forsvar
Liberal Alliance,Det Konservative Folkeparti,71,184,137.0,0.7445652173913043,forsvar
Liberal Alliance,Enhedslisten,71,391,170.0,0.4347826086956521,forsvar
Liberal Alliance,Liberal Alliance,71,22,22.0,1.0,forsvar
Liberal Alliance,Moderaterne,71,14,11.0,0.7857142857142857,forsvar
Liberal Alliance,Radikale Venstre,71,133,80.0,0.6015037593984962,forsvar
Liberal Alliance,Socialdemokratiet,71,1132,814.0,0.7190812720848057,forsvar
Liberal Alliance,Socialistisk Folkeparti,71,124,66.0,0.532258064516129,forsvar
Liberal Alliance,Venstre,71,874,617.0,0.7059496567505721,forsvar
Moderaterne,Alternativet,71,12,7.0,0.5833333333333334,forsvar
Moderaterne,Danmarksdemokraterne,71,121,83.0,0.6859504132231405,forsvar
Moderaterne,Dansk Folkeparti,71,25,15.0,0.6,forsvar
Moderaterne,Det Konservative Folkeparti,71,63,45.0,0.7142857142857143,forsvar
Moderaterne,Enhedslisten,71,123,63.0,0.5121951219512195,forsvar
Moderaterne,Liberal Alliance,71,14,10.0,0.7142857142857143,forsvar
Moderaterne,Radikale Venstre,71,47,39.0,0.8297872340425532,forsvar
Moderaterne,Socialdemokratiet,71,398,398.0,1.0,forsvar
Moderaterne,Socialistisk Folkeparti,71,42,23.0,0.5476190476190477,forsvar
Moderaterne,Venstre,71,241,241.0,1.0,forsvar
Naleraq,Alternativet,71,1,1.0,1.0,forsvar
Naleraq,Danmarksdemokraterne,71,5,5.0,1.0,forsvar
Naleraq,Dansk Folkeparti,71,1,0.0,0.0,forsvar
Naleraq,Det Konservative Folkeparti,71,4,4.0,1.0,forsvar
Naleraq,Enhedslisten,71,5,5.0,1.0,forsvar
Naleraq,Liberal Alliance,71,1,1.0,1.0,forsvar
Naleraq,Moderaterne,71,1,1.0,1.0,forsvar
Naleraq,Radikale Venstre,71,2,2.0,1.0,forsvar
Naleraq,Socialdemokratiet,71,17,17.0,1.0,forsvar
Naleraq,Socialistisk Folkeparti,71,4,4.0,1.0,forsvar
Naleraq,Venstre,71,15,15.0,1.0,forsvar
Radikale Venstre,Alternativet,71,25,18.0,0.72,forsvar
Radikale Venstre,Danmarksdemokraterne,71,156,91.0,0.5833333333333334,forsvar
Radikale Venstre,Dansk Folkeparti,71,91,50.0,0.5494505494505495,forsvar
Radikale Venstre,Det Konservative Folkeparti,71,192,112.0,0.5833333333333334,forsvar
Radikale Venstre,Enhedslisten,71,274,189.0,0.6897810218978102,forsvar
Radikale Venstre,Liberal Alliance,71,41,27.0,0.6585365853658537,forsvar
Radikale Venstre,Radikale Venstre,71,61,61.0,1.0,forsvar
Radikale Venstre,Socialdemokratiet,71,724,543.0,0.75,forsvar
Radikale Venstre,Socialistisk Folkeparti,71,12,10.0,0.8333333333333334,forsvar
Radikale Venstre,Venstre,71,497,380.0,0.7645875251509054,forsvar
Socialdemokratiet,Alternativet,71,465,244.0,0.524731182795699,forsvar
Socialdemokratiet,Danmarksdemokraterne,71,5069,3380.0,0.6667981850463602,forsvar
Socialdemokratiet,Dansk Folkeparti,71,1584,1070.0,0.6755050505050505,forsvar
Socialdemokratiet,Det Konservative Folkeparti,71,3326,2450.0,0.7366205652435358,forsvar
Socialdemokratiet,Enhedslisten,71,6237,3333.0,0.5343915343915344,forsvar
Socialdemokratiet,Liberal Alliance,71,876,679.0,0.7751141552511416,forsvar
Socialdemokratiet,Moderaterne,71,134,134.0,1.0,forsvar
Socialdemokratiet,Radikale Venstre,71,2264,1816.0,0.8021201413427562,forsvar
Socialdemokratiet,Socialdemokratiet,71,17329,17329.0,1.0,forsvar
Socialdemokratiet,Socialistisk Folkeparti,71,2148,1483.0,0.6904096834264432,forsvar
Socialdemokratiet,Venstre,71,12544,12497.0,0.9962531887755102,forsvar
Socialistisk Folkeparti,Alternativet,71,69,52.0,0.7536231884057971,forsvar
Socialistisk Folkeparti,Danmarksdemokraterne,71,1109,588.0,0.5302073940486925,forsvar
Socialistisk Folkeparti,Dansk Folkeparti,71,283,153.0,0.5406360424028268,forsvar
Socialistisk Folkeparti,Det Konservative Folkeparti,71,690,347.0,0.5028985507246376,forsvar
Socialistisk Folkeparti,Enhedslisten,71,1093,927.0,0.848124428179323,forsvar
Socialistisk Folkeparti,Liberal Alliance,71,188,100.0,0.5319148936170213,forsvar
Socialistisk Folkeparti,Moderaterne,71,47,30.0,0.6382978723404256,forsvar
Socialistisk Folkeparti,Radikale Venstre,71,461,387.0,0.8394793926247288,forsvar
Socialistisk Folkeparti,Socialdemokratiet,71,3628,2540.0,0.7001102535832414,forsvar
Socialistisk Folkeparti,Socialistisk Folkeparti,71,363,363.0,1.0,forsvar
Socialistisk Folkeparti,Venstre,71,2755,1931.0,0.700907441016334,forsvar
Venstre,Alternativet,71,333,170.0,0.5105105105105106,forsvar
Venstre,Danmarksdemokraterne,71,3821,2546.0,0.6663177178749019,forsvar
Venstre,Dansk Folkeparti,71,1067,709.0,0.6644798500468604,forsvar
Venstre,Det Konservative Folkeparti,71,2245,1647.0,0.733630289532294,forsvar
Venstre,Enhedslisten,71,4312,2260.0,0.5241187384044527,forsvar
Venstre,Liberal Alliance,71,490,386.0,0.7877551020408163,forsvar
Venstre,Moderaterne,71,146,146.0,1.0,forsvar
Venstre,Radikale Venstre,71,1603,1285.0,0.801621958827199,forsvar
Venstre,Socialdemokratiet,71,12941,12815.0,0.9902635035932308,forsvar
Venstre,Socialistisk Folkeparti,71,1334,903.0,0.676911544227886,forsvar
Venstre,Venstre,71,8453,8333.0,0.985803856618952,forsvar
Danmarksdemokraterne,Danmarksdemokraterne,68,1970,1967.0,0.998477157360406,andet
Danmarksdemokraterne,Dansk Folkeparti,68,3365,3360.0,0.99851411589896,andet
Danmarksdemokraterne,Det Konservative Folkeparti,68,3657,2783.0,0.7610062893081762,andet
Danmarksdemokraterne,Enhedslisten,68,6654,3163.0,0.4753531710249474,andet
Danmarksdemokraterne,Liberal Alliance,68,3658,2369.0,0.6476216511755057,andet
Danmarksdemokraterne,Moderaterne,68,274,200.0,0.7299270072992701,andet
Danmarksdemokraterne,Radikale Venstre,68,6951,4282.0,0.6160264710113653,andet
Danmarksdemokraterne,Socialdemokratiet,68,8026,5016.0,0.6249688512334911,andet
Danmarksdemokraterne,Socialistisk Folkeparti,68,3990,2367.0,0.5932330827067669,andet
Danmarksdemokraterne,Uden for folketingsgrupperne,68,2307,2128.0,0.9224100563502384,andet
Danmarksdemokraterne,Venstre,68,11195,8759.0,0.782402858418937,andet
Dansk Folkeparti,Danmarksdemokraterne,68,2421,2420.0,0.999586947542338,andet
Dansk Folkeparti,Dansk Folkeparti,68,2770,2770.0,1.0,andet
Dansk Folkeparti,Det Konservative Folkeparti,68,3856,2904.0,0.7531120331950207,andet
Dansk Folkeparti,Enhedslisten,68,7315,3470.0,0.4743677375256322,andet
Dansk Folkeparti,Liberal Alliance,68,3509,2317.0,0.6603020803647763,andet
Dansk Folkeparti,Moderaterne,68,199,136.0,0.6834170854271356,andet
Dansk Folkeparti,Radikale Venstre,68,6390,3957.0,0.6192488262910798,andet
Dansk Folkeparti,Socialdemokratiet,68,8094,5099.0,0.6299728193723746,andet
Dansk Folkeparti,Socialistisk Folkeparti,68,4557,2704.0,0.5933728330041694,andet
Dansk Folkeparti,Uden for folketingsgrupperne,68,2065,1844.0,0.8929782082324456,andet
Dansk Folkeparti,Venstre,68,11495,8845.0,0.7694649847759896,andet
Det Konservative Folkeparti,Danmarksdemokraterne,68,1417,1040.0,0.7339449541284404,andet
Det Konservative Folkeparti,Dansk Folkeparti,68,1897,1408.0,0.7422245651027939,andet
Det Konservative Folkeparti,Det Konservative Folkeparti,68,1897,1891.0,0.9968371112282552,andet
Det Konservative Folkeparti,Enhedslisten,68,4810,2325.0,0.4833679833679833,andet
Det Konservative Folkeparti,Liberal Alliance,68,2266,1556.0,0.6866725507502206,andet
Det Konservative Folkeparti,Moderaterne,68,171,164.0,0.95906432748538,andet
Det Konservative Folkeparti,Radikale Venstre,68,3800,2834.0,0.7457894736842106,andet
Det Konservative Folkeparti,Socialdemokratiet,68,5227,3995.0,0.7643007461258848,andet
Det Konservative Folkeparti,Socialistisk Folkeparti,68,3012,2133.0,0.7081673306772909,andet
Det Konservative Folkeparti,Uden for folketingsgrupperne,68,1284,942.0,0.7336448598130841,andet
Det Konservative Folkeparti,Venstre,68,7010,6628.0,0.945506419400856,andet
Enhedslisten,Danmarksdemokraterne,68,3504,1806.0,0.5154109589041096,andet
Enhedslisten,Dansk Folkeparti,68,4374,2164.0,0.4947416552354824,andet
Enhedslisten,Det Konservative Folkeparti,68,5242,2261.0,0.4313239221671118,andet
Enhedslisten,Enhedslisten,68,8886,8583.0,0.9659014179608372,andet
Enhedslisten,Liberal Alliance,68,5112,2451.0,0.4794600938967136,andet
Enhedslisten,Moderaterne,68,417,190.0,0.4556354916067146,andet
Enhedslisten,Radikale Venstre,68,9023,5917.0,0.6557685913775906,andet
Enhedslisten,Socialdemokratiet,68,11872,7496.0,0.6314016172506739,andet
Enhedslisten,Socialistisk Folkeparti,68,6490,4453.0,0.6861325115562403,andet
Enhedslisten,Uden for folketingsgrupperne,68,3100,1526.0,0.492258064516129,andet
Enhedslisten,Venstre,68,16394,6762.0,0.4124679760888129,andet
Liberal Alliance,Danmarksdemokraterne,68,951,624.0,0.6561514195583596,andet
Liberal Alliance,Dansk Folkeparti,68,1797,1181.0,0.6572064552031163,andet
Liberal Alliance,Det Konservative Folkeparti,68,2258,1571.0,0.695748449955713,andet
Liberal Alliance,Enhedslisten,68,4085,2017.0,0.4937576499388005,andet
Liberal Alliance,Liberal Alliance,68,1546,1539.0,0.9954721862871928,andet
Liberal Alliance,Moderaterne,68,54,41.0,0.7592592592592593,andet
Liberal Alliance,Radikale Venstre,68,2815,1711.0,0.6078152753108348,andet
Liberal Alliance,Socialdemokratiet,68,4696,2810.0,0.598381601362862,andet
Liberal Alliance,Socialistisk Folkeparti,68,2773,1603.0,0.5780742877749729,andet
Liberal Alliance,Uden for folketingsgrupperne,68,976,779.0,0.798155737704918,andet
Liberal Alliance,Venstre,68,5566,3945.0,0.7087675170679123,andet
Moderaterne,Danmarksdemokraterne,68,271,203.0,0.7490774907749077,andet
Moderaterne,Dansk Folkeparti,68,361,261.0,0.7229916897506925,andet
Moderaterne,Det Konservative Folkeparti,68,383,361.0,0.9425587467362924,andet
Moderaterne,Enhedslisten,68,630,322.0,0.5111111111111111,andet
Moderaterne,Liberal Alliance,68,410,318.0,0.775609756097561,andet
Moderaterne,Moderaterne,68,2,2.0,1.0,andet
Moderaterne,Radikale Venstre,68,738,567.0,0.7682926829268293,andet
Moderaterne,Socialdemokratiet,68,907,709.0,0.7816979051819184,andet
Moderaterne,Socialistisk Folkeparti,68,337,241.0,0.7151335311572701,andet
Moderaterne,Uden for folketingsgrupperne,68,261,207.0,0.7931034482758621,andet
Moderaterne,Venstre,68,1072,1072.0,1.0,andet
Radikale Venstre,Danmarksdemokraterne,68,1867,1103.0,0.5907873594001071,andet
Radikale Venstre,Dansk Folkeparti,68,3773,2340.0,0.620196130400212,andet
Radikale Venstre,Det Konservative Folkeparti,68,4837,3552.0,0.734339466611536,andet
Radikale Venstre,Enhedslisten,68,8476,5828.0,0.6875884851344974,andet
Radikale Venstre,Liberal Alliance,68,5146,3055.0,0.5936649825106879,andet
Radikale Venstre,Moderaterne,68,89,68.0,0.7640449438202247,andet
Radikale Venstre,Radikale Venstre,68,6670,6670.0,1.0,andet
Radikale Venstre,Socialdemokratiet,68,10265,10265.0,1.0,andet
Radikale Venstre,Socialistisk Folkeparti,68,5556,5401.0,0.9721022318214544,andet
Radikale Venstre,Uden for folketingsgrupperne,68,2447,1538.0,0.6285247241520229,andet
Radikale Venstre,Venstre,68,13414,10059.0,0.7498881765319815,andet
Socialdemokratiet,Danmarksdemokraterne,68,6511,3878.0,0.5956074335739517,andet
Socialdemokratiet,Dansk Folkeparti,68,8640,5262.0,0.6090277777777777,andet
Socialdemokratiet,Det Konservative Folkeparti,68,9198,6700.0,0.7284192215699065,andet
Socialdemokratiet,Enhedslisten,68,17173,11420.0,0.6649973796075235,andet
Socialdemokratiet,Liberal Alliance,68,8337,4783.0,0.5737075686697853,andet
Socialdemokratiet,Moderaterne,68,656,494.0,0.7530487804878049,andet
Socialdemokratiet,Radikale Venstre,68,14421,14415.0,0.9995839400873726,andet
Socialdemokratiet,Socialdemokratiet,68,19570,19561.0,0.9995401124169648,andet
Socialdemokratiet,Socialistisk Folkeparti,68,10313,9944.0,0.9642199166101038,andet
Socialdemokratiet,Uden for folketingsgrupperne,68,4797,2911.0,0.6068376068376068,andet
Socialdemokratiet,Venstre,68,27139,20367.0,0.75046980360367,andet
Socialistisk Folkeparti,Danmarksdemokraterne,68,2435,1454.0,0.5971252566735112,andet
Socialistisk Folkeparti,Dansk Folkeparti,68,2990,1790.0,0.5986622073578596,andet
Socialistisk Folkeparti,Det Konservative Folkeparti,68,3342,2353.0,0.7040694195092759,andet
Socialistisk Folkeparti,Enhedslisten,68,6477,4510.0,0.6963100200710205,andet
Socialistisk Folkeparti,Liberal Alliance,68,3123,1746.0,0.5590778097982709,andet
Socialistisk Folkeparti,Moderaterne,68,301,212.0,0.7043189368770764,andet
Socialistisk Folkeparti,Radikale Venstre,68,5696,5553.0,0.9748946629213484,andet
Socialistisk Folkeparti,Socialdemokratiet,68,8045,7789.0,0.9681789931634556,andet
Socialistisk Folkeparti,Socialistisk Folkeparti,68,3434,3411.0,0.9933022714036108,andet
Socialistisk Folkeparti,Uden for folketingsgrupperne,68,1830,1110.0,0.6065573770491803,andet
Socialistisk Folkeparti,Venstre,68,11573,8397.0,0.7255681327227167,andet
Uden for folketingsgrupperne,Danmarksdemokraterne,68,242,224.0,0.9256198347107438,andet
Uden for folketingsgrupperne,Dansk Folkeparti,68,810,810.0,1.0,andet
Uden for folketingsgrupperne,Det Konservative Folkeparti,68,1251,959.0,0.7665867306155076,andet
Uden for folketingsgrupperne,Enhedslisten,68,1985,990.0,0.4987405541561713,andet
Uden for folketingsgrupperne,Liberal Alliance,68,1339,879.0,0.6564600448095593,andet
Uden for folketingsgrupperne,Moderaterne,68,4,3.0,0.75,andet
Uden for folketingsgrupperne,Radikale Venstre,68,1955,1194.0,0.6107416879795396,andet
Uden for folketingsgrupperne,Socialdemokratiet,68,2430,1569.0,0.645679012345679,andet
Uden for folketingsgrupperne,Socialistisk Folkeparti,68,1377,825.0,0.599128540305011,andet
Uden for folketingsgrupperne,Uden for folketingsgrupperne,68,436,362.0,0.8302752293577982,andet
Uden for folketingsgrupperne,Venstre,68,2760,2125.0,0.769927536231884,andet
Venstre,Danmarksdemokraterne,68,7376,5492.0,0.7445770065075922,andet
Venstre,Dansk Folkeparti,68,10000,7606.0,0.7606,andet
Venstre,Det Konservative Folkeparti,68,11243,10529.0,0.9364938183758784,andet
Venstre,Enhedslisten,68,20666,9288.0,0.449433852704926,andet
Venstre,Liberal Alliance,68,11249,7850.0,0.6978398079829318,andet
Venstre,Moderaterne,68,733,715.0,0.975443383356071,andet
Venstre,Radikale Venstre,68,18975,14163.0,0.746403162055336,andet
Venstre,Socialdemokratiet,68,25663,19566.0,0.7624206055410513,andet
Venstre,Socialistisk Folkeparti,68,12234,8822.0,0.7211051168873631,andet
Venstre,Uden for folketingsgrupperne,68,6521,4962.0,0.7609262383070081,andet
Venstre,Venstre,68,32125,31721.0,0.9874241245136188,andet
Danmarksdemokraterne,Danmarksdemokraterne,67,1405,1323.0,0.9416370106761566,andet
Danmarksdemokraterne,Dansk Folkeparti,67,5889,5726.0,0.9723212769570384,andet
Danmarksdemokraterne,Det Konservative Folkeparti,67,3254,2897.0,0.8902888752304856,andet
Danmarksdemokraterne,Enhedslisten,67,1435,547.0,0.381184668989547,andet
Danmarksdemokraterne,Javnaðarflokkurin,67,5,3.0,0.6,andet
Danmarksdemokraterne,Liberal Alliance,67,406,310.0,0.7635467980295566,andet
Danmarksdemokraterne,Moderaterne,67,62,61.0,0.9838709677419356,andet
Danmarksdemokraterne,Radikale Venstre,67,1167,722.0,0.6186803770351328,andet
Danmarksdemokraterne,Sambandsflokkurin,67,11,9.0,0.8181818181818182,andet
Danmarksdemokraterne,Socialdemokratiet,67,14192,7678.0,0.5410090191657272,andet
Danmarksdemokraterne,Socialistisk Folkeparti,67,5489,2746.0,0.500273273820368,andet
Danmarksdemokraterne,Uden for folketingsgrupperne,67,1279,1132.0,0.8850664581704457,andet
Danmarksdemokraterne,Venstre,67,15432,13832.0,0.8963193364437533,andet
Dansk Folkeparti,Danmarksdemokraterne,67,929,927.0,0.9978471474703984,andet
Dansk Folkeparti,Dansk Folkeparti,67,5471,5471.0,1.0,andet
Dansk Folkeparti,Det Konservative Folkeparti,67,3911,3425.0,0.875735106110969,andet
Dansk Folkeparti,Enhedslisten,67,1581,603.0,0.381404174573055,andet
Dansk Folkeparti,Javnaðarflokkurin,67,13,7.0,0.5384615384615384,andet
Dansk Folkeparti,Liberal Alliance,67,735,557.0,0.7578231292517007,andet
Dansk Folkeparti,Moderaterne,67,73,69.0,0.9452054794520548,andet
Dansk Folkeparti,Radikale Venstre,67,1360,812.0,0.5970588235294118,andet
Dansk Folkeparti,Sambandsflokkurin,67,4,4.0,1.0,andet
Dansk Folkeparti,Socialdemokratiet,67,13061,6957.0,0.5326544674986601,andet
Dansk Folkeparti,Socialistisk Folkeparti,67,5543,2639.0,0.4760959769078116,andet
Dansk Folkeparti,Uden for folketingsgrupperne,67,1606,1327.0,0.8262764632627646,andet
Dansk Folkeparti,Venstre,67,13585,12013.0,0.8842841369157158,andet
Det Konservative Folkeparti,Danmarksdemokraterne,67,1214,1097.0,0.9036243822075782,andet
Det Konservative Folkeparti,Dansk Folkeparti,67,4513,3965.0,0.8785730113006869,andet
Det Konservative Folkeparti,Det Konservative Folkeparti,67,2289,2289.0,1.0,andet
Det Konservative Folkeparti,Enhedslisten,67,1363,585.0,0.4292002934702861,andet
Det Konservative Folkeparti,Javnaðarflokkurin,67,7,7.0,1.0,andet
Det Konservative Folkeparti,Liberal Alliance,67,439,375.0,0.8542141230068337,andet
Det Konservative Folkeparti,Moderaterne,67,53,53.0,1.0,andet
Det Konservative Folkeparti,Radikale Venstre,67,1075,740.0,0.6883720930232559,andet
Det Konservative Folkeparti,Sambandsflokkurin,67,7,7.0,1.0,andet
Det Konservative Folkeparti,Socialdemokratiet,67,10345,6639.0,0.6417593040115998,andet
Det Konservative Folkeparti,Socialistisk Folkeparti,67,4184,2548.0,0.6089866156787763,andet
Det Konservative Folkeparti,Uden for folketingsgrupperne,67,1071,876.0,0.8179271708683473,andet
Det Konservative Folkeparti,Venstre,67,11341,11325.0,0.9985891896658144,andet
Enhedslisten,Danmarksdemokraterne,67,554,206.0,0.371841155234657,andet
Enhedslisten,Dansk Folkeparti,67,2141,799.0,0.373190098085007,andet
Enhedslisten,Det Konservative Folkeparti,67,1042,413.0,0.3963531669865643,andet
Enhedslisten,Enhedslisten,67,301,252.0,0.8372093023255814,andet
Enhedslisten,Javnaðarflokkurin,67,2,2.0,1.0,andet
Enhedslisten,Liberal Alliance,67,230,102.0,0.4434782608695652,andet
Enhedslisten,Moderaterne,67,29,13.0,0.4482758620689655,andet
Enhedslisten,Radikale Venstre,67,341,225.0,0.6598240469208211,andet
Enhedslisten,Socialdemokratiet,67,4429,3036.0,0.6854820501241815,andet
Enhedslisten,Socialistisk Folkeparti,67,2061,1493.0,0.7244056283357594,andet
Enhedslisten,Uden for folketingsgrupperne,67,481,211.0,0.4386694386694387,andet
Enhedslisten,Venstre,67,4907,1888.0,0.3847564703484817,andet
Javnaðarflokkurin,Det Konservative Folkeparti,67,2,2.0,1.0,andet
Javnaðarflokkurin,Socialdemokratiet,67,2,2.0,1.0,andet
Javnaðarflokkurin,Socialistisk Folkeparti,67,2,2.0,1.0,andet
Javnaðarflokkurin,Venstre,67,6,6.0,1.0,andet
Liberal Alliance,Danmarksdemokraterne,67,386,344.0,0.8911917098445595,andet
Liberal Alliance,Dansk Folkeparti,67,675,592.0,0.8770370370370371,andet
Liberal Alliance,Det Konservative Folkeparti,67,489,477.0,0.9754601226993864,andet
Liberal Alliance,Enhedslisten,67,195,77.0,0.3948717948717948,andet
Liberal Alliance,Javnaðarflokkurin,67,1,1.0,1.0,andet
Liberal Alliance,Moderaterne,67,23,23.0,1.0,andet
Liberal Alliance,Radikale Venstre,67,145,92.0,0.6344827586206897,andet
Liberal Alliance,Sambandsflokkurin,67,1,1.0,1.0,andet
Liberal Alliance,Socialdemokratiet,67,2168,1229.0,0.5668819188191881,andet
Liberal Alliance,Socialistisk Folkeparti,67,838,487.0,0.581145584725537,andet
Liberal Alliance,Uden for folketingsgrupperne,67,143,114.0,0.7972027972027972,andet
Liberal Alliance,Venstre,67,2447,2367.0,0.9673069064160196,andet
Moderaterne,Danmarksdemokraterne,67,25,25.0,1.0,andet
Moderaterne,Dansk Folkeparti,67,95,92.0,0.968421052631579,andet
Moderaterne,Det Konservative Folkeparti,67,46,46.0,1.0,andet
Moderaterne,Enhedslisten,67,5,3.0,0.6,andet
Moderaterne,Radikale Venstre,67,12,9.0,0.75,andet
Moderaterne,Socialdemokratiet,67,235,120.0,0.5106382978723404,andet
Moderaterne,Socialistisk Folkeparti,67,35,21.0,0.6,andet
Moderaterne,Uden for folketingsgrupperne,67,11,8.0,0.7272727272727273,andet
Moderaterne,Venstre,67,162,162.0,1.0,andet
Radikale Venstre,Danmarksdemokraterne,67,214,121.0,0.5654205607476636,andet
Radikale Venstre,Dansk Folkeparti,67,1137,664.0,0.5839929639401935,andet
Radikale Venstre,Det Konservative Folkeparti,67,610,415.0,0.680327868852459,andet
Radikale Venstre,Enhedslisten,67,399,299.0,0.7493734335839599,andet
Radikale Venstre,Javnaðarflokkurin,67,2,2.0,1.0,andet
Radikale Venstre,Liberal Alliance,67,114,75.0,0.6578947368421053,andet
Radikale Venstre,Radikale Venstre,67,144,144.0,1.0,andet
Radikale Venstre,Socialdemokratiet,67,2210,1994.0,0.902262443438914,andet
Radikale Venstre,Socialistisk Folkeparti,67,1026,909.0,0.8859649122807017,andet
Radikale Venstre,Uden for folketingsgrupperne,67,182,141.0,0.7747252747252747,andet
Radikale Venstre,Venstre,67,1878,1240.0,0.6602768903088392,andet
Sambandsflokkurin,Danmarksdemokraterne,67,21,18.0,0.8571428571428571,andet
Sambandsflokkurin,Dansk Folkeparti,67,49,37.0,0.7551020408163265,andet
Sambandsflokkurin,Det Konservative Folkeparti,67,28,28.0,1.0,andet
Sambandsflokkurin,Enhedslisten,67,16,9.0,0.5625,andet
Sambandsflokkurin,Javnaðarflokkurin,67,1,1.0,1.0,andet
Sambandsflokkurin,Liberal Alliance,67,3,3.0,1.0,andet
Sambandsflokkurin,Moderaterne,67,1,1.0,1.0,andet
Sambandsflokkurin,Radikale Venstre,67,8,7.0,0.875,andet
Sambandsflokkurin,Socialdemokratiet,67,119,116.0,0.9747899159663864,andet
Sambandsflokkurin,Socialistisk Folkeparti,67,50,37.0,0.74,andet
Sambandsflokkurin,Uden for folketingsgrupperne,67,11,9.0,0.8181818181818182,andet
Sambandsflokkurin,Venstre,67,171,171.0,1.0,andet
Socialdemokratiet,Danmarksdemokraterne,67,6369,3426.0,0.5379180405087141,andet
Socialdemokratiet,Dansk Folkeparti,67,25176,13037.0,0.5178344455036543,andet
Socialdemokratiet,Det Konservative Folkeparti,67,14520,9529.0,0.656267217630854,andet
Socialdemokratiet,Enhedslisten,67,6465,4899.0,0.7577726218097448,andet
Socialdemokratiet,Javnaðarflokkurin,67,28,28.0,1.0,andet
Socialdemokratiet,Liberal Alliance,67,2086,1304.0,0.6251198465963567,andet
Socialdemokratiet,Moderaterne,67,339,172.0,0.5073746312684366,andet
Socialdemokratiet,Radikale Venstre,67,5205,4698.0,0.9025936599423632,andet
Socialdemokratiet,Sambandsflokkurin,67,36,34.0,0.9444444444444444,andet
Socialdemokratiet,Socialdemokratiet,67,54829,53891.0,0.9828922650422222,andet
Socialdemokratiet,Socialistisk Folkeparti,67,22649,21136.0,0.9331979336836064,andet
Socialdemokratiet,Uden for folketingsgrupperne,67,5905,3519.0,0.5959356477561388,andet
Socialdemokratiet,Venstre,67,59808,37943.0,0.6344134563937934,andet
Socialistisk Folkeparti,Danmarksdemokraterne,67,2388,1239.0,0.5188442211055276,andet
Socialistisk Folkeparti,Dansk Folkeparti,67,9159,4488.0,0.490009826400262,andet
Socialistisk Folkeparti,Det Konservative Folkeparti,67,5399,3375.0,0.6251157621781811,andet
Socialistisk Folkeparti,Enhedslisten,67,2167,1744.0,0.8047992616520535,andet
Socialistisk Folkeparti,Javnaðarflokkurin,67,10,10.0,1.0,andet
Socialistisk Folkeparti,Liberal Alliance,67,811,499.0,0.6152897657213316,andet
Socialistisk Folkeparti,Moderaterne,67,113,58.0,0.5132743362831859,andet
Socialistisk Folkeparti,Radikale Venstre,67,1861,1662.0,0.893068242880172,andet
Socialistisk Folkeparti,Sambandsflokkurin,67,8,7.0,0.875,andet
Socialistisk Folkeparti,Socialdemokratiet,67,20820,19249.0,0.9245437079731028,andet
Socialistisk Folkeparti,Socialistisk Folkeparti,67,7361,7340.0,0.997147126749083,andet
Socialistisk Folkeparti,Uden for folketingsgrupperne,67,2265,1287.0,0.5682119205298013,andet
Socialistisk Folkeparti,Venstre,67,24199,14713.0,0.6080003305921732,andet
Uden for folketingsgrupperne,Danmarksdemokraterne,67,196,186.0,0.9489795918367347,andet
Uden for folketingsgrupperne,Dansk Folkeparti,67,1176,1176.0,1.0,andet
Uden for folketingsgrupperne,Det Konservative Folkeparti,67,796,700.0,0.8793969849246231,andet
Uden for folketingsgrupperne,Enhedslisten,67,311,116.0,0.3729903536977492,andet
Uden for folketingsgrupperne,Javnaðarflokkurin,67,3,2.0,0.6666666666666666,andet
Uden for folketingsgrupperne,Liberal Alliance,67,120,88.0,0.7333333333333333,andet
Uden for folketingsgrupperne,Moderaterne,67,25,25.0,1.0,andet
Uden for folketingsgrupperne,Radikale Venstre,67,383,218.0,0.5691906005221932,andet
Uden for folketingsgrupperne,Socialdemokratiet,67,2467,1324.0,0.5366842318605594,andet
Uden for folketingsgrupperne,Socialistisk Folkeparti,67,947,462.0,0.4878563885955649,andet
Uden for folketingsgrupperne,Uden for folketingsgrupperne,67,147,110.0,0.7482993197278912,andet
Uden for folketingsgrupperne,Venstre,67,2383,2069.0,0.868233319345363,andet
Venstre,Danmarksdemokraterne,67,8372,7546.0,0.9013377926421404,andet
Venstre,Dansk Folkeparti,67,30963,27225.0,0.8792752640248038,andet
Venstre,Det Konservative Folkeparti,67,18016,17999.0,0.9990563943161634,andet
Venstre,Enhedslisten,67,7856,3322.0,0.4228615071283095,andet
Venstre,Javnaðarflokkurin,67,37,37.0,1.0,andet
Venstre,Liberal Alliance,67,2440,2117.0,0.8676229508196721,andet
Venstre,Moderaterne,67,410,410.0,1.0,andet
Venstre,Radikale Venstre,67,6848,4591.0,0.6704147196261683,andet
Venstre,Sambandsflokkurin,67,24,24.0,1.0,andet
Venstre,Socialdemokratiet,67,72777,45816.0,0.6295395523310936,andet
Venstre,Socialistisk Folkeparti,67,26471,15806.0,0.597106267235843,andet
Venstre,Uden for folketingsgrupperne,67,7443,6241.0,0.8385059787720005,andet
Venstre,Venstre,67,73733,73632.0,0.9986301927223904,andet
Alternativet,Liberal Alliance,69,43,9.0,0.2093023255813953,andet
Alternativet,Radikale Venstre,69,23,17.0,0.7391304347826086,andet
Danmarksdemokraterne,Alternativet,69,221,61.0,0.2760180995475113,andet
Danmarksdemokraterne,Danmarksdemokraterne,69,2973,2735.0,0.9199461823074336,andet
Danmarksdemokraterne,Dansk Folkeparti,69,5712,5473.0,0.9581582633053222,andet
Danmarksdemokraterne,Det Konservative Folkeparti,69,199,158.0,0.7939698492462312,andet
Danmarksdemokraterne,Enhedslisten,69,4794,1716.0,0.3579474342928661,andet
Danmarksdemokraterne,Liberal Alliance,69,5743,4488.0,0.7814730976841372,andet
Danmarksdemokraterne,Moderaterne,69,439,352.0,0.8018223234624146,andet
Danmarksdemokraterne,Radikale Venstre,69,5078,2812.0,0.5537613233556519,andet
Danmarksdemokraterne,Socialdemokratiet,69,19592,12873.0,0.657053899550837,andet
Danmarksdemokraterne,Socialistisk Folkeparti,69,3071,1383.0,0.4503419081732335,andet
Danmarksdemokraterne,Uden for folketingsgrupperne,69,2883,2627.0,0.9112036073534512,andet
Danmarksdemokraterne,Venstre,69,18020,14617.0,0.8111542730299667,andet
Dansk Folkeparti,Alternativet,69,231,52.0,0.2251082251082251,andet
Dansk Folkeparti,Danmarksdemokraterne,69,2374,2276.0,0.9587194608256108,andet
Dansk Folkeparti,Dansk Folkeparti,69,3988,3983.0,0.9987462387161484,andet
Dansk Folkeparti,Det Konservative Folkeparti,69,159,122.0,0.7672955974842768,andet
Dansk Folkeparti,Enhedslisten,69,4348,1551.0,0.3567157313707452,andet
Dansk Folkeparti,Liberal Alliance,69,3981,3023.0,0.7593569454910827,andet
Dansk Folkeparti,Moderaterne,69,217,152.0,0.7004608294930875,andet
Dansk Folkeparti,Radikale Venstre,69,4239,2194.0,0.5175748997405049,andet
Dansk Folkeparti,Socialdemokratiet,69,14951,9172.0,0.6134706708581366,andet
Dansk Folkeparti,Socialistisk Folkeparti,69,1610,688.0,0.4273291925465838,andet
Dansk Folkeparti,Uden for folketingsgrupperne,69,1890,1669.0,0.8830687830687831,andet
Dansk Folkeparti,Venstre,69,14098,10935.0,0.7756419350262449,andet
Det Konservative Folkeparti,Alternativet,69,23,3.0,0.1304347826086956,andet
Det Konservative Folkeparti,Danmarksdemokraterne,69,353,267.0,0.7563739376770539,andet
Det Konservative Folkeparti,Dansk Folkeparti,69,531,395.0,0.743879472693032,andet
Det Konservative Folkeparti,Det Konservative Folkeparti,69,23,23.0,1.0,andet
Det Konservative Folkeparti,Enhedslisten,69,541,120.0,0.22181146025878,andet
Det Konservative Folkeparti,Liberal Alliance,69,375,314.0,0.8373333333333334,andet
Det Konservative Folkeparti,Moderaterne,69,62,59.0,0.9516129032258064,andet
Det Konservative Folkeparti,Radikale Venstre,69,403,267.0,0.6625310173697271,andet
Det Konservative Folkeparti,Socialdemokratiet,69,1528,1193.0,0.7807591623036649,andet
Det Konservative Folkeparti,Socialistisk Folkeparti,69,259,115.0,0.444015444015444,andet
Det Konservative Folkeparti,Uden for folketingsgrupperne,69,225,178.0,0.7911111111111111,andet
Det Konservative Folkeparti,Venstre,69,1611,1540.0,0.9559279950341404,andet
Enhedslisten,Alternativet,69,206,189.0,0.9174757281553398,andet
Enhedslisten,Danmarksdemokraterne,69,2363,839.0,0.3550571307659754,andet
Enhedslisten,Dansk Folkeparti,69,3851,1404.0,0.3645806284082056,andet
Enhedslisten,Det Konservative Folkeparti,69,92,33.0,0.358695652173913,andet
Enhedslisten,Enhedslisten,69,2960,2958.0,0.9993243243243244,andet
Enhedslisten,Liberal Alliance,69,3901,1336.0,0.3424762881312484,andet
Enhedslisten,Moderaterne,69,344,89.0,0.2587209302325581,andet
Enhedslisten,Radikale Venstre,69,3489,2072.0,0.5938664373746059,andet
Enhedslisten,Socialdemokratiet,69,13620,6300.0,0.4625550660792951,andet
Enhedslisten,Socialistisk Folkeparti,69,2040,1611.0,0.7897058823529411,andet
Enhedslisten,Uden for folketingsgrupperne,69,1786,591.0,0.3309070548712206,andet
Enhedslisten,Venstre,69,13260,4157.0,0.313499245852187,andet
Liberal Alliance,Alternativet,69,154,40.0,0.2597402597402597,andet
Liberal Alliance,Danmarksdemokraterne,69,387,301.0,0.7777777777777778,andet
Liberal Alliance,Dansk Folkeparti,69,2981,2225.0,0.7463938275746393,andet
Liberal Alliance,Det Konservative Folkeparti,69,70,60.0,0.8571428571428571,andet
Liberal Alliance,Enhedslisten,69,2294,780.0,0.3400174367916303,andet
Liberal Alliance,Liberal Alliance,69,2059,2049.0,0.9951432734337056,andet
Liberal Alliance,Moderaterne,69,16,15.0,0.9375,andet
Liberal Alliance,Radikale Venstre,69,2758,1843.0,0.6682378535170413,andet
Liberal Alliance,Socialdemokratiet,69,8334,6245.0,0.7493400527957763,andet
Liberal Alliance,Socialistisk Folkeparti,69,738,336.0,0.4552845528455284,andet
Liberal Alliance,Uden for folketingsgrupperne,69,1180,981.0,0.8313559322033899,andet
Liberal Alliance,Venstre,69,7085,6675.0,0.9421312632321808,andet
Moderaterne,Alternativet,69,10,1.0,0.1,andet
Moderaterne,Danmarksdemokraterne,69,182,129.0,0.7087912087912088,andet
Moderaterne,Dansk Folkeparti,69,526,377.0,0.7167300380228137,andet
Moderaterne,Det Konservative Folkeparti,69,13,12.0,0.9230769230769232,andet
Moderaterne,Enhedslisten,69,320,77.0,0.240625,andet
Moderaterne,Liberal Alliance,69,524,486.0,0.9274809160305344,andet
Moderaterne,Moderaterne,69,1,1.0,1.0,andet
Moderaterne,Radikale Venstre,69,419,282.0,0.6730310262529833,andet
Moderaterne,Socialdemokratiet,69,1767,1363.0,0.7713638936049801,andet
Moderaterne,Socialistisk Folkeparti,69,210,87.0,0.4142857142857143,andet
Moderaterne,Uden for folketingsgrupperne,69,253,202.0,0.7984189723320159,andet
Moderaterne,Venstre,69,1486,1485.0,0.9993270524899058,andet
Radikale Venstre,Alternativet,69,191,149.0,0.7801047120418848,andet
Radikale Venstre,Danmarksdemokraterne,69,1142,615.0,0.5385288966725044,andet
Radikale Venstre,Dansk Folkeparti,69,2866,1466.0,0.5115143056524774,andet
Radikale Venstre,Det Konservative Folkeparti,69,98,64.0,0.6530612244897959,andet
Radikale Venstre,Enhedslisten,69,2709,1647.0,0.6079734219269103,andet
Radikale Venstre,Liberal Alliance,69,2614,1749.0,0.6690895179801071,andet
Radikale Venstre,Moderaterne,69,64,38.0,0.59375,andet
Radikale Venstre,Radikale Venstre,69,2131,2129.0,0.999061473486626,andet
Radikale Venstre,Socialdemokratiet,69,9123,6897.0,0.7560013153567905,andet
Radikale Venstre,Socialistisk Folkeparti,69,618,489.0,0.7912621359223301,andet
Radikale Venstre,Uden for folketingsgrupperne,69,1009,550.0,0.5450941526263627,andet
Radikale Venstre,Venstre,69,8113,5520.0,0.6803894983360039,andet
Socialdemokratiet,Alternativet,69,846,411.0,0.4858156028368794,andet
Socialdemokratiet,Danmarksdemokraterne,69,7096,4633.0,0.6529030439684329,andet
Socialdemokratiet,Dansk Folkeparti,69,15433,9376.0,0.6075293202876952,andet
Socialdemokratiet,Det Konservative Folkeparti,69,520,371.0,0.7134615384615385,andet
Socialdemokratiet,Enhedslisten,69,12923,6307.0,0.4880445716938791,andet
Socialdemokratiet,Liberal Alliance,69,14439,10991.0,0.7612022993282084,andet
Socialdemokratiet,Moderaterne,69,583,433.0,0.7427101200686106,andet
Socialdemokratiet,Radikale Venstre,69,14046,10713.0,0.7627082443400256,andet
Socialdemokratiet,Socialdemokratiet,69,47466,46576.0,0.9812497366536048,andet
Socialdemokratiet,Socialistisk Folkeparti,69,6089,4007.0,0.6580719329939234,andet
Socialdemokratiet,Uden for folketingsgrupperne,69,7032,4607.0,0.6551478953356087,andet
Socialdemokratiet,Venstre,69,45567,36482.0,0.8006232580595607,andet
Socialistisk Folkeparti,Alternativet,69,143,123.0,0.8601398601398601,andet
Socialistisk Folkeparti,Danmarksdemokraterne,69,652,322.0,0.4938650306748466,andet
Socialistisk Folkeparti,Dansk Folkeparti,69,2635,1157.0,0.439089184060721,andet
Socialistisk Folkeparti,Det Konservative Folkeparti,69,91,50.0,0.5494505494505495,andet
Socialistisk Folkeparti,Enhedslisten,69,1718,1348.0,0.7846332945285215,andet
Socialistisk Folkeparti,Liberal Alliance,69,2442,1216.0,0.4979524979524979,andet
Socialistisk Folkeparti,Moderaterne,69,113,50.0,0.4424778761061947,andet
Socialistisk Folkeparti,Radikale Venstre,69,2690,2054.0,0.7635687732342007,andet
Socialistisk Folkeparti,Socialdemokratiet,69,7885,5119.0,0.6492073557387444,andet
Socialistisk Folkeparti,Socialistisk Folkeparti,69,651,650.0,0.998463901689708,andet
Socialistisk Folkeparti,Uden for folketingsgrupperne,69,1547,658.0,0.4253393665158371,andet
Socialistisk Folkeparti,Venstre,69,7265,3757.0,0.517136958017894,andet
Uden for folketingsgrupperne,Alternativet,69,112,21.0,0.1875,andet
Uden for folketingsgrupperne,Danmarksdemokraterne,69,60,54.0,0.9,andet
Uden for folketingsgrupperne,Dansk Folkeparti,69,1450,1450.0,1.0,andet
Uden for folketingsgrupperne,Det Konservative Folkeparti,69,24,18.0,0.75,andet
Uden for folketingsgrupperne,Enhedslisten,69,1146,404.0,0.3525305410122164,andet
Uden for folketingsgrupperne,Liberal Alliance,69,1317,1008.0,0.765375854214123,andet
Uden for folketingsgrupperne,Moderaterne,69,3,3.0,1.0,andet
Uden for folketingsgrupperne,Radikale Venstre,69,1678,889.0,0.5297973778307509,andet
Uden for folketingsgrupperne,Socialdemokratiet,69,4274,2681.0,0.6272812353766963,andet
Uden for folketingsgrupperne,Socialistisk Folkeparti,69,83,26.0,0.3132530120481928,andet
Uden for folketingsgrupperne,Uden for folketingsgrupperne,69,438,387.0,0.8835616438356164,andet
Uden for folketingsgrupperne,Venstre,69,3588,2856.0,0.7959866220735786,andet
Venstre,Alternativet,69,788,246.0,0.3121827411167512,andet
Venstre,Danmarksdemokraterne,69,6355,5111.0,0.8042486231313926,andet
Venstre,Dansk Folkeparti,69,13732,10527.0,0.7666035537430819,andet
Venstre,Det Konservative Folkeparti,69,522,499.0,0.9559386973180076,andet
Venstre,Enhedslisten,69,11216,3669.0,0.3271219686162624,andet
Venstre,Liberal Alliance,69,13729,12997.0,0.946682205550295,andet
Venstre,Moderaterne,69,694,694.0,1.0,andet
Venstre,Radikale Venstre,69,13228,9105.0,0.6883126700937405,andet
Venstre,Socialdemokratiet,69,46207,36912.0,0.7988400025970092,andet
Venstre,Socialistisk Folkeparti,69,5707,2872.0,0.5032416330821797,andet
Venstre,Uden for folketingsgrupperne,69,6766,5517.0,0.8154005320721254,andet
Venstre,Venstre,69,39701,39678.0,0.9994206695045464,andet
Danmarksdemokraterne,Danmarksdemokraterne,66,1669,1625.0,0.9736369083283404,andet
Danmarksdemokraterne,Dansk Folkeparti,66,4807,4723.0,0.9825254836696484,andet
Danmarksdemokraterne,Det Konservative Folkeparti,66,3911,3719.0,0.9509076962413704,andet
Danmarksdemokraterne,Enhedslisten,66,1560,441.0,0.2826923076923077,andet
Danmarksdemokraterne,Liberal Alliance,66,658,628.0,0.9544072948328268,andet
Danmarksdemokraterne,Moderaterne,66,168,161.0,0.9583333333333334,andet
Danmarksdemokraterne,Radikale Venstre,66,2388,1461.0,0.6118090452261307,andet
Danmarksdemokraterne,Siumut,66,15,9.0,0.6,andet
Danmarksdemokraterne,Socialdemokratiet,66,10896,6398.0,0.5871879588839941,andet
Danmarksdemokraterne,Socialistisk Folkeparti,66,2314,989.0,0.4273984442523768,andet
Danmarksdemokraterne,Uden for folketingsgrupperne,66,2068,1677.0,0.8109284332688588,andet
Danmarksdemokraterne,Venstre,66,14663,13877.0,0.9463956898315488,andet
Dansk Folkeparti,Danmarksdemokraterne,66,1449,1449.0,1.0,andet
Dansk Folkeparti,Dansk Folkeparti,66,3925,3925.0,1.0,andet
Dansk Folkeparti,Det Konservative Folkeparti,66,2799,2615.0,0.9342622365130404,andet
Dansk Folkeparti,Enhedslisten,66,1653,431.0,0.2607380520266182,andet
Dansk Folkeparti,Liberal Alliance,66,605,565.0,0.9338842975206612,andet
Dansk Folkeparti,Moderaterne,66,129,120.0,0.9302325581395348,andet
Dansk Folkeparti,Radikale Venstre,66,2758,1553.0,0.5630891950688905,andet
Dansk Folkeparti,Siumut,66,8,4.0,0.5,andet
Dansk Folkeparti,Socialdemokratiet,66,9516,5193.0,0.5457124842370744,andet
Dansk Folkeparti,Socialistisk Folkeparti,66,2809,1174.0,0.417942328230687,andet
Dansk Folkeparti,Uden for folketingsgrupperne,66,2661,1921.0,0.7219090567455844,andet
Dansk Folkeparti,Venstre,66,13037,12142.0,0.9313492367876044,andet
Det Konservative Folkeparti,Danmarksdemokraterne,66,2469,2330.0,0.9437019036046984,andet
Det Konservative Folkeparti,Dansk Folkeparti,66,6525,6100.0,0.9348659003831418,andet
Det Konservative Folkeparti,Det Konservative Folkeparti,66,4119,4094.0,0.9939305656712796,andet
Det Konservative Folkeparti,Enhedslisten,66,2290,641.0,0.2799126637554585,andet
Det Konservative Folkeparti,Liberal Alliance,66,897,890.0,0.992196209587514,andet
Det Konservative Folkeparti,Moderaterne,66,242,238.0,0.9834710743801652,andet
Det Konservative Folkeparti,Radikale Venstre,66,3838,2516.0,0.655549765502866,andet
Det Konservative Folkeparti,Siumut,66,25,19.0,0.76,andet
Det Konservative Folkeparti,Socialdemokratiet,66,14976,9694.0,0.6473023504273504,andet
Det Konservative Folkeparti,Socialistisk Folkeparti,66,3241,1541.0,0.4754705337858685,andet
Det Konservative Folkeparti,Uden for folketingsgrupperne,66,3038,2529.0,0.8324555628703094,andet
Det Konservative Folkeparti,Venstre,66,18978,18768.0,0.9889345558014544,andet
Enhedslisten,Danmarksdemokraterne,66,725,203.0,0.28,andet
Enhedslisten,Dansk Folkeparti,66,1686,464.0,0.2752075919335706,andet
Enhedslisten,Det Konservative Folkeparti,66,1192,334.0,0.2802013422818792,andet
Enhedslisten,Enhedslisten,66,390,389.0,0.9974358974358974,andet
Enhedslisten,Liberal Alliance,66,239,63.0,0.2635983263598326,andet
Enhedslisten,Moderaterne,66,52,14.0,0.2692307692307692,andet
Enhedslisten,Radikale Venstre,66,736,404.0,0.5489130434782609,andet
Enhedslisten,Siumut,66,5,3.0,0.6,andet
Enhedslisten,Socialdemokratiet,66,3542,2040.0,0.5759457933370977,andet
Enhedslisten,Socialistisk Folkeparti,66,1041,742.0,0.712776176753122,andet
Enhedslisten,Uden for folketingsgrupperne,66,940,416.0,0.4425531914893617,andet
Enhedslisten,Venstre,66,5051,1416.0,0.2803405266283904,andet
Liberal Alliance,Danmarksdemokraterne,66,241,221.0,0.91701244813278,andet
Liberal Alliance,Dansk Folkeparti,66,717,667.0,0.9302649930264992,andet
Liberal Alliance,Det Konservative Folkeparti,66,438,434.0,0.9908675799086758,andet
Liberal Alliance,Enhedslisten,66,262,63.0,0.2404580152671755,andet
Liberal Alliance,Radikale Venstre,66,626,396.0,0.6325878594249201,andet
Liberal Alliance,Socialdemokratiet,66,1629,1009.0,0.6193984039287906,andet
Liberal Alliance,Socialistisk Folkeparti,66,341,151.0,0.4428152492668621,andet
Liberal Alliance,Uden for folketingsgrupperne,66,401,315.0,0.7855361596009975,andet
Liberal Alliance,Venstre,66,1633,1609.0,0.9853031230863442,andet
Moderaterne,Danmarksdemokraterne,66,58,54.0,0.9310344827586208,andet
Moderaterne,Dansk Folkeparti,66,201,192.0,0.9552238805970148,andet
Moderaterne,Det Konservative Folkeparti,66,111,110.0,0.990990990990991,andet
Moderaterne,Enhedslisten,66,76,18.0,0.2368421052631578,andet
Moderaterne,Liberal Alliance,66,48,47.0,0.9791666666666666,andet
Moderaterne,Radikale Venstre,66,174,121.0,0.6954022988505747,andet
Moderaterne,Socialdemokratiet,66,416,239.0,0.5745192307692307,andet
Moderaterne,Socialistisk Folkeparti,66,80,32.0,0.4,andet
Moderaterne,Uden for folketingsgrupperne,66,105,86.0,0.819047619047619,andet
Moderaterne,Venstre,66,400,385.0,0.9625,andet
Radikale Venstre,Danmarksdemokraterne,66,794,456.0,0.5743073047858942,andet
Radikale Venstre,Dansk Folkeparti,66,1889,1091.0,0.5775542615140286,andet
Radikale Venstre,Det Konservative Folkeparti,66,861,536.0,0.6225319396051103,andet
Radikale Venstre,Enhedslisten,66,905,484.0,0.5348066298342542,andet
Radikale Venstre,Radikale Venstre,66,875,866.0,0.9897142857142858,andet
Radikale Venstre,Socialdemokratiet,66,3841,3085.0,0.8031762561832856,andet
Radikale Venstre,Socialistisk Folkeparti,66,1185,899.0,0.7586497890295358,andet
Radikale Venstre,Uden for folketingsgrupperne,66,1345,1106.0,0.8223048327137547,andet
Radikale Venstre,Venstre,66,5494,3492.0,0.6356024754277394,andet
Siumut,Danmarksdemokraterne,66,6,4.0,0.6666666666666666,andet
Siumut,Dansk Folkeparti,66,21,15.0,0.7142857142857143,andet
Siumut,Det Konservative Folkeparti,66,12,8.0,0.6666666666666666,andet
Siumut,Enhedslisten,66,2,2.0,1.0,andet
Siumut,Liberal Alliance,66,6,4.0,0.6666666666666666,andet
Siumut,Radikale Venstre,66,18,15.0,0.8333333333333334,andet
Siumut,Socialdemokratiet,66,36,30.0,0.8333333333333334,andet
Siumut,Socialistisk Folkeparti,66,16,13.0,0.8125,andet
Siumut,Uden for folketingsgrupperne,66,17,13.0,0.7647058823529411,andet
Siumut,Venstre,66,41,27.0,0.6585365853658537,andet
Socialdemokratiet,Danmarksdemokraterne,66,4955,2874.0,0.5800201816347124,andet
Socialdemokratiet,Dansk Folkeparti,66,14023,7799.0,0.5561577408543108,andet
Socialdemokratiet,Det Konservative Folkeparti,66,8794,5592.0,0.6358881055264953,andet
Socialdemokratiet,Enhedslisten,66,4944,2854.0,0.5772653721682848,andet
Socialdemokratiet,Liberal Alliance,66,1725,1107.0,0.6417391304347826,andet
Socialdemokratiet,Moderaterne,66,435,269.0,0.6183908045977011,andet
Socialdemokratiet,Radikale Venstre,66,7752,6300.0,0.8126934984520123,andet
Socialdemokratiet,Siumut,66,51,42.0,0.8235294117647058,andet
Socialdemokratiet,Socialdemokratiet,66,27883,27102.0,0.9719901014955348,andet
Socialdemokratiet,Socialistisk Folkeparti,66,7396,5984.0,0.8090859924283397,andet
Socialdemokratiet,Uden for folketingsgrupperne,66,6896,5168.0,0.7494199535962877,andet
Socialdemokratiet,Venstre,66,39018,24645.0,0.6316315546670768,andet
Socialistisk Folkeparti,Danmarksdemokraterne,66,1812,698.0,0.3852097130242826,andet
Socialistisk Folkeparti,Dansk Folkeparti,66,3377,1298.0,0.3843648208469055,andet
Socialistisk Folkeparti,Det Konservative Folkeparti,66,2982,1284.0,0.4305835010060362,andet
Socialistisk Folkeparti,Enhedslisten,66,1196,910.0,0.7608695652173914,andet
Socialistisk Folkeparti,Liberal Alliance,66,566,223.0,0.3939929328621908,andet
Socialistisk Folkeparti,Moderaterne,66,134,51.0,0.3805970149253731,andet
Socialistisk Folkeparti,Radikale Venstre,66,1782,1305.0,0.7323232323232324,andet
Socialistisk Folkeparti,Siumut,66,2,2.0,1.0,andet
Socialistisk Folkeparti,Socialdemokratiet,66,8299,6564.0,0.7909386673093144,andet
Socialistisk Folkeparti,Socialistisk Folkeparti,66,1703,1698.0,0.9970640046975924,andet
Socialistisk Folkeparti,Uden for folketingsgrupperne,66,1713,979.0,0.5715119673088149,andet
Socialistisk Folkeparti,Venstre,66,12378,5227.0,0.4222814671190822,andet
Uden for folketingsgrupperne,Danmarksdemokraterne,66,751,619.0,0.8242343541944075,andet
Uden for folketingsgrupperne,Dansk Folkeparti,66,1479,1382.0,0.9344151453684922,andet
Uden for folketingsgrupperne,Det Konservative Folkeparti,66,1168,1020.0,0.8732876712328768,andet
Uden for folketingsgrupperne,Enhedslisten,66,566,193.0,0.3409893992932862,andet
Uden for folketingsgrupperne,Liberal Alliance,66,190,179.0,0.9421052631578948,andet
Uden for folketingsgrupperne,Moderaterne,66,64,58.0,0.90625,andet
Uden for folketingsgrupperne,Radikale Venstre,66,640,391.0,0.6109375,andet
Uden for folketingsgrupperne,Siumut,66,1,0.0,0.0,andet
Uden for folketingsgrupperne,Socialdemokratiet,66,3605,2313.0,0.6416088765603328,andet
Uden for folketingsgrupperne,Socialistisk Folkeparti,66,1115,592.0,0.5309417040358745,andet
Uden for folketingsgrupperne,Uden for folketingsgrupperne,66,717,530.0,0.7391910739191074,andet
Uden for folketingsgrupperne,Venstre,66,5697,5001.0,0.8778304370721433,andet
Venstre,Danmarksdemokraterne,66,11210,10492.0,0.935950044603033,andet
Venstre,Dansk Folkeparti,66,25713,23871.0,0.9283630848209076,andet
Venstre,Det Konservative Folkeparti,66,19928,19695.0,0.9883079084704938,andet
Venstre,Enhedslisten,66,8914,2447.0,0.2745120035898586,andet
Venstre,Liberal Alliance,66,3810,3762.0,0.9874015748031496,andet
Venstre,Moderaterne,66,963,932.0,0.9678089304257528,andet
Venstre,Radikale Venstre,66,13673,8619.0,0.6303664155635194,andet
Venstre,Siumut,66,90,60.0,0.6666666666666666,andet
Venstre,Socialdemokratiet,66,58401,36447.0,0.6240817794215853,andet
Venstre,Socialistisk Folkeparti,66,13219,6036.0,0.4566154777214615,andet
Venstre,Uden for folketingsgrupperne,66,11412,9345.0,0.8188748685594112,andet
Venstre,Venstre,66,77152,76094.0,0.9862868104520944,andet
Danmarksdemokraterne,Danmarksdemokraterne,65,24,23.0,0.9583333333333334,andet
Danmarksdemokraterne,Dansk Folkeparti,65,151,146.0,0.9668874172185432,andet
Danmarksdemokraterne,Det Konservative Folkeparti,65,75,72.0,0.96,andet
Danmarksdemokraterne,Enhedslisten,65,20,5.0,0.25,andet
Danmarksdemokraterne,Inuit Ataqatigiit,65,7,0.0,0.0,andet
Danmarksdemokraterne,Kristendemokraterne,65,18,11.0,0.6111111111111112,andet
Danmarksdemokraterne,Liberal Alliance,65,22,21.0,0.9545454545454546,andet
Danmarksdemokraterne,Moderaterne,65,3,3.0,1.0,andet
Danmarksdemokraterne,Radikale Venstre,65,44,21.0,0.4772727272727273,andet
Danmarksdemokraterne,Sambandsflokkurin,65,4,4.0,1.0,andet
Danmarksdemokraterne,Socialdemokratiet,65,537,158.0,0.2942271880819367,andet
Danmarksdemokraterne,Socialistisk Folkeparti,65,91,15.0,0.1648351648351648,andet
Danmarksdemokraterne,Uden for folketingsgrupperne,65,97,83.0,0.8556701030927835,andet
Danmarksdemokraterne,Venstre,65,363,345.0,0.950413223140496,andet
Dansk Folkeparti,Danmarksdemokraterne,65,21,21.0,1.0,andet
Dansk Folkeparti,Dansk Folkeparti,65,153,153.0,1.0,andet
Dansk Folkeparti,Det Konservative Folkeparti,65,39,35.0,0.8974358974358975,andet
Dansk Folkeparti,Enhedslisten,65,36,8.0,0.2222222222222222,andet
Dansk Folkeparti,Inuit Ataqatigiit,65,7,0.0,0.0,andet
Dansk Folkeparti,Kristendemokraterne,65,19,10.0,0.5263157894736842,andet
Dansk Folkeparti,Liberal Alliance,65,14,12.0,0.8571428571428571,andet
Dansk Folkeparti,Moderaterne,65,3,3.0,1.0,andet
Dansk Folkeparti,Radikale Venstre,65,53,22.0,0.4150943396226415,andet
Dansk Folkeparti,Sambandsflokkurin,65,2,2.0,1.0,andet
Dansk Folkeparti,Socialdemokratiet,65,491,143.0,0.2912423625254582,andet
Dansk Folkeparti,Socialistisk Folkeparti,65,117,11.0,0.094017094017094,andet
Dansk Folkeparti,Uden for folketingsgrupperne,65,71,56.0,0.7887323943661971,andet
Dansk Folkeparti,Venstre,65,377,350.0,0.9283819628647216,andet
Det Konservative Folkeparti,Danmarksdemokraterne,65,62,62.0,1.0,andet
Det Konservative Folkeparti,Dansk Folkeparti,65,264,253.0,0.9583333333333334,andet
Det Konservative Folkeparti,Det Konservative Folkeparti,65,108,108.0,1.0,andet
Det Konservative Folkeparti,Enhedslisten,65,48,15.0,0.3125,andet
Det Konservative Folkeparti,Inuit Ataqatigiit,65,14,0.0,0.0,andet
Det Konservative Folkeparti,Kristendemokraterne,65,27,18.0,0.6666666666666666,andet
Det Konservative Folkeparti,Liberal Alliance,65,41,41.0,1.0,andet
Det Konservative Folkeparti,Moderaterne,65,7,7.0,1.0,andet
Det Konservative Folkeparti,Radikale Venstre,65,102,57.0,0.5588235294117647,andet
Det Konservative Folkeparti,Sambandsflokkurin,65,6,6.0,1.0,andet
Det Konservative Folkeparti,Socialdemokratiet,65,989,423.0,0.4277047522750253,andet
Det Konservative Folkeparti,Socialistisk Folkeparti,65,172,43.0,0.25,andet
Det Konservative Folkeparti,Uden for folketingsgrupperne,65,156,135.0,0.8653846153846154,andet
Det Konservative Folkeparti,Venstre,65,590,590.0,1.0,andet
Enhedslisten,Danmarksdemokraterne,65,3,1.0,0.3333333333333333,andet
Enhedslisten,Dansk Folkeparti,65,13,5.0,0.3846153846153846,andet
Enhedslisten,Det Konservative Folkeparti,65,1,0.0,0.0,andet
Enhedslisten,Enhedslisten,65,3,3.0,1.0,andet
Enhedslisten,Kristendemokraterne,65,1,1.0,1.0,andet
Enhedslisten,Radikale Venstre,65,7,4.0,0.5714285714285714,andet
Enhedslisten,Sambandsflokkurin,65,1,0.0,0.0,andet
Enhedslisten,Socialdemokratiet,65,45,32.0,0.7111111111111111,andet
Enhedslisten,Socialistisk Folkeparti,65,10,10.0,1.0,andet
Enhedslisten,Uden for folketingsgrupperne,65,7,4.0,0.5714285714285714,andet
Enhedslisten,Venstre,65,33,11.0,0.3333333333333333,andet
Inuit Ataqatigiit,Danmarksdemokraterne,65,4,0.0,0.0,andet
Inuit Ataqatigiit,Dansk Folkeparti,65,16,0.0,0.0,andet
Inuit Ataqatigiit,Det Konservative Folkeparti,65,10,0.0,0.0,andet
Inuit Ataqatigiit,Enhedslisten,65,4,4.0,1.0,andet
Inuit Ataqatigiit,Kristendemokraterne,65,1,0.0,0.0,andet
Inuit Ataqatigiit,Liberal Alliance,65,3,0.0,0.0,andet
Inuit Ataqatigiit,Radikale Venstre,65,10,4.0,0.4,andet
Inuit Ataqatigiit,Socialdemokratiet,65,58,30.0,0.5172413793103449,andet
Inuit Ataqatigiit,Socialistisk Folkeparti,65,8,8.0,1.0,andet
Inuit Ataqatigiit,Uden for folketingsgrupperne,65,6,1.0,0.1666666666666666,andet
Inuit Ataqatigiit,Venstre,65,24,0.0,0.0,andet
Kristendemokraterne,Danmarksdemokraterne,65,3,1.0,0.3333333333333333,andet
Kristendemokraterne,Dansk Folkeparti,65,27,15.0,0.5555555555555556,andet
Kristendemokraterne,Enhedslisten,65,1,1.0,1.0,andet
Kristendemokraterne,Radikale Venstre,65,9,3.0,0.3333333333333333,andet
Kristendemokraterne,Socialdemokratiet,65,96,28.0,0.2916666666666667,andet
Kristendemokraterne,Socialistisk Folkeparti,65,18,4.0,0.2222222222222222,andet
Kristendemokraterne,Uden for folketingsgrupperne,65,17,7.0,0.4117647058823529,andet
Kristendemokraterne,Venstre,65,47,30.0,0.6382978723404256,andet
Liberal Alliance,Danmarksdemokraterne,65,5,5.0,1.0,andet
Liberal Alliance,Dansk Folkeparti,65,46,43.0,0.9347826086956522,andet
Liberal Alliance,Det Konservative Folkeparti,65,6,6.0,1.0,andet
Liberal Alliance,Enhedslisten,65,5,3.0,0.6,andet
Liberal Alliance,Kristendemokraterne,65,8,6.0,0.75,andet
Liberal Alliance,Radikale Venstre,65,18,9.0,0.5,andet
Liberal Alliance,Sambandsflokkurin,65,1,1.0,1.0,andet
Liberal Alliance,Socialdemokratiet,65,174,56.0,0.3218390804597701,andet
Liberal Alliance,Socialistisk Folkeparti,65,26,8.0,0.3076923076923077,andet
Liberal Alliance,Uden for folketingsgrupperne,65,25,18.0,0.72,andet
Liberal Alliance,Venstre,65,68,68.0,1.0,andet
Moderaterne,Danmarksdemokraterne,65,2,2.0,1.0,andet
Moderaterne,Dansk Folkeparti,65,8,8.0,1.0,andet
Moderaterne,Det Konservative Folkeparti,65,2,2.0,1.0,andet
Moderaterne,Enhedslisten,65,4,2.0,0.5,andet
Moderaterne,Kristendemokraterne,65,1,0.0,0.0,andet
Moderaterne,Liberal Alliance,65,1,1.0,1.0,andet
Moderaterne,Radikale Venstre,65,4,1.0,0.25,andet
Moderaterne,Sambandsflokkurin,65,1,1.0,1.0,andet
Moderaterne,Socialdemokratiet,65,30,15.0,0.5,andet
Moderaterne,Socialistisk Folkeparti,65,6,3.0,0.5,andet
Moderaterne,Uden for folketingsgrupperne,65,5,5.0,1.0,andet
Moderaterne,Venstre,65,14,14.0,1.0,andet
Radikale Venstre,Danmarksdemokraterne,65,15,7.0,0.4666666666666667,andet
Radikale Venstre,Dansk Folkeparti,65,75,30.0,0.4,andet
Radikale Venstre,Det Konservative Folkeparti,65,9,6.0,0.6666666666666666,andet
Radikale Venstre,Enhedslisten,65,15,9.0,0.6,andet
Radikale Venstre,Kristendemokraterne,65,3,3.0,1.0,andet
Radikale Venstre,Radikale Venstre,65,14,14.0,1.0,andet
Radikale Venstre,Socialdemokratiet,65,217,165.0,0.7603686635944701,andet
Radikale Venstre,Socialistisk Folkeparti,65,36,26.0,0.7222222222222222,andet
Radikale Venstre,Uden for folketingsgrupperne,65,36,21.0,0.5833333333333334,andet
Radikale Venstre,Venstre,65,117,49.0,0.4188034188034188,andet
Sambandsflokkurin,Danmarksdemokraterne,65,1,1.0,1.0,andet
Sambandsflokkurin,Dansk Folkeparti,65,7,7.0,1.0,andet
Sambandsflokkurin,Enhedslisten,65,2,1.0,0.5,andet
Sambandsflokkurin,Kristendemokraterne,65,1,0.0,0.0,andet
Sambandsflokkurin,Radikale Venstre,65,5,2.0,0.4,andet
Sambandsflokkurin,Socialdemokratiet,65,25,11.0,0.44,andet
Sambandsflokkurin,Socialistisk Folkeparti,65,3,1.0,0.3333333333333333,andet
Sambandsflokkurin,Uden for folketingsgrupperne,65,5,5.0,1.0,andet
Sambandsflokkurin,Venstre,65,13,13.0,1.0,andet
Socialdemokratiet,Danmarksdemokraterne,65,166,63.0,0.3795180722891566,andet
Socialdemokratiet,Dansk Folkeparti,65,1043,263.0,0.2521572387344199,andet
Socialdemokratiet,Det Konservative Folkeparti,65,218,105.0,0.481651376146789,andet
Socialdemokratiet,Enhedslisten,65,144,99.0,0.6875,andet
Socialdemokratiet,Inuit Ataqatigiit,65,25,14.0,0.56,andet
Socialdemokratiet,Kristendemokraterne,65,99,32.0,0.3232323232323232,andet
Socialdemokratiet,Liberal Alliance,65,82,26.0,0.3170731707317073,andet
Socialdemokratiet,Moderaterne,65,14,8.0,0.5714285714285714,andet
Socialdemokratiet,Radikale Venstre,65,284,225.0,0.7922535211267606,andet
Socialdemokratiet,Sambandsflokkurin,65,15,8.0,0.5333333333333333,andet
Socialdemokratiet,Socialdemokratiet,65,3032,2776.0,0.9155672823218998,andet
Socialdemokratiet,Socialistisk Folkeparti,65,552,333.0,0.6032608695652174,andet
Socialdemokratiet,Uden for folketingsgrupperne,65,538,173.0,0.3215613382899628,andet
Socialdemokratiet,Venstre,65,1932,573.0,0.296583850931677,andet
Socialistisk Folkeparti,Danmarksdemokraterne,65,49,6.0,0.1224489795918367,andet
Socialistisk Folkeparti,Dansk Folkeparti,65,191,28.0,0.1465968586387434,andet
Socialistisk Folkeparti,Det Konservative Folkeparti,65,83,11.0,0.1325301204819277,andet
Socialistisk Folkeparti,Enhedslisten,65,33,33.0,1.0,andet
Socialistisk Folkeparti,Inuit Ataqatigiit,65,11,11.0,1.0,andet
Socialistisk Folkeparti,Kristendemokraterne,65,17,3.0,0.1764705882352941,andet
Socialistisk Folkeparti,Liberal Alliance,65,24,4.0,0.1666666666666666,andet
Socialistisk Folkeparti,Moderaterne,65,4,3.0,0.75,andet
Socialistisk Folkeparti,Radikale Venstre,65,67,39.0,0.582089552238806,andet
Socialistisk Folkeparti,Sambandsflokkurin,65,4,2.0,0.5,andet
Socialistisk Folkeparti,Socialdemokratiet,65,708,412.0,0.5819209039548022,andet
Socialistisk Folkeparti,Socialistisk Folkeparti,65,99,99.0,1.0,andet
Socialistisk Folkeparti,Uden for folketingsgrupperne,65,121,44.0,0.3636363636363636,andet
Socialistisk Folkeparti,Venstre,65,398,73.0,0.1834170854271356,andet
Uden for folketingsgrupperne,Danmarksdemokraterne,65,19,17.0,0.8947368421052632,andet
Uden for folketingsgrupperne,Dansk Folkeparti,65,182,162.0,0.8901098901098901,andet
Uden for folketingsgrupperne,Det Konservative Folkeparti,65,37,37.0,1.0,andet
Uden for folketingsgrupperne,Enhedslisten,65,24,10.0,0.4166666666666667,andet
Uden for folketingsgrupperne,Inuit Ataqatigiit,65,5,0.0,0.0,andet
Uden for folketingsgrupperne,Kristendemokraterne,65,17,10.0,0.5882352941176471,andet
Uden for folketingsgrupperne,Liberal Alliance,65,19,19.0,1.0,andet
Uden for folketingsgrupperne,Moderaterne,65,4,4.0,1.0,andet
Uden for folketingsgrupperne,Radikale Venstre,65,42,16.0,0.3809523809523809,andet
Uden for folketingsgrupperne,Sambandsflokkurin,65,3,3.0,1.0,andet
Uden for folketingsgrupperne,Socialdemokratiet,65,534,168.0,0.3146067415730337,andet
Uden for folketingsgrupperne,Socialistisk Folkeparti,65,90,21.0,0.2333333333333333,andet
Uden for folketingsgrupperne,Uden for folketingsgrupperne,65,70,51.0,0.7285714285714285,andet
Uden for folketingsgrupperne,Venstre,65,318,283.0,0.889937106918239,andet
Venstre,Danmarksdemokraterne,65,178,178.0,1.0,andet
Venstre,Dansk Folkeparti,65,809,746.0,0.9221260815822002,andet
Venstre,Det Konservative Folkeparti,65,340,340.0,1.0,andet
Venstre,Enhedslisten,65,121,43.0,0.3553719008264462,andet
Venstre,Inuit Ataqatigiit,65,38,0.0,0.0,andet
Venstre,Kristendemokraterne,65,104,68.0,0.6538461538461539,andet
Venstre,Liberal Alliance,65,126,126.0,1.0,andet
Venstre,Moderaterne,65,27,27.0,1.0,andet
Venstre,Radikale Venstre,65,272,138.0,0.5073529411764706,andet
Venstre,Sambandsflokkurin,65,19,19.0,1.0,andet
Venstre,Socialdemokratiet,65,2960,1083.0,0.3658783783783784,andet
Venstre,Socialistisk Folkeparti,65,575,143.0,0.248695652173913,andet
Venstre,Uden for folketingsgrupperne,65,508,428.0,0.84251968503937,andet
Venstre,Venstre,65,1790,1790.0,1.0,andet
Alternativet,Radikale Venstre,70,56,38.0,0.6785714285714286,andet
Alternativet,Venstre,70,116,64.0,0.5517241379310345,andet
Danmarksdemokraterne,Alternativet,70,705,337.0,0.4780141843971631,andet
Danmarksdemokraterne,Danmarksdemokraterne,70,2813,2642.0,0.9392108069676502,andet
Danmarksdemokraterne,Dansk Folkeparti,70,2010,1906.0,0.9482587064676616,andet
Danmarksdemokraterne,Det Konservative Folkeparti,70,589,412.0,0.6994906621392191,andet
Danmarksdemokraterne,Enhedslisten,70,3267,1395.0,0.4269972451790633,andet
Danmarksdemokraterne,Liberal Alliance,70,1046,732.0,0.6998087954110899,andet
Danmarksdemokraterne,Moderaterne,70,16,10.0,0.625,andet
Danmarksdemokraterne,Radikale Venstre,70,3492,1733.0,0.4962772050400916,andet
Danmarksdemokraterne,Sambandsflokkurin,70,2,2.0,1.0,andet
Danmarksdemokraterne,Socialdemokratiet,70,15167,8944.0,0.589701325245599,andet
Danmarksdemokraterne,Socialistisk Folkeparti,70,1652,738.0,0.4467312348668281,andet
Danmarksdemokraterne,Uden for folketingsgrupperne,70,2860,2527.0,0.8835664335664336,andet
Danmarksdemokraterne,Venstre,70,12229,8821.0,0.7213181781012348,andet
Dansk Folkeparti,Alternativet,70,303,149.0,0.4917491749174917,andet
Dansk Folkeparti,Danmarksdemokraterne,70,846,830.0,0.9810874704491724,andet
Dansk Folkeparti,Dansk Folkeparti,70,445,436.0,0.9797752808988764,andet
Dansk Folkeparti,Det Konservative Folkeparti,70,109,83.0,0.7614678899082569,andet
Dansk Folkeparti,Enhedslisten,70,1578,688.0,0.4359949302915082,andet
Dansk Folkeparti,Liberal Alliance,70,420,281.0,0.669047619047619,andet
Dansk Folkeparti,Moderaterne,70,1,1.0,1.0,andet
Dansk Folkeparti,Radikale Venstre,70,1090,488.0,0.4477064220183486,andet
Dansk Folkeparti,Socialdemokratiet,70,4651,2527.0,0.5433240163405719,andet
Dansk Folkeparti,Socialistisk Folkeparti,70,214,83.0,0.3878504672897196,andet
Dansk Folkeparti,Uden for folketingsgrupperne,70,418,350.0,0.8373205741626795,andet
Dansk Folkeparti,Venstre,70,3747,2536.0,0.6768081131571925,andet
Det Konservative Folkeparti,Alternativet,70,35,14.0,0.4,andet
Det Konservative Folkeparti,Danmarksdemokraterne,70,113,74.0,0.6548672566371682,andet
Det Konservative Folkeparti,Dansk Folkeparti,70,220,153.0,0.6954545454545454,andet
Det Konservative Folkeparti,Det Konservative Folkeparti,70,35,35.0,1.0,andet
Det Konservative Folkeparti,Enhedslisten,70,297,127.0,0.4276094276094276,andet
Det Konservative Folkeparti,Liberal Alliance,70,92,69.0,0.75,andet
Det Konservative Folkeparti,Radikale Venstre,70,232,141.0,0.6077586206896551,andet
Det Konservative Folkeparti,Socialdemokratiet,70,703,519.0,0.7382645803698435,andet
Det Konservative Folkeparti,Socialistisk Folkeparti,70,1,0.0,0.0,andet
Det Konservative Folkeparti,Uden for folketingsgrupperne,70,115,88.0,0.7652173913043478,andet
Det Konservative Folkeparti,Venstre,70,499,440.0,0.8817635270541082,andet
Enhedslisten,Alternativet,70,481,422.0,0.8773388773388774,andet
Enhedslisten,Danmarksdemokraterne,70,1376,609.0,0.4425872093023256,andet
Enhedslisten,Dansk Folkeparti,70,609,268.0,0.4400656814449918,andet
Enhedslisten,Det Konservative Folkeparti,70,160,61.0,0.38125,andet
Enhedslisten,Enhedslisten,70,1315,1311.0,0.996958174904943,andet
Enhedslisten,Liberal Alliance,70,271,109.0,0.4022140221402214,andet
Enhedslisten,Moderaterne,70,4,0.0,0.0,andet
Enhedslisten,Radikale Venstre,70,1389,1136.0,0.8178545716342692,andet
Enhedslisten,Socialdemokratiet,70,5998,4046.0,0.6745581860620207,andet
Enhedslisten,Socialistisk Folkeparti,70,483,414.0,0.8571428571428571,andet
Enhedslisten,Uden for folketingsgrupperne,70,785,362.0,0.4611464968152866,andet
Enhedslisten,Venstre,70,5352,2550.0,0.476457399103139,andet
Liberal Alliance,Alternativet,70,138,60.0,0.4347826086956521,andet
Liberal Alliance,Danmarksdemokraterne,70,190,134.0,0.7052631578947368,andet
Liberal Alliance,Dansk Folkeparti,70,160,115.0,0.71875,andet
Liberal Alliance,Det Konservative Folkeparti,70,45,35.0,0.7777777777777778,andet
Liberal Alliance,Enhedslisten,70,595,246.0,0.4134453781512605,andet
Liberal Alliance,Radikale Venstre,70,408,232.0,0.5686274509803921,andet
Liberal Alliance,Socialdemokratiet,70,1346,880.0,0.6537890044576523,andet
Liberal Alliance,Socialistisk Folkeparti,70,8,4.0,0.5,andet
Liberal Alliance,Uden for folketingsgrupperne,70,21,13.0,0.6190476190476191,andet
Liberal Alliance,Venstre,70,1036,809.0,0.7808880308880309,andet
Moderaterne,Danmarksdemokraterne,70,4,2.0,0.5,andet
Moderaterne,Dansk Folkeparti,70,7,3.0,0.4285714285714285,andet
Moderaterne,Enhedslisten,70,5,0.0,0.0,andet
Moderaterne,Liberal Alliance,70,4,3.0,0.75,andet
Moderaterne,Radikale Venstre,70,11,0.0,0.0,andet
Moderaterne,Socialdemokratiet,70,28,0.0,0.0,andet
Moderaterne,Socialistisk Folkeparti,70,4,0.0,0.0,andet
Moderaterne,Uden for folketingsgrupperne,70,7,3.0,0.4285714285714285,andet
Moderaterne,Venstre,70,35,35.0,1.0,andet
Radikale Venstre,Alternativet,70,409,314.0,0.7677261613691931,andet
Radikale Venstre,Danmarksdemokraterne,70,905,383.0,0.4232044198895027,andet
Radikale Venstre,Dansk Folkeparti,70,923,416.0,0.4507042253521127,andet
Radikale Venstre,Det Konservative Folkeparti,70,218,129.0,0.591743119266055,andet
Radikale Venstre,Enhedslisten,70,1731,1471.0,0.8497978047371462,andet
Radikale Venstre,Liberal Alliance,70,414,235.0,0.5676328502415459,andet
Radikale Venstre,Radikale Venstre,70,1070,1063.0,0.9934579439252336,andet
Radikale Venstre,Sambandsflokkurin,70,1,1.0,1.0,andet
Radikale Venstre,Socialdemokratiet,70,5495,4520.0,0.8225659690627843,andet
Radikale Venstre,Socialistisk Folkeparti,70,223,203.0,0.9103139013452914,andet
Radikale Venstre,Uden for folketingsgrupperne,70,712,331.0,0.4648876404494382,andet
Radikale Venstre,Venstre,70,4175,2515.0,0.6023952095808384,andet
Sambandsflokkurin,Danmarksdemokraterne,70,3,3.0,1.0,andet
Sambandsflokkurin,Dansk Folkeparti,70,1,1.0,1.0,andet
Sambandsflokkurin,Enhedslisten,70,3,3.0,1.0,andet
Sambandsflokkurin,Liberal Alliance,70,1,1.0,1.0,andet
Sambandsflokkurin,Radikale Venstre,70,2,2.0,1.0,andet
Sambandsflokkurin,Socialdemokratiet,70,12,12.0,1.0,andet
Sambandsflokkurin,Socialistisk Folkeparti,70,2,2.0,1.0,andet
Sambandsflokkurin,Uden for folketingsgrupperne,70,2,2.0,1.0,andet
Sambandsflokkurin,Venstre,70,13,13.0,1.0,andet
Socialdemokratiet,Alternativet,70,2568,1622.0,0.631619937694704,andet
Socialdemokratiet,Danmarksdemokraterne,70,7995,4662.0,0.5831144465290806,andet
Socialdemokratiet,Dansk Folkeparti,70,5631,3142.0,0.55798259634168,andet
Socialdemokratiet,Det Konservative Folkeparti,70,1486,1069.0,0.7193808882907133,andet
Socialdemokratiet,Enhedslisten,70,10333,7368.0,0.7130552598470918,andet
Socialdemokratiet,Liberal Alliance,70,3019,1924.0,0.6372971182510765,andet
Socialdemokratiet,Moderaterne,70,37,0.0,0.0,andet
Socialdemokratiet,Radikale Venstre,70,9658,7867.0,0.8145578794781528,andet
Socialdemokratiet,Sambandsflokkurin,70,3,3.0,1.0,andet
Socialdemokratiet,Socialdemokratiet,70,38215,38119.0,0.997487897422478,andet
Socialdemokratiet,Socialistisk Folkeparti,70,3544,2953.0,0.8332392776523702,andet
Socialdemokratiet,Uden for folketingsgrupperne,70,6492,3525.0,0.5429759704251387,andet
Socialdemokratiet,Venstre,70,32874,23957.0,0.7287522053902781,andet
Socialistisk Folkeparti,Alternativet,70,222,172.0,0.7747747747747747,andet
Socialistisk Folkeparti,Danmarksdemokraterne,70,279,142.0,0.5089605734767025,andet
Socialistisk Folkeparti,Dansk Folkeparti,70,670,292.0,0.435820895522388,andet
Socialistisk Folkeparti,Det Konservative Folkeparti,70,150,79.0,0.5266666666666666,andet
Socialistisk Folkeparti,Enhedslisten,70,911,815.0,0.8946212952799122,andet
Socialistisk Folkeparti,Liberal Alliance,70,335,175.0,0.5223880597014925,andet
Socialistisk Folkeparti,Moderaterne,70,7,0.0,0.0,andet
Socialistisk Folkeparti,Radikale Venstre,70,1090,990.0,0.908256880733945,andet
Socialistisk Folkeparti,Socialdemokratiet,70,3171,2621.0,0.8265531378114159,andet
Socialistisk Folkeparti,Socialistisk Folkeparti,70,169,169.0,1.0,andet
Socialistisk Folkeparti,Uden for folketingsgrupperne,70,863,373.0,0.4322132097334878,andet
Socialistisk Folkeparti,Venstre,70,2818,1594.0,0.5656493967352733,andet
Uden for folketingsgrupperne,Alternativet,70,396,198.0,0.5,andet
Uden for folketingsgrupperne,Danmarksdemokraterne,70,521,455.0,0.8733205374280231,andet
Uden for folketingsgrupperne,Dansk Folkeparti,70,1074,1006.0,0.936685288640596,andet
Uden for folketingsgrupperne,Det Konservative Folkeparti,70,205,151.0,0.7365853658536585,andet
Uden for folketingsgrupperne,Enhedslisten,70,1618,696.0,0.4301606922126081,andet
Uden for folketingsgrupperne,Liberal Alliance,70,623,415.0,0.666131621187801,andet
Uden for folketingsgrupperne,Moderaterne,70,7,2.0,0.2857142857142857,andet
Uden for folketingsgrupperne,Radikale Venstre,70,1533,754.0,0.4918460534898891,andet
Uden for folketingsgrupperne,Socialdemokratiet,70,5433,3108.0,0.5720596355604638,andet
Uden for folketingsgrupperne,Socialistisk Folkeparti,70,173,91.0,0.5260115606936416,andet
Uden for folketingsgrupperne,Uden for folketingsgrupperne,70,616,510.0,0.827922077922078,andet
Uden for folketingsgrupperne,Venstre,70,3892,2589.0,0.6652106885919835,andet
Venstre,Alternativet,70,2137,1044.0,0.4885353299017314,andet
Venstre,Danmarksdemokraterne,70,7683,5523.0,0.718859820382663,andet
Venstre,Dansk Folkeparti,70,5227,3793.0,0.7256552515783432,andet
Venstre,Det Konservative Folkeparti,70,1426,1255.0,0.8800841514726507,andet
Venstre,Enhedslisten,70,8795,4019.0,0.4569641841955656,andet
Venstre,Liberal Alliance,70,2783,2150.0,0.7725476104922745,andet
Venstre,Moderaterne,70,21,21.0,1.0,andet
Venstre,Radikale Venstre,70,9028,5671.0,0.6281568453699601,andet
Venstre,Sambandsflokkurin,70,3,3.0,1.0,andet
Venstre,Socialdemokratiet,70,37219,27676.0,0.7435986995889197,andet
Venstre,Socialistisk Folkeparti,70,3064,1725.0,0.5629895561357703,andet
Venstre,Uden for folketingsgrupperne,70,6381,4532.0,0.7102335057201066,andet
Venstre,Venstre,70,28781,28714.0,0.997672075327473,andet
Alternativet,Enhedslisten,71,144,127.0,0.8819444444444444,andet
Alternativet,Radikale Venstre,71,97,76.0,0.7835051546391752,andet
Alternativet,Socialdemokratiet,71,98,62.0,0.6326530612244898,andet
Alternativet,Venstre,71,88,55.0,0.625,andet
Danmarksdemokraterne,Alternativet,71,758,313.0,0.4129287598944591,andet
Danmarksdemokraterne,Danmarksdemokraterne,71,6136,5859.0,0.9548565840938722,andet
Danmarksdemokraterne,Dansk Folkeparti,71,2484,1703.0,0.6855877616747182,andet
Danmarksdemokraterne,Det Konservative Folkeparti,71,4755,3831.0,0.8056782334384858,andet
Danmarksdemokraterne,Enhedslisten,71,8580,3999.0,0.4660839160839161,andet
Danmarksdemokraterne,Liberal Alliance,71,1187,818.0,0.6891322662173547,andet
Danmarksdemokraterne,Moderaterne,71,185,134.0,0.7243243243243244,andet
Danmarksdemokraterne,Radikale Venstre,71,3400,1962.0,0.5770588235294117,andet
Danmarksdemokraterne,Socialdemokratiet,71,23705,15331.0,0.6467411938409618,andet
Danmarksdemokraterne,Socialistisk Folkeparti,71,2796,1568.0,0.5608011444921316,andet
Danmarksdemokraterne,Venstre,71,14876,9621.0,0.6467464372143049,andet
Dansk Folkeparti,Alternativet,71,202,97.0,0.4801980198019802,andet
Dansk Folkeparti,Danmarksdemokraterne,71,1919,1335.0,0.6956748306409588,andet
Dansk Folkeparti,Dansk Folkeparti,71,415,413.0,0.9951807228915662,andet
Dansk Folkeparti,Det Konservative Folkeparti,71,1073,720.0,0.6710158434296365,andet
Dansk Folkeparti,Enhedslisten,71,2413,1186.0,0.4915043514297555,andet
Dansk Folkeparti,Liberal Alliance,71,358,250.0,0.6983240223463687,andet
Dansk Folkeparti,Moderaterne,71,75,52.0,0.6933333333333334,andet
Dansk Folkeparti,Radikale Venstre,71,867,471.0,0.5432525951557093,andet
Dansk Folkeparti,Socialdemokratiet,71,6548,3796.0,0.5797189981673794,andet
Dansk Folkeparti,Socialistisk Folkeparti,71,754,432.0,0.5729442970822282,andet
Dansk Folkeparti,Venstre,71,4815,2784.0,0.5781931464174455,andet
Det Konservative Folkeparti,Alternativet,71,368,179.0,0.4864130434782608,andet
Det Konservative Folkeparti,Danmarksdemokraterne,71,2483,2094.0,0.8433346757954088,andet
Det Konservative Folkeparti,Dansk Folkeparti,71,1186,806.0,0.6795952782462057,andet
Det Konservative Folkeparti,Det Konservative Folkeparti,71,1373,1368.0,0.9963583394027676,andet
Det Konservative Folkeparti,Enhedslisten,71,4028,2103.0,0.5220953326713009,andet
Det Konservative Folkeparti,Liberal Alliance,71,614,504.0,0.8208469055374593,andet
Det Konservative Folkeparti,Moderaterne,71,88,66.0,0.75,andet
Det Konservative Folkeparti,Radikale Venstre,71,1260,831.0,0.6595238095238095,andet
Det Konservative Folkeparti,Socialdemokratiet,71,9447,6639.0,0.7027627818355033,andet
Det Konservative Folkeparti,Socialistisk Folkeparti,71,806,475.0,0.5893300248138957,andet
Det Konservative Folkeparti,Venstre,71,7064,4966.0,0.7030011325028312,andet
Enhedslisten,Alternativet,71,381,335.0,0.8792650918635171,andet
Enhedslisten,Danmarksdemokraterne,71,1809,791.0,0.4372581536760641,andet
Enhedslisten,Dansk Folkeparti,71,794,471.0,0.593198992443325,andet
Enhedslisten,Det Konservative Folkeparti,71,1192,670.0,0.5620805369127517,andet
Enhedslisten,Enhedslisten,71,3000,2982.0,0.994,andet
Enhedslisten,Liberal Alliance,71,233,142.0,0.6094420600858369,andet
Enhedslisten,Moderaterne,71,1,0.0,0.0,andet
Enhedslisten,Radikale Venstre,71,1769,1262.0,0.7133973996608253,andet
Enhedslisten,Socialdemokratiet,71,6563,3829.0,0.5834222154502514,andet
Enhedslisten,Socialistisk Folkeparti,71,603,516.0,0.8557213930348259,andet
Enhedslisten,Venstre,71,4669,2738.0,0.5864210751766974,andet
Liberal Alliance,Alternativet,71,167,93.0,0.5568862275449101,andet
Liberal Alliance,Danmarksdemokraterne,71,2178,1585.0,0.7277318640955005,andet
Liberal Alliance,Dansk Folkeparti,71,683,464.0,0.6793557833089312,andet
Liberal Alliance,Det Konservative Folkeparti,71,1064,815.0,0.7659774436090225,andet
Liberal Alliance,Enhedslisten,71,2219,1266.0,0.5705272645335737,andet
Liberal Alliance,Liberal Alliance,71,214,212.0,0.9906542056074766,andet
Liberal Alliance,Moderaterne,71,85,67.0,0.788235294117647,andet
Liberal Alliance,Radikale Venstre,71,785,565.0,0.7197452229299363,andet
Liberal Alliance,Socialdemokratiet,71,6249,4691.0,0.7506801088174108,andet
Liberal Alliance,Socialistisk Folkeparti,71,740,470.0,0.6351351351351351,andet
Liberal Alliance,Venstre,71,4664,3492.0,0.7487135506003431,andet
Moderaterne,Alternativet,71,50,36.0,0.72,andet
Moderaterne,Danmarksdemokraterne,71,559,369.0,0.6601073345259392,andet
Moderaterne,Dansk Folkeparti,71,150,83.0,0.5533333333333333,andet
Moderaterne,Det Konservative Folkeparti,71,272,166.0,0.6102941176470589,andet
Moderaterne,Enhedslisten,71,531,276.0,0.519774011299435,andet
Moderaterne,Liberal Alliance,71,71,57.0,0.8028169014084507,andet
Moderaterne,Moderaterne,71,2,2.0,1.0,andet
Moderaterne,Radikale Venstre,71,237,185.0,0.7805907172995781,andet
Moderaterne,Socialdemokratiet,71,1740,1740.0,1.0,andet
Moderaterne,Socialistisk Folkeparti,71,216,144.0,0.6666666666666666,andet
Moderaterne,Venstre,71,1017,1016.0,0.9990167158308751,andet
Radikale Venstre,Alternativet,71,123,94.0,0.7642276422764228,andet
Radikale Venstre,Danmarksdemokraterne,71,827,467.0,0.5646916565900847,andet
Radikale Venstre,Dansk Folkeparti,71,476,261.0,0.5483193277310925,andet
Radikale Venstre,Det Konservative Folkeparti,71,880,573.0,0.6511363636363636,andet
Radikale Venstre,Enhedslisten,71,1318,911.0,0.6911987860394537,andet
Radikale Venstre,Liberal Alliance,71,213,146.0,0.6854460093896714,andet
Radikale Venstre,Radikale Venstre,71,320,320.0,1.0,andet
Radikale Venstre,Socialdemokratiet,71,3280,2542.0,0.775,andet
Radikale Venstre,Socialistisk Folkeparti,71,59,38.0,0.6440677966101694,andet
Radikale Venstre,Venstre,71,2167,1660.0,0.7660359944623903,andet
Socialdemokratiet,Alternativet,71,2243,1420.0,0.6330806954971021,andet
Socialdemokratiet,Danmarksdemokraterne,71,23569,15179.0,0.6440239297382154,andet
Socialdemokratiet,Dansk Folkeparti,71,8249,4695.0,0.5691598981694751,andet
Socialdemokratiet,Det Konservative Folkeparti,71,14677,10006.0,0.6817469510117872,andet
Socialdemokratiet,Enhedslisten,71,27775,16174.0,0.5823222322232223,andet
Socialdemokratiet,Liberal Alliance,71,4700,3491.0,0.7427659574468085,andet
Socialdemokratiet,Moderaterne,71,702,702.0,1.0,andet
Socialdemokratiet,Radikale Venstre,71,10785,8409.0,0.7796940194714882,andet
Socialdemokratiet,Socialdemokratiet,71,75193,75193.0,1.0,andet
Socialdemokratiet,Socialistisk Folkeparti,71,10162,6985.0,0.6873646919897658,andet
Socialdemokratiet,Venstre,71,53781,53652.0,0.9976013833881854,andet
Socialistisk Folkeparti,Alternativet,71,359,298.0,0.83008356545961,andet
Socialistisk Folkeparti,Danmarksdemokraterne,71,4639,2452.0,0.5285621901271825,andet
Socialistisk Folkeparti,Dansk Folkeparti,71,1548,883.0,0.5704134366925064,andet
Socialistisk Folkeparti,Det Konservative Folkeparti,71,2851,1710.0,0.5997895475271835,andet
Socialistisk Folkeparti,Enhedslisten,71,4854,4131.0,0.8510506798516687,andet
Socialistisk Folkeparti,Liberal Alliance,71,964,619.0,0.6421161825726142,andet
Socialistisk Folkeparti,Moderaterne,71,176,127.0,0.7215909090909091,andet
Socialistisk Folkeparti,Radikale Venstre,71,2132,1673.0,0.7847091932457786,andet
Socialistisk Folkeparti,Socialdemokratiet,71,14714,10256.0,0.6970232431697703,andet
Socialistisk Folkeparti,Socialistisk Folkeparti,71,1592,1587.0,0.996859296482412,andet
Socialistisk Folkeparti,Venstre,71,10641,7383.0,0.6938257682548633,andet
Venstre,Alternativet,71,1538,984.0,0.6397919375812744,andet
Venstre,Danmarksdemokraterne,71,16736,10851.0,0.6483628107074569,andet
Venstre,Dansk Folkeparti,71,5094,2919.0,0.5730270906949352,andet
Venstre,Det Konservative Folkeparti,71,9218,6258.0,0.6788891299631157,andet
Venstre,Enhedslisten,71,18249,10441.0,0.5721409392295468,andet
Venstre,Liberal Alliance,71,2529,1852.0,0.7323052589956505,andet
Venstre,Moderaterne,71,742,739.0,0.995956873315364,andet
Venstre,Radikale Venstre,71,7301,5641.0,0.7726338857690728,andet
Venstre,Socialdemokratiet,71,52236,51693.0,0.9896048702044566,andet
Venstre,Socialistisk Folkeparti,71,6211,4242.0,0.6829818064723877,andet
Venstre,Venstre,71,33911,33475.0,0.9871428150157766,andet
Danmarksdemokraterne,Danmarksdemokraterne,68,651,648.0,0.9953917050691244,transport
Danmarksdemokraterne,Dansk Folkeparti,68,1024,1022.0,0.998046875,transport
Danmarksdemokraterne,Det Konservative Folkeparti,68,1091,714.0,0.6544454628780935,transport
Danmarksdemokraterne,Enhedslisten,68,2024,906.0,0.4476284584980237,transport
Danmarksdemokraterne,Inuit Ataqatigiit,68,3,0.0,0.0,transport
Danmarksdemokraterne,Liberal Alliance,68,1110,644.0,0.5801801801801801,transport
Danmarksdemokraterne,Moderaterne,68,63,39.0,0.6190476190476191,transport
Danmarksdemokraterne,Radikale Venstre,68,2188,1052.0,0.4808043875685557,transport
Danmarksdemokraterne,Socialdemokratiet,68,2338,1102.0,0.4713430282292558,transport
Danmarksdemokraterne,Socialistisk Folkeparti,68,1241,504.0,0.4061240934730056,transport
Danmarksdemokraterne,Uden for folketingsgrupperne,68,720,667.0,0.9263888888888888,transport
Danmarksdemokraterne,Venstre,68,3409,2139.0,0.6274567321795248,transport
Dansk Folkeparti,Danmarksdemokraterne,68,788,786.0,0.9974619289340102,transport
Dansk Folkeparti,Dansk Folkeparti,68,792,792.0,1.0,transport
Dansk Folkeparti,Det Konservative Folkeparti,68,1126,732.0,0.650088809946714,transport
Dansk Folkeparti,Enhedslisten,68,2175,969.0,0.4455172413793103,transport
Dansk Folkeparti,Inuit Ataqatigiit,68,6,0.0,0.0,transport
Dansk Folkeparti,Liberal Alliance,68,1040,602.0,0.5788461538461539,transport
Dansk Folkeparti,Moderaterne,68,52,34.0,0.6538461538461539,transport
Dansk Folkeparti,Radikale Venstre,68,1937,945.0,0.4878678368611254,transport
Dansk Folkeparti,Socialdemokratiet,68,2308,1141.0,0.494367417677643,transport
Dansk Folkeparti,Socialistisk Folkeparti,68,1346,566.0,0.4205052005943536,transport
Dansk Folkeparti,Uden for folketingsgrupperne,68,661,592.0,0.8956127080181543,transport
Dansk Folkeparti,Venstre,68,3368,2116.0,0.6282660332541568,transport
Det Konservative Folkeparti,Danmarksdemokraterne,68,505,315.0,0.6237623762376238,transport
Det Konservative Folkeparti,Dansk Folkeparti,68,611,385.0,0.630114566284779,transport
Det Konservative Folkeparti,Det Konservative Folkeparti,68,587,587.0,1.0,transport
Det Konservative Folkeparti,Enhedslisten,68,1493,691.0,0.4628265237776289,transport
Det Konservative Folkeparti,Inuit Ataqatigiit,68,2,0.0,0.0,transport
Det Konservative Folkeparti,Liberal Alliance,68,706,493.0,0.6983002832861189,transport
Det Konservative Folkeparti,Moderaterne,68,49,46.0,0.9387755102040816,transport
Det Konservative Folkeparti,Radikale Venstre,68,1228,926.0,0.754071661237785,transport
Det Konservative Folkeparti,Socialdemokratiet,68,1621,1243.0,0.7668106107341147,transport
Det Konservative Folkeparti,Socialistisk Folkeparti,68,930,610.0,0.6559139784946236,transport
Det Konservative Folkeparti,Uden for folketingsgrupperne,68,393,250.0,0.6361323155216285,transport
Det Konservative Folkeparti,Venstre,68,2187,2012.0,0.9199817101051668,transport
Enhedslisten,Danmarksdemokraterne,68,1122,535.0,0.4768270944741533,transport
Enhedslisten,Dansk Folkeparti,68,1275,575.0,0.4509803921568627,transport
Enhedslisten,Det Konservative Folkeparti,68,1508,714.0,0.473474801061008,transport
Enhedslisten,Enhedslisten,68,2602,2562.0,0.9846272098385856,transport
Enhedslisten,Inuit Ataqatigiit,68,7,7.0,1.0,transport
Enhedslisten,Liberal Alliance,68,1464,540.0,0.3688524590163934,transport
Enhedslisten,Moderaterne,68,111,45.0,0.4054054054054054,transport
Enhedslisten,Radikale Venstre,68,2693,1839.0,0.6828815447456368,transport
Enhedslisten,Socialdemokratiet,68,3333,2230.0,0.669066906690669,transport
Enhedslisten,Socialistisk Folkeparti,68,1908,1435.0,0.7520964360587002,transport
Enhedslisten,Uden for folketingsgrupperne,68,939,418.0,0.4451544195953141,transport
Enhedslisten,Venstre,68,4755,2058.0,0.432807570977918,transport
Inuit Ataqatigiit,Det Konservative Folkeparti,68,1,0.0,0.0,transport
Inuit Ataqatigiit,Enhedslisten,68,1,1.0,1.0,transport
Inuit Ataqatigiit,Radikale Venstre,68,1,0.0,0.0,transport
Inuit Ataqatigiit,Socialdemokratiet,68,2,0.0,0.0,transport
Inuit Ataqatigiit,Socialistisk Folkeparti,68,2,0.0,0.0,transport
Inuit Ataqatigiit,Uden for folketingsgrupperne,68,1,0.0,0.0,transport
Inuit Ataqatigiit,Venstre,68,2,0.0,0.0,transport
Liberal Alliance,Danmarksdemokraterne,68,294,155.0,0.5272108843537415,transport
Liberal Alliance,Dansk Folkeparti,68,484,281.0,0.5805785123966942,transport
Liberal Alliance,Det Konservative Folkeparti,68,619,422.0,0.6817447495961227,transport
Liberal Alliance,Enhedslisten,68,1174,451.0,0.3841567291311755,transport
Liberal Alliance,Inuit Ataqatigiit,68,4,0.0,0.0,transport
Liberal Alliance,Liberal Alliance,68,426,424.0,0.9953051643192488,transport
Liberal Alliance,Moderaterne,68,4,4.0,1.0,transport
Liberal Alliance,Radikale Venstre,68,788,481.0,0.6104060913705583,transport
Liberal Alliance,Socialdemokratiet,68,1269,746.0,0.5878644602048857,transport
Liberal Alliance,Socialistisk Folkeparti,68,780,432.0,0.5538461538461539,transport
Liberal Alliance,Uden for folketingsgrupperne,68,273,210.0,0.7692307692307693,transport
Liberal Alliance,Venstre,68,1517,1097.0,0.7231377719182597,transport
Moderaterne,Danmarksdemokraterne,68,80,49.0,0.6125,transport
Moderaterne,Dansk Folkeparti,68,99,62.0,0.6262626262626263,transport
Moderaterne,Det Konservative Folkeparti,68,94,88.0,0.9361702127659576,transport
Moderaterne,Enhedslisten,68,160,74.0,0.4625,transport
Moderaterne,Liberal Alliance,68,109,88.0,0.8073394495412844,transport
Moderaterne,Moderaterne,68,1,1.0,1.0,transport
Moderaterne,Radikale Venstre,68,204,138.0,0.6764705882352942,transport
Moderaterne,Socialdemokratiet,68,199,138.0,0.6934673366834171,transport
Moderaterne,Socialistisk Folkeparti,68,87,46.0,0.5287356321839081,transport
Moderaterne,Uden for folketingsgrupperne,68,68,46.0,0.6764705882352942,transport
Moderaterne,Venstre,68,280,280.0,1.0,transport
Radikale Venstre,Danmarksdemokraterne,68,661,331.0,0.5007564296520424,transport
Radikale Venstre,Dansk Folkeparti,68,1143,573.0,0.5013123359580053,transport
Radikale Venstre,Det Konservative Folkeparti,68,1467,1063.0,0.7246080436264485,transport
Radikale Venstre,Enhedslisten,68,2621,1894.0,0.7226249523082793,transport
Radikale Venstre,Inuit Ataqatigiit,68,6,0.0,0.0,transport
Radikale Venstre,Liberal Alliance,68,1591,969.0,0.6090509113764928,transport
Radikale Venstre,Moderaterne,68,20,14.0,0.7,transport
Radikale Venstre,Radikale Venstre,68,2093,2093.0,1.0,transport
Radikale Venstre,Socialdemokratiet,68,3068,3068.0,1.0,transport
Radikale Venstre,Socialistisk Folkeparti,68,1674,1587.0,0.9480286738351256,transport
Radikale Venstre,Uden for folketingsgrupperne,68,769,422.0,0.5487646293888166,transport
Radikale Venstre,Venstre,68,4043,2967.0,0.733860994311155,transport
Socialdemokratiet,Danmarksdemokraterne,68,2004,926.0,0.4620758483033932,transport
Socialdemokratiet,Dansk Folkeparti,68,2415,1117.0,0.4625258799171842,transport
Socialdemokratiet,Det Konservative Folkeparti,68,2530,1889.0,0.7466403162055336,transport
Socialdemokratiet,Enhedslisten,68,4845,3340.0,0.6893704850361198,transport
Socialdemokratiet,Inuit Ataqatigiit,68,9,0.0,0.0,transport
Socialdemokratiet,Liberal Alliance,68,2328,1371.0,0.5889175257731959,transport
Socialdemokratiet,Moderaterne,68,161,107.0,0.6645962732919255,transport
Socialdemokratiet,Radikale Venstre,68,4129,4129.0,1.0,transport
Socialdemokratiet,Socialdemokratiet,68,5249,5249.0,1.0,transport
Socialdemokratiet,Socialistisk Folkeparti,68,2921,2697.0,0.923313933584389,transport
Socialdemokratiet,Uden for folketingsgrupperne,68,1377,667.0,0.4843863471314452,transport
Socialdemokratiet,Venstre,68,7573,5442.0,0.7186055724283639,transport
Socialistisk Folkeparti,Danmarksdemokraterne,68,783,373.0,0.4763729246487867,transport
Socialistisk Folkeparti,Dansk Folkeparti,68,896,404.0,0.4508928571428571,transport
Socialistisk Folkeparti,Det Konservative Folkeparti,68,998,699.0,0.7004008016032064,transport
Socialistisk Folkeparti,Enhedslisten,68,1948,1448.0,0.7433264887063655,transport
Socialistisk Folkeparti,Inuit Ataqatigiit,68,3,0.0,0.0,transport
Socialistisk Folkeparti,Liberal Alliance,68,924,534.0,0.577922077922078,transport
Socialistisk Folkeparti,Moderaterne,68,77,51.0,0.6623376623376623,transport
Socialistisk Folkeparti,Radikale Venstre,68,1764,1675.0,0.949546485260771,transport
Socialistisk Folkeparti,Socialdemokratiet,68,2293,2155.0,0.9398168338421282,transport
Socialistisk Folkeparti,Socialistisk Folkeparti,68,1014,1014.0,1.0,transport
Socialistisk Folkeparti,Uden for folketingsgrupperne,68,585,293.0,0.5008547008547009,transport
Socialistisk Folkeparti,Venstre,68,3415,2361.0,0.6913616398243045,transport
Uden for folketingsgrupperne,Danmarksdemokraterne,68,81,74.0,0.9135802469135802,transport
Uden for folketingsgrupperne,Dansk Folkeparti,68,233,233.0,1.0,transport
Uden for folketingsgrupperne,Det Konservative Folkeparti,68,392,235.0,0.5994897959183674,transport
Uden for folketingsgrupperne,Enhedslisten,68,620,278.0,0.4483870967741935,transport
Uden for folketingsgrupperne,Inuit Ataqatigiit,68,1,0.0,0.0,transport
Uden for folketingsgrupperne,Liberal Alliance,68,407,234.0,0.5749385749385749,transport
Uden for folketingsgrupperne,Moderaterne,68,1,1.0,1.0,transport
Uden for folketingsgrupperne,Radikale Venstre,68,620,284.0,0.4580645161290322,transport
Uden for folketingsgrupperne,Socialdemokratiet,68,724,364.0,0.5027624309392266,transport
Uden for folketingsgrupperne,Socialistisk Folkeparti,68,421,182.0,0.4323040380047506,transport
Uden for folketingsgrupperne,Uden for folketingsgrupperne,68,134,116.0,0.8656716417910447,transport
Uden for folketingsgrupperne,Venstre,68,856,501.0,0.5852803738317757,transport
Venstre,Danmarksdemokraterne,68,2376,1446.0,0.6085858585858586,transport
Venstre,Dansk Folkeparti,68,2941,1839.0,0.625297517851071,transport
Venstre,Det Konservative Folkeparti,68,3323,3044.0,0.9160397231417394,transport
Venstre,Enhedslisten,68,6126,2775.0,0.4529872673849167,transport
Venstre,Inuit Ataqatigiit,68,10,0.0,0.0,transport
Venstre,Liberal Alliance,68,3330,2400.0,0.7207207207207207,transport
Venstre,Moderaterne,68,188,179.0,0.952127659574468,transport
Venstre,Radikale Venstre,68,5765,4277.0,0.7418907198612316,transport
Venstre,Socialdemokratiet,68,7298,5377.0,0.7367771992326665,transport
Venstre,Socialistisk Folkeparti,68,3612,2387.0,0.6608527131782945,transport
Venstre,Uden for folketingsgrupperne,68,1984,1260.0,0.6350806451612904,transport
Venstre,Venstre,68,9415,9267.0,0.9842804036112588,transport
Danmarksdemokraterne,Danmarksdemokraterne,67,344,329.0,0.9563953488372092,transport
Danmarksdemokraterne,Dansk Folkeparti,67,1374,1331.0,0.9687045123726348,transport
Danmarksdemokraterne,Det Konservative Folkeparti,67,719,648.0,0.9012517385257302,transport
Danmarksdemokraterne,Enhedslisten,67,328,107.0,0.3262195121951219,transport
Danmarksdemokraterne,Liberal Alliance,67,103,75.0,0.7281553398058253,transport
Danmarksdemokraterne,Moderaterne,67,10,10.0,1.0,transport
Danmarksdemokraterne,Radikale Venstre,67,282,141.0,0.5,transport
Danmarksdemokraterne,Sambandsflokkurin,67,4,3.0,0.75,transport
Danmarksdemokraterne,Socialdemokratiet,67,3227,1784.0,0.5528354508831732,transport
Danmarksdemokraterne,Socialistisk Folkeparti,67,1388,682.0,0.4913544668587896,transport
Danmarksdemokraterne,Uden for folketingsgrupperne,67,275,240.0,0.8727272727272727,transport
Danmarksdemokraterne,Venstre,67,3539,3144.0,0.8883865498728455,transport
Dansk Folkeparti,Danmarksdemokraterne,67,206,206.0,1.0,transport
Dansk Folkeparti,Dansk Folkeparti,67,1239,1234.0,0.9959644874899112,transport
Dansk Folkeparti,Det Konservative Folkeparti,67,827,723.0,0.8742442563482467,transport
Dansk Folkeparti,Enhedslisten,67,327,112.0,0.3425076452599388,transport
Dansk Folkeparti,Liberal Alliance,67,174,118.0,0.6781609195402298,transport
Dansk Folkeparti,Moderaterne,67,11,11.0,1.0,transport
Dansk Folkeparti,Radikale Venstre,67,308,143.0,0.4642857142857143,transport
Dansk Folkeparti,Socialdemokratiet,67,2875,1534.0,0.5335652173913044,transport
Dansk Folkeparti,Socialistisk Folkeparti,67,1419,656.0,0.4622973925299506,transport
Dansk Folkeparti,Uden for folketingsgrupperne,67,373,301.0,0.806970509383378,transport
Dansk Folkeparti,Venstre,67,3008,2638.0,0.8769946808510638,transport
Det Konservative Folkeparti,Danmarksdemokraterne,67,288,262.0,0.9097222222222222,transport
Det Konservative Folkeparti,Dansk Folkeparti,67,1005,893.0,0.8885572139303483,transport
Det Konservative Folkeparti,Det Konservative Folkeparti,67,460,460.0,1.0,transport
Det Konservative Folkeparti,Enhedslisten,67,279,99.0,0.3548387096774194,transport
Det Konservative Folkeparti,Liberal Alliance,67,98,80.0,0.8163265306122449,transport
Det Konservative Folkeparti,Moderaterne,67,9,9.0,1.0,transport
Det Konservative Folkeparti,Radikale Venstre,67,245,153.0,0.6244897959183674,transport
Det Konservative Folkeparti,Sambandsflokkurin,67,6,6.0,1.0,transport
Det Konservative Folkeparti,Socialdemokratiet,67,2275,1443.0,0.6342857142857142,transport
Det Konservative Folkeparti,Socialistisk Folkeparti,67,1029,587.0,0.5704567541302236,transport
Det Konservative Folkeparti,Uden for folketingsgrupperne,67,232,179.0,0.771551724137931,transport
Det Konservative Folkeparti,Venstre,67,2543,2543.0,1.0,transport
Enhedslisten,Danmarksdemokraterne,67,120,30.0,0.25,transport
Enhedslisten,Dansk Folkeparti,67,509,157.0,0.3084479371316306,transport
Enhedslisten,Det Konservative Folkeparti,67,225,70.0,0.3111111111111111,transport
Enhedslisten,Enhedslisten,67,66,58.0,0.8787878787878788,transport
Enhedslisten,Liberal Alliance,67,58,25.0,0.4310344827586206,transport
Enhedslisten,Moderaterne,67,4,0.0,0.0,transport
Enhedslisten,Radikale Venstre,67,97,69.0,0.711340206185567,transport
Enhedslisten,Socialdemokratiet,67,1034,617.0,0.5967117988394585,transport
Enhedslisten,Socialistisk Folkeparti,67,536,339.0,0.6324626865671642,transport
Enhedslisten,Uden for folketingsgrupperne,67,113,42.0,0.3716814159292035,transport
Enhedslisten,Venstre,67,1131,329.0,0.290893015030946,transport
Liberal Alliance,Danmarksdemokraterne,67,79,73.0,0.9240506329113924,transport
Liberal Alliance,Dansk Folkeparti,67,120,102.0,0.85,transport
Liberal Alliance,Det Konservative Folkeparti,67,91,86.0,0.945054945054945,transport
Liberal Alliance,Enhedslisten,67,29,7.0,0.2413793103448276,transport
Liberal Alliance,Moderaterne,67,3,3.0,1.0,transport
Liberal Alliance,Radikale Venstre,67,28,18.0,0.6428571428571429,transport
Liberal Alliance,Socialdemokratiet,67,365,216.0,0.5917808219178082,transport
Liberal Alliance,Socialistisk Folkeparti,67,174,85.0,0.4885057471264368,transport
Liberal Alliance,Uden for folketingsgrupperne,67,24,17.0,0.7083333333333334,transport
Liberal Alliance,Venstre,67,425,404.0,0.9505882352941176,transport
Moderaterne,Danmarksdemokraterne,67,3,3.0,1.0,transport
Moderaterne,Dansk Folkeparti,67,14,14.0,1.0,transport
Moderaterne,Det Konservative Folkeparti,67,6,6.0,1.0,transport
Moderaterne,Enhedslisten,67,1,0.0,0.0,transport
Moderaterne,Radikale Venstre,67,1,0.0,0.0,transport
Moderaterne,Socialdemokratiet,67,36,9.0,0.25,transport
Moderaterne,Socialistisk Folkeparti,67,5,0.0,0.0,transport
Moderaterne,Uden for folketingsgrupperne,67,3,1.0,0.3333333333333333,transport
Moderaterne,Venstre,67,24,24.0,1.0,transport
Radikale Venstre,Danmarksdemokraterne,67,58,30.0,0.5172413793103449,transport
Radikale Venstre,Dansk Folkeparti,67,273,130.0,0.4761904761904761,transport
Radikale Venstre,Det Konservative Folkeparti,67,134,79.0,0.5895522388059702,transport
Radikale Venstre,Enhedslisten,67,72,48.0,0.6666666666666666,transport
Radikale Venstre,Liberal Alliance,67,30,22.0,0.7333333333333333,transport
Radikale Venstre,Radikale Venstre,67,35,35.0,1.0,transport
Radikale Venstre,Socialdemokratiet,67,505,391.0,0.7742574257425743,transport
Radikale Venstre,Socialistisk Folkeparti,67,277,207.0,0.7472924187725631,transport
Radikale Venstre,Uden for folketingsgrupperne,67,42,30.0,0.7142857142857143,transport
Radikale Venstre,Venstre,67,440,258.0,0.5863636363636363,transport
Sambandsflokkurin,Danmarksdemokraterne,67,8,6.0,0.75,transport
Sambandsflokkurin,Dansk Folkeparti,67,24,18.0,0.75,transport
Sambandsflokkurin,Det Konservative Folkeparti,67,5,5.0,1.0,transport
Sambandsflokkurin,Enhedslisten,67,12,2.0,0.1666666666666666,transport
Sambandsflokkurin,Liberal Alliance,67,4,3.0,0.75,transport
Sambandsflokkurin,Radikale Venstre,67,4,4.0,1.0,transport
Sambandsflokkurin,Socialdemokratiet,67,56,41.0,0.7321428571428571,transport
Sambandsflokkurin,Socialistisk Folkeparti,67,32,16.0,0.5,transport
Sambandsflokkurin,Uden for folketingsgrupperne,67,4,3.0,0.75,transport
Sambandsflokkurin,Venstre,67,69,69.0,1.0,transport
Socialdemokratiet,Danmarksdemokraterne,67,1408,767.0,0.5447443181818182,transport
Socialdemokratiet,Dansk Folkeparti,67,5554,2836.0,0.5106229744328412,transport
Socialdemokratiet,Det Konservative Folkeparti,67,2974,1867.0,0.6277740416946873,transport
Socialdemokratiet,Enhedslisten,67,1352,867.0,0.6412721893491125,transport
Socialdemokratiet,Liberal Alliance,67,501,292.0,0.5828343313373253,transport
Socialdemokratiet,Moderaterne,67,52,10.0,0.1923076923076923,transport
Socialdemokratiet,Radikale Venstre,67,1209,920.0,0.76095947063689,transport
Socialdemokratiet,Sambandsflokkurin,67,16,11.0,0.6875,transport
Socialdemokratiet,Socialdemokratiet,67,11664,11320.0,0.9705075445816188,transport
Socialdemokratiet,Socialistisk Folkeparti,67,5449,4791.0,0.879243897962929,transport
Socialdemokratiet,Uden for folketingsgrupperne,67,1301,715.0,0.5495772482705611,transport
Socialdemokratiet,Venstre,67,12849,7985.0,0.6214491400108958,transport
Socialistisk Folkeparti,Danmarksdemokraterne,67,579,282.0,0.4870466321243523,transport
Socialistisk Folkeparti,Dansk Folkeparti,67,2110,988.0,0.4682464454976303,transport
Socialistisk Folkeparti,Det Konservative Folkeparti,67,1188,638.0,0.5370370370370371,transport
Socialistisk Folkeparti,Enhedslisten,67,463,342.0,0.7386609071274298,transport
Socialistisk Folkeparti,Liberal Alliance,67,204,103.0,0.5049019607843137,transport
Socialistisk Folkeparti,Moderaterne,67,18,0.0,0.0,transport
Socialistisk Folkeparti,Radikale Venstre,67,446,330.0,0.7399103139013453,transport
Socialistisk Folkeparti,Socialdemokratiet,67,4733,4115.0,0.8694274244665118,transport
Socialistisk Folkeparti,Socialistisk Folkeparti,67,1916,1885.0,0.983820459290188,transport
Socialistisk Folkeparti,Uden for folketingsgrupperne,67,501,263.0,0.5249500998003992,transport
Socialistisk Folkeparti,Venstre,67,5548,3088.0,0.5565969718817592,transport
Uden for folketingsgrupperne,Danmarksdemokraterne,67,46,43.0,0.9347826086956522,transport
Uden for folketingsgrupperne,Dansk Folkeparti,67,236,236.0,1.0,transport
Uden for folketingsgrupperne,Det Konservative Folkeparti,67,155,130.0,0.8387096774193549,transport
Uden for folketingsgrupperne,Enhedslisten,67,56,21.0,0.375,transport
Uden for folketingsgrupperne,Liberal Alliance,67,23,16.0,0.6956521739130435,transport
Uden for folketingsgrupperne,Moderaterne,67,4,4.0,1.0,transport
Uden for folketingsgrupperne,Radikale Venstre,67,84,32.0,0.3809523809523809,transport
Uden for folketingsgrupperne,Socialdemokratiet,67,488,251.0,0.514344262295082,transport
Uden for folketingsgrupperne,Socialistisk Folkeparti,67,229,111.0,0.4847161572052402,transport
Uden for folketingsgrupperne,Uden for folketingsgrupperne,67,36,27.0,0.75,transport
Uden for folketingsgrupperne,Venstre,67,500,410.0,0.82,transport
Venstre,Danmarksdemokraterne,67,1886,1698.0,0.9003181336161188,transport
Venstre,Dansk Folkeparti,67,6928,5991.0,0.8647517321016166,transport
Venstre,Det Konservative Folkeparti,67,3680,3680.0,1.0,transport
Venstre,Enhedslisten,67,1656,565.0,0.341183574879227,transport
Venstre,Liberal Alliance,67,589,460.0,0.7809847198641766,transport
Venstre,Moderaterne,67,61,61.0,1.0,transport
Venstre,Radikale Venstre,67,1576,945.0,0.5996192893401016,transport
Venstre,Sambandsflokkurin,67,7,7.0,1.0,transport
Venstre,Socialdemokratiet,67,15781,10058.0,0.6373487104746214,transport
Venstre,Socialistisk Folkeparti,67,6467,3593.0,0.5555899180454615,transport
Venstre,Uden for folketingsgrupperne,67,1587,1261.0,0.794580970384373,transport
Venstre,Venstre,67,16114,16114.0,1.0,transport
Alternativet,Liberal Alliance,69,14,4.0,0.2857142857142857,transport
Alternativet,Radikale Venstre,69,4,3.0,0.75,transport
Danmarksdemokraterne,Alternativet,69,70,16.0,0.2285714285714285,transport
Danmarksdemokraterne,Danmarksdemokraterne,69,944,898.0,0.951271186440678,transport
Danmarksdemokraterne,Dansk Folkeparti,69,1731,1682.0,0.9716926632004622,transport
Danmarksdemokraterne,Det Konservative Folkeparti,69,82,75.0,0.9146341463414634,transport
Danmarksdemokraterne,Enhedslisten,69,1584,550.0,0.3472222222222222,transport
Danmarksdemokraterne,Liberal Alliance,69,1952,1704.0,0.8729508196721312,transport
Danmarksdemokraterne,Moderaterne,69,126,108.0,0.8571428571428571,transport
Danmarksdemokraterne,Radikale Venstre,69,1597,959.0,0.6005009392611146,transport
Danmarksdemokraterne,Socialdemokratiet,69,6179,4234.0,0.6852241463019906,transport
Danmarksdemokraterne,Socialistisk Folkeparti,69,1041,461.0,0.4428434197886647,transport
Danmarksdemokraterne,Uden for folketingsgrupperne,69,983,934.0,0.9501525940996948,transport
Danmarksdemokraterne,Venstre,69,5673,4994.0,0.8803102414948,transport
Dansk Folkeparti,Alternativet,69,85,24.0,0.2823529411764706,transport
Dansk Folkeparti,Danmarksdemokraterne,69,725,704.0,0.9710344827586208,transport
Dansk Folkeparti,Dansk Folkeparti,69,1184,1179.0,0.995777027027027,transport
Dansk Folkeparti,Det Konservative Folkeparti,69,67,64.0,0.9552238805970148,transport
Dansk Folkeparti,Enhedslisten,69,1400,528.0,0.3771428571428571,transport
Dansk Folkeparti,Liberal Alliance,69,1343,1112.0,0.8279970215934475,transport
Dansk Folkeparti,Moderaterne,69,71,56.0,0.7887323943661971,transport
Dansk Folkeparti,Radikale Venstre,69,1298,708.0,0.5454545454545454,transport
Dansk Folkeparti,Socialdemokratiet,69,4819,3014.0,0.6254409628553642,transport
Dansk Folkeparti,Socialistisk Folkeparti,69,580,270.0,0.4655172413793103,transport
Dansk Folkeparti,Uden for folketingsgrupperne,69,649,603.0,0.9291217257318952,transport
Dansk Folkeparti,Venstre,69,4374,3714.0,0.8491083676268861,transport
Det Konservative Folkeparti,Alternativet,69,8,3.0,0.375,transport
Det Konservative Folkeparti,Danmarksdemokraterne,69,108,94.0,0.8703703703703703,transport
Det Konservative Folkeparti,Dansk Folkeparti,69,198,171.0,0.8636363636363636,transport
Det Konservative Folkeparti,Det Konservative Folkeparti,69,18,18.0,1.0,transport
Det Konservative Folkeparti,Enhedslisten,69,177,64.0,0.3615819209039548,transport
Det Konservative Folkeparti,Liberal Alliance,69,147,135.0,0.9183673469387756,transport
Det Konservative Folkeparti,Moderaterne,69,20,20.0,1.0,transport
Det Konservative Folkeparti,Radikale Venstre,69,127,76.0,0.5984251968503937,transport
Det Konservative Folkeparti,Socialdemokratiet,69,500,370.0,0.74,transport
Det Konservative Folkeparti,Socialistisk Folkeparti,69,98,44.0,0.4489795918367347,transport
Det Konservative Folkeparti,Uden for folketingsgrupperne,69,74,66.0,0.8918918918918919,transport
Det Konservative Folkeparti,Venstre,69,569,569.0,1.0,transport
Enhedslisten,Alternativet,69,71,64.0,0.9014084507042254,transport
Enhedslisten,Danmarksdemokraterne,69,759,267.0,0.3517786561264822,transport
Enhedslisten,Dansk Folkeparti,69,1203,432.0,0.3591022443890274,transport
Enhedslisten,Det Konservative Folkeparti,69,46,20.0,0.4347826086956521,transport
Enhedslisten,Enhedslisten,69,992,992.0,1.0,transport
Enhedslisten,Liberal Alliance,69,1316,430.0,0.3267477203647416,transport
Enhedslisten,Moderaterne,69,104,29.0,0.2788461538461538,transport
Enhedslisten,Radikale Venstre,69,1088,673.0,0.6185661764705882,transport
Enhedslisten,Socialdemokratiet,69,4390,2063.0,0.4699316628701595,transport
Enhedslisten,Socialistisk Folkeparti,69,716,519.0,0.7248603351955307,transport
Enhedslisten,Uden for folketingsgrupperne,69,608,206.0,0.3388157894736842,transport
Enhedslisten,Venstre,69,4183,1429.0,0.3416208462825723,transport
Liberal Alliance,Alternativet,69,47,9.0,0.1914893617021276,transport
Liberal Alliance,Danmarksdemokraterne,69,129,114.0,0.8837209302325582,transport
Liberal Alliance,Dansk Folkeparti,69,952,780.0,0.819327731092437,transport
Liberal Alliance,Det Konservative Folkeparti,69,35,30.0,0.8571428571428571,transport
Liberal Alliance,Enhedslisten,69,855,303.0,0.3543859649122807,transport
Liberal Alliance,Liberal Alliance,69,736,736.0,1.0,transport
Liberal Alliance,Moderaterne,69,7,6.0,0.8571428571428571,transport
Liberal Alliance,Radikale Venstre,69,899,595.0,0.6618464961067854,transport
Liberal Alliance,Socialdemokratiet,69,2954,2234.0,0.7562626946513202,transport
Liberal Alliance,Socialistisk Folkeparti,69,285,117.0,0.4105263157894737,transport
Liberal Alliance,Uden for folketingsgrupperne,69,415,367.0,0.8843373493975903,transport
Liberal Alliance,Venstre,69,2381,2303.0,0.9672406551868964,transport
Moderaterne,Alternativet,69,5,1.0,0.2,transport
Moderaterne,Danmarksdemokraterne,69,54,44.0,0.8148148148148148,transport
Moderaterne,Dansk Folkeparti,69,145,117.0,0.8068965517241379,transport
Moderaterne,Det Konservative Folkeparti,69,12,12.0,1.0,transport
Moderaterne,Enhedslisten,69,95,36.0,0.3789473684210526,transport
Moderaterne,Liberal Alliance,69,163,156.0,0.9570552147239264,transport
Moderaterne,Radikale Venstre,69,130,70.0,0.5384615384615384,transport
Moderaterne,Socialdemokratiet,69,526,375.0,0.7129277566539924,transport
Moderaterne,Socialistisk Folkeparti,69,76,29.0,0.3815789473684211,transport
Moderaterne,Uden for folketingsgrupperne,69,79,65.0,0.8227848101265823,transport
Moderaterne,Venstre,69,450,450.0,1.0,transport
Radikale Venstre,Alternativet,69,69,37.0,0.5362318840579711,transport
Radikale Venstre,Danmarksdemokraterne,69,366,255.0,0.6967213114754098,transport
Radikale Venstre,Dansk Folkeparti,69,901,515.0,0.5715871254162043,transport
Radikale Venstre,Det Konservative Folkeparti,69,49,33.0,0.673469387755102,transport
Radikale Venstre,Enhedslisten,69,950,576.0,0.6063157894736843,transport
Radikale Venstre,Liberal Alliance,69,916,613.0,0.6692139737991266,transport
Radikale Venstre,Moderaterne,69,26,16.0,0.6153846153846154,transport
Radikale Venstre,Radikale Venstre,69,668,668.0,1.0,transport
Radikale Venstre,Socialdemokratiet,69,3050,2449.0,0.8029508196721311,transport
Radikale Venstre,Socialistisk Folkeparti,69,241,171.0,0.7095435684647303,transport
Radikale Venstre,Uden for folketingsgrupperne,69,339,225.0,0.6637168141592921,transport
Radikale Venstre,Venstre,69,2624,1838.0,0.7004573170731707,transport
Socialdemokratiet,Alternativet,69,279,111.0,0.3978494623655914,transport
Socialdemokratiet,Danmarksdemokraterne,69,2219,1534.0,0.6913023884632717,transport
Socialdemokratiet,Dansk Folkeparti,69,4474,2747.0,0.613991953509164,transport
Socialdemokratiet,Det Konservative Folkeparti,69,217,166.0,0.7649769585253456,transport
Socialdemokratiet,Enhedslisten,69,4182,2075.0,0.4961740793878527,transport
Socialdemokratiet,Liberal Alliance,69,4645,3490.0,0.751345532831001,transport
Socialdemokratiet,Moderaterne,69,185,136.0,0.7351351351351352,transport
Socialdemokratiet,Radikale Venstre,69,4197,3277.0,0.7807958065284727,transport
Socialdemokratiet,Socialdemokratiet,69,14690,14463.0,0.9845473110959836,transport
Socialdemokratiet,Socialistisk Folkeparti,69,1999,1271.0,0.6358179089544772,transport
Socialdemokratiet,Uden for folketingsgrupperne,69,2236,1488.0,0.6654740608228981,transport
Socialdemokratiet,Venstre,69,13825,10821.0,0.7827124773960217,transport
Socialistisk Folkeparti,Alternativet,69,49,17.0,0.3469387755102041,transport
Socialistisk Folkeparti,Danmarksdemokraterne,69,227,124.0,0.5462555066079295,transport
Socialistisk Folkeparti,Dansk Folkeparti,69,835,356.0,0.4263473053892215,transport
Socialistisk Folkeparti,Det Konservative Folkeparti,69,45,19.0,0.4222222222222222,transport
Socialistisk Folkeparti,Enhedslisten,69,605,440.0,0.7272727272727273,transport
Socialistisk Folkeparti,Liberal Alliance,69,880,419.0,0.4761363636363636,transport
Socialistisk Folkeparti,Moderaterne,69,34,17.0,0.5,transport
Socialistisk Folkeparti,Radikale Venstre,69,883,649.0,0.7349943374858438,transport
Socialistisk Folkeparti,Socialdemokratiet,69,2673,1758.0,0.6576879910213244,transport
Socialistisk Folkeparti,Socialistisk Folkeparti,69,245,245.0,1.0,transport
Socialistisk Folkeparti,Uden for folketingsgrupperne,69,531,260.0,0.4896421845574388,transport
Socialistisk Folkeparti,Venstre,69,2410,1216.0,0.5045643153526971,transport
Uden for folketingsgrupperne,Alternativet,69,46,10.0,0.217391304347826,transport
Uden for folketingsgrupperne,Danmarksdemokraterne,69,29,29.0,1.0,transport
Uden for folketingsgrupperne,Dansk Folkeparti,69,498,498.0,1.0,transport
Uden for folketingsgrupperne,Det Konservative Folkeparti,69,13,12.0,0.9230769230769232,transport
Uden for folketingsgrupperne,Enhedslisten,69,431,150.0,0.3480278422273782,transport
Uden for folketingsgrupperne,Liberal Alliance,69,502,426.0,0.848605577689243,transport
Uden for folketingsgrupperne,Radikale Venstre,69,580,311.0,0.5362068965517242,transport
Uden for folketingsgrupperne,Socialdemokratiet,69,1558,935.0,0.6001283697047497,transport
Uden for folketingsgrupperne,Socialistisk Folkeparti,69,44,18.0,0.4090909090909091,transport
Uden for folketingsgrupperne,Uden for folketingsgrupperne,69,150,138.0,0.92,transport
Uden for folketingsgrupperne,Venstre,69,1225,1058.0,0.8636734693877551,transport
Venstre,Alternativet,69,253,57.0,0.225296442687747,transport
Venstre,Danmarksdemokraterne,69,2073,1812.0,0.874095513748191,transport
Venstre,Dansk Folkeparti,69,4250,3498.0,0.8230588235294117,transport
Venstre,Det Konservative Folkeparti,69,206,206.0,1.0,transport
Venstre,Enhedslisten,69,3776,1397.0,0.3699682203389831,transport
Venstre,Liberal Alliance,69,4664,4562.0,0.978130360205832,transport
Venstre,Moderaterne,69,212,212.0,1.0,transport
Venstre,Radikale Venstre,69,4120,2822.0,0.6849514563106797,transport
Venstre,Socialdemokratiet,69,14843,11665.0,0.7858923398234858,transport
Venstre,Socialistisk Folkeparti,69,1966,969.0,0.4928789420142421,transport
Venstre,Uden for folketingsgrupperne,69,2273,1975.0,0.8688957325120985,transport
Venstre,Venstre,69,12495,12495.0,1.0,transport
Danmarksdemokraterne,Danmarksdemokraterne,66,410,391.0,0.9536585365853658,transport
Danmarksdemokraterne,Dansk Folkeparti,66,1030,998.0,0.9689320388349516,transport
Danmarksdemokraterne,Det Konservative Folkeparti,66,829,763.0,0.9203860072376358,transport
Danmarksdemokraterne,Enhedslisten,66,337,102.0,0.3026706231454006,transport
Danmarksdemokraterne,Liberal Alliance,66,156,141.0,0.903846153846154,transport
Danmarksdemokraterne,Moderaterne,66,25,25.0,1.0,transport
Danmarksdemokraterne,Radikale Venstre,66,571,317.0,0.5551663747810858,transport
Danmarksdemokraterne,Socialdemokratiet,66,2393,1476.0,0.6167989970748015,transport
Danmarksdemokraterne,Socialistisk Folkeparti,66,479,211.0,0.4405010438413361,transport
Danmarksdemokraterne,Uden for folketingsgrupperne,66,434,344.0,0.7926267281105991,transport
Danmarksdemokraterne,Venstre,66,3240,2991.0,0.9231481481481482,transport
Dansk Folkeparti,Danmarksdemokraterne,66,379,377.0,0.9947229551451188,transport
Dansk Folkeparti,Dansk Folkeparti,66,859,851.0,0.9906868451688008,transport
Dansk Folkeparti,Det Konservative Folkeparti,66,565,513.0,0.9079646017699116,transport
Dansk Folkeparti,Enhedslisten,66,336,114.0,0.3392857142857143,transport
Dansk Folkeparti,Liberal Alliance,66,128,114.0,0.890625,transport
Dansk Folkeparti,Moderaterne,66,22,22.0,1.0,transport
Dansk Folkeparti,Radikale Venstre,66,614,345.0,0.5618892508143323,transport
Dansk Folkeparti,Socialdemokratiet,66,2013,1214.0,0.6030799801291604,transport
Dansk Folkeparti,Socialistisk Folkeparti,66,588,271.0,0.4608843537414966,transport
Dansk Folkeparti,Uden for folketingsgrupperne,66,603,437.0,0.724709784411277,transport
Dansk Folkeparti,Venstre,66,2787,2498.0,0.8963042698241838,transport
Det Konservative Folkeparti,Danmarksdemokraterne,66,573,516.0,0.900523560209424,transport
Det Konservative Folkeparti,Dansk Folkeparti,66,1395,1225.0,0.8781362007168458,transport
Det Konservative Folkeparti,Det Konservative Folkeparti,66,815,815.0,1.0,transport
Det Konservative Folkeparti,Enhedslisten,66,474,155.0,0.3270042194092827,transport
Det Konservative Folkeparti,Liberal Alliance,66,207,204.0,0.9855072463768116,transport
Det Konservative Folkeparti,Moderaterne,66,32,32.0,1.0,transport
Det Konservative Folkeparti,Radikale Venstre,66,872,548.0,0.6284403669724771,transport
Det Konservative Folkeparti,Socialdemokratiet,66,3167,2089.0,0.6596147773918535,transport
Det Konservative Folkeparti,Socialistisk Folkeparti,66,642,313.0,0.4875389408099688,transport
Det Konservative Folkeparti,Uden for folketingsgrupperne,66,640,533.0,0.8328125,transport
Det Konservative Folkeparti,Venstre,66,4027,4027.0,1.0,transport
Enhedslisten,Danmarksdemokraterne,66,191,61.0,0.3193717277486911,transport
Enhedslisten,Dansk Folkeparti,66,408,126.0,0.3088235294117647,transport
Enhedslisten,Det Konservative Folkeparti,66,263,85.0,0.3231939163498099,transport
Enhedslisten,Enhedslisten,66,89,89.0,1.0,transport
Enhedslisten,Liberal Alliance,66,62,19.0,0.3064516129032258,transport
Enhedslisten,Moderaterne,66,8,5.0,0.625,transport
Enhedslisten,Radikale Venstre,66,205,141.0,0.6878048780487804,transport
Enhedslisten,Socialdemokratiet,66,826,503.0,0.6089588377723971,transport
Enhedslisten,Socialistisk Folkeparti,66,233,193.0,0.8283261802575107,transport
Enhedslisten,Uden for folketingsgrupperne,66,210,112.0,0.5333333333333333,transport
Enhedslisten,Venstre,66,1173,367.0,0.3128729752770673,transport
Liberal Alliance,Danmarksdemokraterne,66,63,54.0,0.8571428571428571,transport
Liberal Alliance,Dansk Folkeparti,66,175,151.0,0.8628571428571429,transport
Liberal Alliance,Det Konservative Folkeparti,66,98,96.0,0.979591836734694,transport
Liberal Alliance,Enhedslisten,66,60,20.0,0.3333333333333333,transport
Liberal Alliance,Radikale Venstre,66,163,101.0,0.6196319018404908,transport
Liberal Alliance,Socialdemokratiet,66,381,249.0,0.6535433070866141,transport
Liberal Alliance,Socialistisk Folkeparti,66,77,36.0,0.4675324675324675,transport
Liberal Alliance,Uden for folketingsgrupperne,66,96,78.0,0.8125,transport
Liberal Alliance,Venstre,66,377,370.0,0.9814323607427056,transport
Moderaterne,Danmarksdemokraterne,66,11,11.0,1.0,transport
Moderaterne,Dansk Folkeparti,66,34,34.0,1.0,transport
Moderaterne,Det Konservative Folkeparti,66,19,19.0,1.0,transport
Moderaterne,Enhedslisten,66,8,3.0,0.375,transport
Moderaterne,Liberal Alliance,66,9,9.0,1.0,transport
Moderaterne,Radikale Venstre,66,25,19.0,0.76,transport
Moderaterne,Socialdemokratiet,66,74,55.0,0.7432432432432432,transport
Moderaterne,Socialistisk Folkeparti,66,13,6.0,0.4615384615384615,transport
Moderaterne,Uden for folketingsgrupperne,66,21,18.0,0.8571428571428571,transport
Moderaterne,Venstre,66,69,69.0,1.0,transport
Radikale Venstre,Danmarksdemokraterne,66,238,123.0,0.5168067226890757,transport
Radikale Venstre,Dansk Folkeparti,66,465,274.0,0.589247311827957,transport
Radikale Venstre,Det Konservative Folkeparti,66,202,123.0,0.6089108910891089,transport
Radikale Venstre,Enhedslisten,66,186,126.0,0.6774193548387096,transport
Radikale Venstre,Radikale Venstre,66,235,233.0,0.9914893617021276,transport
Radikale Venstre,Socialdemokratiet,66,934,794.0,0.8501070663811563,transport
Radikale Venstre,Socialistisk Folkeparti,66,262,225.0,0.8587786259541985,transport
Radikale Venstre,Uden for folketingsgrupperne,66,322,264.0,0.8198757763975155,transport
Radikale Venstre,Venstre,66,1318,816.0,0.6191198786039454,transport
Socialdemokratiet,Danmarksdemokraterne,66,1181,724.0,0.6130397967823878,transport
Socialdemokratiet,Dansk Folkeparti,66,3073,1915.0,0.6231695411649854,transport
Socialdemokratiet,Det Konservative Folkeparti,66,1773,1184.0,0.667794698251551,transport
Socialdemokratiet,Enhedslisten,66,1036,592.0,0.5714285714285714,transport
Socialdemokratiet,Liberal Alliance,66,386,266.0,0.689119170984456,transport
Socialdemokratiet,Moderaterne,66,69,55.0,0.7971014492753623,transport
Socialdemokratiet,Radikale Venstre,66,1806,1554.0,0.8604651162790697,transport
Socialdemokratiet,Socialdemokratiet,66,5971,5775.0,0.9671746776084408,transport
Socialdemokratiet,Socialistisk Folkeparti,66,1538,1185.0,0.770481144343303,transport
Socialdemokratiet,Uden for folketingsgrupperne,66,1540,1241.0,0.8058441558441558,transport
Socialdemokratiet,Venstre,66,8391,5665.0,0.6751281134548921,transport
Socialistisk Folkeparti,Danmarksdemokraterne,66,402,168.0,0.417910447761194,transport
Socialistisk Folkeparti,Dansk Folkeparti,66,695,312.0,0.4489208633093525,transport
Socialistisk Folkeparti,Det Konservative Folkeparti,66,601,277.0,0.4608985024958402,transport
Socialistisk Folkeparti,Enhedslisten,66,240,196.0,0.8166666666666667,transport
Socialistisk Folkeparti,Liberal Alliance,66,124,62.0,0.5,transport
Socialistisk Folkeparti,Moderaterne,66,25,13.0,0.52,transport
Socialistisk Folkeparti,Radikale Venstre,66,397,330.0,0.8312342569269522,transport
Socialistisk Folkeparti,Socialdemokratiet,66,1639,1295.0,0.7901159243441123,transport
Socialistisk Folkeparti,Socialistisk Folkeparti,66,347,347.0,1.0,transport
Socialistisk Folkeparti,Uden for folketingsgrupperne,66,389,262.0,0.6735218508997429,transport
Socialistisk Folkeparti,Venstre,66,2570,1174.0,0.4568093385214007,transport
Uden for folketingsgrupperne,Danmarksdemokraterne,66,173,140.0,0.8092485549132948,transport
Uden for folketingsgrupperne,Dansk Folkeparti,66,346,315.0,0.9104046242774566,transport
Uden for folketingsgrupperne,Det Konservative Folkeparti,66,252,221.0,0.876984126984127,transport
Uden for folketingsgrupperne,Enhedslisten,66,120,54.0,0.45,transport
Uden for folketingsgrupperne,Liberal Alliance,66,43,39.0,0.9069767441860463,transport
Uden for folketingsgrupperne,Moderaterne,66,11,11.0,1.0,transport
Uden for folketingsgrupperne,Radikale Venstre,66,144,91.0,0.6319444444444444,transport
Uden for folketingsgrupperne,Socialdemokratiet,66,773,542.0,0.7011642949547219,transport
Uden for folketingsgrupperne,Socialistisk Folkeparti,66,264,166.0,0.6287878787878788,transport
Uden for folketingsgrupperne,Uden for folketingsgrupperne,66,179,133.0,0.7430167597765364,transport
Uden for folketingsgrupperne,Venstre,66,1286,1119.0,0.8701399688958009,transport
Venstre,Danmarksdemokraterne,66,2742,2491.0,0.9084609773887672,transport
Venstre,Dansk Folkeparti,66,5765,5125.0,0.8889852558542931,transport
Venstre,Det Konservative Folkeparti,66,4238,4238.0,1.0,transport
Venstre,Enhedslisten,66,1965,655.0,0.3333333333333333,transport
Venstre,Liberal Alliance,66,902,885.0,0.9811529933481152,transport
Venstre,Moderaterne,66,151,151.0,1.0,transport
Venstre,Radikale Venstre,66,3315,2040.0,0.6153846153846154,transport
Venstre,Socialdemokratiet,66,12934,8479.0,0.6555589918045461,transport
Venstre,Socialistisk Folkeparti,66,2826,1357.0,0.4801840056617126,transport
Venstre,Uden for folketingsgrupperne,66,2608,2157.0,0.8270705521472392,transport
Venstre,Venstre,66,17280,17280.0,1.0,transport
Danmarksdemokraterne,Danmarksdemokraterne,65,8,8.0,1.0,transport
Danmarksdemokraterne,Dansk Folkeparti,65,83,83.0,1.0,transport
Danmarksdemokraterne,Det Konservative Folkeparti,65,41,41.0,1.0,transport
Danmarksdemokraterne,Enhedslisten,65,4,4.0,1.0,transport
Danmarksdemokraterne,Kristendemokraterne,65,13,2.0,0.1538461538461538,transport
Danmarksdemokraterne,Liberal Alliance,65,17,17.0,1.0,transport
Danmarksdemokraterne,Moderaterne,65,2,2.0,1.0,transport
Danmarksdemokraterne,Radikale Venstre,65,23,11.0,0.4782608695652174,transport
Danmarksdemokraterne,Socialdemokratiet,65,324,97.0,0.2993827160493827,transport
Danmarksdemokraterne,Socialistisk Folkeparti,65,49,18.0,0.3673469387755102,transport
Danmarksdemokraterne,Uden for folketingsgrupperne,65,58,52.0,0.896551724137931,transport
Danmarksdemokraterne,Venstre,65,225,225.0,1.0,transport
Dansk Folkeparti,Dansk Folkeparti,65,88,88.0,1.0,transport
Dansk Folkeparti,Det Konservative Folkeparti,65,12,12.0,1.0,transport
Dansk Folkeparti,Enhedslisten,65,3,3.0,1.0,transport
Dansk Folkeparti,Kristendemokraterne,65,13,2.0,0.1538461538461538,transport
Dansk Folkeparti,Liberal Alliance,65,10,10.0,1.0,transport
Dansk Folkeparti,Moderaterne,65,1,1.0,1.0,transport
Dansk Folkeparti,Radikale Venstre,65,21,12.0,0.5714285714285714,transport
Dansk Folkeparti,Socialdemokratiet,65,254,74.0,0.2913385826771653,transport
Dansk Folkeparti,Socialistisk Folkeparti,65,57,14.0,0.2456140350877192,transport
Dansk Folkeparti,Uden for folketingsgrupperne,65,37,31.0,0.8378378378378378,transport
Dansk Folkeparti,Venstre,65,237,237.0,1.0,transport
Det Konservative Folkeparti,Danmarksdemokraterne,65,20,20.0,1.0,transport
Det Konservative Folkeparti,Dansk Folkeparti,65,145,145.0,1.0,transport
Det Konservative Folkeparti,Det Konservative Folkeparti,65,44,44.0,1.0,transport
Det Konservative Folkeparti,Enhedslisten,65,9,9.0,1.0,transport
Det Konservative Folkeparti,Kristendemokraterne,65,22,3.0,0.1363636363636363,transport
Det Konservative Folkeparti,Liberal Alliance,65,31,31.0,1.0,transport
Det Konservative Folkeparti,Moderaterne,65,4,4.0,1.0,transport
Det Konservative Folkeparti,Radikale Venstre,65,45,24.0,0.5333333333333333,transport
Det Konservative Folkeparti,Socialdemokratiet,65,553,211.0,0.3815551537070524,transport
Det Konservative Folkeparti,Socialistisk Folkeparti,65,84,39.0,0.4642857142857143,transport
Det Konservative Folkeparti,Uden for folketingsgrupperne,65,90,81.0,0.9,transport
Det Konservative Folkeparti,Venstre,65,394,394.0,1.0,transport
Enhedslisten,Dansk Folkeparti,65,5,5.0,1.0,transport
Enhedslisten,Kristendemokraterne,65,1,0.0,0.0,transport
Enhedslisten,Radikale Venstre,65,5,2.0,0.4,transport
Enhedslisten,Socialdemokratiet,65,22,22.0,1.0,transport
Enhedslisten,Socialistisk Folkeparti,65,3,3.0,1.0,transport
Enhedslisten,Uden for folketingsgrupperne,65,3,3.0,1.0,transport
Enhedslisten,Venstre,65,12,12.0,1.0,transport
Kristendemokraterne,Dansk Folkeparti,65,20,3.0,0.15,transport
Kristendemokraterne,Radikale Venstre,65,7,1.0,0.1428571428571428,transport
Kristendemokraterne,Socialdemokratiet,65,72,15.0,0.2083333333333333,transport
Kristendemokraterne,Socialistisk Folkeparti,65,13,4.0,0.3076923076923077,transport
Kristendemokraterne,Uden for folketingsgrupperne,65,12,1.0,0.0833333333333333,transport
Kristendemokraterne,Venstre,65,35,5.0,0.1428571428571428,transport
Liberal Alliance,Dansk Folkeparti,65,34,34.0,1.0,transport
Liberal Alliance,Det Konservative Folkeparti,65,1,1.0,1.0,transport
Liberal Alliance,Enhedslisten,65,2,2.0,1.0,transport
Liberal Alliance,Kristendemokraterne,65,7,1.0,0.1428571428571428,transport
Liberal Alliance,Radikale Venstre,65,12,6.0,0.5,transport
Liberal Alliance,Socialdemokratiet,65,125,35.0,0.28,transport
Liberal Alliance,Socialistisk Folkeparti,65,18,7.0,0.3888888888888889,transport
Liberal Alliance,Uden for folketingsgrupperne,65,16,13.0,0.8125,transport
Liberal Alliance,Venstre,65,55,55.0,1.0,transport
Moderaterne,Dansk Folkeparti,65,2,2.0,1.0,transport
Moderaterne,Enhedslisten,65,1,1.0,1.0,transport
Moderaterne,Kristendemokraterne,65,1,0.0,0.0,transport
Moderaterne,Liberal Alliance,65,1,1.0,1.0,transport
Moderaterne,Radikale Venstre,65,3,0.0,0.0,transport
Moderaterne,Socialdemokratiet,65,13,13.0,1.0,transport
Moderaterne,Socialistisk Folkeparti,65,3,3.0,1.0,transport
Moderaterne,Uden for folketingsgrupperne,65,2,2.0,1.0,transport
Moderaterne,Venstre,65,6,6.0,1.0,transport
Radikale Venstre,Dansk Folkeparti,65,34,19.0,0.5588235294117647,transport
Radikale Venstre,Kristendemokraterne,65,2,0.0,0.0,transport
Radikale Venstre,Radikale Venstre,65,4,4.0,1.0,transport
Radikale Venstre,Socialdemokratiet,65,102,34.0,0.3333333333333333,transport
Radikale Venstre,Socialistisk Folkeparti,65,19,6.0,0.3157894736842105,transport
Radikale Venstre,Uden for folketingsgrupperne,65,16,11.0,0.6875,transport
Radikale Venstre,Venstre,65,63,32.0,0.5079365079365079,transport
Socialdemokratiet,Danmarksdemokraterne,65,24,9.0,0.375,transport
Socialdemokratiet,Dansk Folkeparti,65,655,175.0,0.2671755725190839,transport
Socialdemokratiet,Det Konservative Folkeparti,65,91,37.0,0.4065934065934066,transport
Socialdemokratiet,Enhedslisten,65,13,13.0,1.0,transport
Socialdemokratiet,Kristendemokraterne,65,77,11.0,0.1428571428571428,transport
Socialdemokratiet,Liberal Alliance,65,60,18.0,0.3,transport
Socialdemokratiet,Moderaterne,65,4,4.0,1.0,transport
Socialdemokratiet,Radikale Venstre,65,135,44.0,0.3259259259259259,transport
Socialdemokratiet,Socialdemokratiet,65,1828,1746.0,0.9551422319474836,transport
Socialdemokratiet,Socialistisk Folkeparti,65,304,263.0,0.8651315789473685,transport
Socialdemokratiet,Uden for folketingsgrupperne,65,309,83.0,0.2686084142394822,transport
Socialdemokratiet,Venstre,65,1283,395.0,0.3078721745908028,transport
Socialistisk Folkeparti,Danmarksdemokraterne,65,17,6.0,0.3529411764705882,transport
Socialistisk Folkeparti,Dansk Folkeparti,65,112,40.0,0.3571428571428571,transport
Socialistisk Folkeparti,Det Konservative Folkeparti,65,40,16.0,0.4,transport
Socialistisk Folkeparti,Enhedslisten,65,5,5.0,1.0,transport
Socialistisk Folkeparti,Kristendemokraterne,65,15,4.0,0.2666666666666666,transport
Socialistisk Folkeparti,Liberal Alliance,65,17,5.0,0.2941176470588235,transport
Socialistisk Folkeparti,Moderaterne,65,2,2.0,1.0,transport
Socialistisk Folkeparti,Radikale Venstre,65,29,12.0,0.4137931034482758,transport
Socialistisk Folkeparti,Socialdemokratiet,65,413,366.0,0.8861985472154964,transport
Socialistisk Folkeparti,Socialistisk Folkeparti,65,52,52.0,1.0,transport
Socialistisk Folkeparti,Uden for folketingsgrupperne,65,72,27.0,0.375,transport
Socialistisk Folkeparti,Venstre,65,271,103.0,0.3800738007380074,transport
Uden for folketingsgrupperne,Dansk Folkeparti,65,115,106.0,0.9217391304347826,transport
Uden for folketingsgrupperne,Det Konservative Folkeparti,65,16,16.0,1.0,transport
Uden for folketingsgrupperne,Enhedslisten,65,2,2.0,1.0,transport
Uden for folketingsgrupperne,Kristendemokraterne,65,14,2.0,0.1428571428571428,transport
Uden for folketingsgrupperne,Liberal Alliance,65,15,15.0,1.0,transport
Uden for folketingsgrupperne,Moderaterne,65,1,1.0,1.0,transport
Uden for folketingsgrupperne,Radikale Venstre,65,23,11.0,0.4782608695652174,transport
Uden for folketingsgrupperne,Socialdemokratiet,65,338,82.0,0.2426035502958579,transport
Uden for folketingsgrupperne,Socialistisk Folkeparti,65,50,14.0,0.28,transport
Uden for folketingsgrupperne,Uden for folketingsgrupperne,65,40,32.0,0.8,transport
Uden for folketingsgrupperne,Venstre,65,199,184.0,0.9246231155778896,transport
Venstre,Danmarksdemokraterne,65,57,57.0,1.0,transport
Venstre,Dansk Folkeparti,65,495,495.0,1.0,transport
Venstre,Det Konservative Folkeparti,65,143,143.0,1.0,transport
Venstre,Enhedslisten,65,22,22.0,1.0,transport
Venstre,Kristendemokraterne,65,77,11.0,0.1428571428571428,transport
Venstre,Liberal Alliance,65,94,94.0,1.0,transport
Venstre,Moderaterne,65,10,10.0,1.0,transport
Venstre,Radikale Venstre,65,136,71.0,0.5220588235294118,transport
Venstre,Socialdemokratiet,65,1767,543.0,0.3073005093378608,transport
Venstre,Socialistisk Folkeparti,65,307,107.0,0.3485342019543974,transport
Venstre,Uden for folketingsgrupperne,65,310,277.0,0.8935483870967742,transport
Venstre,Venstre,65,1164,1164.0,1.0,transport
Alternativet,Radikale Venstre,70,41,25.0,0.6097560975609756,transport
Alternativet,Venstre,70,28,12.0,0.4285714285714285,transport
Danmarksdemokraterne,Alternativet,70,247,90.0,0.3643724696356275,transport
Danmarksdemokraterne,Danmarksdemokraterne,70,705,675.0,0.9574468085106383,transport
Danmarksdemokraterne,Dansk Folkeparti,70,560,546.0,0.975,transport
Danmarksdemokraterne,Det Konservative Folkeparti,70,81,60.0,0.7407407407407407,transport
Danmarksdemokraterne,Enhedslisten,70,898,286.0,0.3184855233853007,transport
Danmarksdemokraterne,Liberal Alliance,70,263,174.0,0.6615969581749049,transport
Danmarksdemokraterne,Moderaterne,70,10,10.0,1.0,transport
Danmarksdemokraterne,Radikale Venstre,70,1008,432.0,0.4285714285714285,transport
Danmarksdemokraterne,Sambandsflokkurin,70,1,0.0,0.0,transport
Danmarksdemokraterne,Socialdemokratiet,70,4041,2131.0,0.5273447166542935,transport
Danmarksdemokraterne,Socialistisk Folkeparti,70,534,211.0,0.3951310861423221,transport
Danmarksdemokraterne,Uden for folketingsgrupperne,70,800,730.0,0.9125,transport
Danmarksdemokraterne,Venstre,70,3312,2467.0,0.7448671497584541,transport
Dansk Folkeparti,Alternativet,70,146,48.0,0.3287671232876712,transport
Dansk Folkeparti,Danmarksdemokraterne,70,322,315.0,0.9782608695652174,transport
Dansk Folkeparti,Dansk Folkeparti,70,165,164.0,0.993939393939394,transport
Dansk Folkeparti,Det Konservative Folkeparti,70,17,12.0,0.7058823529411765,transport
Dansk Folkeparti,Enhedslisten,70,532,149.0,0.2800751879699248,transport
Dansk Folkeparti,Liberal Alliance,70,124,73.0,0.5887096774193549,transport
Dansk Folkeparti,Moderaterne,70,1,1.0,1.0,transport
Dansk Folkeparti,Radikale Venstre,70,397,130.0,0.327455919395466,transport
Dansk Folkeparti,Socialdemokratiet,70,1586,718.0,0.4527112232030265,transport
Dansk Folkeparti,Socialistisk Folkeparti,70,110,39.0,0.3545454545454545,transport
Dansk Folkeparti,Uden for folketingsgrupperne,70,158,144.0,0.9113924050632912,transport
Dansk Folkeparti,Venstre,70,1284,908.0,0.7071651090342679,transport
Det Konservative Folkeparti,Alternativet,70,7,3.0,0.4285714285714285,transport
Det Konservative Folkeparti,Danmarksdemokraterne,70,10,7.0,0.7,transport
Det Konservative Folkeparti,Dansk Folkeparti,70,29,19.0,0.6551724137931034,transport
Det Konservative Folkeparti,Det Konservative Folkeparti,70,3,3.0,1.0,transport
Det Konservative Folkeparti,Enhedslisten,70,41,20.0,0.4878048780487805,transport
Det Konservative Folkeparti,Liberal Alliance,70,16,14.0,0.875,transport
Det Konservative Folkeparti,Radikale Venstre,70,39,25.0,0.6410256410256411,transport
Det Konservative Folkeparti,Socialdemokratiet,70,112,84.0,0.75,transport
Det Konservative Folkeparti,Socialistisk Folkeparti,70,1,1.0,1.0,transport
Det Konservative Folkeparti,Uden for folketingsgrupperne,70,19,14.0,0.7368421052631579,transport
Det Konservative Folkeparti,Venstre,70,93,80.0,0.8602150537634409,transport
Enhedslisten,Alternativet,70,188,134.0,0.7127659574468085,transport
Enhedslisten,Danmarksdemokraterne,70,439,124.0,0.2824601366742597,transport
Enhedslisten,Dansk Folkeparti,70,206,49.0,0.2378640776699029,transport
Enhedslisten,Det Konservative Folkeparti,70,22,10.0,0.4545454545454545,transport
Enhedslisten,Enhedslisten,70,441,441.0,1.0,transport
Enhedslisten,Liberal Alliance,70,89,37.0,0.4157303370786517,transport
Enhedslisten,Moderaterne,70,2,0.0,0.0,transport
Enhedslisten,Radikale Venstre,70,520,460.0,0.8846153846153846,transport
Enhedslisten,Socialdemokratiet,70,1933,1451.0,0.7506466632177962,transport
Enhedslisten,Socialistisk Folkeparti,70,210,196.0,0.9333333333333332,transport
Enhedslisten,Uden for folketingsgrupperne,70,313,77.0,0.2460063897763578,transport
Enhedslisten,Venstre,70,1687,681.0,0.4036751630112626,transport
Liberal Alliance,Alternativet,70,52,17.0,0.3269230769230769,transport
Liberal Alliance,Danmarksdemokraterne,70,49,23.0,0.4693877551020408,transport
Liberal Alliance,Dansk Folkeparti,70,45,20.0,0.4444444444444444,transport
Liberal Alliance,Det Konservative Folkeparti,70,4,3.0,0.75,transport
Liberal Alliance,Enhedslisten,70,139,67.0,0.4820143884892086,transport
Liberal Alliance,Radikale Venstre,70,117,58.0,0.4957264957264957,transport
Liberal Alliance,Socialdemokratiet,70,325,189.0,0.5815384615384616,transport
Liberal Alliance,Socialistisk Folkeparti,70,2,1.0,0.5,transport
Liberal Alliance,Uden for folketingsgrupperne,70,1,1.0,1.0,transport
Liberal Alliance,Venstre,70,268,194.0,0.7238805970149254,transport
Moderaterne,Danmarksdemokraterne,70,3,3.0,1.0,transport
Moderaterne,Dansk Folkeparti,70,6,6.0,1.0,transport
Moderaterne,Det Konservative Folkeparti,70,1,0.0,0.0,transport
Moderaterne,Enhedslisten,70,6,0.0,0.0,transport
Moderaterne,Liberal Alliance,70,2,0.0,0.0,transport
Moderaterne,Radikale Venstre,70,9,0.0,0.0,transport
Moderaterne,Socialdemokratiet,70,23,0.0,0.0,transport
Moderaterne,Socialistisk Folkeparti,70,2,0.0,0.0,transport
Moderaterne,Uden for folketingsgrupperne,70,6,4.0,0.6666666666666666,transport
Moderaterne,Venstre,70,19,14.0,0.7368421052631579,transport
Radikale Venstre,Alternativet,70,155,90.0,0.5806451612903226,transport
Radikale Venstre,Danmarksdemokraterne,70,282,92.0,0.3262411347517731,transport
Radikale Venstre,Dansk Folkeparti,70,300,107.0,0.3566666666666667,transport
Radikale Venstre,Det Konservative Folkeparti,70,20,15.0,0.75,transport
Radikale Venstre,Enhedslisten,70,521,455.0,0.8733205374280231,transport
Radikale Venstre,Liberal Alliance,70,121,59.0,0.4876033057851239,transport
Radikale Venstre,Moderaterne,70,1,0.0,0.0,transport
Radikale Venstre,Radikale Venstre,70,359,357.0,0.9944289693593314,transport
Radikale Venstre,Socialdemokratiet,70,1611,1397.0,0.867163252638113,transport
Radikale Venstre,Socialistisk Folkeparti,70,84,81.0,0.9642857142857144,transport
Radikale Venstre,Uden for folketingsgrupperne,70,220,75.0,0.3409090909090909,transport
Radikale Venstre,Venstre,70,1234,658.0,0.5332252836304701,transport
Sambandsflokkurin,Alternativet,70,1,0.0,0.0,transport
Sambandsflokkurin,Danmarksdemokraterne,70,4,0.0,0.0,transport
Sambandsflokkurin,Dansk Folkeparti,70,3,0.0,0.0,transport
Sambandsflokkurin,Enhedslisten,70,3,3.0,1.0,transport
Sambandsflokkurin,Liberal Alliance,70,1,1.0,1.0,transport
Sambandsflokkurin,Radikale Venstre,70,3,3.0,1.0,transport
Sambandsflokkurin,Socialdemokratiet,70,12,12.0,1.0,transport
Sambandsflokkurin,Socialistisk Folkeparti,70,1,1.0,1.0,transport
Sambandsflokkurin,Uden for folketingsgrupperne,70,1,1.0,1.0,transport
Sambandsflokkurin,Venstre,70,13,13.0,1.0,transport
Socialdemokratiet,Alternativet,70,912,437.0,0.4791666666666667,transport
Socialdemokratiet,Danmarksdemokraterne,70,2323,1167.0,0.5023676280671545,transport
Socialdemokratiet,Dansk Folkeparti,70,1718,707.0,0.4115250291036088,transport
Socialdemokratiet,Det Konservative Folkeparti,70,214,174.0,0.8130841121495327,transport
Socialdemokratiet,Enhedslisten,70,3014,2192.0,0.7272727272727273,transport
Socialdemokratiet,Liberal Alliance,70,816,458.0,0.5612745098039216,transport
Socialdemokratiet,Moderaterne,70,23,0.0,0.0,transport
Socialdemokratiet,Radikale Venstre,70,3076,2599.0,0.8449284785435631,transport
Socialdemokratiet,Sambandsflokkurin,70,3,3.0,1.0,transport
Socialdemokratiet,Socialdemokratiet,70,10945,10928.0,0.998446779351302,transport
Socialdemokratiet,Socialistisk Folkeparti,70,1332,1125.0,0.8445945945945946,transport
Socialdemokratiet,Uden for folketingsgrupperne,70,2077,924.0,0.444872412132884,transport
Socialdemokratiet,Venstre,70,9519,6586.0,0.6918793990965437,transport
Socialistisk Folkeparti,Alternativet,70,95,59.0,0.6210526315789474,transport
Socialistisk Folkeparti,Danmarksdemokraterne,70,118,40.0,0.3389830508474576,transport
Socialistisk Folkeparti,Dansk Folkeparti,70,242,83.0,0.3429752066115702,transport
Socialistisk Folkeparti,Det Konservative Folkeparti,70,26,15.0,0.5769230769230769,transport
Socialistisk Folkeparti,Enhedslisten,70,321,289.0,0.9003115264797508,transport
Socialistisk Folkeparti,Liberal Alliance,70,116,58.0,0.5,transport
Socialistisk Folkeparti,Moderaterne,70,4,0.0,0.0,transport
Socialistisk Folkeparti,Radikale Venstre,70,418,398.0,0.9521531100478468,transport
Socialistisk Folkeparti,Socialdemokratiet,70,1055,874.0,0.828436018957346,transport
Socialistisk Folkeparti,Socialistisk Folkeparti,70,66,66.0,1.0,transport
Socialistisk Folkeparti,Uden for folketingsgrupperne,70,318,117.0,0.3679245283018867,transport
Socialistisk Folkeparti,Venstre,70,917,503.0,0.5485278080697928,transport
Uden for folketingsgrupperne,Alternativet,70,151,50.0,0.3311258278145695,transport
Uden for folketingsgrupperne,Danmarksdemokraterne,70,171,154.0,0.9005847953216374,transport
Uden for folketingsgrupperne,Dansk Folkeparti,70,363,341.0,0.9393939393939394,transport
Uden for folketingsgrupperne,Det Konservative Folkeparti,70,26,17.0,0.6538461538461539,transport
Uden for folketingsgrupperne,Enhedslisten,70,467,155.0,0.3319057815845824,transport
Uden for folketingsgrupperne,Liberal Alliance,70,183,104.0,0.5683060109289617,transport
Uden for folketingsgrupperne,Moderaterne,70,3,2.0,0.6666666666666666,transport
Uden for folketingsgrupperne,Radikale Venstre,70,524,216.0,0.4122137404580153,transport
Uden for folketingsgrupperne,Socialdemokratiet,70,1519,770.0,0.5069124423963134,transport
Uden for folketingsgrupperne,Socialistisk Folkeparti,70,64,25.0,0.390625,transport
Uden for folketingsgrupperne,Uden for folketingsgrupperne,70,197,169.0,0.8578680203045685,transport
Uden for folketingsgrupperne,Venstre,70,1145,806.0,0.7039301310043669,transport
Venstre,Alternativet,70,764,295.0,0.3861256544502617,transport
Venstre,Danmarksdemokraterne,70,2148,1523.0,0.7090316573556797,transport
Venstre,Dansk Folkeparti,70,1553,1014.0,0.652929813264649,transport
Venstre,Det Konservative Folkeparti,70,205,185.0,0.902439024390244,transport
Venstre,Enhedslisten,70,2531,1163.0,0.4595021730541288,transport
Venstre,Liberal Alliance,70,729,531.0,0.7283950617283951,transport
Venstre,Moderaterne,70,21,5.0,0.238095238095238,transport
Venstre,Radikale Venstre,70,2790,1599.0,0.5731182795698925,transport
Venstre,Sambandsflokkurin,70,1,1.0,1.0,transport
Venstre,Socialdemokratiet,70,10454,7302.0,0.6984886167973982,transport
Venstre,Socialistisk Folkeparti,70,1114,599.0,0.5377019748653501,transport
Venstre,Uden for folketingsgrupperne,70,1918,1292.0,0.6736183524504692,transport
Venstre,Venstre,70,8076,7933.0,0.9822932144626052,transport
Alternativet,Enhedslisten,71,32,26.0,0.8125,transport
Alternativet,Radikale Venstre,71,19,12.0,0.631578947368421,transport
Alternativet,Socialdemokratiet,71,17,9.0,0.5294117647058824,transport
Alternativet,Venstre,71,15,10.0,0.6666666666666666,transport
Danmarksdemokraterne,Alternativet,71,134,68.0,0.5074626865671642,transport
Danmarksdemokraterne,Danmarksdemokraterne,71,893,878.0,0.9832026875699889,transport
Danmarksdemokraterne,Dansk Folkeparti,71,319,243.0,0.7617554858934169,transport
Danmarksdemokraterne,Det Konservative Folkeparti,71,796,690.0,0.8668341708542714,transport
Danmarksdemokraterne,Enhedslisten,71,1353,633.0,0.4678492239467849,transport
Danmarksdemokraterne,Liberal Alliance,71,203,168.0,0.8275862068965517,transport
Danmarksdemokraterne,Moderaterne,71,18,12.0,0.6666666666666666,transport
Danmarksdemokraterne,Radikale Venstre,71,475,267.0,0.5621052631578948,transport
Danmarksdemokraterne,Socialdemokratiet,71,3785,2601.0,0.6871862615587847,transport
Danmarksdemokraterne,Socialistisk Folkeparti,71,449,233.0,0.5189309576837416,transport
Danmarksdemokraterne,Venstre,71,2412,1620.0,0.6716417910447762,transport
Dansk Folkeparti,Alternativet,71,40,16.0,0.4,transport
Dansk Folkeparti,Danmarksdemokraterne,71,304,233.0,0.7664473684210527,transport
Dansk Folkeparti,Dansk Folkeparti,71,54,52.0,0.9629629629629628,transport
Dansk Folkeparti,Det Konservative Folkeparti,71,195,137.0,0.7025641025641025,transport
Dansk Folkeparti,Enhedslisten,71,363,183.0,0.5041322314049587,transport
Dansk Folkeparti,Liberal Alliance,71,64,50.0,0.78125,transport
Dansk Folkeparti,Moderaterne,71,5,2.0,0.4,transport
Dansk Folkeparti,Radikale Venstre,71,125,67.0,0.536,transport
Dansk Folkeparti,Socialdemokratiet,71,1093,685.0,0.6267154620311071,transport
Dansk Folkeparti,Socialistisk Folkeparti,71,136,73.0,0.5367647058823529,transport
Dansk Folkeparti,Venstre,71,795,484.0,0.6088050314465409,transport
Det Konservative Folkeparti,Alternativet,71,75,42.0,0.56,transport
Det Konservative Folkeparti,Danmarksdemokraterne,71,462,405.0,0.8766233766233766,transport
Det Konservative Folkeparti,Dansk Folkeparti,71,157,112.0,0.7133757961783439,transport
Det Konservative Folkeparti,Det Konservative Folkeparti,71,289,289.0,1.0,transport
Det Konservative Folkeparti,Enhedslisten,71,727,407.0,0.5598349381017882,transport
Det Konservative Folkeparti,Liberal Alliance,71,110,84.0,0.7636363636363637,transport
Det Konservative Folkeparti,Moderaterne,71,10,9.0,0.9,transport
Det Konservative Folkeparti,Radikale Venstre,71,197,136.0,0.6903553299492385,transport
Det Konservative Folkeparti,Socialdemokratiet,71,1740,1333.0,0.7660919540229885,transport
Det Konservative Folkeparti,Socialistisk Folkeparti,71,177,109.0,0.615819209039548,transport
Det Konservative Folkeparti,Venstre,71,1346,1003.0,0.7451708766716196,transport
Enhedslisten,Alternativet,71,71,53.0,0.7464788732394366,transport
Enhedslisten,Danmarksdemokraterne,71,292,150.0,0.5136986301369864,transport
Enhedslisten,Dansk Folkeparti,71,113,53.0,0.4690265486725664,transport
Enhedslisten,Det Konservative Folkeparti,71,237,132.0,0.5569620253164557,transport
Enhedslisten,Enhedslisten,71,517,517.0,1.0,transport
Enhedslisten,Liberal Alliance,71,39,22.0,0.5641025641025641,transport
Enhedslisten,Radikale Venstre,71,270,223.0,0.825925925925926,transport
Enhedslisten,Socialdemokratiet,71,1103,746.0,0.6763372620126926,transport
Enhedslisten,Socialistisk Folkeparti,71,114,98.0,0.8596491228070176,transport
Enhedslisten,Venstre,71,787,524.0,0.6658195679796697,transport
Inuit Ataqatigiit,Alternativet,71,1,1.0,1.0,transport
Inuit Ataqatigiit,Danmarksdemokraterne,71,5,5.0,1.0,transport
Inuit Ataqatigiit,Dansk Folkeparti,71,1,0.0,0.0,transport
Inuit Ataqatigiit,Det Konservative Folkeparti,71,4,4.0,1.0,transport
Inuit Ataqatigiit,Enhedslisten,71,5,5.0,1.0,transport
Inuit Ataqatigiit,Liberal Alliance,71,1,1.0,1.0,transport
Inuit Ataqatigiit,Moderaterne,71,1,1.0,1.0,transport
Inuit Ataqatigiit,Naleraq,71,1,1.0,1.0,transport
Inuit Ataqatigiit,Radikale Venstre,71,2,2.0,1.0,transport
Inuit Ataqatigiit,Socialdemokratiet,71,17,17.0,1.0,transport
Inuit Ataqatigiit,Socialistisk Folkeparti,71,4,4.0,1.0,transport
Inuit Ataqatigiit,Venstre,71,15,15.0,1.0,transport
Liberal Alliance,Alternativet,71,31,15.0,0.4838709677419355,transport
Liberal Alliance,Danmarksdemokraterne,71,286,246.0,0.8601398601398601,transport
Liberal Alliance,Dansk Folkeparti,71,89,65.0,0.7303370786516854,transport
Liberal Alliance,Det Konservative Folkeparti,71,172,136.0,0.7906976744186046,transport
Liberal Alliance,Enhedslisten,71,340,206.0,0.6058823529411764,transport
Liberal Alliance,Liberal Alliance,71,25,25.0,1.0,transport
Liberal Alliance,Moderaterne,71,10,6.0,0.6,transport
Liberal Alliance,Radikale Venstre,71,108,72.0,0.6666666666666666,transport
Liberal Alliance,Socialdemokratiet,71,903,646.0,0.7153931339977851,transport
Liberal Alliance,Socialistisk Folkeparti,71,103,65.0,0.6310679611650486,transport
Liberal Alliance,Venstre,71,700,494.0,0.7057142857142857,transport
Moderaterne,Alternativet,71,7,6.0,0.8571428571428571,transport
Moderaterne,Danmarksdemokraterne,71,43,29.0,0.6744186046511628,transport
Moderaterne,Dansk Folkeparti,71,12,6.0,0.5,transport
Moderaterne,Det Konservative Folkeparti,71,24,22.0,0.9166666666666666,transport
Moderaterne,Enhedslisten,71,46,31.0,0.6739130434782609,transport
Moderaterne,Liberal Alliance,71,5,3.0,0.6,transport
Moderaterne,Radikale Venstre,71,19,15.0,0.7894736842105263,transport
Moderaterne,Socialdemokratiet,71,130,130.0,1.0,transport
Moderaterne,Socialistisk Folkeparti,71,19,16.0,0.8421052631578947,transport
Moderaterne,Venstre,71,93,93.0,1.0,transport
Naleraq,Alternativet,71,1,1.0,1.0,transport
Naleraq,Danmarksdemokraterne,71,5,5.0,1.0,transport
Naleraq,Dansk Folkeparti,71,1,0.0,0.0,transport
Naleraq,Det Konservative Folkeparti,71,4,4.0,1.0,transport
Naleraq,Enhedslisten,71,5,5.0,1.0,transport
Naleraq,Liberal Alliance,71,1,1.0,1.0,transport
Naleraq,Moderaterne,71,1,1.0,1.0,transport
Naleraq,Radikale Venstre,71,2,2.0,1.0,transport
Naleraq,Socialdemokratiet,71,17,17.0,1.0,transport
Naleraq,Socialistisk Folkeparti,71,4,4.0,1.0,transport
Naleraq,Venstre,71,15,15.0,1.0,transport
Radikale Venstre,Alternativet,71,19,15.0,0.7894736842105263,transport
Radikale Venstre,Danmarksdemokraterne,71,104,63.0,0.6057692307692307,transport
Radikale Venstre,Dansk Folkeparti,71,47,27.0,0.574468085106383,transport
Radikale Venstre,Det Konservative Folkeparti,71,136,86.0,0.6323529411764706,transport
Radikale Venstre,Enhedslisten,71,186,145.0,0.7795698924731183,transport
Radikale Venstre,Liberal Alliance,71,32,21.0,0.65625,transport
Radikale Venstre,Radikale Venstre,71,37,36.0,0.972972972972973,transport
Radikale Venstre,Socialdemokratiet,71,459,362.0,0.7886710239651417,transport
Radikale Venstre,Socialistisk Folkeparti,71,12,11.0,0.9166666666666666,transport
Radikale Venstre,Venstre,71,328,262.0,0.7987804878048781,transport
Socialdemokratiet,Alternativet,71,411,226.0,0.5498783454987834,transport
Socialdemokratiet,Danmarksdemokraterne,71,3662,2458.0,0.671217913708356,transport
Socialdemokratiet,Dansk Folkeparti,71,1074,665.0,0.6191806331471136,transport
Socialdemokratiet,Det Konservative Folkeparti,71,2676,2080.0,0.7772795216741405,transport
Socialdemokratiet,Enhedslisten,71,4725,3063.0,0.6482539682539683,transport
Socialdemokratiet,Liberal Alliance,71,768,568.0,0.7395833333333334,transport
Socialdemokratiet,Moderaterne,71,55,55.0,1.0,transport
Socialdemokratiet,Radikale Venstre,71,1550,1261.0,0.8135483870967742,transport
Socialdemokratiet,Socialdemokratiet,71,12771,12771.0,1.0,transport
Socialdemokratiet,Socialistisk Folkeparti,71,1757,1339.0,0.7620944792259533,transport
Socialdemokratiet,Venstre,71,9177,9141.0,0.9960771493952272,transport
Socialistisk Folkeparti,Alternativet,71,68,56.0,0.8235294117647058,transport
Socialistisk Folkeparti,Danmarksdemokraterne,71,733,395.0,0.538881309686221,transport
Socialistisk Folkeparti,Dansk Folkeparti,71,205,122.0,0.5951219512195122,transport
Socialistisk Folkeparti,Det Konservative Folkeparti,71,516,327.0,0.6337209302325582,transport
Socialistisk Folkeparti,Enhedslisten,71,841,699.0,0.83115338882283,transport
Socialistisk Folkeparti,Liberal Alliance,71,165,106.0,0.6424242424242425,transport
Socialistisk Folkeparti,Moderaterne,71,20,17.0,0.85,transport
Socialistisk Folkeparti,Radikale Venstre,71,309,270.0,0.8737864077669902,transport
Socialistisk Folkeparti,Socialdemokratiet,71,2525,1866.0,0.739009900990099,transport
Socialistisk Folkeparti,Socialistisk Folkeparti,71,274,272.0,0.9927007299270072,transport
Socialistisk Folkeparti,Venstre,71,1835,1368.0,0.7455040871934605,transport
Venstre,Alternativet,71,286,156.0,0.5454545454545454,transport
Venstre,Danmarksdemokraterne,71,2568,1698.0,0.6612149532710281,transport
Venstre,Dansk Folkeparti,71,649,395.0,0.6086286594761171,transport
Venstre,Det Konservative Folkeparti,71,1649,1279.0,0.7756215888417223,transport
Venstre,Enhedslisten,71,3099,1985.0,0.6405292029686995,transport
Venstre,Liberal Alliance,71,414,307.0,0.7415458937198067,transport
Venstre,Moderaterne,71,54,54.0,1.0,transport
Venstre,Radikale Venstre,71,1038,840.0,0.8092485549132948,transport
Venstre,Socialdemokratiet,71,8722,8628.0,0.9892226553542766,transport
Venstre,Socialistisk Folkeparti,71,1041,803.0,0.7713736791546589,transport
Venstre,Venstre,71,5719,5631.0,0.9846126945270152,transport
Danmarksdemokraterne,Danmarksdemokraterne,68,374,371.0,0.9919786096256684,immigration
Danmarksdemokraterne,Dansk Folkeparti,68,664,662.0,0.9969879518072288,immigration
Danmarksdemokraterne,Det Konservative Folkeparti,68,683,465.0,0.6808199121522694,immigration
Danmarksdemokraterne,Enhedslisten,68,1233,444.0,0.3600973236009732,immigration
Danmarksdemokraterne,Liberal Alliance,68,746,486.0,0.6514745308310992,immigration
Danmarksdemokraterne,Moderaterne,68,60,42.0,0.7,immigration
Danmarksdemokraterne,Radikale Venstre,68,1330,627.0,0.4714285714285714,immigration
Danmarksdemokraterne,Socialdemokratiet,68,1508,723.0,0.4794429708222811,immigration
Danmarksdemokraterne,Socialistisk Folkeparti,68,759,311.0,0.4097496706192358,immigration
Danmarksdemokraterne,Uden for folketingsgrupperne,68,417,376.0,0.9016786570743404,immigration
Danmarksdemokraterne,Venstre,68,2050,1369.0,0.6678048780487805,immigration
Dansk Folkeparti,Danmarksdemokraterne,68,461,460.0,0.9978308026030368,immigration
Dansk Folkeparti,Dansk Folkeparti,68,549,549.0,1.0,immigration
Dansk Folkeparti,Det Konservative Folkeparti,68,737,491.0,0.666214382632293,immigration
Dansk Folkeparti,Enhedslisten,68,1412,545.0,0.3859773371104816,immigration
Dansk Folkeparti,Liberal Alliance,68,719,476.0,0.6620305980528511,immigration
Dansk Folkeparti,Moderaterne,68,42,31.0,0.7380952380952381,immigration
Dansk Folkeparti,Radikale Venstre,68,1255,586.0,0.4669322709163346,immigration
Dansk Folkeparti,Socialdemokratiet,68,1516,714.0,0.470976253298153,immigration
Dansk Folkeparti,Socialistisk Folkeparti,68,850,349.0,0.4105882352941176,immigration
Dansk Folkeparti,Uden for folketingsgrupperne,68,409,355.0,0.8679706601466992,immigration
Dansk Folkeparti,Venstre,68,2087,1386.0,0.6641111643507427,immigration
Det Konservative Folkeparti,Danmarksdemokraterne,68,260,161.0,0.6192307692307693,immigration
Det Konservative Folkeparti,Dansk Folkeparti,68,345,221.0,0.6405797101449275,immigration
Det Konservative Folkeparti,Det Konservative Folkeparti,68,343,343.0,1.0,immigration
Det Konservative Folkeparti,Enhedslisten,68,916,416.0,0.4541484716157205,immigration
Det Konservative Folkeparti,Liberal Alliance,68,436,334.0,0.7660550458715596,immigration
Det Konservative Folkeparti,Moderaterne,68,32,32.0,1.0,immigration
Det Konservative Folkeparti,Radikale Venstre,68,726,551.0,0.7589531680440771,immigration
Det Konservative Folkeparti,Socialdemokratiet,68,951,734.0,0.7718191377497371,immigration
Det Konservative Folkeparti,Socialistisk Folkeparti,68,558,402.0,0.7204301075268817,immigration
Det Konservative Folkeparti,Uden for folketingsgrupperne,68,233,159.0,0.6824034334763949,immigration
Det Konservative Folkeparti,Venstre,68,1253,1212.0,0.9672785315243416,immigration
Enhedslisten,Danmarksdemokraterne,68,719,263.0,0.3657858136300417,immigration
Enhedslisten,Dansk Folkeparti,68,895,329.0,0.3675977653631285,immigration
Enhedslisten,Det Konservative Folkeparti,68,971,375.0,0.3861997940267765,immigration
Enhedslisten,Enhedslisten,68,1735,1638.0,0.9440922190201728,immigration
Enhedslisten,Liberal Alliance,68,1052,416.0,0.3954372623574144,immigration
Enhedslisten,Moderaterne,68,87,29.0,0.3333333333333333,immigration
Enhedslisten,Radikale Venstre,68,1773,1176.0,0.6632825719120136,immigration
Enhedslisten,Socialdemokratiet,68,2339,1476.0,0.6310389055151774,immigration
Enhedslisten,Socialistisk Folkeparti,68,1270,873.0,0.6874015748031496,immigration
Enhedslisten,Uden for folketingsgrupperne,68,582,197.0,0.3384879725085911,immigration
Enhedslisten,Venstre,68,3060,1286.0,0.4202614379084967,immigration
Liberal Alliance,Danmarksdemokraterne,68,202,132.0,0.6534653465346535,immigration
Liberal Alliance,Dansk Folkeparti,68,409,267.0,0.6528117359413202,immigration
Liberal Alliance,Det Konservative Folkeparti,68,470,382.0,0.8127659574468085,immigration
Liberal Alliance,Enhedslisten,68,871,337.0,0.3869115958668197,immigration
Liberal Alliance,Liberal Alliance,68,359,352.0,0.98050139275766,immigration
Liberal Alliance,Moderaterne,68,12,11.0,0.9166666666666666,immigration
Liberal Alliance,Radikale Venstre,68,637,382.0,0.5996860282574569,immigration
Liberal Alliance,Socialdemokratiet,68,986,603.0,0.6115618661257607,immigration
Liberal Alliance,Socialistisk Folkeparti,68,604,368.0,0.609271523178808,immigration
Liberal Alliance,Uden for folketingsgrupperne,68,189,142.0,0.7513227513227513,immigration
Liberal Alliance,Venstre,68,1137,900.0,0.7915567282321899,immigration
Moderaterne,Danmarksdemokraterne,68,62,41.0,0.6612903225806451,immigration
Moderaterne,Dansk Folkeparti,68,86,58.0,0.6744186046511628,immigration
Moderaterne,Det Konservative Folkeparti,68,87,87.0,1.0,immigration
Moderaterne,Enhedslisten,68,155,68.0,0.4387096774193548,immigration
Moderaterne,Liberal Alliance,68,94,70.0,0.7446808510638298,immigration
Moderaterne,Radikale Venstre,68,170,131.0,0.7705882352941177,immigration
Moderaterne,Socialdemokratiet,68,220,170.0,0.7727272727272727,immigration
Moderaterne,Socialistisk Folkeparti,68,72,52.0,0.7222222222222222,immigration
Moderaterne,Uden for folketingsgrupperne,68,66,50.0,0.7575757575757576,immigration
Moderaterne,Venstre,68,248,248.0,1.0,immigration
Radikale Venstre,Danmarksdemokraterne,68,353,160.0,0.4532577903682719,immigration
Radikale Venstre,Dansk Folkeparti,68,722,346.0,0.4792243767313019,immigration
Radikale Venstre,Det Konservative Folkeparti,68,887,667.0,0.7519729425028185,immigration
Radikale Venstre,Enhedslisten,68,1595,1099.0,0.6890282131661442,immigration
Radikale Venstre,Liberal Alliance,68,1004,596.0,0.5936254980079682,immigration
Radikale Venstre,Moderaterne,68,21,18.0,0.8571428571428571,immigration
Radikale Venstre,Radikale Venstre,68,1242,1242.0,1.0,immigration
Radikale Venstre,Socialdemokratiet,68,1878,1878.0,1.0,immigration
Radikale Venstre,Socialistisk Folkeparti,68,1009,979.0,0.9702675916749256,immigration
Radikale Venstre,Uden for folketingsgrupperne,68,459,224.0,0.4880174291938998,immigration
Radikale Venstre,Venstre,68,2389,1742.0,0.7291753871912934,immigration
Socialdemokratiet,Danmarksdemokraterne,68,1264,599.0,0.4738924050632911,immigration
Socialdemokratiet,Dansk Folkeparti,68,1739,842.0,0.484186313973548,immigration
Socialdemokratiet,Det Konservative Folkeparti,68,1722,1339.0,0.7775842044134728,immigration
Socialdemokratiet,Enhedslisten,68,3288,2171.0,0.6602798053527981,immigration
Socialdemokratiet,Liberal Alliance,68,1699,1004.0,0.5909358446144791,immigration
Socialdemokratiet,Moderaterne,68,145,112.0,0.7724137931034483,immigration
Socialdemokratiet,Radikale Venstre,68,2833,2833.0,1.0,immigration
Socialdemokratiet,Socialdemokratiet,68,3713,3713.0,1.0,immigration
Socialdemokratiet,Socialistisk Folkeparti,68,1977,1907.0,0.9645928174001012,immigration
Socialdemokratiet,Uden for folketingsgrupperne,68,927,479.0,0.5167206040992449,immigration
Socialdemokratiet,Venstre,68,5027,3879.0,0.7716331808235528,immigration
Socialistisk Folkeparti,Danmarksdemokraterne,68,508,223.0,0.4389763779527559,immigration
Socialistisk Folkeparti,Dansk Folkeparti,68,648,287.0,0.4429012345679012,immigration
Socialistisk Folkeparti,Det Konservative Folkeparti,68,654,474.0,0.7247706422018348,immigration
Socialistisk Folkeparti,Enhedslisten,68,1295,896.0,0.6918918918918919,immigration
Socialistisk Folkeparti,Liberal Alliance,68,676,413.0,0.6109467455621301,immigration
Socialistisk Folkeparti,Moderaterne,68,74,55.0,0.7432432432432432,immigration
Socialistisk Folkeparti,Radikale Venstre,68,1183,1145.0,0.9678782755705831,immigration
Socialistisk Folkeparti,Socialdemokratiet,68,1630,1575.0,0.9662576687116564,immigration
Socialistisk Folkeparti,Socialistisk Folkeparti,68,702,698.0,0.9943019943019944,immigration
Socialistisk Folkeparti,Uden for folketingsgrupperne,68,363,170.0,0.4683195592286501,immigration
Socialistisk Folkeparti,Venstre,68,2237,1628.0,0.7277603933839965,immigration
Uden for folketingsgrupperne,Danmarksdemokraterne,68,55,50.0,0.9090909090909092,immigration
Uden for folketingsgrupperne,Dansk Folkeparti,68,144,144.0,1.0,immigration
Uden for folketingsgrupperne,Det Konservative Folkeparti,68,244,178.0,0.7295081967213115,immigration
Uden for folketingsgrupperne,Enhedslisten,68,377,135.0,0.3580901856763925,immigration
Uden for folketingsgrupperne,Liberal Alliance,68,274,180.0,0.656934306569343,immigration
Uden for folketingsgrupperne,Radikale Venstre,68,359,192.0,0.5348189415041783,immigration
Uden for folketingsgrupperne,Socialdemokratiet,68,442,237.0,0.5361990950226244,immigration
Uden for folketingsgrupperne,Socialistisk Folkeparti,68,263,123.0,0.467680608365019,immigration
Uden for folketingsgrupperne,Uden for folketingsgrupperne,68,79,62.0,0.7848101265822784,immigration
Uden for folketingsgrupperne,Venstre,68,492,338.0,0.6869918699186992,immigration
Venstre,Danmarksdemokraterne,68,1433,907.0,0.6329378925331473,immigration
Venstre,Dansk Folkeparti,68,1952,1275.0,0.6531762295081968,immigration
Venstre,Det Konservative Folkeparti,68,2094,2020.0,0.9646609360076408,immigration
Venstre,Enhedslisten,68,3909,1810.0,0.4630340240470708,immigration
Venstre,Liberal Alliance,68,2223,1706.0,0.7674313990103464,immigration
Venstre,Moderaterne,68,172,167.0,0.9709302325581396,immigration
Venstre,Radikale Venstre,68,3572,2760.0,0.7726763717805151,immigration
Venstre,Socialdemokratiet,68,4805,3818.0,0.7945889698231009,immigration
Venstre,Socialistisk Folkeparti,68,2299,1684.0,0.7324923879947803,immigration
Venstre,Uden for folketingsgrupperne,68,1217,866.0,0.7115858668857847,immigration
Venstre,Venstre,68,5823,5719.0,0.9821397904860036,immigration
Danmarksdemokraterne,Danmarksdemokraterne,67,269,261.0,0.9702602230483272,immigration
Danmarksdemokraterne,Dansk Folkeparti,67,1180,1154.0,0.9779661016949152,immigration
Danmarksdemokraterne,Det Konservative Folkeparti,67,635,559.0,0.8803149606299212,immigration
Danmarksdemokraterne,Enhedslisten,67,289,135.0,0.4671280276816609,immigration
Danmarksdemokraterne,Javnaðarflokkurin,67,2,2.0,1.0,immigration
Danmarksdemokraterne,Liberal Alliance,67,52,43.0,0.8269230769230769,immigration
Danmarksdemokraterne,Moderaterne,67,16,16.0,1.0,immigration
Danmarksdemokraterne,Radikale Venstre,67,236,158.0,0.6694915254237288,immigration
Danmarksdemokraterne,Sambandsflokkurin,67,3,3.0,1.0,immigration
Danmarksdemokraterne,Socialdemokratiet,67,2853,1690.0,0.5923589204346302,immigration
Danmarksdemokraterne,Socialistisk Folkeparti,67,1105,664.0,0.6009049773755656,immigration
Danmarksdemokraterne,Uden for folketingsgrupperne,67,295,255.0,0.864406779661017,immigration
Danmarksdemokraterne,Venstre,67,3061,2746.0,0.8970924534465861,immigration
Dansk Folkeparti,Danmarksdemokraterne,67,145,145.0,1.0,immigration
Dansk Folkeparti,Dansk Folkeparti,67,1047,1047.0,1.0,immigration
Dansk Folkeparti,Det Konservative Folkeparti,67,746,641.0,0.8592493297587132,immigration
Dansk Folkeparti,Enhedslisten,67,321,162.0,0.5046728971962616,immigration
Dansk Folkeparti,Javnaðarflokkurin,67,6,6.0,1.0,immigration
Dansk Folkeparti,Liberal Alliance,67,92,75.0,0.8152173913043478,immigration
Dansk Folkeparti,Moderaterne,67,14,14.0,1.0,immigration
Dansk Folkeparti,Radikale Venstre,67,282,185.0,0.6560283687943262,immigration
Dansk Folkeparti,Socialdemokratiet,67,2514,1438.0,0.5719968178202068,immigration
Dansk Folkeparti,Socialistisk Folkeparti,67,1015,597.0,0.5881773399014778,immigration
Dansk Folkeparti,Uden for folketingsgrupperne,67,332,258.0,0.7771084337349398,immigration
Dansk Folkeparti,Venstre,67,2583,2286.0,0.8850174216027874,immigration
Det Konservative Folkeparti,Danmarksdemokraterne,67,215,195.0,0.9069767441860463,immigration
Det Konservative Folkeparti,Dansk Folkeparti,67,846,723.0,0.8546099290780141,immigration
Det Konservative Folkeparti,Det Konservative Folkeparti,67,422,422.0,1.0,immigration
Det Konservative Folkeparti,Enhedslisten,67,262,171.0,0.6526717557251909,immigration
Det Konservative Folkeparti,Javnaðarflokkurin,67,4,4.0,1.0,immigration
Det Konservative Folkeparti,Liberal Alliance,67,61,55.0,0.9016393442622952,immigration
Det Konservative Folkeparti,Moderaterne,67,15,15.0,1.0,immigration
Det Konservative Folkeparti,Radikale Venstre,67,201,158.0,0.7860696517412935,immigration
Det Konservative Folkeparti,Sambandsflokkurin,67,1,1.0,1.0,immigration
Det Konservative Folkeparti,Socialdemokratiet,67,1995,1379.0,0.6912280701754386,immigration
Det Konservative Folkeparti,Socialistisk Folkeparti,67,779,546.0,0.7008985879332478,immigration
Det Konservative Folkeparti,Uden for folketingsgrupperne,67,202,170.0,0.8415841584158416,immigration
Det Konservative Folkeparti,Venstre,67,2134,2134.0,1.0,immigration
Enhedslisten,Danmarksdemokraterne,67,111,42.0,0.3783783783783784,immigration
Enhedslisten,Dansk Folkeparti,67,424,171.0,0.4033018867924528,immigration
Enhedslisten,Det Konservative Folkeparti,67,214,109.0,0.5093457943925234,immigration
Enhedslisten,Enhedslisten,67,72,65.0,0.9027777777777778,immigration
Enhedslisten,Javnaðarflokkurin,67,1,0.0,0.0,immigration
Enhedslisten,Liberal Alliance,67,28,14.0,0.5,immigration
Enhedslisten,Moderaterne,67,6,1.0,0.1666666666666666,immigration
Enhedslisten,Radikale Venstre,67,78,52.0,0.6666666666666666,immigration
Enhedslisten,Socialdemokratiet,67,921,655.0,0.7111834961997828,immigration
Enhedslisten,Socialistisk Folkeparti,67,429,306.0,0.7132867132867133,immigration
Enhedslisten,Uden for folketingsgrupperne,67,100,43.0,0.43,immigration
Enhedslisten,Venstre,67,1000,492.0,0.492,immigration
Javnaðarflokkurin,Det Konservative Folkeparti,67,1,1.0,1.0,immigration
Javnaðarflokkurin,Socialdemokratiet,67,1,1.0,1.0,immigration
Javnaðarflokkurin,Socialistisk Folkeparti,67,1,1.0,1.0,immigration
Javnaðarflokkurin,Venstre,67,3,3.0,1.0,immigration
Liberal Alliance,Danmarksdemokraterne,67,100,86.0,0.86,immigration
Liberal Alliance,Dansk Folkeparti,67,182,156.0,0.8571428571428571,immigration
Liberal Alliance,Det Konservative Folkeparti,67,132,130.0,0.9848484848484848,immigration
Liberal Alliance,Enhedslisten,67,60,34.0,0.5666666666666667,immigration
Liberal Alliance,Javnaðarflokkurin,67,1,1.0,1.0,immigration
Liberal Alliance,Moderaterne,67,6,6.0,1.0,immigration
Liberal Alliance,Radikale Venstre,67,42,30.0,0.7142857142857143,immigration
Liberal Alliance,Sambandsflokkurin,67,1,1.0,1.0,immigration
Liberal Alliance,Socialdemokratiet,67,549,314.0,0.5719489981785064,immigration
Liberal Alliance,Socialistisk Folkeparti,67,215,131.0,0.6093023255813953,immigration
Liberal Alliance,Uden for folketingsgrupperne,67,44,36.0,0.8181818181818182,immigration
Liberal Alliance,Venstre,67,640,620.0,0.96875,immigration
Moderaterne,Danmarksdemokraterne,67,6,6.0,1.0,immigration
Moderaterne,Dansk Folkeparti,67,24,24.0,1.0,immigration
Moderaterne,Det Konservative Folkeparti,67,11,11.0,1.0,immigration
Moderaterne,Enhedslisten,67,2,1.0,0.5,immigration
Moderaterne,Radikale Venstre,67,2,1.0,0.5,immigration
Moderaterne,Socialdemokratiet,67,54,1.0,0.0185185185185185,immigration
Moderaterne,Socialistisk Folkeparti,67,6,1.0,0.1666666666666666,immigration
Moderaterne,Uden for folketingsgrupperne,67,6,3.0,0.5,immigration
Moderaterne,Venstre,67,36,36.0,1.0,immigration
Radikale Venstre,Danmarksdemokraterne,67,37,24.0,0.6486486486486487,immigration
Radikale Venstre,Dansk Folkeparti,67,229,157.0,0.6855895196506551,immigration
Radikale Venstre,Det Konservative Folkeparti,67,130,106.0,0.8153846153846154,immigration
Radikale Venstre,Enhedslisten,67,94,74.0,0.7872340425531915,immigration
Radikale Venstre,Javnaðarflokkurin,67,1,1.0,1.0,immigration
Radikale Venstre,Liberal Alliance,67,14,13.0,0.9285714285714286,immigration
Radikale Venstre,Radikale Venstre,67,33,33.0,1.0,immigration
Radikale Venstre,Socialdemokratiet,67,453,399.0,0.8807947019867549,immigration
Radikale Venstre,Socialistisk Folkeparti,67,219,186.0,0.8493150684931506,immigration
Radikale Venstre,Uden for folketingsgrupperne,67,32,23.0,0.71875,immigration
Radikale Venstre,Venstre,67,394,319.0,0.8096446700507615,immigration
Sambandsflokkurin,Danmarksdemokraterne,67,3,3.0,1.0,immigration
Sambandsflokkurin,Dansk Folkeparti,67,11,11.0,1.0,immigration
Sambandsflokkurin,Det Konservative Folkeparti,67,8,8.0,1.0,immigration
Sambandsflokkurin,Enhedslisten,67,1,0.0,0.0,immigration
Sambandsflokkurin,Javnaðarflokkurin,67,1,1.0,1.0,immigration
Sambandsflokkurin,Liberal Alliance,67,1,1.0,1.0,immigration
Sambandsflokkurin,Radikale Venstre,67,1,1.0,1.0,immigration
Sambandsflokkurin,Socialdemokratiet,67,26,26.0,1.0,immigration
Sambandsflokkurin,Socialistisk Folkeparti,67,11,11.0,1.0,immigration
Sambandsflokkurin,Uden for folketingsgrupperne,67,4,4.0,1.0,immigration
Sambandsflokkurin,Venstre,67,34,34.0,1.0,immigration
Socialdemokratiet,Danmarksdemokraterne,67,1101,610.0,0.5540417801998183,immigration
Socialdemokratiet,Dansk Folkeparti,67,4798,2757.0,0.5746144226761151,immigration
Socialdemokratiet,Det Konservative Folkeparti,67,2713,1943.0,0.7161813490600811,immigration
Socialdemokratiet,Enhedslisten,67,1291,1031.0,0.7986057319907048,immigration
Socialdemokratiet,Javnaðarflokkurin,67,15,15.0,1.0,immigration
Socialdemokratiet,Liberal Alliance,67,291,203.0,0.697594501718213,immigration
Socialdemokratiet,Moderaterne,67,68,3.0,0.0441176470588235,immigration
Socialdemokratiet,Radikale Venstre,67,1017,896.0,0.8810226155358899,immigration
Socialdemokratiet,Sambandsflokkurin,67,7,7.0,1.0,immigration
Socialdemokratiet,Socialdemokratiet,67,10468,10286.0,0.9826136797860144,immigration
Socialdemokratiet,Socialistisk Folkeparti,67,4338,4149.0,0.9564315352697096,immigration
Socialdemokratiet,Uden for folketingsgrupperne,67,1209,780.0,0.6451612903225806,immigration
Socialdemokratiet,Venstre,67,11379,7836.0,0.6886369628262589,immigration
Socialistisk Folkeparti,Danmarksdemokraterne,67,424,245.0,0.5778301886792453,immigration
Socialistisk Folkeparti,Dansk Folkeparti,67,1804,1042.0,0.5776053215077606,immigration
Socialistisk Folkeparti,Det Konservative Folkeparti,67,1042,731.0,0.7015355086372361,immigration
Socialistisk Folkeparti,Enhedslisten,67,427,347.0,0.8126463700234192,immigration
Socialistisk Folkeparti,Javnaðarflokkurin,67,4,4.0,1.0,immigration
Socialistisk Folkeparti,Liberal Alliance,67,113,83.0,0.7345132743362832,immigration
Socialistisk Folkeparti,Moderaterne,67,28,4.0,0.1428571428571428,immigration
Socialistisk Folkeparti,Radikale Venstre,67,374,321.0,0.8582887700534759,immigration
Socialistisk Folkeparti,Sambandsflokkurin,67,2,2.0,1.0,immigration
Socialistisk Folkeparti,Socialdemokratiet,67,4015,3789.0,0.9437110834371109,immigration
Socialistisk Folkeparti,Socialistisk Folkeparti,67,1423,1423.0,1.0,immigration
Socialistisk Folkeparti,Uden for folketingsgrupperne,67,482,308.0,0.6390041493775933,immigration
Socialistisk Folkeparti,Venstre,67,4723,3227.0,0.6832521702307855,immigration
Uden for folketingsgrupperne,Danmarksdemokraterne,67,36,34.0,0.9444444444444444,immigration
Uden for folketingsgrupperne,Dansk Folkeparti,67,268,268.0,1.0,immigration
Uden for folketingsgrupperne,Det Konservative Folkeparti,67,185,164.0,0.8864864864864865,immigration
Uden for folketingsgrupperne,Enhedslisten,67,66,28.0,0.4242424242424242,immigration
Uden for folketingsgrupperne,Javnaðarflokkurin,67,2,2.0,1.0,immigration
Uden for folketingsgrupperne,Liberal Alliance,67,18,15.0,0.8333333333333334,immigration
Uden for folketingsgrupperne,Moderaterne,67,6,6.0,1.0,immigration
Uden for folketingsgrupperne,Radikale Venstre,67,87,55.0,0.632183908045977,immigration
Uden for folketingsgrupperne,Socialdemokratiet,67,592,350.0,0.5912162162162162,immigration
Uden for folketingsgrupperne,Socialistisk Folkeparti,67,188,111.0,0.5904255319148937,immigration
Uden for folketingsgrupperne,Uden for folketingsgrupperne,67,44,33.0,0.75,immigration
Uden for folketingsgrupperne,Venstre,67,528,474.0,0.8977272727272727,immigration
Venstre,Danmarksdemokraterne,67,1474,1368.0,0.9280868385345996,immigration
Venstre,Dansk Folkeparti,67,5901,5140.0,0.8710388069818675,immigration
Venstre,Det Konservative Folkeparti,67,3346,3341.0,0.9985056784219964,immigration
Venstre,Enhedslisten,67,1542,884.0,0.5732814526588845,immigration
Venstre,Javnaðarflokkurin,67,19,19.0,1.0,immigration
Venstre,Liberal Alliance,67,324,284.0,0.8765432098765432,immigration
Venstre,Moderaterne,67,96,95.0,0.9895833333333334,immigration
Venstre,Radikale Venstre,67,1341,1056.0,0.7874720357941835,immigration
Venstre,Sambandsflokkurin,67,4,4.0,1.0,immigration
Venstre,Socialdemokratiet,67,13766,9393.0,0.682333284904838,immigration
Venstre,Socialistisk Folkeparti,67,4946,3398.0,0.6870198139911039,immigration
Venstre,Uden for folketingsgrupperne,67,1549,1316.0,0.8495803744351195,immigration
Venstre,Venstre,67,13887,13866.0,0.9984877943400302,immigration
Alternativet,Liberal Alliance,69,37,14.0,0.3783783783783784,immigration
Alternativet,Radikale Venstre,69,19,17.0,0.8947368421052632,immigration
Danmarksdemokraterne,Alternativet,69,197,72.0,0.365482233502538,immigration
Danmarksdemokraterne,Danmarksdemokraterne,69,1658,1583.0,0.9547647768395656,immigration
Danmarksdemokraterne,Dansk Folkeparti,69,3242,3168.0,0.9771745835903765,immigration
Danmarksdemokraterne,Det Konservative Folkeparti,69,97,76.0,0.7835051546391752,immigration
Danmarksdemokraterne,Enhedslisten,69,2624,840.0,0.3201219512195122,immigration
Danmarksdemokraterne,Liberal Alliance,69,3216,2790.0,0.8675373134328358,immigration
Danmarksdemokraterne,Moderaterne,69,198,171.0,0.8636363636363636,immigration
Danmarksdemokraterne,Radikale Venstre,69,2772,1672.0,0.6031746031746031,immigration
Danmarksdemokraterne,Socialdemokratiet,69,11486,8105.0,0.7056416507052063,immigration
Danmarksdemokraterne,Socialistisk Folkeparti,69,1829,877.0,0.4794969928922908,immigration
Danmarksdemokraterne,Uden for folketingsgrupperne,69,1758,1693.0,0.9630261660978384,immigration
Danmarksdemokraterne,Venstre,69,10353,9219.0,0.8904665314401623,immigration
Dansk Folkeparti,Alternativet,69,192,64.0,0.3333333333333333,immigration
Dansk Folkeparti,Danmarksdemokraterne,69,1359,1324.0,0.9742457689477556,immigration
Dansk Folkeparti,Dansk Folkeparti,69,2371,2371.0,1.0,immigration
Dansk Folkeparti,Det Konservative Folkeparti,69,90,67.0,0.7444444444444445,immigration
Dansk Folkeparti,Enhedslisten,69,2439,825.0,0.3382533825338253,immigration
Dansk Folkeparti,Liberal Alliance,69,2294,1962.0,0.8552746294681779,immigration
Dansk Folkeparti,Moderaterne,69,115,91.0,0.7913043478260869,immigration
Dansk Folkeparti,Radikale Venstre,69,2359,1327.0,0.5625264942772361,immigration
Dansk Folkeparti,Socialdemokratiet,69,8996,5920.0,0.658070253445976,immigration
Dansk Folkeparti,Socialistisk Folkeparti,69,993,447.0,0.4501510574018127,immigration
Dansk Folkeparti,Uden for folketingsgrupperne,69,1171,1131.0,0.9658411614005123,immigration
Dansk Folkeparti,Venstre,69,8287,7114.0,0.8584529986726198,immigration
Det Konservative Folkeparti,Alternativet,69,8,0.0,0.0,immigration
Det Konservative Folkeparti,Danmarksdemokraterne,69,145,120.0,0.8275862068965517,immigration
Det Konservative Folkeparti,Dansk Folkeparti,69,231,176.0,0.7619047619047619,immigration
Det Konservative Folkeparti,Det Konservative Folkeparti,69,14,14.0,1.0,immigration
Det Konservative Folkeparti,Enhedslisten,69,237,65.0,0.2742616033755274,immigration
Det Konservative Folkeparti,Liberal Alliance,69,170,137.0,0.8058823529411765,immigration
Det Konservative Folkeparti,Moderaterne,69,27,26.0,0.9629629629629628,immigration
Det Konservative Folkeparti,Radikale Venstre,69,162,119.0,0.7345679012345679,immigration
Det Konservative Folkeparti,Socialdemokratiet,69,686,589.0,0.858600583090379,immigration
Det Konservative Folkeparti,Socialistisk Folkeparti,69,116,56.0,0.4827586206896552,immigration
Det Konservative Folkeparti,Uden for folketingsgrupperne,69,98,78.0,0.7959183673469388,immigration
Det Konservative Folkeparti,Venstre,69,704,689.0,0.9786931818181818,immigration
Enhedslisten,Alternativet,69,159,144.0,0.9056603773584906,immigration
Enhedslisten,Danmarksdemokraterne,69,1326,480.0,0.3619909502262443,immigration
Enhedslisten,Dansk Folkeparti,69,2227,821.0,0.3686573866187696,immigration
Enhedslisten,Det Konservative Folkeparti,69,54,22.0,0.4074074074074074,immigration
Enhedslisten,Enhedslisten,69,1590,1590.0,1.0,immigration
Enhedslisten,Liberal Alliance,69,2200,712.0,0.3236363636363636,immigration
Enhedslisten,Moderaterne,69,162,44.0,0.2716049382716049,immigration
Enhedslisten,Radikale Venstre,69,1895,1229.0,0.6485488126649076,immigration
Enhedslisten,Socialdemokratiet,69,8144,4023.0,0.4939833005893909,immigration
Enhedslisten,Socialistisk Folkeparti,69,1255,1004.0,0.8,immigration
Enhedslisten,Uden for folketingsgrupperne,69,1082,364.0,0.3364140480591497,immigration
Enhedslisten,Venstre,69,7578,2355.0,0.3107680126682502,immigration
Liberal Alliance,Alternativet,69,138,56.0,0.4057971014492754,immigration
Liberal Alliance,Danmarksdemokraterne,69,192,158.0,0.8229166666666666,immigration
Liberal Alliance,Dansk Folkeparti,69,1728,1465.0,0.8478009259259259,immigration
Liberal Alliance,Det Konservative Folkeparti,69,24,20.0,0.8333333333333334,immigration
Liberal Alliance,Enhedslisten,69,1180,379.0,0.3211864406779661,immigration
Liberal Alliance,Liberal Alliance,69,1132,1124.0,0.9929328621908128,immigration
Liberal Alliance,Moderaterne,69,4,4.0,1.0,immigration
Liberal Alliance,Radikale Venstre,69,1555,928.0,0.5967845659163987,immigration
Liberal Alliance,Socialdemokratiet,69,4863,3689.0,0.7585852354513675,immigration
Liberal Alliance,Socialistisk Folkeparti,69,451,212.0,0.4700665188470067,immigration
Liberal Alliance,Uden for folketingsgrupperne,69,744,673.0,0.9045698924731184,immigration
Liberal Alliance,Venstre,69,3986,3762.0,0.943803311590567,immigration
Moderaterne,Alternativet,69,8,4.0,0.5,immigration
Moderaterne,Danmarksdemokraterne,69,78,59.0,0.7564102564102564,immigration
Moderaterne,Dansk Folkeparti,69,244,196.0,0.8032786885245902,immigration
Moderaterne,Det Konservative Folkeparti,69,3,3.0,1.0,immigration
Moderaterne,Enhedslisten,69,133,35.0,0.2631578947368421,immigration
Moderaterne,Liberal Alliance,69,251,236.0,0.9402390438247012,immigration
Moderaterne,Radikale Venstre,69,212,130.0,0.6132075471698113,immigration
Moderaterne,Socialdemokratiet,69,844,702.0,0.8317535545023697,immigration
Moderaterne,Socialistisk Folkeparti,69,114,55.0,0.4824561403508772,immigration
Moderaterne,Uden for folketingsgrupperne,69,119,102.0,0.8571428571428571,immigration
Moderaterne,Venstre,69,708,708.0,1.0,immigration
Radikale Venstre,Alternativet,69,172,132.0,0.7674418604651163,immigration
Radikale Venstre,Danmarksdemokraterne,69,669,368.0,0.5500747384155455,immigration
Radikale Venstre,Dansk Folkeparti,69,1629,883.0,0.5420503376304481,immigration
Radikale Venstre,Det Konservative Folkeparti,69,52,43.0,0.8269230769230769,immigration
Radikale Venstre,Enhedslisten,69,1451,893.0,0.6154376292212267,immigration
Radikale Venstre,Liberal Alliance,69,1413,843.0,0.5966029723991507,immigration
Radikale Venstre,Moderaterne,69,20,7.0,0.35,immigration
Radikale Venstre,Radikale Venstre,69,1141,1132.0,0.9921121822962312,immigration
Radikale Venstre,Socialdemokratiet,69,5273,4124.0,0.7820974777166698,immigration
Radikale Venstre,Socialistisk Folkeparti,69,385,305.0,0.7922077922077922,immigration
Radikale Venstre,Uden for folketingsgrupperne,69,588,367.0,0.6241496598639455,immigration
Radikale Venstre,Venstre,69,4574,3021.0,0.6604722343681679,immigration
Socialdemokratiet,Alternativet,69,758,525.0,0.6926121372031663,immigration
Socialdemokratiet,Danmarksdemokraterne,69,4052,2693.0,0.6646100691016782,immigration
Socialdemokratiet,Dansk Folkeparti,69,9429,6133.0,0.6504401315091738,immigration
Socialdemokratiet,Det Konservative Folkeparti,69,268,228.0,0.8507462686567164,immigration
Socialdemokratiet,Enhedslisten,69,7328,3463.0,0.47257096069869,immigration
Socialdemokratiet,Liberal Alliance,69,8405,6200.0,0.7376561570493754,immigration
Socialdemokratiet,Moderaterne,69,274,212.0,0.7737226277372263,immigration
Socialdemokratiet,Radikale Venstre,69,8115,6408.0,0.7896487985212569,immigration
Socialdemokratiet,Socialdemokratiet,69,29244,28666.0,0.980235261934072,immigration
Socialdemokratiet,Socialistisk Folkeparti,69,3742,2546.0,0.6803848209513629,immigration
Socialdemokratiet,Uden for folketingsgrupperne,69,4485,2991.0,0.6668896321070235,immigration
Socialdemokratiet,Venstre,69,27304,21070.0,0.7716818048637563,immigration
Socialistisk Folkeparti,Alternativet,69,124,113.0,0.9112903225806452,immigration
Socialistisk Folkeparti,Danmarksdemokraterne,69,391,194.0,0.4961636828644501,immigration
Socialistisk Folkeparti,Dansk Folkeparti,69,1612,747.0,0.4633995037220844,immigration
Socialistisk Folkeparti,Det Konservative Folkeparti,69,46,27.0,0.5869565217391305,immigration
Socialistisk Folkeparti,Enhedslisten,69,927,694.0,0.7486515641855448,immigration
Socialistisk Folkeparti,Liberal Alliance,69,1463,734.0,0.5017088174982912,immigration
Socialistisk Folkeparti,Moderaterne,69,54,27.0,0.5,immigration
Socialistisk Folkeparti,Radikale Venstre,69,1601,1259.0,0.7863835103060587,immigration
Socialistisk Folkeparti,Socialdemokratiet,69,5025,3425.0,0.681592039800995,immigration
Socialistisk Folkeparti,Socialistisk Folkeparti,69,441,441.0,1.0,immigration
Socialistisk Folkeparti,Uden for folketingsgrupperne,69,991,456.0,0.4601412714429869,immigration
Socialistisk Folkeparti,Venstre,69,4452,2328.0,0.522911051212938,immigration
Uden for folketingsgrupperne,Alternativet,69,100,33.0,0.33,immigration
Uden for folketingsgrupperne,Danmarksdemokraterne,69,38,38.0,1.0,immigration
Uden for folketingsgrupperne,Dansk Folkeparti,69,890,890.0,1.0,immigration
Uden for folketingsgrupperne,Det Konservative Folkeparti,69,17,11.0,0.6470588235294118,immigration
Uden for folketingsgrupperne,Enhedslisten,69,686,218.0,0.3177842565597668,immigration
Uden for folketingsgrupperne,Liberal Alliance,69,757,663.0,0.8758256274768824,immigration
Uden for folketingsgrupperne,Moderaterne,69,1,1.0,1.0,immigration
Uden for folketingsgrupperne,Radikale Venstre,69,1005,561.0,0.5582089552238806,immigration
Uden for folketingsgrupperne,Socialdemokratiet,69,2645,1754.0,0.6631379962192817,immigration
Uden for folketingsgrupperne,Socialistisk Folkeparti,69,46,10.0,0.217391304347826,immigration
Uden for folketingsgrupperne,Uden for folketingsgrupperne,69,274,265.0,0.9671532846715328,immigration
Uden for folketingsgrupperne,Venstre,69,2127,1858.0,0.8735307945463093,immigration
Venstre,Alternativet,69,674,270.0,0.400593471810089,immigration
Venstre,Danmarksdemokraterne,69,3588,3171.0,0.8837792642140468,immigration
Venstre,Dansk Folkeparti,69,8346,7262.0,0.8701174215192907,immigration
Venstre,Det Konservative Folkeparti,69,278,276.0,0.9928057553956836,immigration
Venstre,Enhedslisten,69,6331,1886.0,0.2978992260306429,immigration
Venstre,Liberal Alliance,69,7912,7491.0,0.9467896865520729,immigration
Venstre,Moderaterne,69,319,319.0,1.0,immigration
Venstre,Radikale Venstre,69,7492,4842.0,0.6462893753336892,immigration
Venstre,Socialdemokratiet,69,28245,21974.0,0.7779784032572137,immigration
Venstre,Socialistisk Folkeparti,69,3562,1767.0,0.4960696238068501,immigration
Venstre,Uden for folketingsgrupperne,69,4289,3823.0,0.8913499650268127,immigration
Venstre,Venstre,69,23563,23563.0,1.0,immigration
Danmarksdemokraterne,Danmarksdemokraterne,66,250,238.0,0.952,immigration
Danmarksdemokraterne,Dansk Folkeparti,66,734,707.0,0.9632152588555858,immigration
Danmarksdemokraterne,Det Konservative Folkeparti,66,554,517.0,0.9332129963898916,immigration
Danmarksdemokraterne,Enhedslisten,66,223,59.0,0.2645739910313901,immigration
Danmarksdemokraterne,Liberal Alliance,66,78,68.0,0.8717948717948718,immigration
Danmarksdemokraterne,Moderaterne,66,15,14.0,0.9333333333333332,immigration
Danmarksdemokraterne,Radikale Venstre,66,320,137.0,0.428125,immigration
Danmarksdemokraterne,Socialdemokratiet,66,1680,870.0,0.5178571428571429,immigration
Danmarksdemokraterne,Socialistisk Folkeparti,66,394,110.0,0.2791878172588832,immigration
Danmarksdemokraterne,Uden for folketingsgrupperne,66,327,238.0,0.72782874617737,immigration
Danmarksdemokraterne,Venstre,66,2181,1998.0,0.9160935350756534,immigration
Dansk Folkeparti,Danmarksdemokraterne,66,287,287.0,1.0,immigration
Dansk Folkeparti,Dansk Folkeparti,66,656,656.0,1.0,immigration
Dansk Folkeparti,Det Konservative Folkeparti,66,423,389.0,0.9196217494089834,immigration
Dansk Folkeparti,Enhedslisten,66,258,54.0,0.2093023255813953,immigration
Dansk Folkeparti,Liberal Alliance,66,72,59.0,0.8194444444444444,immigration
Dansk Folkeparti,Moderaterne,66,23,21.0,0.9130434782608696,immigration
Dansk Folkeparti,Radikale Venstre,66,393,181.0,0.460559796437659,immigration
Dansk Folkeparti,Socialdemokratiet,66,1560,780.0,0.5,immigration
Dansk Folkeparti,Socialistisk Folkeparti,66,529,172.0,0.3251417769376181,immigration
Dansk Folkeparti,Uden for folketingsgrupperne,66,457,291.0,0.6367614879649891,immigration
Dansk Folkeparti,Venstre,66,2065,1842.0,0.8920096852300242,immigration
Det Konservative Folkeparti,Danmarksdemokraterne,66,371,352.0,0.9487870619946092,immigration
Det Konservative Folkeparti,Dansk Folkeparti,66,955,866.0,0.9068062827225132,immigration
Det Konservative Folkeparti,Det Konservative Folkeparti,66,529,526.0,0.994328922495274,immigration
Det Konservative Folkeparti,Enhedslisten,66,312,73.0,0.2339743589743589,immigration
Det Konservative Folkeparti,Liberal Alliance,66,104,104.0,1.0,immigration
Det Konservative Folkeparti,Moderaterne,66,29,29.0,1.0,immigration
Det Konservative Folkeparti,Radikale Venstre,66,497,263.0,0.5291750503018109,immigration
Det Konservative Folkeparti,Socialdemokratiet,66,2147,1294.0,0.6027014438751747,immigration
Det Konservative Folkeparti,Socialistisk Folkeparti,66,505,161.0,0.3188118811881188,immigration
Det Konservative Folkeparti,Uden for folketingsgrupperne,66,437,331.0,0.7574370709382151,immigration
Det Konservative Folkeparti,Venstre,66,2636,2635.0,0.9996206373292869,immigration
Enhedslisten,Danmarksdemokraterne,66,119,27.0,0.226890756302521,immigration
Enhedslisten,Dansk Folkeparti,66,250,83.0,0.332,immigration
Enhedslisten,Det Konservative Folkeparti,66,168,44.0,0.2619047619047619,immigration
Enhedslisten,Enhedslisten,66,55,55.0,1.0,immigration
Enhedslisten,Liberal Alliance,66,26,8.0,0.3076923076923077,immigration
Enhedslisten,Moderaterne,66,2,0.0,0.0,immigration
Enhedslisten,Radikale Venstre,66,106,46.0,0.4339622641509434,immigration
Enhedslisten,Socialdemokratiet,66,518,299.0,0.5772200772200772,immigration
Enhedslisten,Socialistisk Folkeparti,66,158,128.0,0.810126582278481,immigration
Enhedslisten,Uden for folketingsgrupperne,66,144,52.0,0.3611111111111111,immigration
Enhedslisten,Venstre,66,705,179.0,0.2539007092198581,immigration
Liberal Alliance,Danmarksdemokraterne,66,30,25.0,0.8333333333333334,immigration
Liberal Alliance,Dansk Folkeparti,66,90,71.0,0.7888888888888889,immigration
Liberal Alliance,Det Konservative Folkeparti,66,49,48.0,0.979591836734694,immigration
Liberal Alliance,Enhedslisten,66,39,7.0,0.1794871794871795,immigration
Liberal Alliance,Radikale Venstre,66,67,46.0,0.6865671641791045,immigration
Liberal Alliance,Socialdemokratiet,66,210,145.0,0.6904761904761905,immigration
Liberal Alliance,Socialistisk Folkeparti,66,52,19.0,0.3653846153846153,immigration
Liberal Alliance,Uden for folketingsgrupperne,66,52,41.0,0.7884615384615384,immigration
Liberal Alliance,Venstre,66,199,199.0,1.0,immigration
Moderaterne,Danmarksdemokraterne,66,10,9.0,0.9,immigration
Moderaterne,Dansk Folkeparti,66,26,23.0,0.8846153846153846,immigration
Moderaterne,Det Konservative Folkeparti,66,12,12.0,1.0,immigration
Moderaterne,Enhedslisten,66,15,2.0,0.1333333333333333,immigration
Moderaterne,Liberal Alliance,66,8,8.0,1.0,immigration
Moderaterne,Radikale Venstre,66,16,12.0,0.75,immigration
Moderaterne,Socialdemokratiet,66,54,37.0,0.6851851851851852,immigration
Moderaterne,Socialistisk Folkeparti,66,15,4.0,0.2666666666666666,immigration
Moderaterne,Uden for folketingsgrupperne,66,16,14.0,0.875,immigration
Moderaterne,Venstre,66,52,52.0,1.0,immigration
Radikale Venstre,Danmarksdemokraterne,66,154,70.0,0.4545454545454545,immigration
Radikale Venstre,Dansk Folkeparti,66,320,129.0,0.403125,immigration
Radikale Venstre,Det Konservative Folkeparti,66,128,62.0,0.484375,immigration
Radikale Venstre,Enhedslisten,66,105,37.0,0.3523809523809524,immigration
Radikale Venstre,Radikale Venstre,66,118,116.0,0.9830508474576272,immigration
Radikale Venstre,Socialdemokratiet,66,585,394.0,0.6735042735042736,immigration
Radikale Venstre,Socialistisk Folkeparti,66,229,124.0,0.5414847161572053,immigration
Radikale Venstre,Uden for folketingsgrupperne,66,233,179.0,0.7682403433476395,immigration
Radikale Venstre,Venstre,66,793,412.0,0.519546027742749,immigration
Socialdemokratiet,Danmarksdemokraterne,66,896,473.0,0.5279017857142857,immigration
Socialdemokratiet,Dansk Folkeparti,66,2337,1228.0,0.5254599914420197,immigration
Socialdemokratiet,Det Konservative Folkeparti,66,1342,838.0,0.624441132637854,immigration
Socialdemokratiet,Enhedslisten,66,803,389.0,0.4844333748443337,immigration
Socialdemokratiet,Liberal Alliance,66,210,154.0,0.7333333333333333,immigration
Socialdemokratiet,Moderaterne,66,56,39.0,0.6964285714285714,immigration
Socialdemokratiet,Radikale Venstre,66,1168,826.0,0.7071917808219178,immigration
Socialdemokratiet,Socialdemokratiet,66,4592,4428.0,0.9642857142857144,immigration
Socialdemokratiet,Socialistisk Folkeparti,66,1350,905.0,0.6703703703703704,immigration
Socialdemokratiet,Uden for folketingsgrupperne,66,1196,824.0,0.6889632107023411,immigration
Socialdemokratiet,Venstre,66,6175,3811.0,0.617165991902834,immigration
Socialistisk Folkeparti,Danmarksdemokraterne,66,275,71.0,0.2581818181818182,immigration
Socialistisk Folkeparti,Dansk Folkeparti,66,514,140.0,0.2723735408560311,immigration
Socialistisk Folkeparti,Det Konservative Folkeparti,66,398,122.0,0.3065326633165829,immigration
Socialistisk Folkeparti,Enhedslisten,66,182,146.0,0.8021978021978022,immigration
Socialistisk Folkeparti,Liberal Alliance,66,70,25.0,0.3571428571428571,immigration
Socialistisk Folkeparti,Moderaterne,66,17,3.0,0.1764705882352941,immigration
Socialistisk Folkeparti,Radikale Venstre,66,239,130.0,0.5439330543933054,immigration
Socialistisk Folkeparti,Socialdemokratiet,66,1210,776.0,0.6413223140495867,immigration
Socialistisk Folkeparti,Socialistisk Folkeparti,66,284,279.0,0.9823943661971832,immigration
Socialistisk Folkeparti,Uden for folketingsgrupperne,66,280,135.0,0.4821428571428571,immigration
Socialistisk Folkeparti,Venstre,66,1765,582.0,0.3297450424929178,immigration
Uden for folketingsgrupperne,Danmarksdemokraterne,66,146,109.0,0.7465753424657534,immigration
Uden for folketingsgrupperne,Dansk Folkeparti,66,270,247.0,0.9148148148148147,immigration
Uden for folketingsgrupperne,Det Konservative Folkeparti,66,184,142.0,0.7717391304347826,immigration
Uden for folketingsgrupperne,Enhedslisten,66,95,29.0,0.3052631578947368,immigration
Uden for folketingsgrupperne,Liberal Alliance,66,27,22.0,0.8148148148148148,immigration
Uden for folketingsgrupperne,Moderaterne,66,6,5.0,0.8333333333333334,immigration
Uden for folketingsgrupperne,Radikale Venstre,66,101,51.0,0.504950495049505,immigration
Uden for folketingsgrupperne,Socialdemokratiet,66,605,343.0,0.5669421487603306,immigration
Uden for folketingsgrupperne,Socialistisk Folkeparti,66,214,89.0,0.4158878504672897,immigration
Uden for folketingsgrupperne,Uden for folketingsgrupperne,66,122,83.0,0.680327868852459,immigration
Uden for folketingsgrupperne,Venstre,66,908,726.0,0.7995594713656388,immigration
Venstre,Danmarksdemokraterne,66,2082,1945.0,0.9341978866474544,immigration
Venstre,Dansk Folkeparti,66,4442,3981.0,0.8962179198559208,immigration
Venstre,Det Konservative Folkeparti,66,3118,3097.0,0.9932649134060296,immigration
Venstre,Enhedslisten,66,1430,337.0,0.2356643356643356,immigration
Venstre,Liberal Alliance,66,488,488.0,1.0,immigration
Venstre,Moderaterne,66,125,125.0,1.0,immigration
Venstre,Radikale Venstre,66,2193,1065.0,0.4856361149110807,immigration
Venstre,Socialdemokratiet,66,10013,5882.0,0.5874363327674024,immigration
Venstre,Socialistisk Folkeparti,66,2566,823.0,0.3207326578332034,immigration
Venstre,Uden for folketingsgrupperne,66,2084,1504.0,0.7216890595009597,immigration
Venstre,Venstre,66,13055,13055.0,1.0,immigration
Alternativet,Radikale Venstre,70,32,25.0,0.78125,immigration
Alternativet,Venstre,70,51,30.0,0.5882352941176471,immigration
Danmarksdemokraterne,Alternativet,70,345,162.0,0.4695652173913043,immigration
Danmarksdemokraterne,Danmarksdemokraterne,70,1426,1342.0,0.94109396914446,immigration
Danmarksdemokraterne,Dansk Folkeparti,70,1079,1042.0,0.9657089898053752,immigration
Danmarksdemokraterne,Det Konservative Folkeparti,70,303,183.0,0.6039603960396039,immigration
Danmarksdemokraterne,Enhedslisten,70,1667,759.0,0.4553089382123575,immigration
Danmarksdemokraterne,Liberal Alliance,70,621,386.0,0.6215780998389694,immigration
Danmarksdemokraterne,Moderaterne,70,55,29.0,0.5272727272727272,immigration
Danmarksdemokraterne,Radikale Venstre,70,1953,1121.0,0.5739887352790578,immigration
Danmarksdemokraterne,Socialdemokratiet,70,8262,4838.0,0.5855725006051803,immigration
Danmarksdemokraterne,Socialistisk Folkeparti,70,1054,545.0,0.5170777988614801,immigration
Danmarksdemokraterne,Uden for folketingsgrupperne,70,1515,1376.0,0.9082508250825082,immigration
Danmarksdemokraterne,Venstre,70,7379,5117.0,0.693454397614853,immigration
Dansk Folkeparti,Alternativet,70,176,80.0,0.4545454545454545,immigration
Dansk Folkeparti,Danmarksdemokraterne,70,508,501.0,0.9862204724409448,immigration
Dansk Folkeparti,Dansk Folkeparti,70,249,249.0,1.0,immigration
Dansk Folkeparti,Det Konservative Folkeparti,70,68,41.0,0.6029411764705882,immigration
Dansk Folkeparti,Enhedslisten,70,833,355.0,0.4261704681872749,immigration
Dansk Folkeparti,Liberal Alliance,70,251,155.0,0.6175298804780877,immigration
Dansk Folkeparti,Moderaterne,70,1,0.0,0.0,immigration
Dansk Folkeparti,Radikale Venstre,70,680,350.0,0.5147058823529411,immigration
Dansk Folkeparti,Socialdemokratiet,70,2699,1422.0,0.5268618006669137,immigration
Dansk Folkeparti,Socialistisk Folkeparti,70,144,66.0,0.4583333333333333,immigration
Dansk Folkeparti,Uden for folketingsgrupperne,70,218,195.0,0.8944954128440367,immigration
Dansk Folkeparti,Venstre,70,2445,1584.0,0.6478527607361964,immigration
Det Konservative Folkeparti,Alternativet,70,17,12.0,0.7058823529411765,immigration
Det Konservative Folkeparti,Danmarksdemokraterne,70,36,17.0,0.4722222222222222,immigration
Det Konservative Folkeparti,Dansk Folkeparti,70,75,39.0,0.52,immigration
Det Konservative Folkeparti,Det Konservative Folkeparti,70,8,8.0,1.0,immigration
Det Konservative Folkeparti,Enhedslisten,70,137,66.0,0.4817518248175182,immigration
Det Konservative Folkeparti,Liberal Alliance,70,40,32.0,0.8,immigration
Det Konservative Folkeparti,Radikale Venstre,70,116,88.0,0.7586206896551724,immigration
Det Konservative Folkeparti,Socialdemokratiet,70,335,261.0,0.7791044776119403,immigration
Det Konservative Folkeparti,Socialistisk Folkeparti,70,1,0.0,0.0,immigration
Det Konservative Folkeparti,Uden for folketingsgrupperne,70,41,27.0,0.6585365853658537,immigration
Det Konservative Folkeparti,Venstre,70,266,251.0,0.943609022556391,immigration
Enhedslisten,Alternativet,70,249,214.0,0.8594377510040161,immigration
Enhedslisten,Danmarksdemokraterne,70,747,307.0,0.4109772423025435,immigration
Enhedslisten,Dansk Folkeparti,70,347,147.0,0.4236311239193083,immigration
Enhedslisten,Det Konservative Folkeparti,70,103,47.0,0.4563106796116505,immigration
Enhedslisten,Enhedslisten,70,683,682.0,0.9985358711566618,immigration
Enhedslisten,Liberal Alliance,70,183,103.0,0.5628415300546448,immigration
Enhedslisten,Moderaterne,70,14,4.0,0.2857142857142857,immigration
Enhedslisten,Radikale Venstre,70,840,656.0,0.780952380952381,immigration
Enhedslisten,Socialdemokratiet,70,3383,2473.0,0.73100798108188,immigration
Enhedslisten,Socialistisk Folkeparti,70,328,279.0,0.850609756097561,immigration
Enhedslisten,Uden for folketingsgrupperne,70,492,218.0,0.4430894308943089,immigration
Enhedslisten,Venstre,70,3280,1462.0,0.4457317073170732,immigration
Liberal Alliance,Alternativet,70,78,39.0,0.5,immigration
Liberal Alliance,Danmarksdemokraterne,70,88,47.0,0.5340909090909091,immigration
Liberal Alliance,Dansk Folkeparti,70,73,35.0,0.4794520547945205,immigration
Liberal Alliance,Det Konservative Folkeparti,70,23,15.0,0.6521739130434783,immigration
Liberal Alliance,Enhedslisten,70,305,161.0,0.5278688524590164,immigration
Liberal Alliance,Radikale Venstre,70,242,158.0,0.6528925619834711,immigration
Liberal Alliance,Socialdemokratiet,70,687,480.0,0.6986899563318777,immigration
Liberal Alliance,Socialistisk Folkeparti,70,5,2.0,0.4,immigration
Liberal Alliance,Uden for folketingsgrupperne,70,8,7.0,0.875,immigration
Liberal Alliance,Venstre,70,687,474.0,0.6899563318777293,immigration
Moderaterne,Danmarksdemokraterne,70,13,4.0,0.3076923076923077,immigration
Moderaterne,Dansk Folkeparti,70,28,10.0,0.3571428571428571,immigration
Moderaterne,Det Konservative Folkeparti,70,1,0.0,0.0,immigration
Moderaterne,Enhedslisten,70,15,4.0,0.2666666666666666,immigration
Moderaterne,Liberal Alliance,70,13,4.0,0.3076923076923077,immigration
Moderaterne,Radikale Venstre,70,42,12.0,0.2857142857142857,immigration
Moderaterne,Socialdemokratiet,70,108,32.0,0.2962962962962963,immigration
Moderaterne,Socialistisk Folkeparti,70,15,4.0,0.2666666666666666,immigration
Moderaterne,Uden for folketingsgrupperne,70,27,10.0,0.3703703703703703,immigration
Moderaterne,Venstre,70,135,130.0,0.9629629629629628,immigration
Radikale Venstre,Alternativet,70,214,163.0,0.7616822429906542,immigration
Radikale Venstre,Danmarksdemokraterne,70,433,203.0,0.4688221709006928,immigration
Radikale Venstre,Dansk Folkeparti,70,479,241.0,0.5031315240083507,immigration
Radikale Venstre,Det Konservative Folkeparti,70,110,69.0,0.6272727272727273,immigration
Radikale Venstre,Enhedslisten,70,891,716.0,0.8035914702581369,immigration
Radikale Venstre,Liberal Alliance,70,244,155.0,0.6352459016393442,immigration
Radikale Venstre,Radikale Venstre,70,616,608.0,0.987012987012987,immigration
Radikale Venstre,Socialdemokratiet,70,2816,2571.0,0.9129971590909092,immigration
Radikale Venstre,Socialistisk Folkeparti,70,106,95.0,0.8962264150943396,immigration
Radikale Venstre,Uden for folketingsgrupperne,70,351,197.0,0.5612535612535613,immigration
Radikale Venstre,Venstre,70,2475,1588.0,0.6416161616161616,immigration
Socialdemokratiet,Alternativet,70,1247,907.0,0.7273456295108259,immigration
Socialdemokratiet,Danmarksdemokraterne,70,4359,2380.0,0.5459967882541867,immigration
Socialdemokratiet,Dansk Folkeparti,70,3176,1644.0,0.517632241813602,immigration
Socialdemokratiet,Det Konservative Folkeparti,70,773,586.0,0.7580853816300129,immigration
Socialdemokratiet,Enhedslisten,70,5470,4026.0,0.7360146252285192,immigration
Socialdemokratiet,Liberal Alliance,70,1862,1261.0,0.6772287862513426,immigration
Socialdemokratiet,Moderaterne,70,124,36.0,0.2903225806451613,immigration
Socialdemokratiet,Radikale Venstre,70,5784,5401.0,0.9337828492392808,immigration
Socialdemokratiet,Socialdemokratiet,70,21566,21503.0,0.9970787350459056,immigration
Socialdemokratiet,Socialistisk Folkeparti,70,2428,2080.0,0.85667215815486,immigration
Socialdemokratiet,Uden for folketingsgrupperne,70,3735,2162.0,0.5788487282463186,immigration
Socialdemokratiet,Venstre,70,20458,13984.0,0.6835467787662528,immigration
Socialistisk Folkeparti,Alternativet,70,101,83.0,0.8217821782178217,immigration
Socialistisk Folkeparti,Danmarksdemokraterne,70,173,94.0,0.5433526011560693,immigration
Socialistisk Folkeparti,Dansk Folkeparti,70,425,215.0,0.5058823529411764,immigration
Socialistisk Folkeparti,Det Konservative Folkeparti,70,93,49.0,0.5268817204301075,immigration
Socialistisk Folkeparti,Enhedslisten,70,523,443.0,0.847036328871893,immigration
Socialistisk Folkeparti,Liberal Alliance,70,232,123.0,0.5301724137931034,immigration
Socialistisk Folkeparti,Moderaterne,70,26,8.0,0.3076923076923077,immigration
Socialistisk Folkeparti,Radikale Venstre,70,753,645.0,0.8565737051792829,immigration
Socialistisk Folkeparti,Socialdemokratiet,70,1988,1691.0,0.8506036217303823,immigration
Socialistisk Folkeparti,Socialistisk Folkeparti,70,142,142.0,1.0,immigration
Socialistisk Folkeparti,Uden for folketingsgrupperne,70,572,298.0,0.5209790209790209,immigration
Socialistisk Folkeparti,Venstre,70,2007,985.0,0.4907822620827105,immigration
Uden for folketingsgrupperne,Alternativet,70,170,80.0,0.4705882352941176,immigration
Uden for folketingsgrupperne,Danmarksdemokraterne,70,273,231.0,0.8461538461538461,immigration
Uden for folketingsgrupperne,Dansk Folkeparti,70,627,600.0,0.9569377990430622,immigration
Uden for folketingsgrupperne,Det Konservative Folkeparti,70,112,70.0,0.625,immigration
Uden for folketingsgrupperne,Enhedslisten,70,795,378.0,0.4754716981132075,immigration
Uden for folketingsgrupperne,Liberal Alliance,70,368,215.0,0.5842391304347826,immigration
Uden for folketingsgrupperne,Moderaterne,70,27,9.0,0.3333333333333333,immigration
Uden for folketingsgrupperne,Radikale Venstre,70,920,526.0,0.5717391304347826,immigration
Uden for folketingsgrupperne,Socialdemokratiet,70,2866,1685.0,0.5879274249825541,immigration
Uden for folketingsgrupperne,Socialistisk Folkeparti,70,123,86.0,0.6991869918699187,immigration
Uden for folketingsgrupperne,Uden for folketingsgrupperne,70,355,307.0,0.8647887323943662,immigration
Uden for folketingsgrupperne,Venstre,70,2451,1528.0,0.6234190126478988,immigration
Venstre,Alternativet,70,1066,591.0,0.5544090056285178,immigration
Venstre,Danmarksdemokraterne,70,3582,2298.0,0.6415410385259631,immigration
Venstre,Dansk Folkeparti,70,2714,1777.0,0.6547531319086219,immigration
Venstre,Det Konservative Folkeparti,70,700,657.0,0.9385714285714286,immigration
Venstre,Enhedslisten,70,4342,2128.0,0.4900967296176877,immigration
Venstre,Liberal Alliance,70,1548,1110.0,0.7170542635658915,immigration
Venstre,Moderaterne,70,58,51.0,0.8793103448275862,immigration
Venstre,Radikale Venstre,70,5056,3470.0,0.6863132911392406,immigration
Venstre,Socialdemokratiet,70,19327,13558.0,0.7015056656490919,immigration
Venstre,Socialistisk Folkeparti,70,1811,989.0,0.5461071231363888,immigration
Venstre,Uden for folketingsgrupperne,70,3234,2264.0,0.7000618429189858,immigration
Venstre,Venstre,70,16362,16310.0,0.9968219044126636,immigration
Alternativet,Enhedslisten,71,40,39.0,0.975,immigration
Alternativet,Radikale Venstre,71,28,23.0,0.8214285714285714,immigration
Alternativet,Socialdemokratiet,71,25,22.0,0.88,immigration
Alternativet,Venstre,71,27,20.0,0.7407407407407407,immigration
Danmarksdemokraterne,Alternativet,71,173,93.0,0.5375722543352601,immigration
Danmarksdemokraterne,Danmarksdemokraterne,71,1112,1074.0,0.9658273381294964,immigration
Danmarksdemokraterne,Dansk Folkeparti,71,394,263.0,0.6675126903553299,immigration
Danmarksdemokraterne,Det Konservative Folkeparti,71,888,695.0,0.7826576576576577,immigration
Danmarksdemokraterne,Enhedslisten,71,1523,864.0,0.5673013788575181,immigration
Danmarksdemokraterne,Liberal Alliance,71,205,116.0,0.5658536585365853,immigration
Danmarksdemokraterne,Moderaterne,71,31,16.0,0.5161290322580645,immigration
Danmarksdemokraterne,Radikale Venstre,71,579,314.0,0.542314335060449,immigration
Danmarksdemokraterne,Socialdemokratiet,71,4453,2626.0,0.589714799011902,immigration
Danmarksdemokraterne,Socialistisk Folkeparti,71,433,234.0,0.5404157043879908,immigration
Danmarksdemokraterne,Venstre,71,2690,1581.0,0.587732342007435,immigration
Dansk Folkeparti,Alternativet,71,43,23.0,0.5348837209302325,immigration
Dansk Folkeparti,Danmarksdemokraterne,71,376,230.0,0.6117021276595744,immigration
Dansk Folkeparti,Dansk Folkeparti,71,65,65.0,1.0,immigration
Dansk Folkeparti,Det Konservative Folkeparti,71,208,105.0,0.5048076923076923,immigration
Dansk Folkeparti,Enhedslisten,71,439,178.0,0.4054669703872437,immigration
Dansk Folkeparti,Liberal Alliance,71,58,25.0,0.4310344827586206,immigration
Dansk Folkeparti,Moderaterne,71,11,4.0,0.3636363636363636,immigration
Dansk Folkeparti,Radikale Venstre,71,142,42.0,0.2957746478873239,immigration
Dansk Folkeparti,Socialdemokratiet,71,1303,555.0,0.4259401381427475,immigration
Dansk Folkeparti,Socialistisk Folkeparti,71,153,63.0,0.4117647058823529,immigration
Dansk Folkeparti,Venstre,71,884,387.0,0.4377828054298642,immigration
Det Konservative Folkeparti,Alternativet,71,87,44.0,0.5057471264367817,immigration
Det Konservative Folkeparti,Danmarksdemokraterne,71,505,372.0,0.7366336633663366,immigration
Det Konservative Folkeparti,Dansk Folkeparti,71,202,107.0,0.5297029702970297,immigration
Det Konservative Folkeparti,Det Konservative Folkeparti,71,280,277.0,0.9892857142857144,immigration
Det Konservative Folkeparti,Enhedslisten,71,776,418.0,0.538659793814433,immigration
Det Konservative Folkeparti,Liberal Alliance,71,117,80.0,0.6837606837606838,immigration
Det Konservative Folkeparti,Moderaterne,71,7,6.0,0.8571428571428571,immigration
Det Konservative Folkeparti,Radikale Venstre,71,218,131.0,0.6009174311926605,immigration
Det Konservative Folkeparti,Socialdemokratiet,71,1970,1303.0,0.6614213197969543,immigration
Det Konservative Folkeparti,Socialistisk Folkeparti,71,146,73.0,0.5,immigration
Det Konservative Folkeparti,Venstre,71,1357,894.0,0.6588061901252763,immigration
Enhedslisten,Alternativet,71,93,89.0,0.956989247311828,immigration
Enhedslisten,Danmarksdemokraterne,71,345,190.0,0.5507246376811594,immigration
Enhedslisten,Dansk Folkeparti,71,109,42.0,0.3853211009174312,immigration
Enhedslisten,Det Konservative Folkeparti,71,217,120.0,0.5529953917050692,immigration
Enhedslisten,Enhedslisten,71,538,534.0,0.9925650557620818,immigration
Enhedslisten,Liberal Alliance,71,37,24.0,0.6486486486486487,immigration
Enhedslisten,Radikale Venstre,71,313,239.0,0.7635782747603834,immigration
Enhedslisten,Socialdemokratiet,71,1170,742.0,0.6341880341880342,immigration
Enhedslisten,Socialistisk Folkeparti,71,112,108.0,0.9642857142857144,immigration
Enhedslisten,Venstre,71,795,490.0,0.6163522012578616,immigration
Liberal Alliance,Alternativet,71,35,22.0,0.6285714285714286,immigration
Liberal Alliance,Danmarksdemokraterne,71,348,221.0,0.6350574712643678,immigration
Liberal Alliance,Dansk Folkeparti,71,104,39.0,0.375,immigration
Liberal Alliance,Det Konservative Folkeparti,71,180,116.0,0.6444444444444445,immigration
Liberal Alliance,Enhedslisten,71,366,235.0,0.6420765027322405,immigration
Liberal Alliance,Liberal Alliance,71,29,29.0,1.0,immigration
Liberal Alliance,Moderaterne,71,15,13.0,0.8666666666666667,immigration
Liberal Alliance,Radikale Venstre,71,124,96.0,0.7741935483870968,immigration
Liberal Alliance,Socialdemokratiet,71,1030,892.0,0.8660194174757282,immigration
Liberal Alliance,Socialistisk Folkeparti,71,109,75.0,0.6880733944954128,immigration
Liberal Alliance,Venstre,71,734,618.0,0.8419618528610354,immigration
Moderaterne,Alternativet,71,18,15.0,0.8333333333333334,immigration
Moderaterne,Danmarksdemokraterne,71,99,42.0,0.4242424242424242,immigration
Moderaterne,Dansk Folkeparti,71,24,8.0,0.3333333333333333,immigration
Moderaterne,Det Konservative Folkeparti,71,57,33.0,0.5789473684210527,immigration
Moderaterne,Enhedslisten,71,96,70.0,0.7291666666666666,immigration
Moderaterne,Liberal Alliance,71,13,11.0,0.8461538461538461,immigration
Moderaterne,Radikale Venstre,71,38,37.0,0.9736842105263158,immigration
Moderaterne,Socialdemokratiet,71,319,319.0,1.0,immigration
Moderaterne,Socialistisk Folkeparti,71,35,26.0,0.7428571428571429,immigration
Moderaterne,Venstre,71,168,168.0,1.0,immigration
Radikale Venstre,Alternativet,71,24,17.0,0.7083333333333334,immigration
Radikale Venstre,Danmarksdemokraterne,71,159,86.0,0.5408805031446541,immigration
Radikale Venstre,Dansk Folkeparti,71,78,32.0,0.4102564102564102,immigration
Radikale Venstre,Det Konservative Folkeparti,71,163,93.0,0.5705521472392638,immigration
Radikale Venstre,Enhedslisten,71,226,167.0,0.7389380530973452,immigration
Radikale Venstre,Liberal Alliance,71,38,27.0,0.7105263157894737,immigration
Radikale Venstre,Radikale Venstre,71,51,51.0,1.0,immigration
Radikale Venstre,Socialdemokratiet,71,619,521.0,0.8416801292407108,immigration
Radikale Venstre,Socialistisk Folkeparti,71,12,10.0,0.8333333333333334,immigration
Radikale Venstre,Venstre,71,381,322.0,0.8451443569553806,immigration
Socialdemokratiet,Alternativet,71,586,436.0,0.7440273037542662,immigration
Socialdemokratiet,Danmarksdemokraterne,71,4442,2756.0,0.6204412426834759,immigration
Socialdemokratiet,Dansk Folkeparti,71,1359,648.0,0.4768211920529801,immigration
Socialdemokratiet,Det Konservative Folkeparti,71,2877,1914.0,0.6652763295099061,immigration
Socialdemokratiet,Enhedslisten,71,5279,3489.0,0.66092062890699,immigration
Socialdemokratiet,Liberal Alliance,71,843,708.0,0.8398576512455516,immigration
Socialdemokratiet,Moderaterne,71,128,128.0,1.0,immigration
Socialdemokratiet,Radikale Venstre,71,1883,1640.0,0.8709506107275624,immigration
Socialdemokratiet,Socialdemokratiet,71,14816,14816.0,1.0,immigration
Socialdemokratiet,Socialistisk Folkeparti,71,1774,1192.0,0.6719278466741826,immigration
Socialdemokratiet,Venstre,71,10212,10192.0,0.9980415197806504,immigration
Socialistisk Folkeparti,Alternativet,71,93,85.0,0.913978494623656,immigration
Socialistisk Folkeparti,Danmarksdemokraterne,71,843,502.0,0.5954922894424673,immigration
Socialistisk Folkeparti,Dansk Folkeparti,71,230,116.0,0.5043478260869565,immigration
Socialistisk Folkeparti,Det Konservative Folkeparti,71,533,307.0,0.575984990619137,immigration
Socialistisk Folkeparti,Enhedslisten,71,832,768.0,0.9230769230769232,immigration
Socialistisk Folkeparti,Liberal Alliance,71,149,107.0,0.7181208053691275,immigration
Socialistisk Folkeparti,Moderaterne,71,35,27.0,0.7714285714285715,immigration
Socialistisk Folkeparti,Radikale Venstre,71,352,281.0,0.7982954545454546,immigration
Socialistisk Folkeparti,Socialdemokratiet,71,2731,1933.0,0.7077993409007689,immigration
Socialistisk Folkeparti,Socialistisk Folkeparti,71,261,261.0,1.0,immigration
Socialistisk Folkeparti,Venstre,71,1896,1367.0,0.7209915611814346,immigration
Venstre,Alternativet,71,395,303.0,0.7670886075949367,immigration
Venstre,Danmarksdemokraterne,71,3097,1893.0,0.611236680658702,immigration
Venstre,Dansk Folkeparti,71,838,416.0,0.4964200477326969,immigration
Venstre,Det Konservative Folkeparti,71,1835,1191.0,0.6490463215258856,immigration
Venstre,Enhedslisten,71,3379,2275.0,0.6732761171944363,immigration
Venstre,Liberal Alliance,71,452,379.0,0.838495575221239,immigration
Venstre,Moderaterne,71,132,131.0,0.9924242424242424,immigration
Venstre,Radikale Venstre,71,1241,1099.0,0.8855761482675262,immigration
Venstre,Socialdemokratiet,71,10180,10090.0,0.9911591355599214,immigration
Venstre,Socialistisk Folkeparti,71,1039,736.0,0.7083734359961501,immigration
Venstre,Venstre,71,6357,6289.0,0.9893031304074248,immigration
Danmarksdemokraterne,Danmarksdemokraterne,68,723,718.0,0.9930843706777316,udenrigspolitik
Danmarksdemokraterne,Dansk Folkeparti,68,1212,1203.0,0.9925742574257426,udenrigspolitik
Danmarksdemokraterne,Det Konservative Folkeparti,68,1297,929.0,0.7162683114880494,udenrigspolitik
Danmarksdemokraterne,Enhedslisten,68,2360,887.0,0.3758474576271186,udenrigspolitik
Danmarksdemokraterne,Inuit Ataqatigiit,68,3,0.0,0.0,udenrigspolitik
Danmarksdemokraterne,Liberal Alliance,68,1297,878.0,0.676946800308404,udenrigspolitik
Danmarksdemokraterne,Moderaterne,68,109,74.0,0.6788990825688074,udenrigspolitik
Danmarksdemokraterne,Radikale Venstre,68,2565,1208.0,0.4709551656920078,udenrigspolitik
Danmarksdemokraterne,Socialdemokratiet,68,2821,1315.0,0.4661467564693371,udenrigspolitik
Danmarksdemokraterne,Socialistisk Folkeparti,68,1447,685.0,0.4733932273669661,udenrigspolitik
Danmarksdemokraterne,Uden for folketingsgrupperne,68,847,798.0,0.9421487603305784,udenrigspolitik
Danmarksdemokraterne,Venstre,68,3984,2701.0,0.6779618473895582,udenrigspolitik
Dansk Folkeparti,Danmarksdemokraterne,68,833,830.0,0.9963985594237696,udenrigspolitik
Dansk Folkeparti,Dansk Folkeparti,68,925,918.0,0.9924324324324324,udenrigspolitik
Dansk Folkeparti,Det Konservative Folkeparti,68,1317,943.0,0.7160212604403948,udenrigspolitik
Dansk Folkeparti,Enhedslisten,68,2505,926.0,0.3696606786427145,udenrigspolitik
Dansk Folkeparti,Inuit Ataqatigiit,68,6,0.0,0.0,udenrigspolitik
Dansk Folkeparti,Liberal Alliance,68,1205,807.0,0.6697095435684647,udenrigspolitik
Dansk Folkeparti,Moderaterne,68,76,53.0,0.6973684210526315,udenrigspolitik
Dansk Folkeparti,Radikale Venstre,68,2236,1014.0,0.4534883720930232,udenrigspolitik
Dansk Folkeparti,Socialdemokratiet,68,2732,1224.0,0.4480234260614934,udenrigspolitik
Dansk Folkeparti,Socialistisk Folkeparti,68,1553,724.0,0.4661944623309723,udenrigspolitik
Dansk Folkeparti,Uden for folketingsgrupperne,68,755,691.0,0.91523178807947,udenrigspolitik
Dansk Folkeparti,Venstre,68,3830,2571.0,0.6712793733681462,udenrigspolitik
Det Konservative Folkeparti,Danmarksdemokraterne,68,527,348.0,0.6603415559772297,udenrigspolitik
Det Konservative Folkeparti,Dansk Folkeparti,68,686,471.0,0.6865889212827988,udenrigspolitik
Det Konservative Folkeparti,Det Konservative Folkeparti,68,678,678.0,1.0,udenrigspolitik
Det Konservative Folkeparti,Enhedslisten,68,1736,808.0,0.4654377880184331,udenrigspolitik
Det Konservative Folkeparti,Inuit Ataqatigiit,68,2,0.0,0.0,udenrigspolitik
Det Konservative Folkeparti,Liberal Alliance,68,774,528.0,0.6821705426356589,udenrigspolitik
Det Konservative Folkeparti,Moderaterne,68,74,71.0,0.9594594594594594,udenrigspolitik
Det Konservative Folkeparti,Radikale Venstre,68,1414,1000.0,0.7072135785007072,udenrigspolitik
Det Konservative Folkeparti,Socialdemokratiet,68,1883,1356.0,0.7201274561869357,udenrigspolitik
Det Konservative Folkeparti,Socialistisk Folkeparti,68,1101,769.0,0.698455949137148,udenrigspolitik
Det Konservative Folkeparti,Uden for folketingsgrupperne,68,465,326.0,0.7010752688172043,udenrigspolitik
Det Konservative Folkeparti,Venstre,68,2457,2313.0,0.9413919413919414,udenrigspolitik
Enhedslisten,Danmarksdemokraterne,68,1307,468.0,0.3580719204284621,udenrigspolitik
Enhedslisten,Dansk Folkeparti,68,1569,568.0,0.3620140216698534,udenrigspolitik
Enhedslisten,Det Konservative Folkeparti,68,1852,774.0,0.41792656587473,udenrigspolitik
Enhedslisten,Enhedslisten,68,3172,3030.0,0.955233291298865,udenrigspolitik
Enhedslisten,Inuit Ataqatigiit,68,7,7.0,1.0,udenrigspolitik
Enhedslisten,Liberal Alliance,68,1777,732.0,0.4119302194710185,udenrigspolitik
Enhedslisten,Moderaterne,68,173,62.0,0.3583815028901734,udenrigspolitik
Enhedslisten,Radikale Venstre,68,3278,2250.0,0.6863941427699817,udenrigspolitik
Enhedslisten,Socialdemokratiet,68,4231,2956.0,0.6986528007563224,udenrigspolitik
Enhedslisten,Socialistisk Folkeparti,68,2337,1676.0,0.7171587505348738,udenrigspolitik
Enhedslisten,Uden for folketingsgrupperne,68,1133,436.0,0.3848190644307149,udenrigspolitik
Enhedslisten,Venstre,68,5717,2204.0,0.3855168794822459,udenrigspolitik
Inuit Ataqatigiit,Det Konservative Folkeparti,68,1,0.0,0.0,udenrigspolitik
Inuit Ataqatigiit,Enhedslisten,68,1,1.0,1.0,udenrigspolitik
Inuit Ataqatigiit,Radikale Venstre,68,1,0.0,0.0,udenrigspolitik
Inuit Ataqatigiit,Socialdemokratiet,68,2,0.0,0.0,udenrigspolitik
Inuit Ataqatigiit,Socialistisk Folkeparti,68,2,0.0,0.0,udenrigspolitik
Inuit Ataqatigiit,Uden for folketingsgrupperne,68,1,0.0,0.0,udenrigspolitik
Inuit Ataqatigiit,Venstre,68,2,0.0,0.0,udenrigspolitik
Liberal Alliance,Danmarksdemokraterne,68,341,210.0,0.6158357771260997,udenrigspolitik
Liberal Alliance,Dansk Folkeparti,68,616,402.0,0.6525974025974026,udenrigspolitik
Liberal Alliance,Det Konservative Folkeparti,68,808,583.0,0.7215346534653465,udenrigspolitik
Liberal Alliance,Enhedslisten,68,1451,627.0,0.4321157822191592,udenrigspolitik
Liberal Alliance,Inuit Ataqatigiit,68,4,0.0,0.0,udenrigspolitik
Liberal Alliance,Liberal Alliance,68,524,518.0,0.9885496183206108,udenrigspolitik
Liberal Alliance,Moderaterne,68,20,16.0,0.8,udenrigspolitik
Liberal Alliance,Radikale Venstre,68,996,529.0,0.5311244979919679,udenrigspolitik
Liberal Alliance,Socialdemokratiet,68,1668,886.0,0.5311750599520384,udenrigspolitik
Liberal Alliance,Socialistisk Folkeparti,68,983,567.0,0.5768056968463886,udenrigspolitik
Liberal Alliance,Uden for folketingsgrupperne,68,337,263.0,0.7804154302670623,udenrigspolitik
Liberal Alliance,Venstre,68,1933,1422.0,0.735644076564925,udenrigspolitik
Moderaterne,Danmarksdemokraterne,68,108,74.0,0.6851851851851852,udenrigspolitik
Moderaterne,Dansk Folkeparti,68,152,102.0,0.6710526315789473,udenrigspolitik
Moderaterne,Det Konservative Folkeparti,68,148,143.0,0.9662162162162162,udenrigspolitik
Moderaterne,Enhedslisten,68,259,111.0,0.4285714285714285,udenrigspolitik
Moderaterne,Liberal Alliance,68,160,106.0,0.6625,udenrigspolitik
Moderaterne,Moderaterne,68,2,2.0,1.0,udenrigspolitik
Moderaterne,Radikale Venstre,68,304,194.0,0.6381578947368421,udenrigspolitik
Moderaterne,Socialdemokratiet,68,353,232.0,0.6572237960339944,udenrigspolitik
Moderaterne,Socialistisk Folkeparti,68,143,88.0,0.6153846153846154,udenrigspolitik
Moderaterne,Uden for folketingsgrupperne,68,110,76.0,0.6909090909090909,udenrigspolitik
Moderaterne,Venstre,68,439,439.0,1.0,udenrigspolitik
Radikale Venstre,Danmarksdemokraterne,68,737,319.0,0.4328358208955223,udenrigspolitik
Radikale Venstre,Dansk Folkeparti,68,1394,641.0,0.4598278335724534,udenrigspolitik
Radikale Venstre,Det Konservative Folkeparti,68,1772,1275.0,0.7195259593679458,udenrigspolitik
Radikale Venstre,Enhedslisten,68,3137,2271.0,0.7239400701306982,udenrigspolitik
Radikale Venstre,Inuit Ataqatigiit,68,6,0.0,0.0,udenrigspolitik
Radikale Venstre,Liberal Alliance,68,1877,992.0,0.5285029302077784,udenrigspolitik
Radikale Venstre,Moderaterne,68,41,28.0,0.6829268292682927,udenrigspolitik
Radikale Venstre,Radikale Venstre,68,2529,2529.0,1.0,udenrigspolitik
Radikale Venstre,Socialdemokratiet,68,3771,3771.0,1.0,udenrigspolitik
Radikale Venstre,Socialistisk Folkeparti,68,2052,2003.0,0.9761208576998052,udenrigspolitik
Radikale Venstre,Uden for folketingsgrupperne,68,900,439.0,0.4877777777777777,udenrigspolitik
Radikale Venstre,Venstre,68,4876,3153.0,0.646636587366694,udenrigspolitik
Socialdemokratiet,Danmarksdemokraterne,68,2333,1105.0,0.473639091298757,udenrigspolitik
Socialdemokratiet,Dansk Folkeparti,68,2976,1402.0,0.4711021505376344,udenrigspolitik
Socialdemokratiet,Det Konservative Folkeparti,68,3157,2336.0,0.7399429838454229,udenrigspolitik
Socialdemokratiet,Enhedslisten,68,5929,4248.0,0.7164783268679372,udenrigspolitik
Socialdemokratiet,Inuit Ataqatigiit,68,9,0.0,0.0,udenrigspolitik
Socialdemokratiet,Liberal Alliance,68,2826,1482.0,0.524416135881104,udenrigspolitik
Socialdemokratiet,Moderaterne,68,247,158.0,0.6396761133603239,udenrigspolitik
Socialdemokratiet,Radikale Venstre,68,5147,5147.0,1.0,udenrigspolitik
Socialdemokratiet,Socialdemokratiet,68,6613,6613.0,1.0,udenrigspolitik
Socialdemokratiet,Socialistisk Folkeparti,68,3615,3513.0,0.9717842323651452,udenrigspolitik
Socialdemokratiet,Uden for folketingsgrupperne,68,1714,826.0,0.4819136522753792,udenrigspolitik
Socialdemokratiet,Venstre,68,9189,6056.0,0.6590488627707041,udenrigspolitik
Socialistisk Folkeparti,Danmarksdemokraterne,68,900,442.0,0.4911111111111111,udenrigspolitik
Socialistisk Folkeparti,Dansk Folkeparti,68,1063,510.0,0.4797742238946378,udenrigspolitik
Socialistisk Folkeparti,Det Konservative Folkeparti,68,1188,844.0,0.7104377104377104,udenrigspolitik
Socialistisk Folkeparti,Enhedslisten,68,2310,1701.0,0.7363636363636363,udenrigspolitik
Socialistisk Folkeparti,Inuit Ataqatigiit,68,3,0.0,0.0,udenrigspolitik
Socialistisk Folkeparti,Liberal Alliance,68,1090,612.0,0.5614678899082569,udenrigspolitik
Socialistisk Folkeparti,Moderaterne,68,119,78.0,0.6554621848739496,udenrigspolitik
Socialistisk Folkeparti,Radikale Venstre,68,2075,2053.0,0.9893975903614458,udenrigspolitik
Socialistisk Folkeparti,Socialdemokratiet,68,2855,2819.0,0.9873905429071804,udenrigspolitik
Socialistisk Folkeparti,Socialistisk Folkeparti,68,1206,1192.0,0.988391376451078,udenrigspolitik
Socialistisk Folkeparti,Uden for folketingsgrupperne,68,681,348.0,0.5110132158590308,udenrigspolitik
Socialistisk Folkeparti,Venstre,68,4032,2569.0,0.6371527777777778,udenrigspolitik
Uden for folketingsgrupperne,Danmarksdemokraterne,68,83,81.0,0.9759036144578314,udenrigspolitik
Uden for folketingsgrupperne,Dansk Folkeparti,68,277,275.0,0.9927797833935018,udenrigspolitik
Uden for folketingsgrupperne,Det Konservative Folkeparti,68,469,322.0,0.6865671641791045,udenrigspolitik
Uden for folketingsgrupperne,Enhedslisten,68,738,307.0,0.4159891598915989,udenrigspolitik
Uden for folketingsgrupperne,Inuit Ataqatigiit,68,1,0.0,0.0,udenrigspolitik
Uden for folketingsgrupperne,Liberal Alliance,68,476,304.0,0.6386554621848739,udenrigspolitik
Uden for folketingsgrupperne,Moderaterne,68,3,2.0,0.6666666666666666,udenrigspolitik
Uden for folketingsgrupperne,Radikale Venstre,68,750,354.0,0.472,udenrigspolitik
Uden for folketingsgrupperne,Socialdemokratiet,68,898,430.0,0.4788418708240534,udenrigspolitik
Uden for folketingsgrupperne,Socialistisk Folkeparti,68,507,245.0,0.4832347140039448,udenrigspolitik
Uden for folketingsgrupperne,Uden for folketingsgrupperne,68,158,131.0,0.8291139240506329,udenrigspolitik
Uden for folketingsgrupperne,Venstre,68,1005,653.0,0.6497512437810945,udenrigspolitik
Venstre,Danmarksdemokraterne,68,2612,1744.0,0.667687595712098,udenrigspolitik
Venstre,Dansk Folkeparti,68,3468,2371.0,0.683679354094579,udenrigspolitik
Venstre,Det Konservative Folkeparti,68,3887,3616.0,0.930280421919218,udenrigspolitik
Venstre,Enhedslisten,68,7170,3171.0,0.4422594142259414,udenrigspolitik
Venstre,Inuit Ataqatigiit,68,10,0.0,0.0,udenrigspolitik
Venstre,Liberal Alliance,68,3839,2687.0,0.6999218546496484,udenrigspolitik
Venstre,Moderaterne,68,273,262.0,0.9597069597069596,udenrigspolitik
Venstre,Radikale Venstre,68,6723,4484.0,0.666964152907928,udenrigspolitik
Venstre,Socialdemokratiet,68,8757,5872.0,0.6705492748658216,udenrigspolitik
Venstre,Socialistisk Folkeparti,68,4255,2767.0,0.6502937720329025,udenrigspolitik
Venstre,Uden for folketingsgrupperne,68,2293,1559.0,0.6798953336240733,udenrigspolitik
Venstre,Venstre,68,10963,10720.0,0.9778345343427892,udenrigspolitik
Danmarksdemokraterne,Danmarksdemokraterne,67,660,636.0,0.9636363636363636,udenrigspolitik
Danmarksdemokraterne,Dansk Folkeparti,67,2636,2588.0,0.9817905918057664,udenrigspolitik
Danmarksdemokraterne,Det Konservative Folkeparti,67,1399,1302.0,0.9306647605432452,udenrigspolitik
Danmarksdemokraterne,Enhedslisten,67,554,196.0,0.3537906137184115,udenrigspolitik
Danmarksdemokraterne,Javnaðarflokkurin,67,3,3.0,1.0,udenrigspolitik
Danmarksdemokraterne,Liberal Alliance,67,147,94.0,0.6394557823129252,udenrigspolitik
Danmarksdemokraterne,Moderaterne,67,62,62.0,1.0,udenrigspolitik
Danmarksdemokraterne,Radikale Venstre,67,516,285.0,0.5523255813953488,udenrigspolitik
Danmarksdemokraterne,Sambandsflokkurin,67,8,7.0,0.875,udenrigspolitik
Danmarksdemokraterne,Socialdemokratiet,67,6174,3278.0,0.5309361839974085,udenrigspolitik
Danmarksdemokraterne,Socialistisk Folkeparti,67,2407,1212.0,0.5035313668466971,udenrigspolitik
Danmarksdemokraterne,Uden for folketingsgrupperne,67,572,506.0,0.8846153846153846,udenrigspolitik
Danmarksdemokraterne,Venstre,67,6748,6248.0,0.9259039715471252,udenrigspolitik
Dansk Folkeparti,Danmarksdemokraterne,67,428,425.0,0.9929906542056076,udenrigspolitik
Dansk Folkeparti,Dansk Folkeparti,67,2439,2434.0,0.997949979499795,udenrigspolitik
Dansk Folkeparti,Det Konservative Folkeparti,67,1678,1551.0,0.9243146603098928,udenrigspolitik
Dansk Folkeparti,Enhedslisten,67,564,216.0,0.3829787234042553,udenrigspolitik
Dansk Folkeparti,Javnaðarflokkurin,67,7,7.0,1.0,udenrigspolitik
Dansk Folkeparti,Liberal Alliance,67,273,175.0,0.6410256410256411,udenrigspolitik
Dansk Folkeparti,Moderaterne,67,50,50.0,1.0,udenrigspolitik
Dansk Folkeparti,Radikale Venstre,67,547,295.0,0.5393053016453382,udenrigspolitik
Dansk Folkeparti,Sambandsflokkurin,67,1,1.0,1.0,udenrigspolitik
Dansk Folkeparti,Socialdemokratiet,67,5443,2787.0,0.5120338048870109,udenrigspolitik
Dansk Folkeparti,Socialistisk Folkeparti,67,2346,1166.0,0.4970161977834612,udenrigspolitik
Dansk Folkeparti,Uden for folketingsgrupperne,67,704,581.0,0.8252840909090909,udenrigspolitik
Dansk Folkeparti,Venstre,67,5773,5320.0,0.9215312662393904,udenrigspolitik
Det Konservative Folkeparti,Danmarksdemokraterne,67,556,522.0,0.9388489208633094,udenrigspolitik
Det Konservative Folkeparti,Dansk Folkeparti,67,1973,1833.0,0.9290420679168778,udenrigspolitik
Det Konservative Folkeparti,Det Konservative Folkeparti,67,939,939.0,1.0,udenrigspolitik
Det Konservative Folkeparti,Enhedslisten,67,498,202.0,0.4056224899598393,udenrigspolitik
Det Konservative Folkeparti,Javnaðarflokkurin,67,2,2.0,1.0,udenrigspolitik
Det Konservative Folkeparti,Liberal Alliance,67,155,114.0,0.7354838709677419,udenrigspolitik
Det Konservative Folkeparti,Moderaterne,67,48,48.0,1.0,udenrigspolitik
Det Konservative Folkeparti,Radikale Venstre,67,423,274.0,0.6477541371158393,udenrigspolitik
Det Konservative Folkeparti,Sambandsflokkurin,67,8,8.0,1.0,udenrigspolitik
Det Konservative Folkeparti,Socialdemokratiet,67,4302,2578.0,0.599256159925616,udenrigspolitik
Det Konservative Folkeparti,Socialistisk Folkeparti,67,1758,1013.0,0.5762229806598407,udenrigspolitik
Det Konservative Folkeparti,Uden for folketingsgrupperne,67,449,383.0,0.8530066815144766,udenrigspolitik
Det Konservative Folkeparti,Venstre,67,4803,4803.0,1.0,udenrigspolitik
Enhedslisten,Danmarksdemokraterne,67,238,87.0,0.3655462184873949,udenrigspolitik
Enhedslisten,Dansk Folkeparti,67,928,319.0,0.34375,udenrigspolitik
Enhedslisten,Det Konservative Folkeparti,67,431,170.0,0.3944315545243619,udenrigspolitik
Enhedslisten,Enhedslisten,67,111,101.0,0.90990990990991,udenrigspolitik
Enhedslisten,Javnaðarflokkurin,67,1,1.0,1.0,udenrigspolitik
Enhedslisten,Liberal Alliance,67,94,42.0,0.4468085106382978,udenrigspolitik
Enhedslisten,Moderaterne,67,21,5.0,0.238095238095238,udenrigspolitik
Enhedslisten,Radikale Venstre,67,160,113.0,0.70625,udenrigspolitik
Enhedslisten,Socialdemokratiet,67,1929,1391.0,0.7210990150336962,udenrigspolitik
Enhedslisten,Socialistisk Folkeparti,67,880,658.0,0.7477272727272727,udenrigspolitik
Enhedslisten,Uden for folketingsgrupperne,67,210,93.0,0.4428571428571428,udenrigspolitik
Enhedslisten,Venstre,67,2078,763.0,0.3671799807507218,udenrigspolitik
Javnaðarflokkurin,Det Konservative Folkeparti,67,1,1.0,1.0,udenrigspolitik
Javnaðarflokkurin,Socialdemokratiet,67,1,1.0,1.0,udenrigspolitik
Javnaðarflokkurin,Socialistisk Folkeparti,67,1,1.0,1.0,udenrigspolitik
Javnaðarflokkurin,Venstre,67,3,3.0,1.0,udenrigspolitik
Liberal Alliance,Danmarksdemokraterne,67,211,189.0,0.8957345971563981,udenrigspolitik
Liberal Alliance,Dansk Folkeparti,67,363,328.0,0.9035812672176308,udenrigspolitik
Liberal Alliance,Det Konservative Folkeparti,67,243,229.0,0.9423868312757202,udenrigspolitik
Liberal Alliance,Enhedslisten,67,79,32.0,0.4050632911392405,udenrigspolitik
Liberal Alliance,Liberal Alliance,67,1,1.0,1.0,udenrigspolitik
Liberal Alliance,Moderaterne,67,20,19.0,0.95,udenrigspolitik
Liberal Alliance,Radikale Venstre,67,61,43.0,0.7049180327868853,udenrigspolitik
Liberal Alliance,Socialdemokratiet,67,1104,667.0,0.6041666666666666,udenrigspolitik
Liberal Alliance,Socialistisk Folkeparti,67,423,258.0,0.6099290780141844,udenrigspolitik
Liberal Alliance,Uden for folketingsgrupperne,67,80,67.0,0.8375,udenrigspolitik
Liberal Alliance,Venstre,67,1256,1174.0,0.9347133757961784,udenrigspolitik
Moderaterne,Danmarksdemokraterne,67,21,21.0,1.0,udenrigspolitik
Moderaterne,Dansk Folkeparti,67,91,91.0,1.0,udenrigspolitik
Moderaterne,Det Konservative Folkeparti,67,39,39.0,1.0,udenrigspolitik
Moderaterne,Enhedslisten,67,3,2.0,0.6666666666666666,udenrigspolitik
Moderaterne,Radikale Venstre,67,9,4.0,0.4444444444444444,udenrigspolitik
Moderaterne,Socialdemokratiet,67,198,70.0,0.3535353535353535,udenrigspolitik
Moderaterne,Socialistisk Folkeparti,67,24,5.0,0.2083333333333333,udenrigspolitik
Moderaterne,Uden for folketingsgrupperne,67,14,7.0,0.5,udenrigspolitik
Moderaterne,Venstre,67,128,128.0,1.0,udenrigspolitik
Radikale Venstre,Danmarksdemokraterne,67,109,56.0,0.5137614678899083,udenrigspolitik
Radikale Venstre,Dansk Folkeparti,67,525,298.0,0.5676190476190476,udenrigspolitik
Radikale Venstre,Det Konservative Folkeparti,67,277,177.0,0.6389891696750902,udenrigspolitik
Radikale Venstre,Enhedslisten,67,150,126.0,0.84,udenrigspolitik
Radikale Venstre,Javnaðarflokkurin,67,1,1.0,1.0,udenrigspolitik
Radikale Venstre,Liberal Alliance,67,52,28.0,0.5384615384615384,udenrigspolitik
Radikale Venstre,Radikale Venstre,67,68,68.0,1.0,udenrigspolitik
Radikale Venstre,Socialdemokratiet,67,895,751.0,0.8391061452513966,udenrigspolitik
Radikale Venstre,Socialistisk Folkeparti,67,465,407.0,0.875268817204301,udenrigspolitik
Radikale Venstre,Uden for folketingsgrupperne,67,61,42.0,0.6885245901639344,udenrigspolitik
Radikale Venstre,Venstre,67,829,521.0,0.6284680337756333,udenrigspolitik
Sambandsflokkurin,Danmarksdemokraterne,67,14,12.0,0.8571428571428571,udenrigspolitik
Sambandsflokkurin,Dansk Folkeparti,67,34,28.0,0.8235294117647058,udenrigspolitik
Sambandsflokkurin,Det Konservative Folkeparti,67,13,13.0,1.0,udenrigspolitik
Sambandsflokkurin,Enhedslisten,67,14,2.0,0.1428571428571428,udenrigspolitik
Sambandsflokkurin,Liberal Alliance,67,3,2.0,0.6666666666666666,udenrigspolitik
Sambandsflokkurin,Moderaterne,67,1,1.0,1.0,udenrigspolitik
Sambandsflokkurin,Radikale Venstre,67,9,3.0,0.3333333333333333,udenrigspolitik
Sambandsflokkurin,Socialdemokratiet,67,83,36.0,0.4337349397590361,udenrigspolitik
Sambandsflokkurin,Socialistisk Folkeparti,67,40,8.0,0.2,udenrigspolitik
Sambandsflokkurin,Uden for folketingsgrupperne,67,7,6.0,0.8571428571428571,udenrigspolitik
Sambandsflokkurin,Venstre,67,111,111.0,1.0,udenrigspolitik
Socialdemokratiet,Danmarksdemokraterne,67,2845,1419.0,0.4987697715289982,udenrigspolitik
Socialdemokratiet,Dansk Folkeparti,67,11072,5742.0,0.5186054913294798,udenrigspolitik
Socialdemokratiet,Det Konservative Folkeparti,67,6054,3763.0,0.6215725140403039,udenrigspolitik
Socialdemokratiet,Enhedslisten,67,2342,1810.0,0.7728437233134073,udenrigspolitik
Socialdemokratiet,Javnaðarflokkurin,67,14,14.0,1.0,udenrigspolitik
Socialdemokratiet,Liberal Alliance,67,769,390.0,0.5071521456436932,udenrigspolitik
Socialdemokratiet,Moderaterne,67,261,87.0,0.3333333333333333,udenrigspolitik
Socialdemokratiet,Radikale Venstre,67,2165,1831.0,0.8457274826789838,udenrigspolitik
Socialdemokratiet,Sambandsflokkurin,67,22,9.0,0.4090909090909091,udenrigspolitik
Socialdemokratiet,Socialdemokratiet,67,23085,22606.0,0.9792505956248646,udenrigspolitik
Socialdemokratiet,Socialistisk Folkeparti,67,9537,8921.0,0.9354094579008074,udenrigspolitik
Socialdemokratiet,Uden for folketingsgrupperne,67,2599,1398.0,0.5378991919969219,udenrigspolitik
Socialdemokratiet,Venstre,67,25473,15098.0,0.5927060024339497,udenrigspolitik
Socialistisk Folkeparti,Danmarksdemokraterne,67,1070,509.0,0.4757009345794392,udenrigspolitik
Socialistisk Folkeparti,Dansk Folkeparti,67,4064,1926.0,0.4739173228346456,udenrigspolitik
Socialistisk Folkeparti,Det Konservative Folkeparti,67,2322,1332.0,0.5736434108527132,udenrigspolitik
Socialistisk Folkeparti,Enhedslisten,67,792,658.0,0.8308080808080808,udenrigspolitik
Socialistisk Folkeparti,Javnaðarflokkurin,67,6,6.0,1.0,udenrigspolitik
Socialistisk Folkeparti,Liberal Alliance,67,282,149.0,0.5283687943262412,udenrigspolitik
Socialistisk Folkeparti,Moderaterne,67,97,22.0,0.2268041237113402,udenrigspolitik
Socialistisk Folkeparti,Radikale Venstre,67,788,669.0,0.8489847715736041,udenrigspolitik
Socialistisk Folkeparti,Sambandsflokkurin,67,3,1.0,0.3333333333333333,udenrigspolitik
Socialistisk Folkeparti,Socialdemokratiet,67,8925,8267.0,0.9262745098039216,udenrigspolitik
Socialistisk Folkeparti,Socialistisk Folkeparti,67,3163,3163.0,1.0,udenrigspolitik
Socialistisk Folkeparti,Uden for folketingsgrupperne,67,1003,518.0,0.5164506480558325,udenrigspolitik
Socialistisk Folkeparti,Venstre,67,10440,5792.0,0.5547892720306513,udenrigspolitik
Uden for folketingsgrupperne,Danmarksdemokraterne,67,106,97.0,0.9150943396226416,udenrigspolitik
Uden for folketingsgrupperne,Dansk Folkeparti,67,562,562.0,1.0,udenrigspolitik
Uden for folketingsgrupperne,Det Konservative Folkeparti,67,362,326.0,0.9005524861878453,udenrigspolitik
Uden for folketingsgrupperne,Enhedslisten,67,106,39.0,0.3679245283018867,udenrigspolitik
Uden for folketingsgrupperne,Javnaðarflokkurin,67,2,2.0,1.0,udenrigspolitik
Uden for folketingsgrupperne,Liberal Alliance,67,41,26.0,0.6341463414634146,udenrigspolitik
Uden for folketingsgrupperne,Moderaterne,67,21,21.0,1.0,udenrigspolitik
Uden for folketingsgrupperne,Radikale Venstre,67,177,90.0,0.5084745762711864,udenrigspolitik
Uden for folketingsgrupperne,Socialdemokratiet,67,1096,529.0,0.4826642335766423,udenrigspolitik
Uden for folketingsgrupperne,Socialistisk Folkeparti,67,413,198.0,0.4794188861985472,udenrigspolitik
Uden for folketingsgrupperne,Uden for folketingsgrupperne,67,80,62.0,0.775,udenrigspolitik
Uden for folketingsgrupperne,Venstre,67,1092,978.0,0.8956043956043956,udenrigspolitik
Venstre,Danmarksdemokraterne,67,3770,3494.0,0.926790450928382,udenrigspolitik
Venstre,Dansk Folkeparti,67,13611,12501.0,0.9184483138637868,udenrigspolitik
Venstre,Det Konservative Folkeparti,67,7556,7556.0,1.0,udenrigspolitik
Venstre,Enhedslisten,67,2913,1161.0,0.3985581874356333,udenrigspolitik
Venstre,Javnaðarflokkurin,67,19,19.0,1.0,udenrigspolitik
Venstre,Liberal Alliance,67,891,645.0,0.7239057239057239,udenrigspolitik
Venstre,Moderaterne,67,346,346.0,1.0,udenrigspolitik
Venstre,Radikale Venstre,67,2835,1777.0,0.6268077601410935,udenrigspolitik
Venstre,Sambandsflokkurin,67,11,11.0,1.0,udenrigspolitik
Venstre,Socialdemokratiet,67,30791,18346.0,0.5958234549056542,udenrigspolitik
Venstre,Socialistisk Folkeparti,67,11274,6363.0,0.5643959552953699,udenrigspolitik
Venstre,Uden for folketingsgrupperne,67,3253,2818.0,0.8662772825084537,udenrigspolitik
Venstre,Venstre,67,31575,31575.0,1.0,udenrigspolitik
Alternativet,Liberal Alliance,69,18,3.0,0.1666666666666666,udenrigspolitik
Alternativet,Radikale Venstre,69,4,3.0,0.75,udenrigspolitik
Danmarksdemokraterne,Alternativet,69,92,19.0,0.2065217391304347,udenrigspolitik
Danmarksdemokraterne,Danmarksdemokraterne,69,1206,1146.0,0.9502487562189056,udenrigspolitik
Danmarksdemokraterne,Dansk Folkeparti,69,2433,2360.0,0.9699958898479244,udenrigspolitik
Danmarksdemokraterne,Det Konservative Folkeparti,69,52,43.0,0.8269230769230769,udenrigspolitik
Danmarksdemokraterne,Enhedslisten,69,2023,721.0,0.356401384083045,udenrigspolitik
Danmarksdemokraterne,Liberal Alliance,69,2534,2198.0,0.8674033149171271,udenrigspolitik
Danmarksdemokraterne,Moderaterne,69,170,138.0,0.8117647058823529,udenrigspolitik
Danmarksdemokraterne,Radikale Venstre,69,2154,1127.0,0.5232126276694522,udenrigspolitik
Danmarksdemokraterne,Socialdemokratiet,69,8243,5516.0,0.6691738444740992,udenrigspolitik
Danmarksdemokraterne,Socialistisk Folkeparti,69,1286,563.0,0.4377916018662519,udenrigspolitik
Danmarksdemokraterne,Uden for folketingsgrupperne,69,1342,1288.0,0.9597615499254843,udenrigspolitik
Danmarksdemokraterne,Venstre,69,7340,6412.0,0.8735694822888284,udenrigspolitik
Dansk Folkeparti,Alternativet,69,101,14.0,0.1386138613861386,udenrigspolitik
Dansk Folkeparti,Danmarksdemokraterne,69,968,940.0,0.9710743801652892,udenrigspolitik
Dansk Folkeparti,Dansk Folkeparti,69,1730,1730.0,1.0,udenrigspolitik
Dansk Folkeparti,Det Konservative Folkeparti,69,49,41.0,0.8367346938775511,udenrigspolitik
Dansk Folkeparti,Enhedslisten,69,1904,674.0,0.3539915966386555,udenrigspolitik
Dansk Folkeparti,Liberal Alliance,69,1738,1442.0,0.8296892980437284,udenrigspolitik
Dansk Folkeparti,Moderaterne,69,88,62.0,0.7045454545454546,udenrigspolitik
Dansk Folkeparti,Radikale Venstre,69,1772,846.0,0.4774266365688487,udenrigspolitik
Dansk Folkeparti,Socialdemokratiet,69,6509,3976.0,0.6108465202027962,udenrigspolitik
Dansk Folkeparti,Socialistisk Folkeparti,69,688,291.0,0.4229651162790697,udenrigspolitik
Dansk Folkeparti,Uden for folketingsgrupperne,69,866,829.0,0.9572748267898384,udenrigspolitik
Dansk Folkeparti,Venstre,69,5762,4775.0,0.8287053106560223,udenrigspolitik
Det Konservative Folkeparti,Alternativet,69,10,2.0,0.2,udenrigspolitik
Det Konservative Folkeparti,Danmarksdemokraterne,69,117,93.0,0.7948717948717948,udenrigspolitik
Det Konservative Folkeparti,Dansk Folkeparti,69,193,148.0,0.7668393782383419,udenrigspolitik
Det Konservative Folkeparti,Det Konservative Folkeparti,69,8,8.0,1.0,udenrigspolitik
Det Konservative Folkeparti,Enhedslisten,69,190,78.0,0.4105263157894737,udenrigspolitik
Det Konservative Folkeparti,Liberal Alliance,69,143,134.0,0.9370629370629372,udenrigspolitik
Det Konservative Folkeparti,Moderaterne,69,24,24.0,1.0,udenrigspolitik
Det Konservative Folkeparti,Radikale Venstre,69,118,75.0,0.635593220338983,udenrigspolitik
Det Konservative Folkeparti,Socialdemokratiet,69,492,397.0,0.806910569105691,udenrigspolitik
Det Konservative Folkeparti,Socialistisk Folkeparti,69,84,39.0,0.4642857142857143,udenrigspolitik
Det Konservative Folkeparti,Uden for folketingsgrupperne,69,65,56.0,0.8615384615384616,udenrigspolitik
Det Konservative Folkeparti,Venstre,69,527,527.0,1.0,udenrigspolitik
Enhedslisten,Alternativet,69,88,67.0,0.7613636363636364,udenrigspolitik
Enhedslisten,Danmarksdemokraterne,69,990,332.0,0.3353535353535353,udenrigspolitik
Enhedslisten,Dansk Folkeparti,69,1665,601.0,0.360960960960961,udenrigspolitik
Enhedslisten,Det Konservative Folkeparti,69,28,19.0,0.6785714285714286,udenrigspolitik
Enhedslisten,Enhedslisten,69,1278,1278.0,1.0,udenrigspolitik
Enhedslisten,Liberal Alliance,69,1688,615.0,0.3643364928909952,udenrigspolitik
Enhedslisten,Moderaterne,69,143,46.0,0.3216783216783216,udenrigspolitik
Enhedslisten,Radikale Venstre,69,1456,930.0,0.6387362637362637,udenrigspolitik
Enhedslisten,Socialdemokratiet,69,5870,2865.0,0.4880749574105621,udenrigspolitik
Enhedslisten,Socialistisk Folkeparti,69,867,710.0,0.8189158016147635,udenrigspolitik
Enhedslisten,Uden for folketingsgrupperne,69,808,232.0,0.2871287128712871,udenrigspolitik
Enhedslisten,Venstre,69,5412,1899.0,0.3508869179600887,udenrigspolitik
Liberal Alliance,Alternativet,69,67,14.0,0.208955223880597,udenrigspolitik
Liberal Alliance,Danmarksdemokraterne,69,163,144.0,0.8834355828220859,udenrigspolitik
Liberal Alliance,Dansk Folkeparti,69,1381,1133.0,0.8204199855177408,udenrigspolitik
Liberal Alliance,Det Konservative Folkeparti,69,18,18.0,1.0,udenrigspolitik
Liberal Alliance,Enhedslisten,69,1097,445.0,0.4056517775752051,udenrigspolitik
Liberal Alliance,Liberal Alliance,69,952,947.0,0.994747899159664,udenrigspolitik
Liberal Alliance,Moderaterne,69,7,7.0,1.0,udenrigspolitik
Liberal Alliance,Radikale Venstre,69,1225,764.0,0.6236734693877551,udenrigspolitik
Liberal Alliance,Socialdemokratiet,69,3862,3008.0,0.7788710512687727,udenrigspolitik
Liberal Alliance,Socialistisk Folkeparti,69,322,138.0,0.4285714285714285,udenrigspolitik
Liberal Alliance,Uden for folketingsgrupperne,69,586,530.0,0.9044368600682594,udenrigspolitik
Liberal Alliance,Venstre,69,3040,2986.0,0.9822368421052632,udenrigspolitik
Moderaterne,Alternativet,69,2,0.0,0.0,udenrigspolitik
Moderaterne,Danmarksdemokraterne,69,73,52.0,0.7123287671232876,udenrigspolitik
Moderaterne,Dansk Folkeparti,69,216,153.0,0.7083333333333334,udenrigspolitik
Moderaterne,Det Konservative Folkeparti,69,7,7.0,1.0,udenrigspolitik
Moderaterne,Enhedslisten,69,138,52.0,0.3768115942028985,udenrigspolitik
Moderaterne,Liberal Alliance,69,218,209.0,0.9587155963302753,udenrigspolitik
Moderaterne,Moderaterne,69,1,1.0,1.0,udenrigspolitik
Moderaterne,Radikale Venstre,69,172,105.0,0.6104651162790697,udenrigspolitik
Moderaterne,Socialdemokratiet,69,696,555.0,0.7974137931034483,udenrigspolitik
Moderaterne,Socialistisk Folkeparti,69,85,43.0,0.5058823529411764,udenrigspolitik
Moderaterne,Uden for folketingsgrupperne,69,103,83.0,0.8058252427184466,udenrigspolitik
Moderaterne,Venstre,69,560,560.0,1.0,udenrigspolitik
Radikale Venstre,Alternativet,69,89,65.0,0.7303370786516854,udenrigspolitik
Radikale Venstre,Danmarksdemokraterne,69,449,237.0,0.5278396436525612,udenrigspolitik
Radikale Venstre,Dansk Folkeparti,69,1209,584.0,0.4830438378825475,udenrigspolitik
Radikale Venstre,Det Konservative Folkeparti,69,30,20.0,0.6666666666666666,udenrigspolitik
Radikale Venstre,Enhedslisten,69,1176,816.0,0.6938775510204082,udenrigspolitik
Radikale Venstre,Liberal Alliance,69,1153,736.0,0.6383347788378144,udenrigspolitik
Radikale Venstre,Moderaterne,69,20,13.0,0.65,udenrigspolitik
Radikale Venstre,Radikale Venstre,69,897,888.0,0.9899665551839464,udenrigspolitik
Radikale Venstre,Socialdemokratiet,69,3893,2999.0,0.7703570511173902,udenrigspolitik
Radikale Venstre,Socialistisk Folkeparti,69,252,171.0,0.6785714285714286,udenrigspolitik
Radikale Venstre,Uden for folketingsgrupperne,69,459,242.0,0.5272331154684096,udenrigspolitik
Radikale Venstre,Venstre,69,3316,2096.0,0.632086851628468,udenrigspolitik
Socialdemokratiet,Alternativet,69,345,142.0,0.4115942028985507,udenrigspolitik
Socialdemokratiet,Danmarksdemokraterne,69,2963,1934.0,0.652716841039487,udenrigspolitik
Socialdemokratiet,Dansk Folkeparti,69,6545,3997.0,0.6106951871657754,udenrigspolitik
Socialdemokratiet,Det Konservative Folkeparti,69,149,121.0,0.8120805369127517,udenrigspolitik
Socialdemokratiet,Enhedslisten,69,5580,2829.0,0.5069892473118279,udenrigspolitik
Socialdemokratiet,Liberal Alliance,69,6292,4863.0,0.7728862047043865,udenrigspolitik
Socialdemokratiet,Moderaterne,69,239,187.0,0.7824267782426778,udenrigspolitik
Socialdemokratiet,Radikale Venstre,69,5911,4497.0,0.7607849771612248,udenrigspolitik
Socialdemokratiet,Socialdemokratiet,69,20291,19952.0,0.9832930856044552,udenrigspolitik
Socialdemokratiet,Socialistisk Folkeparti,69,2481,1461.0,0.5888754534461911,udenrigspolitik
Socialdemokratiet,Uden for folketingsgrupperne,69,3216,2048.0,0.6368159203980099,udenrigspolitik
Socialdemokratiet,Venstre,69,18499,14467.0,0.7820422725552733,udenrigspolitik
Socialistisk Folkeparti,Alternativet,69,53,34.0,0.6415094339622641,udenrigspolitik
Socialistisk Folkeparti,Danmarksdemokraterne,69,303,132.0,0.4356435643564356,udenrigspolitik
Socialistisk Folkeparti,Dansk Folkeparti,69,1185,479.0,0.4042194092827004,udenrigspolitik
Socialistisk Folkeparti,Det Konservative Folkeparti,69,27,20.0,0.7407407407407407,udenrigspolitik
Socialistisk Folkeparti,Enhedslisten,69,778,668.0,0.8586118251928021,udenrigspolitik
Socialistisk Folkeparti,Liberal Alliance,69,1129,551.0,0.4880425155004428,udenrigspolitik
Socialistisk Folkeparti,Moderaterne,69,47,24.0,0.5106382978723404,udenrigspolitik
Socialistisk Folkeparti,Radikale Venstre,69,1156,828.0,0.7162629757785467,udenrigspolitik
Socialistisk Folkeparti,Socialdemokratiet,69,3565,2127.0,0.5966339410939692,udenrigspolitik
Socialistisk Folkeparti,Socialistisk Folkeparti,69,274,271.0,0.9890510948905108,udenrigspolitik
Socialistisk Folkeparti,Uden for folketingsgrupperne,69,725,271.0,0.3737931034482759,udenrigspolitik
Socialistisk Folkeparti,Venstre,69,3081,1457.0,0.4728984096072703,udenrigspolitik
Uden for folketingsgrupperne,Alternativet,69,63,7.0,0.1111111111111111,udenrigspolitik
Uden for folketingsgrupperne,Danmarksdemokraterne,69,35,35.0,1.0,udenrigspolitik
Uden for folketingsgrupperne,Dansk Folkeparti,69,728,728.0,1.0,udenrigspolitik
Uden for folketingsgrupperne,Det Konservative Folkeparti,69,9,9.0,1.0,udenrigspolitik
Uden for folketingsgrupperne,Enhedslisten,69,581,182.0,0.3132530120481928,udenrigspolitik
Uden for folketingsgrupperne,Liberal Alliance,69,652,565.0,0.8665644171779141,udenrigspolitik
Uden for folketingsgrupperne,Radikale Venstre,69,790,347.0,0.4392405063291139,udenrigspolitik
Uden for folketingsgrupperne,Socialdemokratiet,69,2083,1298.0,0.6231397023523764,udenrigspolitik
Uden for folketingsgrupperne,Socialistisk Folkeparti,69,35,11.0,0.3142857142857143,udenrigspolitik
Uden for folketingsgrupperne,Uden for folketingsgrupperne,69,222,214.0,0.963963963963964,udenrigspolitik
Uden for folketingsgrupperne,Venstre,69,1641,1455.0,0.886654478976234,udenrigspolitik
Venstre,Alternativet,69,307,63.0,0.2052117263843648,udenrigspolitik
Venstre,Danmarksdemokraterne,69,2672,2338.0,0.875,udenrigspolitik
Venstre,Dansk Folkeparti,69,5917,4852.0,0.8200101402737874,udenrigspolitik
Venstre,Det Konservative Folkeparti,69,151,151.0,1.0,udenrigspolitik
Venstre,Enhedslisten,69,4883,1869.0,0.3827565021503174,udenrigspolitik
Venstre,Liberal Alliance,69,6052,5948.0,0.982815598149372,udenrigspolitik
Venstre,Moderaterne,69,289,289.0,1.0,udenrigspolitik
Venstre,Radikale Venstre,69,5530,3482.0,0.6296564195298372,udenrigspolitik
Venstre,Socialdemokratiet,69,19853,15500.0,0.7807384274416964,udenrigspolitik
Venstre,Socialistisk Folkeparti,69,2375,1068.0,0.4496842105263158,udenrigspolitik
Venstre,Uden for folketingsgrupperne,69,3069,2724.0,0.8875855327468231,udenrigspolitik
Venstre,Venstre,69,16149,16149.0,1.0,udenrigspolitik
Danmarksdemokraterne,Danmarksdemokraterne,66,556,530.0,0.9532374100719424,udenrigspolitik
Danmarksdemokraterne,Dansk Folkeparti,66,1519,1473.0,0.9697169190256748,udenrigspolitik
Danmarksdemokraterne,Det Konservative Folkeparti,66,1229,1127.0,0.9170056956875507,udenrigspolitik
Danmarksdemokraterne,Enhedslisten,66,454,134.0,0.2951541850220264,udenrigspolitik
Danmarksdemokraterne,Liberal Alliance,66,195,178.0,0.9128205128205128,udenrigspolitik
Danmarksdemokraterne,Moderaterne,66,46,46.0,1.0,udenrigspolitik
Danmarksdemokraterne,Radikale Venstre,66,818,465.0,0.5684596577017115,udenrigspolitik
Danmarksdemokraterne,Siumut,66,3,0.0,0.0,udenrigspolitik
Danmarksdemokraterne,Socialdemokratiet,66,3494,1900.0,0.5437893531768746,udenrigspolitik
Danmarksdemokraterne,Socialistisk Folkeparti,66,769,290.0,0.377113133940182,udenrigspolitik
Danmarksdemokraterne,Uden for folketingsgrupperne,66,651,515.0,0.7910906298003072,udenrigspolitik
Danmarksdemokraterne,Venstre,66,4680,4286.0,0.9158119658119658,udenrigspolitik
Dansk Folkeparti,Danmarksdemokraterne,66,509,509.0,1.0,udenrigspolitik
Dansk Folkeparti,Dansk Folkeparti,66,1254,1254.0,1.0,udenrigspolitik
Dansk Folkeparti,Det Konservative Folkeparti,66,828,752.0,0.9082125603864736,udenrigspolitik
Dansk Folkeparti,Enhedslisten,66,478,151.0,0.3158995815899582,udenrigspolitik
Dansk Folkeparti,Liberal Alliance,66,167,150.0,0.8982035928143712,udenrigspolitik
Dansk Folkeparti,Moderaterne,66,45,45.0,1.0,udenrigspolitik
Dansk Folkeparti,Radikale Venstre,66,915,512.0,0.5595628415300546,udenrigspolitik
Dansk Folkeparti,Siumut,66,1,0.0,0.0,udenrigspolitik
Dansk Folkeparti,Socialdemokratiet,66,2997,1636.0,0.5458792125458792,udenrigspolitik
Dansk Folkeparti,Socialistisk Folkeparti,66,944,353.0,0.3739406779661017,udenrigspolitik
Dansk Folkeparti,Uden for folketingsgrupperne,66,871,635.0,0.7290470723306545,udenrigspolitik
Dansk Folkeparti,Venstre,66,4151,3731.0,0.8988195615514334,udenrigspolitik
Det Konservative Folkeparti,Danmarksdemokraterne,66,835,772.0,0.9245508982035928,udenrigspolitik
Det Konservative Folkeparti,Dansk Folkeparti,66,2094,1879.0,0.8973256924546322,udenrigspolitik
Det Konservative Folkeparti,Det Konservative Folkeparti,66,1267,1260.0,0.994475138121547,udenrigspolitik
Det Konservative Folkeparti,Enhedslisten,66,685,221.0,0.3226277372262773,udenrigspolitik
Det Konservative Folkeparti,Liberal Alliance,66,290,287.0,0.9896551724137932,udenrigspolitik
Det Konservative Folkeparti,Moderaterne,66,67,67.0,1.0,udenrigspolitik
Det Konservative Folkeparti,Radikale Venstre,66,1288,773.0,0.6001552795031055,udenrigspolitik
Det Konservative Folkeparti,Siumut,66,5,0.0,0.0,udenrigspolitik
Det Konservative Folkeparti,Socialdemokratiet,66,4849,2805.0,0.5784697875850691,udenrigspolitik
Det Konservative Folkeparti,Socialistisk Folkeparti,66,1065,447.0,0.4197183098591549,udenrigspolitik
Det Konservative Folkeparti,Uden for folketingsgrupperne,66,948,783.0,0.8259493670886076,udenrigspolitik
Det Konservative Folkeparti,Venstre,66,6122,6109.0,0.997876510944136,udenrigspolitik
Enhedslisten,Danmarksdemokraterne,66,236,71.0,0.3008474576271186,udenrigspolitik
Enhedslisten,Dansk Folkeparti,66,506,161.0,0.3181818181818182,udenrigspolitik
Enhedslisten,Det Konservative Folkeparti,66,349,114.0,0.326647564469914,udenrigspolitik
Enhedslisten,Enhedslisten,66,114,114.0,1.0,udenrigspolitik
Enhedslisten,Liberal Alliance,66,73,21.0,0.2876712328767123,udenrigspolitik
Enhedslisten,Moderaterne,66,9,2.0,0.2222222222222222,udenrigspolitik
Enhedslisten,Radikale Venstre,66,249,167.0,0.6706827309236948,udenrigspolitik
Enhedslisten,Siumut,66,1,0.0,0.0,udenrigspolitik
Enhedslisten,Socialdemokratiet,66,1065,727.0,0.6826291079812207,udenrigspolitik
Enhedslisten,Socialistisk Folkeparti,66,308,272.0,0.8831168831168831,udenrigspolitik
Enhedslisten,Uden for folketingsgrupperne,66,269,135.0,0.5018587360594795,udenrigspolitik
Enhedslisten,Venstre,66,1520,492.0,0.3236842105263158,udenrigspolitik
Liberal Alliance,Danmarksdemokraterne,66,76,67.0,0.881578947368421,udenrigspolitik
Liberal Alliance,Dansk Folkeparti,66,216,186.0,0.8611111111111112,udenrigspolitik
Liberal Alliance,Det Konservative Folkeparti,66,120,117.0,0.975,udenrigspolitik
Liberal Alliance,Enhedslisten,66,81,22.0,0.2716049382716049,udenrigspolitik
Liberal Alliance,Radikale Venstre,66,208,132.0,0.6346153846153846,udenrigspolitik
Liberal Alliance,Socialdemokratiet,66,496,301.0,0.6068548387096774,udenrigspolitik
Liberal Alliance,Socialistisk Folkeparti,66,109,42.0,0.3853211009174312,udenrigspolitik
Liberal Alliance,Uden for folketingsgrupperne,66,125,101.0,0.808,udenrigspolitik
Liberal Alliance,Venstre,66,491,484.0,0.9857433808553973,udenrigspolitik
Moderaterne,Danmarksdemokraterne,66,22,22.0,1.0,udenrigspolitik
Moderaterne,Dansk Folkeparti,66,56,56.0,1.0,udenrigspolitik
Moderaterne,Det Konservative Folkeparti,66,27,27.0,1.0,udenrigspolitik
Moderaterne,Enhedslisten,66,23,6.0,0.2608695652173913,udenrigspolitik
Moderaterne,Liberal Alliance,66,15,15.0,1.0,udenrigspolitik
Moderaterne,Radikale Venstre,66,52,43.0,0.8269230769230769,udenrigspolitik
Moderaterne,Socialdemokratiet,66,115,59.0,0.5130434782608696,udenrigspolitik
Moderaterne,Socialistisk Folkeparti,66,29,8.0,0.2758620689655172,udenrigspolitik
Moderaterne,Uden for folketingsgrupperne,66,40,35.0,0.875,udenrigspolitik
Moderaterne,Venstre,66,125,125.0,1.0,udenrigspolitik
Radikale Venstre,Danmarksdemokraterne,66,309,175.0,0.5663430420711975,udenrigspolitik
Radikale Venstre,Dansk Folkeparti,66,632,352.0,0.5569620253164557,udenrigspolitik
Radikale Venstre,Det Konservative Folkeparti,66,287,181.0,0.6306620209059234,udenrigspolitik
Radikale Venstre,Enhedslisten,66,272,183.0,0.6727941176470589,udenrigspolitik
Radikale Venstre,Radikale Venstre,66,324,318.0,0.9814814814814816,udenrigspolitik
Radikale Venstre,Socialdemokratiet,66,1352,1031.0,0.7625739644970414,udenrigspolitik
Radikale Venstre,Socialistisk Folkeparti,66,408,281.0,0.6887254901960784,udenrigspolitik
Radikale Venstre,Uden for folketingsgrupperne,66,466,376.0,0.8068669527896996,udenrigspolitik
Radikale Venstre,Venstre,66,1894,1159.0,0.6119324181626188,udenrigspolitik
Siumut,Danmarksdemokraterne,66,1,0.0,0.0,udenrigspolitik
Siumut,Dansk Folkeparti,66,3,0.0,0.0,udenrigspolitik
Siumut,Det Konservative Folkeparti,66,2,0.0,0.0,udenrigspolitik
Siumut,Liberal Alliance,66,1,0.0,0.0,udenrigspolitik
Siumut,Radikale Venstre,66,3,0.0,0.0,udenrigspolitik
Siumut,Socialdemokratiet,66,6,0.0,0.0,udenrigspolitik
Siumut,Socialistisk Folkeparti,66,3,0.0,0.0,udenrigspolitik
Siumut,Uden for folketingsgrupperne,66,2,0.0,0.0,udenrigspolitik
Siumut,Venstre,66,7,0.0,0.0,udenrigspolitik
Socialdemokratiet,Danmarksdemokraterne,66,1638,910.0,0.5555555555555556,udenrigspolitik
Socialdemokratiet,Dansk Folkeparti,66,4381,2464.0,0.562428669253595,udenrigspolitik
Socialdemokratiet,Det Konservative Folkeparti,66,2558,1555.0,0.6078967943706021,udenrigspolitik
Socialdemokratiet,Enhedslisten,66,1425,912.0,0.64,udenrigspolitik
Socialdemokratiet,Liberal Alliance,66,488,300.0,0.6147540983606558,udenrigspolitik
Socialdemokratiet,Moderaterne,66,125,65.0,0.52,udenrigspolitik
Socialdemokratiet,Radikale Venstre,66,2541,1934.0,0.7611176702085793,udenrigspolitik
Socialdemokratiet,Siumut,66,9,0.0,0.0,udenrigspolitik
Socialdemokratiet,Socialdemokratiet,66,8692,8357.0,0.9614588127013346,udenrigspolitik
Socialdemokratiet,Socialistisk Folkeparti,66,2404,1731.0,0.7200499168053245,udenrigspolitik
Socialdemokratiet,Uden for folketingsgrupperne,66,2191,1521.0,0.6942035600182564,udenrigspolitik
Socialdemokratiet,Venstre,66,12145,7300.0,0.6010703993412927,udenrigspolitik
Socialistisk Folkeparti,Danmarksdemokraterne,66,623,229.0,0.3675762439807383,udenrigspolitik
Socialistisk Folkeparti,Dansk Folkeparti,66,1098,409.0,0.372495446265938,udenrigspolitik
Socialistisk Folkeparti,Det Konservative Folkeparti,66,952,407.0,0.4275210084033613,udenrigspolitik
Socialistisk Folkeparti,Enhedslisten,66,370,332.0,0.8972972972972973,udenrigspolitik
Socialistisk Folkeparti,Liberal Alliance,66,164,65.0,0.3963414634146341,udenrigspolitik
Socialistisk Folkeparti,Moderaterne,66,37,12.0,0.3243243243243243,udenrigspolitik
Socialistisk Folkeparti,Radikale Venstre,66,639,493.0,0.7715179968701096,udenrigspolitik
Socialistisk Folkeparti,Siumut,66,1,0.0,0.0,udenrigspolitik
Socialistisk Folkeparti,Socialdemokratiet,66,2689,2084.0,0.7750092971364819,udenrigspolitik
Socialistisk Folkeparti,Socialistisk Folkeparti,66,575,573.0,0.9965217391304348,udenrigspolitik
Socialistisk Folkeparti,Uden for folketingsgrupperne,66,572,329.0,0.5751748251748252,udenrigspolitik
Socialistisk Folkeparti,Venstre,66,4048,1691.0,0.4177371541501976,udenrigspolitik
Uden for folketingsgrupperne,Danmarksdemokraterne,66,271,221.0,0.8154981549815498,udenrigspolitik
Uden for folketingsgrupperne,Dansk Folkeparti,66,503,464.0,0.9224652087475148,udenrigspolitik
Uden for folketingsgrupperne,Det Konservative Folkeparti,66,376,326.0,0.8670212765957447,udenrigspolitik
Uden for folketingsgrupperne,Enhedslisten,66,177,78.0,0.4406779661016949,udenrigspolitik
Uden for folketingsgrupperne,Liberal Alliance,66,50,45.0,0.9,udenrigspolitik
Uden for folketingsgrupperne,Moderaterne,66,12,12.0,1.0,udenrigspolitik
Uden for folketingsgrupperne,Radikale Venstre,66,211,122.0,0.5781990521327014,udenrigspolitik
Uden for folketingsgrupperne,Socialdemokratiet,66,1201,723.0,0.6019983347210658,udenrigspolitik
Uden for folketingsgrupperne,Socialistisk Folkeparti,66,402,195.0,0.4850746268656716,udenrigspolitik
Uden for folketingsgrupperne,Uden for folketingsgrupperne,66,232,178.0,0.7672413793103449,udenrigspolitik
Uden for folketingsgrupperne,Venstre,66,1942,1673.0,0.8614830072090628,udenrigspolitik
Venstre,Danmarksdemokraterne,66,3831,3537.0,0.923257635082224,udenrigspolitik
Venstre,Dansk Folkeparti,66,8207,7352.0,0.895820640916291,udenrigspolitik
Venstre,Det Konservative Folkeparti,66,6141,6112.0,0.9952776420778376,udenrigspolitik
Venstre,Enhedslisten,66,2659,857.0,0.3223016171493043,udenrigspolitik
Venstre,Liberal Alliance,66,1136,1116.0,0.9823943661971832,udenrigspolitik
Venstre,Moderaterne,66,278,278.0,1.0,udenrigspolitik
Venstre,Radikale Venstre,66,4621,2802.0,0.6063622592512443,udenrigspolitik
Venstre,Siumut,66,14,0.0,0.0,udenrigspolitik
Venstre,Socialdemokratiet,66,18599,11083.0,0.5958922522716275,udenrigspolitik
Venstre,Socialistisk Folkeparti,66,4479,1879.0,0.4195132842152266,udenrigspolitik
Venstre,Uden for folketingsgrupperne,66,3707,3092.0,0.8340976530887511,udenrigspolitik
Venstre,Venstre,66,24659,24605.0,0.9978101301755952,udenrigspolitik
Danmarksdemokraterne,Danmarksdemokraterne,65,4,4.0,1.0,udenrigspolitik
Danmarksdemokraterne,Dansk Folkeparti,65,40,40.0,1.0,udenrigspolitik
Danmarksdemokraterne,Det Konservative Folkeparti,65,20,20.0,1.0,udenrigspolitik
Danmarksdemokraterne,Kristendemokraterne,65,4,4.0,1.0,udenrigspolitik
Danmarksdemokraterne,Liberal Alliance,65,8,8.0,1.0,udenrigspolitik
Danmarksdemokraterne,Radikale Venstre,65,16,12.0,0.75,udenrigspolitik
Danmarksdemokraterne,Socialdemokratiet,65,152,35.0,0.2302631578947368,udenrigspolitik
Danmarksdemokraterne,Socialistisk Folkeparti,65,16,4.0,0.25,udenrigspolitik
Danmarksdemokraterne,Uden for folketingsgrupperne,65,30,26.0,0.8666666666666667,udenrigspolitik
Danmarksdemokraterne,Venstre,65,104,103.0,0.9903846153846154,udenrigspolitik
Dansk Folkeparti,Dansk Folkeparti,65,40,40.0,1.0,udenrigspolitik
Dansk Folkeparti,Det Konservative Folkeparti,65,6,6.0,1.0,udenrigspolitik
Dansk Folkeparti,Kristendemokraterne,65,4,4.0,1.0,udenrigspolitik
Dansk Folkeparti,Liberal Alliance,65,6,6.0,1.0,udenrigspolitik
Dansk Folkeparti,Radikale Venstre,65,18,14.0,0.7777777777777778,udenrigspolitik
Dansk Folkeparti,Socialdemokratiet,65,140,40.0,0.2857142857142857,udenrigspolitik
Dansk Folkeparti,Socialistisk Folkeparti,65,24,7.0,0.2916666666666667,udenrigspolitik
Dansk Folkeparti,Uden for folketingsgrupperne,65,22,18.0,0.8181818181818182,udenrigspolitik
Dansk Folkeparti,Venstre,65,102,102.0,1.0,udenrigspolitik
Det Konservative Folkeparti,Danmarksdemokraterne,65,12,12.0,1.0,udenrigspolitik
Det Konservative Folkeparti,Dansk Folkeparti,65,74,74.0,1.0,udenrigspolitik
Det Konservative Folkeparti,Det Konservative Folkeparti,65,26,26.0,1.0,udenrigspolitik
Det Konservative Folkeparti,Kristendemokraterne,65,6,6.0,1.0,udenrigspolitik
Det Konservative Folkeparti,Liberal Alliance,65,14,14.0,1.0,udenrigspolitik
Det Konservative Folkeparti,Radikale Venstre,65,36,30.0,0.8333333333333334,udenrigspolitik
Det Konservative Folkeparti,Socialdemokratiet,65,282,84.0,0.2978723404255319,udenrigspolitik
Det Konservative Folkeparti,Socialistisk Folkeparti,65,29,9.0,0.3103448275862069,udenrigspolitik
Det Konservative Folkeparti,Uden for folketingsgrupperne,65,53,47.0,0.8867924528301887,udenrigspolitik
Det Konservative Folkeparti,Venstre,65,202,199.0,0.9851485148514852,udenrigspolitik
Kristendemokraterne,Dansk Folkeparti,65,6,6.0,1.0,udenrigspolitik
Kristendemokraterne,Radikale Venstre,65,2,0.0,0.0,udenrigspolitik
Kristendemokraterne,Socialdemokratiet,65,22,0.0,0.0,udenrigspolitik
Kristendemokraterne,Socialistisk Folkeparti,65,3,0.0,0.0,udenrigspolitik
Kristendemokraterne,Uden for folketingsgrupperne,65,3,1.0,0.3333333333333333,udenrigspolitik
Kristendemokraterne,Venstre,65,10,10.0,1.0,udenrigspolitik
Liberal Alliance,Dansk Folkeparti,65,14,14.0,1.0,udenrigspolitik
Liberal Alliance,Det Konservative Folkeparti,65,2,2.0,1.0,udenrigspolitik
Liberal Alliance,Kristendemokraterne,65,2,2.0,1.0,udenrigspolitik
Liberal Alliance,Radikale Venstre,65,8,6.0,0.75,udenrigspolitik
Liberal Alliance,Socialdemokratiet,65,56,13.0,0.2321428571428571,udenrigspolitik
Liberal Alliance,Socialistisk Folkeparti,65,5,1.0,0.2,udenrigspolitik
Liberal Alliance,Uden for folketingsgrupperne,65,7,5.0,0.7142857142857143,udenrigspolitik
Liberal Alliance,Venstre,65,20,20.0,1.0,udenrigspolitik
Radikale Venstre,Dansk Folkeparti,65,22,16.0,0.7272727272727273,udenrigspolitik
Radikale Venstre,Radikale Venstre,65,6,6.0,1.0,udenrigspolitik
Radikale Venstre,Socialdemokratiet,65,76,28.0,0.3684210526315789,udenrigspolitik
Radikale Venstre,Socialistisk Folkeparti,65,9,3.0,0.3333333333333333,udenrigspolitik
Radikale Venstre,Uden for folketingsgrupperne,65,9,8.0,0.8888888888888888,udenrigspolitik
Radikale Venstre,Venstre,65,30,20.0,0.6666666666666666,udenrigspolitik
Socialdemokratiet,Danmarksdemokraterne,65,12,3.0,0.25,udenrigspolitik
Socialdemokratiet,Dansk Folkeparti,65,270,55.0,0.2037037037037037,udenrigspolitik
Socialdemokratiet,Det Konservative Folkeparti,65,40,11.0,0.275,udenrigspolitik
Socialdemokratiet,Kristendemokraterne,65,22,0.0,0.0,udenrigspolitik
Socialdemokratiet,Liberal Alliance,65,26,6.0,0.2307692307692307,udenrigspolitik
Socialdemokratiet,Radikale Venstre,65,82,29.0,0.3536585365853658,udenrigspolitik
Socialdemokratiet,Socialdemokratiet,65,804,804.0,1.0,udenrigspolitik
Socialdemokratiet,Socialistisk Folkeparti,65,103,103.0,1.0,udenrigspolitik
Socialdemokratiet,Uden for folketingsgrupperne,65,138,36.0,0.2608695652173913,udenrigspolitik
Socialdemokratiet,Venstre,65,510,107.0,0.2098039215686274,udenrigspolitik
Socialistisk Folkeparti,Danmarksdemokraterne,65,8,2.0,0.25,udenrigspolitik
Socialistisk Folkeparti,Dansk Folkeparti,65,36,8.0,0.2222222222222222,udenrigspolitik
Socialistisk Folkeparti,Det Konservative Folkeparti,65,19,6.0,0.3157894736842105,udenrigspolitik
Socialistisk Folkeparti,Kristendemokraterne,65,3,0.0,0.0,udenrigspolitik
Socialistisk Folkeparti,Liberal Alliance,65,7,2.0,0.2857142857142857,udenrigspolitik
Socialistisk Folkeparti,Radikale Venstre,65,15,6.0,0.4,udenrigspolitik
Socialistisk Folkeparti,Socialdemokratiet,65,143,143.0,1.0,udenrigspolitik
Socialistisk Folkeparti,Socialistisk Folkeparti,65,12,12.0,1.0,udenrigspolitik
Socialistisk Folkeparti,Uden for folketingsgrupperne,65,26,7.0,0.2692307692307692,udenrigspolitik
Socialistisk Folkeparti,Venstre,65,97,24.0,0.2474226804123711,udenrigspolitik
Uden for folketingsgrupperne,Dansk Folkeparti,65,53,47.0,0.8867924528301887,udenrigspolitik
Uden for folketingsgrupperne,Det Konservative Folkeparti,65,8,8.0,1.0,udenrigspolitik
Uden for folketingsgrupperne,Kristendemokraterne,65,4,4.0,1.0,udenrigspolitik
Uden for folketingsgrupperne,Liberal Alliance,65,8,8.0,1.0,udenrigspolitik
Uden for folketingsgrupperne,Radikale Venstre,65,22,18.0,0.8181818181818182,udenrigspolitik
Uden for folketingsgrupperne,Socialdemokratiet,65,168,40.0,0.238095238095238,udenrigspolitik
Uden for folketingsgrupperne,Socialistisk Folkeparti,65,19,5.0,0.2631578947368421,udenrigspolitik
Uden for folketingsgrupperne,Uden for folketingsgrupperne,65,21,16.0,0.7619047619047619,udenrigspolitik
Uden for folketingsgrupperne,Venstre,65,85,75.0,0.8823529411764706,udenrigspolitik
Venstre,Danmarksdemokraterne,65,32,31.0,0.96875,udenrigspolitik
Venstre,Dansk Folkeparti,65,238,233.0,0.9789915966386554,udenrigspolitik
Venstre,Det Konservative Folkeparti,65,74,72.0,0.972972972972973,udenrigspolitik
Venstre,Kristendemokraterne,65,22,22.0,1.0,udenrigspolitik
Venstre,Liberal Alliance,65,48,47.0,0.9791666666666666,udenrigspolitik
Venstre,Radikale Venstre,65,110,85.0,0.7727272727272727,udenrigspolitik
Venstre,Socialdemokratiet,65,878,235.0,0.2676537585421412,udenrigspolitik
Venstre,Socialistisk Folkeparti,65,107,30.0,0.2803738317757009,udenrigspolitik
Venstre,Uden for folketingsgrupperne,65,171,145.0,0.847953216374269,udenrigspolitik
Venstre,Venstre,65,546,529.0,0.9688644688644688,udenrigspolitik
Alternativet,Radikale Venstre,70,31,22.0,0.7096774193548387,udenrigspolitik
Alternativet,Venstre,70,36,23.0,0.6388888888888888,udenrigspolitik
Danmarksdemokraterne,Alternativet,70,228,138.0,0.6052631578947368,udenrigspolitik
Danmarksdemokraterne,Danmarksdemokraterne,70,1200,1123.0,0.9358333333333332,udenrigspolitik
Danmarksdemokraterne,Dansk Folkeparti,70,904,869.0,0.961283185840708,udenrigspolitik
Danmarksdemokraterne,Det Konservative Folkeparti,70,282,196.0,0.6950354609929078,udenrigspolitik
Danmarksdemokraterne,Enhedslisten,70,1505,715.0,0.4750830564784053,udenrigspolitik
Danmarksdemokraterne,Liberal Alliance,70,482,323.0,0.6701244813278008,udenrigspolitik
Danmarksdemokraterne,Moderaterne,70,46,21.0,0.4565217391304347,udenrigspolitik
Danmarksdemokraterne,Radikale Venstre,70,1656,970.0,0.5857487922705314,udenrigspolitik
Danmarksdemokraterne,Socialdemokratiet,70,6474,4067.0,0.6282051282051282,udenrigspolitik
Danmarksdemokraterne,Socialistisk Folkeparti,70,830,486.0,0.5855421686746988,udenrigspolitik
Danmarksdemokraterne,Uden for folketingsgrupperne,70,1211,1084.0,0.8951279933938894,udenrigspolitik
Danmarksdemokraterne,Venstre,70,5736,4451.0,0.775976290097629,udenrigspolitik
Dansk Folkeparti,Alternativet,70,117,70.0,0.5982905982905983,udenrigspolitik
Dansk Folkeparti,Danmarksdemokraterne,70,440,433.0,0.9840909090909092,udenrigspolitik
Dansk Folkeparti,Dansk Folkeparti,70,219,219.0,1.0,udenrigspolitik
Dansk Folkeparti,Det Konservative Folkeparti,70,56,34.0,0.6071428571428571,udenrigspolitik
Dansk Folkeparti,Enhedslisten,70,779,373.0,0.4788189987163029,udenrigspolitik
Dansk Folkeparti,Liberal Alliance,70,200,129.0,0.645,udenrigspolitik
Dansk Folkeparti,Moderaterne,70,4,1.0,0.25,udenrigspolitik
Dansk Folkeparti,Radikale Venstre,70,601,313.0,0.5207986688851913,udenrigspolitik
Dansk Folkeparti,Sambandsflokkurin,70,1,1.0,1.0,udenrigspolitik
Dansk Folkeparti,Socialdemokratiet,70,2196,1264.0,0.575591985428051,udenrigspolitik
Dansk Folkeparti,Socialistisk Folkeparti,70,124,57.0,0.4596774193548387,udenrigspolitik
Dansk Folkeparti,Uden for folketingsgrupperne,70,190,166.0,0.8736842105263158,udenrigspolitik
Dansk Folkeparti,Venstre,70,1989,1466.0,0.7370537958773253,udenrigspolitik
Det Konservative Folkeparti,Alternativet,70,13,8.0,0.6153846153846154,udenrigspolitik
Det Konservative Folkeparti,Danmarksdemokraterne,70,46,29.0,0.6304347826086957,udenrigspolitik
Det Konservative Folkeparti,Dansk Folkeparti,70,89,57.0,0.6404494382022472,udenrigspolitik
Det Konservative Folkeparti,Det Konservative Folkeparti,70,14,13.0,0.9285714285714286,udenrigspolitik
Det Konservative Folkeparti,Enhedslisten,70,145,84.0,0.5793103448275863,udenrigspolitik
Det Konservative Folkeparti,Liberal Alliance,70,44,33.0,0.75,udenrigspolitik
Det Konservative Folkeparti,Radikale Venstre,70,117,91.0,0.7777777777777778,udenrigspolitik
Det Konservative Folkeparti,Socialdemokratiet,70,307,247.0,0.8045602605863192,udenrigspolitik
Det Konservative Folkeparti,Socialistisk Folkeparti,70,1,1.0,1.0,udenrigspolitik
Det Konservative Folkeparti,Uden for folketingsgrupperne,70,49,38.0,0.7755102040816326,udenrigspolitik
Det Konservative Folkeparti,Venstre,70,266,229.0,0.8609022556390977,udenrigspolitik
Enhedslisten,Alternativet,70,162,119.0,0.7345679012345679,udenrigspolitik
Enhedslisten,Danmarksdemokraterne,70,578,239.0,0.4134948096885813,udenrigspolitik
Enhedslisten,Dansk Folkeparti,70,253,110.0,0.4347826086956521,udenrigspolitik
Enhedslisten,Det Konservative Folkeparti,70,61,30.0,0.4918032786885246,udenrigspolitik
Enhedslisten,Enhedslisten,70,616,613.0,0.99512987012987,udenrigspolitik
Enhedslisten,Liberal Alliance,70,118,71.0,0.6016949152542372,udenrigspolitik
Enhedslisten,Moderaterne,70,14,2.0,0.1428571428571428,udenrigspolitik
Enhedslisten,Radikale Venstre,70,717,621.0,0.8661087866108786,udenrigspolitik
Enhedslisten,Sambandsflokkurin,70,1,0.0,0.0,udenrigspolitik
Enhedslisten,Socialdemokratiet,70,2526,1855.0,0.734362628661916,udenrigspolitik
Enhedslisten,Socialistisk Folkeparti,70,243,212.0,0.8724279835390947,udenrigspolitik
Enhedslisten,Uden for folketingsgrupperne,70,344,155.0,0.4505813953488372,udenrigspolitik
Enhedslisten,Venstre,70,2466,1302.0,0.5279805352798054,udenrigspolitik
Liberal Alliance,Alternativet,70,49,25.0,0.5102040816326531,udenrigspolitik
Liberal Alliance,Danmarksdemokraterne,70,84,44.0,0.5238095238095238,udenrigspolitik
Liberal Alliance,Dansk Folkeparti,70,73,39.0,0.5342465753424658,udenrigspolitik
Liberal Alliance,Det Konservative Folkeparti,70,19,14.0,0.7368421052631579,udenrigspolitik
Liberal Alliance,Enhedslisten,70,285,159.0,0.5578947368421052,udenrigspolitik
Liberal Alliance,Radikale Venstre,70,209,134.0,0.6411483253588517,udenrigspolitik
Liberal Alliance,Socialdemokratiet,70,564,386.0,0.6843971631205674,udenrigspolitik
Liberal Alliance,Socialistisk Folkeparti,70,4,3.0,0.75,udenrigspolitik
Liberal Alliance,Uden for folketingsgrupperne,70,1,1.0,1.0,udenrigspolitik
Liberal Alliance,Venstre,70,528,394.0,0.7462121212121212,udenrigspolitik
Moderaterne,Danmarksdemokraterne,70,12,4.0,0.3333333333333333,udenrigspolitik
Moderaterne,Dansk Folkeparti,70,20,8.0,0.4,udenrigspolitik
Moderaterne,Det Konservative Folkeparti,70,3,1.0,0.3333333333333333,udenrigspolitik
Moderaterne,Enhedslisten,70,22,4.0,0.1818181818181818,udenrigspolitik
Moderaterne,Liberal Alliance,70,10,3.0,0.3,udenrigspolitik
Moderaterne,Radikale Venstre,70,35,2.0,0.0571428571428571,udenrigspolitik
Moderaterne,Socialdemokratiet,70,91,6.0,0.0659340659340659,udenrigspolitik
Moderaterne,Socialistisk Folkeparti,70,9,0.0,0.0,udenrigspolitik
Moderaterne,Uden for folketingsgrupperne,70,19,6.0,0.3157894736842105,udenrigspolitik
Moderaterne,Venstre,70,95,79.0,0.8315789473684211,udenrigspolitik
Radikale Venstre,Alternativet,70,149,105.0,0.7046979865771812,udenrigspolitik
Radikale Venstre,Danmarksdemokraterne,70,367,189.0,0.5149863760217984,udenrigspolitik
Radikale Venstre,Dansk Folkeparti,70,391,221.0,0.5652173913043478,udenrigspolitik
Radikale Venstre,Det Konservative Folkeparti,70,82,55.0,0.6707317073170732,udenrigspolitik
Radikale Venstre,Enhedslisten,70,767,655.0,0.8539765319426337,udenrigspolitik
Radikale Venstre,Liberal Alliance,70,188,128.0,0.6808510638297872,udenrigspolitik
Radikale Venstre,Moderaterne,70,3,1.0,0.3333333333333333,udenrigspolitik
Radikale Venstre,Radikale Venstre,70,524,518.0,0.9885496183206108,udenrigspolitik
Radikale Venstre,Socialdemokratiet,70,2210,1946.0,0.8805429864253393,udenrigspolitik
Radikale Venstre,Socialistisk Folkeparti,70,91,85.0,0.934065934065934,udenrigspolitik
Radikale Venstre,Uden for folketingsgrupperne,70,277,164.0,0.592057761732852,udenrigspolitik
Radikale Venstre,Venstre,70,1875,1287.0,0.6864,udenrigspolitik
Sambandsflokkurin,Danmarksdemokraterne,70,5,5.0,1.0,udenrigspolitik
Sambandsflokkurin,Dansk Folkeparti,70,2,2.0,1.0,udenrigspolitik
Sambandsflokkurin,Enhedslisten,70,3,0.0,0.0,udenrigspolitik
Sambandsflokkurin,Moderaterne,70,1,0.0,0.0,udenrigspolitik
Sambandsflokkurin,Radikale Venstre,70,4,0.0,0.0,udenrigspolitik
Sambandsflokkurin,Socialdemokratiet,70,11,0.0,0.0,udenrigspolitik
Sambandsflokkurin,Socialistisk Folkeparti,70,1,0.0,0.0,udenrigspolitik
Sambandsflokkurin,Uden for folketingsgrupperne,70,3,2.0,0.6666666666666666,udenrigspolitik
Sambandsflokkurin,Venstre,70,11,11.0,1.0,udenrigspolitik
Socialdemokratiet,Alternativet,70,825,559.0,0.6775757575757576,udenrigspolitik
Socialdemokratiet,Danmarksdemokraterne,70,3785,2322.0,0.6134742404227213,udenrigspolitik
Socialdemokratiet,Dansk Folkeparti,70,2688,1610.0,0.5989583333333334,udenrigspolitik
Socialdemokratiet,Det Konservative Folkeparti,70,708,541.0,0.7641242937853108,udenrigspolitik
Socialdemokratiet,Enhedslisten,70,4893,3672.0,0.7504598405885959,udenrigspolitik
Socialdemokratiet,Liberal Alliance,70,1463,979.0,0.6691729323308271,udenrigspolitik
Socialdemokratiet,Moderaterne,70,107,11.0,0.102803738317757,udenrigspolitik
Socialdemokratiet,Radikale Venstre,70,4931,4451.0,0.9026566619346988,udenrigspolitik
Socialdemokratiet,Sambandsflokkurin,70,5,0.0,0.0,udenrigspolitik
Socialdemokratiet,Socialdemokratiet,70,17283,17218.0,0.9962390788636232,udenrigspolitik
Socialdemokratiet,Socialistisk Folkeparti,70,2001,1799.0,0.8990504747626187,udenrigspolitik
Socialdemokratiet,Uden for folketingsgrupperne,70,3004,1879.0,0.6254993342210386,udenrigspolitik
Socialdemokratiet,Venstre,70,16396,11533.0,0.7034032690900219,udenrigspolitik
Socialistisk Folkeparti,Alternativet,70,68,42.0,0.6176470588235294,udenrigspolitik
Socialistisk Folkeparti,Danmarksdemokraterne,70,169,88.0,0.5207100591715976,udenrigspolitik
Socialistisk Folkeparti,Dansk Folkeparti,70,368,213.0,0.5788043478260869,udenrigspolitik
Socialistisk Folkeparti,Det Konservative Folkeparti,70,83,57.0,0.6867469879518072,udenrigspolitik
Socialistisk Folkeparti,Enhedslisten,70,500,446.0,0.892,udenrigspolitik
Socialistisk Folkeparti,Liberal Alliance,70,189,118.0,0.6243386243386243,udenrigspolitik
Socialistisk Folkeparti,Moderaterne,70,20,2.0,0.1,udenrigspolitik
Socialistisk Folkeparti,Radikale Venstre,70,623,588.0,0.9438202247191012,udenrigspolitik
Socialistisk Folkeparti,Socialdemokratiet,70,1560,1403.0,0.8993589743589744,udenrigspolitik
Socialistisk Folkeparti,Socialistisk Folkeparti,70,114,114.0,1.0,udenrigspolitik
Socialistisk Folkeparti,Uden for folketingsgrupperne,70,448,270.0,0.6026785714285714,udenrigspolitik
Socialistisk Folkeparti,Venstre,70,1582,951.0,0.6011378002528445,udenrigspolitik
Uden for folketingsgrupperne,Alternativet,70,118,73.0,0.6186440677966102,udenrigspolitik
Uden for folketingsgrupperne,Danmarksdemokraterne,70,247,220.0,0.8906882591093117,udenrigspolitik
Uden for folketingsgrupperne,Dansk Folkeparti,70,524,494.0,0.9427480916030534,udenrigspolitik
Uden for folketingsgrupperne,Det Konservative Folkeparti,70,78,52.0,0.6666666666666666,udenrigspolitik
Uden for folketingsgrupperne,Enhedslisten,70,733,399.0,0.5443383356070941,udenrigspolitik
Uden for folketingsgrupperne,Liberal Alliance,70,296,185.0,0.625,udenrigspolitik
Uden for folketingsgrupperne,Moderaterne,70,20,3.0,0.15,udenrigspolitik
Uden for folketingsgrupperne,Radikale Venstre,70,771,475.0,0.6160830090791181,udenrigspolitik
Uden for folketingsgrupperne,Socialdemokratiet,70,2276,1474.0,0.6476274165202109,udenrigspolitik
Uden for folketingsgrupperne,Socialistisk Folkeparti,70,104,73.0,0.7019230769230769,udenrigspolitik
Uden for folketingsgrupperne,Uden for folketingsgrupperne,70,281,241.0,0.8576512455516014,udenrigspolitik
Uden for folketingsgrupperne,Venstre,70,1927,1358.0,0.7047223663725999,udenrigspolitik
Venstre,Alternativet,70,714,449.0,0.6288515406162465,udenrigspolitik
Venstre,Danmarksdemokraterne,70,3272,2451.0,0.7490831295843521,udenrigspolitik
Venstre,Dansk Folkeparti,70,2350,1695.0,0.7212765957446808,udenrigspolitik
Venstre,Det Konservative Folkeparti,70,640,577.0,0.9015625,udenrigspolitik
Venstre,Enhedslisten,70,4068,2326.0,0.571779744346116,udenrigspolitik
Venstre,Liberal Alliance,70,1280,1010.0,0.7890625,udenrigspolitik
Venstre,Moderaterne,70,64,35.0,0.546875,udenrigspolitik
Venstre,Radikale Venstre,70,4472,3063.0,0.6849284436493739,udenrigspolitik
Venstre,Socialdemokratiet,70,15850,11768.0,0.7424605678233438,udenrigspolitik
Venstre,Socialistisk Folkeparti,70,1539,1040.0,0.6757634827810266,udenrigspolitik
Venstre,Uden for folketingsgrupperne,70,2721,2045.0,0.7515619257625873,udenrigspolitik
Venstre,Venstre,70,13414,13273.0,0.989488594006262,udenrigspolitik
Alternativet,Enhedslisten,71,53,47.0,0.8867924528301887,udenrigspolitik
Alternativet,Radikale Venstre,71,37,30.0,0.8108108108108109,udenrigspolitik
Alternativet,Socialdemokratiet,71,39,26.0,0.6666666666666666,udenrigspolitik
Alternativet,Venstre,71,33,22.0,0.6666666666666666,udenrigspolitik
Danmarksdemokraterne,Alternativet,71,253,131.0,0.5177865612648221,udenrigspolitik
Danmarksdemokraterne,Danmarksdemokraterne,71,1888,1820.0,0.9639830508474576,udenrigspolitik
Danmarksdemokraterne,Dansk Folkeparti,71,578,404.0,0.698961937716263,udenrigspolitik
Danmarksdemokraterne,Det Konservative Folkeparti,71,1540,1236.0,0.8025974025974026,udenrigspolitik
Danmarksdemokraterne,Enhedslisten,71,2544,1227.0,0.482311320754717,udenrigspolitik
Danmarksdemokraterne,Liberal Alliance,71,378,264.0,0.6984126984126984,udenrigspolitik
Danmarksdemokraterne,Moderaterne,71,46,32.0,0.6956521739130435,udenrigspolitik
Danmarksdemokraterne,Radikale Venstre,71,970,553.0,0.5701030927835051,udenrigspolitik
Danmarksdemokraterne,Socialdemokratiet,71,7746,5462.0,0.705138135812032,udenrigspolitik
Danmarksdemokraterne,Socialistisk Folkeparti,71,824,478.0,0.5800970873786407,udenrigspolitik
Danmarksdemokraterne,Venstre,71,4826,3372.0,0.6987152921674264,udenrigspolitik
Dansk Folkeparti,Alternativet,71,62,24.0,0.3870967741935484,udenrigspolitik
Dansk Folkeparti,Danmarksdemokraterne,71,703,503.0,0.7155049786628734,udenrigspolitik
Dansk Folkeparti,Dansk Folkeparti,71,105,105.0,1.0,udenrigspolitik
Dansk Folkeparti,Det Konservative Folkeparti,71,397,253.0,0.6372795969773299,udenrigspolitik
Dansk Folkeparti,Enhedslisten,71,703,300.0,0.4267425320056899,udenrigspolitik
Dansk Folkeparti,Liberal Alliance,71,123,73.0,0.5934959349593496,udenrigspolitik
Dansk Folkeparti,Moderaterne,71,21,12.0,0.5714285714285714,udenrigspolitik
Dansk Folkeparti,Radikale Venstre,71,236,115.0,0.4872881355932203,udenrigspolitik
Dansk Folkeparti,Socialdemokratiet,71,2363,1345.0,0.5691917054591621,udenrigspolitik
Dansk Folkeparti,Socialistisk Folkeparti,71,321,153.0,0.4766355140186916,udenrigspolitik
Dansk Folkeparti,Venstre,71,1704,954.0,0.5598591549295775,udenrigspolitik
Det Konservative Folkeparti,Alternativet,71,133,67.0,0.5037593984962406,udenrigspolitik
Det Konservative Folkeparti,Danmarksdemokraterne,71,864,699.0,0.8090277777777778,udenrigspolitik
Det Konservative Folkeparti,Dansk Folkeparti,71,292,181.0,0.6198630136986302,udenrigspolitik
Det Konservative Folkeparti,Det Konservative Folkeparti,71,493,491.0,0.995943204868154,udenrigspolitik
Det Konservative Folkeparti,Enhedslisten,71,1308,675.0,0.5160550458715596,udenrigspolitik
Det Konservative Folkeparti,Liberal Alliance,71,190,137.0,0.7210526315789474,udenrigspolitik
Det Konservative Folkeparti,Moderaterne,71,14,11.0,0.7857142857142857,udenrigspolitik
Det Konservative Folkeparti,Radikale Venstre,71,355,247.0,0.6957746478873239,udenrigspolitik
Det Konservative Folkeparti,Socialdemokratiet,71,3295,2480.0,0.7526555386949925,udenrigspolitik
Det Konservative Folkeparti,Socialistisk Folkeparti,71,261,169.0,0.6475095785440613,udenrigspolitik
Det Konservative Folkeparti,Venstre,71,2409,1852.0,0.7687837276878373,udenrigspolitik
Enhedslisten,Alternativet,71,121,112.0,0.9256198347107438,udenrigspolitik
Enhedslisten,Danmarksdemokraterne,71,533,260.0,0.4878048780487805,udenrigspolitik
Enhedslisten,Dansk Folkeparti,71,174,84.0,0.4827586206896552,udenrigspolitik
Enhedslisten,Det Konservative Folkeparti,71,350,189.0,0.54,udenrigspolitik
Enhedslisten,Enhedslisten,71,867,865.0,0.9976931949250288,udenrigspolitik
Enhedslisten,Liberal Alliance,71,75,44.0,0.5866666666666667,udenrigspolitik
Enhedslisten,Radikale Venstre,71,475,395.0,0.8315789473684211,udenrigspolitik
Enhedslisten,Socialdemokratiet,71,1868,1143.0,0.6118843683083511,udenrigspolitik
Enhedslisten,Socialistisk Folkeparti,71,171,157.0,0.9181286549707602,udenrigspolitik
Enhedslisten,Venstre,71,1291,810.0,0.627420604182804,udenrigspolitik
Inuit Ataqatigiit,Alternativet,71,1,1.0,1.0,udenrigspolitik
Inuit Ataqatigiit,Danmarksdemokraterne,71,5,5.0,1.0,udenrigspolitik
Inuit Ataqatigiit,Dansk Folkeparti,71,1,0.0,0.0,udenrigspolitik
Inuit Ataqatigiit,Det Konservative Folkeparti,71,4,4.0,1.0,udenrigspolitik
Inuit Ataqatigiit,Enhedslisten,71,5,5.0,1.0,udenrigspolitik
Inuit Ataqatigiit,Liberal Alliance,71,1,1.0,1.0,udenrigspolitik
Inuit Ataqatigiit,Moderaterne,71,1,1.0,1.0,udenrigspolitik
Inuit Ataqatigiit,Naleraq,71,1,1.0,1.0,udenrigspolitik
Inuit Ataqatigiit,Radikale Venstre,71,2,2.0,1.0,udenrigspolitik
Inuit Ataqatigiit,Socialdemokratiet,71,17,17.0,1.0,udenrigspolitik
Inuit Ataqatigiit,Socialistisk Folkeparti,71,4,4.0,1.0,udenrigspolitik
Inuit Ataqatigiit,Venstre,71,15,15.0,1.0,udenrigspolitik
Liberal Alliance,Alternativet,71,46,23.0,0.5,udenrigspolitik
Liberal Alliance,Danmarksdemokraterne,71,541,374.0,0.6913123844731978,udenrigspolitik
Liberal Alliance,Dansk Folkeparti,71,157,100.0,0.6369426751592356,udenrigspolitik
Liberal Alliance,Det Konservative Folkeparti,71,296,222.0,0.75,udenrigspolitik
Liberal Alliance,Enhedslisten,71,588,345.0,0.5867346938775511,udenrigspolitik
Liberal Alliance,Liberal Alliance,71,52,52.0,1.0,udenrigspolitik
Liberal Alliance,Moderaterne,71,21,18.0,0.8571428571428571,udenrigspolitik
Liberal Alliance,Radikale Venstre,71,191,136.0,0.7120418848167539,udenrigspolitik
Liberal Alliance,Socialdemokratiet,71,1600,1325.0,0.828125,udenrigspolitik
Liberal Alliance,Socialistisk Folkeparti,71,175,103.0,0.5885714285714285,udenrigspolitik
Liberal Alliance,Venstre,71,1194,990.0,0.8291457286432161,udenrigspolitik
Moderaterne,Alternativet,71,16,12.0,0.75,udenrigspolitik
Moderaterne,Danmarksdemokraterne,71,130,79.0,0.6076923076923076,udenrigspolitik
Moderaterne,Dansk Folkeparti,71,29,18.0,0.6206896551724138,udenrigspolitik
Moderaterne,Det Konservative Folkeparti,71,78,57.0,0.7307692307692307,udenrigspolitik
Moderaterne,Enhedslisten,71,129,94.0,0.7286821705426356,udenrigspolitik
Moderaterne,Liberal Alliance,71,17,13.0,0.7647058823529411,udenrigspolitik
Moderaterne,Radikale Venstre,71,51,47.0,0.9215686274509804,udenrigspolitik
Moderaterne,Socialdemokratiet,71,422,422.0,1.0,udenrigspolitik
Moderaterne,Socialistisk Folkeparti,71,47,39.0,0.8297872340425532,udenrigspolitik
Moderaterne,Venstre,71,252,252.0,1.0,udenrigspolitik
Naleraq,Alternativet,71,1,1.0,1.0,udenrigspolitik
Naleraq,Danmarksdemokraterne,71,5,5.0,1.0,udenrigspolitik
Naleraq,Dansk Folkeparti,71,1,0.0,0.0,udenrigspolitik
Naleraq,Det Konservative Folkeparti,71,4,4.0,1.0,udenrigspolitik
Naleraq,Enhedslisten,71,5,5.0,1.0,udenrigspolitik
Naleraq,Liberal Alliance,71,1,1.0,1.0,udenrigspolitik
Naleraq,Moderaterne,71,1,1.0,1.0,udenrigspolitik
Naleraq,Radikale Venstre,71,2,2.0,1.0,udenrigspolitik
Naleraq,Socialdemokratiet,71,17,17.0,1.0,udenrigspolitik
Naleraq,Socialistisk Folkeparti,71,4,4.0,1.0,udenrigspolitik
Naleraq,Venstre,71,15,15.0,1.0,udenrigspolitik
Radikale Venstre,Alternativet,71,37,29.0,0.7837837837837838,udenrigspolitik
Radikale Venstre,Danmarksdemokraterne,71,216,122.0,0.5648148148148148,udenrigspolitik
Radikale Venstre,Dansk Folkeparti,71,111,51.0,0.4594594594594595,udenrigspolitik
Radikale Venstre,Det Konservative Folkeparti,71,280,195.0,0.6964285714285714,udenrigspolitik
Radikale Venstre,Enhedslisten,71,369,289.0,0.7831978319783198,udenrigspolitik
Radikale Venstre,Liberal Alliance,71,67,43.0,0.6417910447761194,udenrigspolitik
Radikale Venstre,Radikale Venstre,71,77,76.0,0.987012987012987,udenrigspolitik
Radikale Venstre,Socialdemokratiet,71,1043,779.0,0.7468839884947267,udenrigspolitik
Radikale Venstre,Socialistisk Folkeparti,71,15,15.0,1.0,udenrigspolitik
Radikale Venstre,Venstre,71,667,506.0,0.7586206896551724,udenrigspolitik
Socialdemokratiet,Alternativet,71,776,514.0,0.6623711340206185,udenrigspolitik
Socialdemokratiet,Danmarksdemokraterne,71,7174,4946.0,0.6894340674658489,udenrigspolitik
Socialdemokratiet,Dansk Folkeparti,71,1972,1116.0,0.565922920892495,udenrigspolitik
Socialdemokratiet,Det Konservative Folkeparti,71,4874,3697.0,0.7585145670906853,udenrigspolitik
Socialdemokratiet,Enhedslisten,71,8540,5568.0,0.6519906323185012,udenrigspolitik
Socialdemokratiet,Liberal Alliance,71,1450,1166.0,0.8041379310344827,udenrigspolitik
Socialdemokratiet,Moderaterne,71,159,159.0,1.0,udenrigspolitik
Socialdemokratiet,Radikale Venstre,71,2958,2371.0,0.8015551048005409,udenrigspolitik
Socialdemokratiet,Socialdemokratiet,71,24221,24221.0,1.0,udenrigspolitik
Socialdemokratiet,Socialistisk Folkeparti,71,3005,2282.0,0.7594009983361065,udenrigspolitik
Socialdemokratiet,Venstre,71,17150,17101.0,0.9971428571428572,udenrigspolitik
Socialistisk Folkeparti,Alternativet,71,131,116.0,0.8854961832061069,udenrigspolitik
Socialistisk Folkeparti,Danmarksdemokraterne,71,1467,838.0,0.5712338104976141,udenrigspolitik
Socialistisk Folkeparti,Dansk Folkeparti,71,340,157.0,0.4617647058823529,udenrigspolitik
Socialistisk Folkeparti,Det Konservative Folkeparti,71,969,655.0,0.675954592363261,udenrigspolitik
Socialistisk Folkeparti,Enhedslisten,71,1491,1286.0,0.8625083836351441,udenrigspolitik
Socialistisk Folkeparti,Liberal Alliance,71,301,181.0,0.6013289036544851,udenrigspolitik
Socialistisk Folkeparti,Moderaterne,71,54,47.0,0.8703703703703703,udenrigspolitik
Socialistisk Folkeparti,Radikale Venstre,71,616,545.0,0.8847402597402597,udenrigspolitik
Socialistisk Folkeparti,Socialdemokratiet,71,4886,3699.0,0.7570609905853459,udenrigspolitik
Socialistisk Folkeparti,Socialistisk Folkeparti,71,486,485.0,0.9979423868312756,udenrigspolitik
Socialistisk Folkeparti,Venstre,71,3518,2699.0,0.767197271176805,udenrigspolitik
Venstre,Alternativet,71,548,361.0,0.6587591240875912,udenrigspolitik
Venstre,Danmarksdemokraterne,71,5337,3741.0,0.700955593029792,udenrigspolitik
Venstre,Dansk Folkeparti,71,1259,714.0,0.5671167593328038,udenrigspolitik
Venstre,Det Konservative Folkeparti,71,3233,2475.0,0.7655428394679864,udenrigspolitik
Venstre,Enhedslisten,71,5781,3706.0,0.6410655595917661,udenrigspolitik
Venstre,Liberal Alliance,71,844,658.0,0.7796208530805687,udenrigspolitik
Venstre,Moderaterne,71,165,165.0,1.0,udenrigspolitik
Venstre,Radikale Venstre,71,2064,1658.0,0.8032945736434108,udenrigspolitik
Venstre,Socialdemokratiet,71,17741,17560.0,0.989797643875768,udenrigspolitik
Venstre,Socialistisk Folkeparti,71,1913,1466.0,0.7663355985363304,udenrigspolitik
Venstre,Venstre,71,11383,11224.0,0.9860318018097164,udenrigspolitik
Danmarksdemokraterne,Danmarksdemokraterne,68,430,424.0,0.986046511627907,bolig
Danmarksdemokraterne,Dansk Folkeparti,68,664,660.0,0.993975903614458,bolig
Danmarksdemokraterne,Det Konservative Folkeparti,68,713,531.0,0.7447405329593267,bolig
Danmarksdemokraterne,Enhedslisten,68,1337,590.0,0.4412864622288706,bolig
Danmarksdemokraterne,Liberal Alliance,68,763,513.0,0.672346002621232,bolig
Danmarksdemokraterne,Moderaterne,68,70,50.0,0.7142857142857143,bolig
Danmarksdemokraterne,Radikale Venstre,68,1413,796.0,0.5633404104741684,bolig
Danmarksdemokraterne,Socialdemokratiet,68,1662,965.0,0.5806257521058965,bolig
Danmarksdemokraterne,Socialistisk Folkeparti,68,826,409.0,0.4951573849878934,bolig
Danmarksdemokraterne,Uden for folketingsgrupperne,68,498,459.0,0.9216867469879518,bolig
Danmarksdemokraterne,Venstre,68,2398,1979.0,0.8252710592160133,bolig
Dansk Folkeparti,Danmarksdemokraterne,68,504,498.0,0.988095238095238,bolig
Dansk Folkeparti,Dansk Folkeparti,68,538,535.0,0.9944237918215614,bolig
Dansk Folkeparti,Det Konservative Folkeparti,68,732,540.0,0.7377049180327869,bolig
Dansk Folkeparti,Enhedslisten,68,1399,607.0,0.4338813438170121,bolig
Dansk Folkeparti,Liberal Alliance,68,697,472.0,0.6771879483500718,bolig
Dansk Folkeparti,Moderaterne,68,48,35.0,0.7291666666666666,bolig
Dansk Folkeparti,Radikale Venstre,68,1273,697.0,0.5475255302435192,bolig
Dansk Folkeparti,Socialdemokratiet,68,1618,889.0,0.5494437577255872,bolig
Dansk Folkeparti,Socialistisk Folkeparti,68,874,424.0,0.4851258581235698,bolig
Dansk Folkeparti,Uden for folketingsgrupperne,68,448,397.0,0.8861607142857143,bolig
Dansk Folkeparti,Venstre,68,2402,1976.0,0.8226477935054122,bolig
Det Konservative Folkeparti,Danmarksdemokraterne,68,343,267.0,0.7784256559766763,bolig
Det Konservative Folkeparti,Dansk Folkeparti,68,382,297.0,0.7774869109947644,bolig
Det Konservative Folkeparti,Det Konservative Folkeparti,68,379,379.0,1.0,bolig
Det Konservative Folkeparti,Enhedslisten,68,1001,451.0,0.4505494505494505,bolig
Det Konservative Folkeparti,Liberal Alliance,68,497,412.0,0.8289738430583501,bolig
Det Konservative Folkeparti,Moderaterne,68,46,45.0,0.9782608695652174,bolig
Det Konservative Folkeparti,Radikale Venstre,68,859,605.0,0.7043073341094296,bolig
Det Konservative Folkeparti,Socialdemokratiet,68,1117,807.0,0.7224709042076992,bolig
Det Konservative Folkeparti,Socialistisk Folkeparti,68,610,404.0,0.6622950819672131,bolig
Det Konservative Folkeparti,Uden for folketingsgrupperne,68,314,257.0,0.8184713375796179,bolig
Det Konservative Folkeparti,Venstre,68,1572,1486.0,0.94529262086514,bolig
Enhedslisten,Danmarksdemokraterne,68,774,384.0,0.4961240310077519,bolig
Enhedslisten,Dansk Folkeparti,68,938,410.0,0.4371002132196162,bolig
Enhedslisten,Det Konservative Folkeparti,68,994,403.0,0.4054325955734406,bolig
Enhedslisten,Enhedslisten,68,1801,1742.0,0.9672404219877846,bolig
Enhedslisten,Liberal Alliance,68,1079,371.0,0.3438368860055607,bolig
Enhedslisten,Moderaterne,68,101,27.0,0.2673267326732673,bolig
Enhedslisten,Radikale Venstre,68,1918,1388.0,0.7236704900938478,bolig
Enhedslisten,Socialdemokratiet,68,2488,1737.0,0.6981511254019293,bolig
Enhedslisten,Socialistisk Folkeparti,68,1332,1015.0,0.762012012012012,bolig
Enhedslisten,Uden for folketingsgrupperne,68,724,293.0,0.4046961325966851,bolig
Enhedslisten,Venstre,68,3645,1399.0,0.3838134430727023,bolig
Liberal Alliance,Danmarksdemokraterne,68,205,131.0,0.6390243902439025,bolig
Liberal Alliance,Dansk Folkeparti,68,369,237.0,0.6422764227642277,bolig
Liberal Alliance,Det Konservative Folkeparti,68,414,322.0,0.7777777777777778,bolig
Liberal Alliance,Enhedslisten,68,811,272.0,0.3353884093711467,bolig
Liberal Alliance,Liberal Alliance,68,323,314.0,0.9721362229102168,bolig
Liberal Alliance,Moderaterne,68,13,11.0,0.8461538461538461,bolig
Liberal Alliance,Radikale Venstre,68,576,306.0,0.53125,bolig
Liberal Alliance,Socialdemokratiet,68,974,519.0,0.5328542094455853,bolig
Liberal Alliance,Socialistisk Folkeparti,68,546,267.0,0.489010989010989,bolig
Liberal Alliance,Uden for folketingsgrupperne,68,220,185.0,0.8409090909090909,bolig
Liberal Alliance,Venstre,68,1227,957.0,0.7799511002444988,bolig
Moderaterne,Danmarksdemokraterne,68,67,50.0,0.746268656716418,bolig
Moderaterne,Dansk Folkeparti,68,78,55.0,0.7051282051282052,bolig
Moderaterne,Det Konservative Folkeparti,68,89,87.0,0.9775280898876404,bolig
Moderaterne,Enhedslisten,68,143,54.0,0.3776223776223776,bolig
Moderaterne,Liberal Alliance,68,101,91.0,0.900990099009901,bolig
Moderaterne,Moderaterne,68,2,2.0,1.0,bolig
Moderaterne,Radikale Venstre,68,176,112.0,0.6363636363636364,bolig
Moderaterne,Socialdemokratiet,68,204,129.0,0.6323529411764706,bolig
Moderaterne,Socialistisk Folkeparti,68,76,41.0,0.5394736842105263,bolig
Moderaterne,Uden for folketingsgrupperne,68,67,55.0,0.8208955223880597,bolig
Moderaterne,Venstre,68,257,257.0,1.0,bolig
Radikale Venstre,Danmarksdemokraterne,68,439,259.0,0.5899772209567198,bolig
Radikale Venstre,Dansk Folkeparti,68,769,406.0,0.5279583875162549,bolig
Radikale Venstre,Det Konservative Folkeparti,68,883,616.0,0.6976217440543602,bolig
Radikale Venstre,Enhedslisten,68,1673,1232.0,0.7364016736401674,bolig
Radikale Venstre,Liberal Alliance,68,1068,620.0,0.5805243445692884,bolig
Radikale Venstre,Moderaterne,68,28,15.0,0.5357142857142857,bolig
Radikale Venstre,Radikale Venstre,68,1366,1366.0,1.0,bolig
Radikale Venstre,Socialdemokratiet,68,2138,2138.0,1.0,bolig
Radikale Venstre,Socialistisk Folkeparti,68,1113,1056.0,0.9487870619946092,bolig
Radikale Venstre,Uden for folketingsgrupperne,68,577,313.0,0.5424610051993067,bolig
Radikale Venstre,Venstre,68,2964,1962.0,0.6619433198380567,bolig
Socialdemokratiet,Danmarksdemokraterne,68,1424,845.0,0.5933988764044944,bolig
Socialdemokratiet,Dansk Folkeparti,68,1755,977.0,0.5566951566951567,bolig
Socialdemokratiet,Det Konservative Folkeparti,68,1810,1285.0,0.7099447513812155,bolig
Socialdemokratiet,Enhedslisten,68,3475,2502.0,0.72,bolig
Socialdemokratiet,Liberal Alliance,68,1785,1062.0,0.5949579831932773,bolig
Socialdemokratiet,Moderaterne,68,172,101.0,0.5872093023255814,bolig
Socialdemokratiet,Radikale Venstre,68,3024,3024.0,1.0,bolig
Socialdemokratiet,Socialdemokratiet,68,4082,4082.0,1.0,bolig
Socialdemokratiet,Socialistisk Folkeparti,68,2103,1960.0,0.932001902044698,bolig
Socialdemokratiet,Uden for folketingsgrupperne,68,1100,597.0,0.5427272727272727,bolig
Socialdemokratiet,Venstre,68,5889,4006.0,0.6802513160129054,bolig
Socialistisk Folkeparti,Danmarksdemokraterne,68,493,259.0,0.5253549695740365,bolig
Socialistisk Folkeparti,Dansk Folkeparti,68,576,282.0,0.4895833333333333,bolig
Socialistisk Folkeparti,Det Konservative Folkeparti,68,636,422.0,0.6635220125786163,bolig
Socialistisk Folkeparti,Enhedslisten,68,1213,968.0,0.7980214344600165,bolig
Socialistisk Folkeparti,Liberal Alliance,68,635,344.0,0.5417322834645669,bolig
Socialistisk Folkeparti,Moderaterne,68,76,43.0,0.5657894736842105,bolig
Socialistisk Folkeparti,Radikale Venstre,68,1139,1096.0,0.9622475856014048,bolig
Socialistisk Folkeparti,Socialdemokratiet,68,1581,1488.0,0.9411764705882352,bolig
Socialistisk Folkeparti,Socialistisk Folkeparti,68,649,649.0,1.0,bolig
Socialistisk Folkeparti,Uden for folketingsgrupperne,68,395,204.0,0.5164556962025316,bolig
Socialistisk Folkeparti,Venstre,68,2374,1499.0,0.6314237573715249,bolig
Uden for folketingsgrupperne,Danmarksdemokraterne,68,69,64.0,0.927536231884058,bolig
Uden for folketingsgrupperne,Dansk Folkeparti,68,169,168.0,0.9940828402366864,bolig
Uden for folketingsgrupperne,Det Konservative Folkeparti,68,235,175.0,0.7446808510638298,bolig
Uden for folketingsgrupperne,Enhedslisten,68,404,168.0,0.4158415841584158,bolig
Uden for folketingsgrupperne,Liberal Alliance,68,291,204.0,0.7010309278350515,bolig
Uden for folketingsgrupperne,Moderaterne,68,4,1.0,0.25,bolig
Uden for folketingsgrupperne,Radikale Venstre,68,416,236.0,0.5673076923076923,bolig
Uden for folketingsgrupperne,Socialdemokratiet,68,538,295.0,0.5483271375464684,bolig
Uden for folketingsgrupperne,Socialistisk Folkeparti,68,288,147.0,0.5104166666666666,bolig
Uden for folketingsgrupperne,Uden for folketingsgrupperne,68,110,93.0,0.8454545454545455,bolig
Uden for folketingsgrupperne,Venstre,68,666,554.0,0.8318318318318318,bolig
Venstre,Danmarksdemokraterne,68,1565,1223.0,0.7814696485623003,bolig
Venstre,Dansk Folkeparti,68,2020,1623.0,0.8034653465346535,bolig
Venstre,Det Konservative Folkeparti,68,2198,2024.0,0.9208371246587808,bolig
Venstre,Enhedslisten,68,4111,1791.0,0.4356604232546825,bolig
Venstre,Liberal Alliance,68,2371,1905.0,0.8034584563475327,bolig
Venstre,Moderaterne,68,183,179.0,0.9781420765027322,bolig
Venstre,Radikale Venstre,68,3909,2688.0,0.6876438986953185,bolig
Venstre,Socialdemokratiet,68,5372,3764.0,0.7006701414743113,bolig
Venstre,Socialistisk Folkeparti,68,2474,1594.0,0.6443007275666937,bolig
Venstre,Uden for folketingsgrupperne,68,1481,1228.0,0.8291694800810263,bolig
Venstre,Venstre,68,7008,6883.0,0.9821632420091324,bolig
Danmarksdemokraterne,Danmarksdemokraterne,67,234,219.0,0.935897435897436,bolig
Danmarksdemokraterne,Dansk Folkeparti,67,1098,1051.0,0.9571948998178508,bolig
Danmarksdemokraterne,Det Konservative Folkeparti,67,550,453.0,0.8236363636363636,bolig
Danmarksdemokraterne,Enhedslisten,67,285,108.0,0.3789473684210526,bolig
Danmarksdemokraterne,Liberal Alliance,67,80,65.0,0.8125,bolig
Danmarksdemokraterne,Moderaterne,67,10,10.0,1.0,bolig
Danmarksdemokraterne,Radikale Venstre,67,217,118.0,0.543778801843318,bolig
Danmarksdemokraterne,Sambandsflokkurin,67,8,7.0,0.875,bolig
Danmarksdemokraterne,Socialdemokratiet,67,2623,1167.0,0.4449104079298513,bolig
Danmarksdemokraterne,Socialistisk Folkeparti,67,1075,502.0,0.4669767441860465,bolig
Danmarksdemokraterne,Uden for folketingsgrupperne,67,215,182.0,0.8465116279069768,bolig
Danmarksdemokraterne,Venstre,67,2774,2292.0,0.8262436914203316,bolig
Dansk Folkeparti,Danmarksdemokraterne,67,149,149.0,1.0,bolig
Dansk Folkeparti,Dansk Folkeparti,67,1061,1061.0,1.0,bolig
Dansk Folkeparti,Det Konservative Folkeparti,67,700,553.0,0.79,bolig
Dansk Folkeparti,Enhedslisten,67,317,116.0,0.3659305993690852,bolig
Dansk Folkeparti,Liberal Alliance,67,144,114.0,0.7916666666666666,bolig
Dansk Folkeparti,Moderaterne,67,10,10.0,1.0,bolig
Dansk Folkeparti,Radikale Venstre,67,253,134.0,0.5296442687747036,bolig
Dansk Folkeparti,Socialdemokratiet,67,2684,1118.0,0.4165424739195231,bolig
Dansk Folkeparti,Socialistisk Folkeparti,67,1150,517.0,0.4495652173913043,bolig
Dansk Folkeparti,Uden for folketingsgrupperne,67,287,221.0,0.7700348432055749,bolig
Dansk Folkeparti,Venstre,67,2514,1991.0,0.7919649960222752,bolig
Det Konservative Folkeparti,Danmarksdemokraterne,67,199,168.0,0.8442211055276382,bolig
Det Konservative Folkeparti,Dansk Folkeparti,67,796,634.0,0.7964824120603015,bolig
Det Konservative Folkeparti,Det Konservative Folkeparti,67,366,366.0,1.0,bolig
Det Konservative Folkeparti,Enhedslisten,67,241,96.0,0.3983402489626556,bolig
Det Konservative Folkeparti,Liberal Alliance,67,83,70.0,0.8433734939759037,bolig
Det Konservative Folkeparti,Moderaterne,67,10,10.0,1.0,bolig
Det Konservative Folkeparti,Radikale Venstre,67,188,128.0,0.6808510638297872,bolig
Det Konservative Folkeparti,Sambandsflokkurin,67,9,9.0,1.0,bolig
Det Konservative Folkeparti,Socialdemokratiet,67,1902,1132.0,0.5951629863301787,bolig
Det Konservative Folkeparti,Socialistisk Folkeparti,67,807,471.0,0.5836431226765799,bolig
Det Konservative Folkeparti,Uden for folketingsgrupperne,67,186,146.0,0.7849462365591398,bolig
Det Konservative Folkeparti,Venstre,67,1991,1991.0,1.0,bolig
Enhedslisten,Danmarksdemokraterne,67,102,44.0,0.4313725490196078,bolig
Enhedslisten,Dansk Folkeparti,67,430,166.0,0.386046511627907,bolig
Enhedslisten,Det Konservative Folkeparti,67,194,78.0,0.4020618556701031,bolig
Enhedslisten,Enhedslisten,67,66,56.0,0.8484848484848485,bolig
Enhedslisten,Liberal Alliance,67,50,24.0,0.48,bolig
Enhedslisten,Moderaterne,67,4,1.0,0.25,bolig
Enhedslisten,Radikale Venstre,67,69,49.0,0.7101449275362319,bolig
Enhedslisten,Socialdemokratiet,67,896,649.0,0.7243303571428571,bolig
Enhedslisten,Socialistisk Folkeparti,67,454,331.0,0.7290748898678414,bolig
Enhedslisten,Uden for folketingsgrupperne,67,86,41.0,0.4767441860465116,bolig
Enhedslisten,Venstre,67,915,362.0,0.3956284153005464,bolig
Liberal Alliance,Danmarksdemokraterne,67,77,51.0,0.6623376623376623,bolig
Liberal Alliance,Dansk Folkeparti,67,152,101.0,0.6644736842105263,bolig
Liberal Alliance,Det Konservative Folkeparti,67,97,89.0,0.9175257731958762,bolig
Liberal Alliance,Enhedslisten,67,43,10.0,0.2325581395348837,bolig
Liberal Alliance,Moderaterne,67,4,4.0,1.0,bolig
Liberal Alliance,Radikale Venstre,67,29,17.0,0.5862068965517241,bolig
Liberal Alliance,Socialdemokratiet,67,464,216.0,0.4655172413793103,bolig
Liberal Alliance,Socialistisk Folkeparti,67,193,79.0,0.4093264248704663,bolig
Liberal Alliance,Uden for folketingsgrupperne,67,27,18.0,0.6666666666666666,bolig
Liberal Alliance,Venstre,67,498,427.0,0.857429718875502,bolig
Moderaterne,Danmarksdemokraterne,67,4,4.0,1.0,bolig
Moderaterne,Dansk Folkeparti,67,15,15.0,1.0,bolig
Moderaterne,Det Konservative Folkeparti,67,7,7.0,1.0,bolig
Moderaterne,Enhedslisten,67,1,0.0,0.0,bolig
Moderaterne,Radikale Venstre,67,1,1.0,1.0,bolig
Moderaterne,Socialdemokratiet,67,36,9.0,0.25,bolig
Moderaterne,Socialistisk Folkeparti,67,4,1.0,0.25,bolig
Moderaterne,Uden for folketingsgrupperne,67,3,2.0,0.6666666666666666,bolig
Moderaterne,Venstre,67,23,23.0,1.0,bolig
Radikale Venstre,Danmarksdemokraterne,67,37,21.0,0.5675675675675675,bolig
Radikale Venstre,Dansk Folkeparti,67,213,113.0,0.5305164319248826,bolig
Radikale Venstre,Det Konservative Folkeparti,67,109,70.0,0.6422018348623854,bolig
Radikale Venstre,Enhedslisten,67,87,67.0,0.7701149425287356,bolig
Radikale Venstre,Liberal Alliance,67,30,23.0,0.7666666666666667,bolig
Radikale Venstre,Radikale Venstre,67,21,21.0,1.0,bolig
Radikale Venstre,Socialdemokratiet,67,423,350.0,0.8274231678486997,bolig
Radikale Venstre,Socialistisk Folkeparti,67,211,184.0,0.8720379146919431,bolig
Radikale Venstre,Uden for folketingsgrupperne,67,28,22.0,0.7857142857142857,bolig
Radikale Venstre,Venstre,67,342,223.0,0.652046783625731,bolig
Sambandsflokkurin,Danmarksdemokraterne,67,12,10.0,0.8333333333333334,bolig
Sambandsflokkurin,Dansk Folkeparti,67,36,30.0,0.8333333333333334,bolig
Sambandsflokkurin,Det Konservative Folkeparti,67,12,12.0,1.0,bolig
Sambandsflokkurin,Enhedslisten,67,16,2.0,0.125,bolig
Sambandsflokkurin,Liberal Alliance,67,6,5.0,0.8333333333333334,bolig
Sambandsflokkurin,Radikale Venstre,67,8,5.0,0.625,bolig
Sambandsflokkurin,Socialdemokratiet,67,83,40.0,0.4819277108433735,bolig
Sambandsflokkurin,Socialistisk Folkeparti,67,48,17.0,0.3541666666666667,bolig
Sambandsflokkurin,Uden for folketingsgrupperne,67,6,5.0,0.8333333333333334,bolig
Sambandsflokkurin,Venstre,67,107,107.0,1.0,bolig
Socialdemokratiet,Danmarksdemokraterne,67,1055,473.0,0.4483412322274882,bolig
Socialdemokratiet,Dansk Folkeparti,67,4672,2010.0,0.430222602739726,bolig
Socialdemokratiet,Det Konservative Folkeparti,67,2458,1474.0,0.5996745321399511,bolig
Socialdemokratiet,Enhedslisten,67,1288,951.0,0.7383540372670807,bolig
Socialdemokratiet,Liberal Alliance,67,424,251.0,0.5919811320754716,bolig
Socialdemokratiet,Moderaterne,67,48,14.0,0.2916666666666667,bolig
Socialdemokratiet,Radikale Venstre,67,926,791.0,0.8542116630669546,bolig
Socialdemokratiet,Sambandsflokkurin,67,22,9.0,0.4090909090909091,bolig
Socialdemokratiet,Socialdemokratiet,67,10282,10122.0,0.9844388251312974,bolig
Socialdemokratiet,Socialistisk Folkeparti,67,4449,4148.0,0.9323443470442796,bolig
Socialdemokratiet,Uden for folketingsgrupperne,67,988,607.0,0.6143724696356275,bolig
Socialdemokratiet,Venstre,67,10616,6254.0,0.5891107761868877,bolig
Socialistisk Folkeparti,Danmarksdemokraterne,67,425,195.0,0.4588235294117647,bolig
Socialistisk Folkeparti,Dansk Folkeparti,67,1803,816.0,0.4525790349417637,bolig
Socialistisk Folkeparti,Det Konservative Folkeparti,67,968,543.0,0.5609504132231405,bolig
Socialistisk Folkeparti,Enhedslisten,67,441,352.0,0.7981859410430839,bolig
Socialistisk Folkeparti,Liberal Alliance,67,167,101.0,0.6047904191616766,bolig
Socialistisk Folkeparti,Moderaterne,67,18,4.0,0.2222222222222222,bolig
Socialistisk Folkeparti,Radikale Venstre,67,361,302.0,0.8365650969529086,bolig
Socialistisk Folkeparti,Sambandsflokkurin,67,2,2.0,1.0,bolig
Socialistisk Folkeparti,Socialdemokratiet,67,4149,3868.0,0.9322728368281512,bolig
Socialistisk Folkeparti,Socialistisk Folkeparti,67,1544,1544.0,1.0,bolig
Socialistisk Folkeparti,Uden for folketingsgrupperne,67,388,214.0,0.5515463917525774,bolig
Socialistisk Folkeparti,Venstre,67,4560,2558.0,0.5609649122807018,bolig
Uden for folketingsgrupperne,Danmarksdemokraterne,67,31,29.0,0.935483870967742,bolig
Uden for folketingsgrupperne,Dansk Folkeparti,67,197,197.0,1.0,bolig
Uden for folketingsgrupperne,Det Konservative Folkeparti,67,123,99.0,0.8048780487804879,bolig
Uden for folketingsgrupperne,Enhedslisten,67,57,24.0,0.4210526315789473,bolig
Uden for folketingsgrupperne,Liberal Alliance,67,23,19.0,0.8260869565217391,bolig
Uden for folketingsgrupperne,Moderaterne,67,4,4.0,1.0,bolig
Uden for folketingsgrupperne,Radikale Venstre,67,67,37.0,0.5522388059701493,bolig
Uden for folketingsgrupperne,Socialdemokratiet,67,429,191.0,0.4452214452214452,bolig
Uden for folketingsgrupperne,Socialistisk Folkeparti,67,173,89.0,0.5144508670520231,bolig
Uden for folketingsgrupperne,Uden for folketingsgrupperne,67,25,18.0,0.72,bolig
Uden for folketingsgrupperne,Venstre,67,405,319.0,0.7876543209876543,bolig
Venstre,Danmarksdemokraterne,67,1383,1194.0,0.8633405639913232,bolig
Venstre,Dansk Folkeparti,67,5752,4562.0,0.7931154381084841,bolig
Venstre,Det Konservative Folkeparti,67,2974,2974.0,1.0,bolig
Venstre,Enhedslisten,67,1540,669.0,0.4344155844155844,bolig
Venstre,Liberal Alliance,67,478,404.0,0.8451882845188284,bolig
Venstre,Moderaterne,67,63,63.0,1.0,bolig
Venstre,Radikale Venstre,67,1230,821.0,0.667479674796748,bolig
Venstre,Sambandsflokkurin,67,11,11.0,1.0,bolig
Venstre,Socialdemokratiet,67,13494,8056.0,0.597006076774863,bolig
Venstre,Socialistisk Folkeparti,67,5121,2903.0,0.5668814684631908,bolig
Venstre,Uden for folketingsgrupperne,67,1244,980.0,0.7877813504823151,bolig
Venstre,Venstre,67,12973,12973.0,1.0,bolig
Alternativet,Liberal Alliance,69,10,5.0,0.5,bolig
Alternativet,Radikale Venstre,69,6,6.0,1.0,bolig
Danmarksdemokraterne,Alternativet,69,66,29.0,0.4393939393939394,bolig
Danmarksdemokraterne,Danmarksdemokraterne,69,714,670.0,0.938375350140056,bolig
Danmarksdemokraterne,Dansk Folkeparti,69,1507,1465.0,0.9721300597213006,bolig
Danmarksdemokraterne,Det Konservative Folkeparti,69,55,48.0,0.8727272727272727,bolig
Danmarksdemokraterne,Enhedslisten,69,1201,373.0,0.3105745212323064,bolig
Danmarksdemokraterne,Liberal Alliance,69,1478,1263.0,0.854533152909337,bolig
Danmarksdemokraterne,Moderaterne,69,73,67.0,0.9178082191780822,bolig
Danmarksdemokraterne,Radikale Venstre,69,1216,684.0,0.5625,bolig
Danmarksdemokraterne,Socialdemokratiet,69,4870,3139.0,0.6445585215605749,bolig
Danmarksdemokraterne,Socialistisk Folkeparti,69,742,319.0,0.4299191374663073,bolig
Danmarksdemokraterne,Uden for folketingsgrupperne,69,816,779.0,0.954656862745098,bolig
Danmarksdemokraterne,Venstre,69,4485,3907.0,0.8711259754738016,bolig
Dansk Folkeparti,Alternativet,69,72,32.0,0.4444444444444444,bolig
Dansk Folkeparti,Danmarksdemokraterne,69,579,563.0,0.9723661485319516,bolig
Dansk Folkeparti,Dansk Folkeparti,69,1111,1111.0,1.0,bolig
Dansk Folkeparti,Det Konservative Folkeparti,69,52,42.0,0.8076923076923077,bolig
Dansk Folkeparti,Enhedslisten,69,1143,367.0,0.321084864391951,bolig
Dansk Folkeparti,Liberal Alliance,69,1064,882.0,0.8289473684210527,bolig
Dansk Folkeparti,Moderaterne,69,34,28.0,0.8235294117647058,bolig
Dansk Folkeparti,Radikale Venstre,69,1062,573.0,0.53954802259887,bolig
Dansk Folkeparti,Socialdemokratiet,69,4081,2396.0,0.5871110022053418,bolig
Dansk Folkeparti,Socialistisk Folkeparti,69,400,166.0,0.415,bolig
Dansk Folkeparti,Uden for folketingsgrupperne,69,596,568.0,0.953020134228188,bolig
Dansk Folkeparti,Venstre,69,3716,3158.0,0.8498385360602799,bolig
Det Konservative Folkeparti,Alternativet,69,5,0.0,0.0,bolig
Det Konservative Folkeparti,Danmarksdemokraterne,69,66,54.0,0.8181818181818182,bolig
Det Konservative Folkeparti,Dansk Folkeparti,69,133,109.0,0.8195488721804511,bolig
Det Konservative Folkeparti,Det Konservative Folkeparti,69,8,8.0,1.0,bolig
Det Konservative Folkeparti,Enhedslisten,69,124,54.0,0.4354838709677419,bolig
Det Konservative Folkeparti,Liberal Alliance,69,94,83.0,0.8829787234042553,bolig
Det Konservative Folkeparti,Moderaterne,69,9,9.0,1.0,bolig
Det Konservative Folkeparti,Radikale Venstre,69,75,61.0,0.8133333333333334,bolig
Det Konservative Folkeparti,Socialdemokratiet,69,347,315.0,0.9077809798270894,bolig
Det Konservative Folkeparti,Socialistisk Folkeparti,69,52,24.0,0.4615384615384615,bolig
Det Konservative Folkeparti,Uden for folketingsgrupperne,69,43,35.0,0.813953488372093,bolig
Det Konservative Folkeparti,Venstre,69,364,364.0,1.0,bolig
Enhedslisten,Alternativet,69,57,35.0,0.6140350877192983,bolig
Enhedslisten,Danmarksdemokraterne,69,624,194.0,0.3108974358974359,bolig
Enhedslisten,Dansk Folkeparti,69,1075,341.0,0.3172093023255814,bolig
Enhedslisten,Det Konservative Folkeparti,69,40,22.0,0.55,bolig
Enhedslisten,Enhedslisten,69,770,770.0,1.0,bolig
Enhedslisten,Liberal Alliance,69,994,303.0,0.3048289738430583,bolig
Enhedslisten,Moderaterne,69,62,14.0,0.2258064516129032,bolig
Enhedslisten,Radikale Venstre,69,828,493.0,0.5954106280193237,bolig
Enhedslisten,Socialdemokratiet,69,3625,1867.0,0.5150344827586207,bolig
Enhedslisten,Socialistisk Folkeparti,69,518,432.0,0.833976833976834,bolig
Enhedslisten,Uden for folketingsgrupperne,69,520,139.0,0.2673076923076923,bolig
Enhedslisten,Venstre,69,3440,991.0,0.2880813953488372,bolig
Liberal Alliance,Alternativet,69,43,19.0,0.4418604651162791,bolig
Liberal Alliance,Danmarksdemokraterne,69,90,79.0,0.8777777777777778,bolig
Liberal Alliance,Dansk Folkeparti,69,821,697.0,0.8489646772228989,bolig
Liberal Alliance,Det Konservative Folkeparti,69,20,16.0,0.8,bolig
Liberal Alliance,Enhedslisten,69,640,214.0,0.334375,bolig
Liberal Alliance,Liberal Alliance,69,541,541.0,1.0,bolig
Liberal Alliance,Moderaterne,69,2,2.0,1.0,bolig
Liberal Alliance,Radikale Venstre,69,681,399.0,0.5859030837004405,bolig
Liberal Alliance,Socialdemokratiet,69,2318,1740.0,0.7506471095772217,bolig
Liberal Alliance,Socialistisk Folkeparti,69,173,80.0,0.4624277456647399,bolig
Liberal Alliance,Uden for folketingsgrupperne,69,370,339.0,0.9162162162162162,bolig
Liberal Alliance,Venstre,69,1863,1785.0,0.9581320450885668,bolig
Moderaterne,Alternativet,69,3,0.0,0.0,bolig
Moderaterne,Danmarksdemokraterne,69,30,25.0,0.8333333333333334,bolig
Moderaterne,Dansk Folkeparti,69,91,79.0,0.8681318681318682,bolig
Moderaterne,Det Konservative Folkeparti,69,3,3.0,1.0,bolig
Moderaterne,Enhedslisten,69,52,14.0,0.2692307692307692,bolig
Moderaterne,Liberal Alliance,69,99,99.0,1.0,bolig
Moderaterne,Radikale Venstre,69,74,40.0,0.5405405405405406,bolig
Moderaterne,Socialdemokratiet,69,302,247.0,0.8178807947019867,bolig
Moderaterne,Socialistisk Folkeparti,69,39,15.0,0.3846153846153846,bolig
Moderaterne,Uden for folketingsgrupperne,69,49,46.0,0.9387755102040816,bolig
Moderaterne,Venstre,69,255,255.0,1.0,bolig
Radikale Venstre,Alternativet,69,60,36.0,0.6,bolig
Radikale Venstre,Danmarksdemokraterne,69,331,196.0,0.5921450151057401,bolig
Radikale Venstre,Dansk Folkeparti,69,825,448.0,0.5430303030303031,bolig
Radikale Venstre,Det Konservative Folkeparti,69,37,33.0,0.8918918918918919,bolig
Radikale Venstre,Enhedslisten,69,748,457.0,0.6109625668449198,bolig
Radikale Venstre,Liberal Alliance,69,711,441.0,0.620253164556962,bolig
Radikale Venstre,Moderaterne,69,13,7.0,0.5384615384615384,bolig
Radikale Venstre,Radikale Venstre,69,540,540.0,1.0,bolig
Radikale Venstre,Socialdemokratiet,69,2581,1930.0,0.7477721813250678,bolig
Radikale Venstre,Socialistisk Folkeparti,69,173,125.0,0.7225433526011561,bolig
Radikale Venstre,Uden for folketingsgrupperne,69,321,184.0,0.573208722741433,bolig
Radikale Venstre,Venstre,69,2238,1457.0,0.6510277033065237,bolig
Socialdemokratiet,Alternativet,69,249,131.0,0.5261044176706827,bolig
Socialdemokratiet,Danmarksdemokraterne,69,1780,1050.0,0.5898876404494382,bolig
Socialdemokratiet,Dansk Folkeparti,69,4114,2390.0,0.580943121050073,bolig
Socialdemokratiet,Det Konservative Folkeparti,69,178,147.0,0.8258426966292135,bolig
Socialdemokratiet,Enhedslisten,69,3292,1685.0,0.5118469015795869,bolig
Socialdemokratiet,Liberal Alliance,69,3614,2564.0,0.7094631986718317,bolig
Socialdemokratiet,Moderaterne,69,118,84.0,0.711864406779661,bolig
Socialdemokratiet,Radikale Venstre,69,3313,2459.0,0.7422275882885602,bolig
Socialdemokratiet,Socialdemokratiet,69,12198,12009.0,0.9845056566650272,bolig
Socialdemokratiet,Socialistisk Folkeparti,69,1405,879.0,0.6256227758007118,bolig
Socialdemokratiet,Uden for folketingsgrupperne,69,1980,1115.0,0.5631313131313131,bolig
Socialdemokratiet,Venstre,69,11498,8347.0,0.7259523395373109,bolig
Socialistisk Folkeparti,Alternativet,69,35,21.0,0.6,bolig
Socialistisk Folkeparti,Danmarksdemokraterne,69,156,58.0,0.3717948717948718,bolig
Socialistisk Folkeparti,Dansk Folkeparti,69,715,286.0,0.4,bolig
Socialistisk Folkeparti,Det Konservative Folkeparti,69,28,21.0,0.75,bolig
Socialistisk Folkeparti,Enhedslisten,69,421,349.0,0.828978622327791,bolig
Socialistisk Folkeparti,Liberal Alliance,69,640,259.0,0.4046875,bolig
Socialistisk Folkeparti,Moderaterne,69,16,6.0,0.375,bolig
Socialistisk Folkeparti,Radikale Venstre,69,650,449.0,0.6907692307692308,bolig
Socialistisk Folkeparti,Socialdemokratiet,69,2047,1291.0,0.6306790425012213,bolig
Socialistisk Folkeparti,Socialistisk Folkeparti,69,152,152.0,1.0,bolig
Socialistisk Folkeparti,Uden for folketingsgrupperne,69,431,163.0,0.3781902552204176,bolig
Socialistisk Folkeparti,Venstre,69,1825,753.0,0.4126027397260274,bolig
Uden for folketingsgrupperne,Alternativet,69,41,13.0,0.3170731707317073,bolig
Uden for folketingsgrupperne,Danmarksdemokraterne,69,22,22.0,1.0,bolig
Uden for folketingsgrupperne,Dansk Folkeparti,69,435,435.0,1.0,bolig
Uden for folketingsgrupperne,Det Konservative Folkeparti,69,16,12.0,0.75,bolig
Uden for folketingsgrupperne,Enhedslisten,69,332,92.0,0.2771084337349397,bolig
Uden for folketingsgrupperne,Liberal Alliance,69,364,304.0,0.8351648351648352,bolig
Uden for folketingsgrupperne,Moderaterne,69,1,1.0,1.0,bolig
Uden for folketingsgrupperne,Radikale Venstre,69,463,220.0,0.4751619870410367,bolig
Uden for folketingsgrupperne,Socialdemokratiet,69,1269,731.0,0.5760441292356187,bolig
Uden for folketingsgrupperne,Socialistisk Folkeparti,69,20,9.0,0.45,bolig
Uden for folketingsgrupperne,Uden for folketingsgrupperne,69,149,143.0,0.959731543624161,bolig
Uden for folketingsgrupperne,Venstre,69,1021,892.0,0.8736532810969637,bolig
Venstre,Alternativet,69,232,68.0,0.293103448275862,bolig
Venstre,Danmarksdemokraterne,69,1638,1411.0,0.8614163614163615,bolig
Venstre,Dansk Folkeparti,69,3869,3294.0,0.8513827862496769,bolig
Venstre,Det Konservative Folkeparti,69,196,196.0,1.0,bolig
Venstre,Enhedslisten,69,3007,975.0,0.3242434319920186,bolig
Venstre,Liberal Alliance,69,3621,3495.0,0.9652029826014912,bolig
Venstre,Moderaterne,69,131,131.0,1.0,bolig
Venstre,Radikale Venstre,69,3272,2087.0,0.6378361858190709,bolig
Venstre,Socialdemokratiet,69,12346,9416.0,0.7626761704195691,bolig
Venstre,Socialistisk Folkeparti,69,1431,625.0,0.4367575122292103,bolig
Venstre,Uden for folketingsgrupperne,69,1985,1737.0,0.8750629722921914,bolig
Venstre,Venstre,69,10479,10479.0,1.0,bolig
Danmarksdemokraterne,Danmarksdemokraterne,66,368,356.0,0.967391304347826,bolig
Danmarksdemokraterne,Dansk Folkeparti,66,1052,1026.0,0.9752851711026616,bolig
Danmarksdemokraterne,Det Konservative Folkeparti,66,870,816.0,0.9379310344827586,bolig
Danmarksdemokraterne,Enhedslisten,66,335,100.0,0.2985074626865671,bolig
Danmarksdemokraterne,Liberal Alliance,66,158,152.0,0.9620253164556962,bolig
Danmarksdemokraterne,Moderaterne,66,25,25.0,1.0,bolig
Danmarksdemokraterne,Radikale Venstre,66,537,310.0,0.5772811918063314,bolig
Danmarksdemokraterne,Socialdemokratiet,66,2370,1519.0,0.6409282700421941,bolig
Danmarksdemokraterne,Socialistisk Folkeparti,66,560,244.0,0.4357142857142857,bolig
Danmarksdemokraterne,Uden for folketingsgrupperne,66,494,392.0,0.7935222672064778,bolig
Danmarksdemokraterne,Venstre,66,3307,3117.0,0.9425461143029936,bolig
Dansk Folkeparti,Danmarksdemokraterne,66,414,413.0,0.997584541062802,bolig
Dansk Folkeparti,Dansk Folkeparti,66,989,983.0,0.993933265925177,bolig
Dansk Folkeparti,Det Konservative Folkeparti,66,665,610.0,0.9172932330827068,bolig
Dansk Folkeparti,Enhedslisten,66,430,117.0,0.2720930232558139,bolig
Dansk Folkeparti,Liberal Alliance,66,151,143.0,0.9470198675496688,bolig
Dansk Folkeparti,Moderaterne,66,32,32.0,1.0,bolig
Dansk Folkeparti,Radikale Venstre,66,676,370.0,0.5473372781065089,bolig
Dansk Folkeparti,Socialdemokratiet,66,2316,1434.0,0.6191709844559585,bolig
Dansk Folkeparti,Socialistisk Folkeparti,66,805,345.0,0.4285714285714285,bolig
Dansk Folkeparti,Uden for folketingsgrupperne,66,733,513.0,0.6998635743519782,bolig
Dansk Folkeparti,Venstre,66,3286,3042.0,0.9257455873402312,bolig
Det Konservative Folkeparti,Danmarksdemokraterne,66,643,608.0,0.9455676516329704,bolig
Det Konservative Folkeparti,Dansk Folkeparti,66,1660,1540.0,0.927710843373494,bolig
Det Konservative Folkeparti,Det Konservative Folkeparti,66,1020,1020.0,1.0,bolig
Det Konservative Folkeparti,Enhedslisten,66,540,202.0,0.374074074074074,bolig
Det Konservative Folkeparti,Liberal Alliance,66,250,250.0,1.0,bolig
Det Konservative Folkeparti,Moderaterne,66,44,44.0,1.0,bolig
Det Konservative Folkeparti,Radikale Venstre,66,955,601.0,0.6293193717277487,bolig
Det Konservative Folkeparti,Socialdemokratiet,66,3655,2562.0,0.7009575923392612,bolig
Det Konservative Folkeparti,Socialistisk Folkeparti,66,889,448.0,0.5039370078740157,bolig
Det Konservative Folkeparti,Uden for folketingsgrupperne,66,793,648.0,0.8171500630517023,bolig
Det Konservative Folkeparti,Venstre,66,4901,4899.0,0.9995919200163232,bolig
Enhedslisten,Danmarksdemokraterne,66,201,71.0,0.3532338308457711,bolig
Enhedslisten,Dansk Folkeparti,66,425,144.0,0.3388235294117647,bolig
Enhedslisten,Det Konservative Folkeparti,66,334,132.0,0.3952095808383233,bolig
Enhedslisten,Enhedslisten,66,101,101.0,1.0,bolig
Enhedslisten,Liberal Alliance,66,69,30.0,0.4347826086956521,bolig
Enhedslisten,Moderaterne,66,6,5.0,0.8333333333333334,bolig
Enhedslisten,Radikale Venstre,66,197,135.0,0.6852791878172588,bolig
Enhedslisten,Socialdemokratiet,66,897,622.0,0.693422519509476,bolig
Enhedslisten,Socialistisk Folkeparti,66,291,243.0,0.8350515463917526,bolig
Enhedslisten,Uden for folketingsgrupperne,66,252,133.0,0.5277777777777778,bolig
Enhedslisten,Venstre,66,1328,498.0,0.375,bolig
Liberal Alliance,Danmarksdemokraterne,66,68,64.0,0.9411764705882352,bolig
Liberal Alliance,Dansk Folkeparti,66,207,198.0,0.9565217391304348,bolig
Liberal Alliance,Det Konservative Folkeparti,66,119,119.0,1.0,bolig
Liberal Alliance,Enhedslisten,66,69,22.0,0.3188405797101449,bolig
Liberal Alliance,Radikale Venstre,66,172,117.0,0.6802325581395349,bolig
Liberal Alliance,Socialdemokratiet,66,445,314.0,0.7056179775280899,bolig
Liberal Alliance,Socialistisk Folkeparti,66,114,54.0,0.4736842105263157,bolig
Liberal Alliance,Uden for folketingsgrupperne,66,121,94.0,0.7768595041322314,bolig
Liberal Alliance,Venstre,66,444,444.0,1.0,bolig
Moderaterne,Danmarksdemokraterne,66,19,19.0,1.0,bolig
Moderaterne,Dansk Folkeparti,66,43,43.0,1.0,bolig
Moderaterne,Det Konservative Folkeparti,66,21,21.0,1.0,bolig
Moderaterne,Enhedslisten,66,18,7.0,0.3888888888888889,bolig
Moderaterne,Liberal Alliance,66,13,13.0,1.0,bolig
Moderaterne,Radikale Venstre,66,31,21.0,0.6774193548387096,bolig
Moderaterne,Socialdemokratiet,66,97,69.0,0.711340206185567,bolig
Moderaterne,Socialistisk Folkeparti,66,25,10.0,0.4,bolig
Moderaterne,Uden for folketingsgrupperne,66,28,23.0,0.8214285714285714,bolig
Moderaterne,Venstre,66,93,93.0,1.0,bolig
Radikale Venstre,Danmarksdemokraterne,66,223,127.0,0.5695067264573991,bolig
Radikale Venstre,Dansk Folkeparti,66,477,252.0,0.5283018867924528,bolig
Radikale Venstre,Det Konservative Folkeparti,66,212,141.0,0.6650943396226415,bolig
Radikale Venstre,Enhedslisten,66,221,141.0,0.6380090497737556,bolig
Radikale Venstre,Radikale Venstre,66,217,215.0,0.9907834101382488,bolig
Radikale Venstre,Socialdemokratiet,66,966,791.0,0.8188405797101449,bolig
Radikale Venstre,Socialistisk Folkeparti,66,332,237.0,0.713855421686747,bolig
Radikale Venstre,Uden for folketingsgrupperne,66,380,299.0,0.7868421052631579,bolig
Radikale Venstre,Venstre,66,1397,852.0,0.6098783106657122,bolig
Socialdemokratiet,Danmarksdemokraterne,66,1262,827.0,0.6553090332805072,bolig
Socialdemokratiet,Dansk Folkeparti,66,3447,2140.0,0.6208297069915869,bolig
Socialdemokratiet,Det Konservative Folkeparti,66,2121,1514.0,0.7138142385667138,bolig
Socialdemokratiet,Enhedslisten,66,1185,764.0,0.6447257383966245,bolig
Socialdemokratiet,Liberal Alliance,66,434,309.0,0.7119815668202765,bolig
Socialdemokratiet,Moderaterne,66,82,48.0,0.5853658536585366,bolig
Socialdemokratiet,Radikale Venstre,66,1836,1496.0,0.8148148148148148,bolig
Socialdemokratiet,Socialdemokratiet,66,6636,6487.0,0.977546714888487,bolig
Socialdemokratiet,Socialistisk Folkeparti,66,1991,1575.0,0.7910597689603215,bolig
Socialdemokratiet,Uden for folketingsgrupperne,66,1788,1243.0,0.6951901565995525,bolig
Socialdemokratiet,Venstre,66,9636,6674.0,0.6926110419261104,bolig
Socialistisk Folkeparti,Danmarksdemokraterne,66,480,239.0,0.4979166666666667,bolig
Socialistisk Folkeparti,Dansk Folkeparti,66,860,407.0,0.4732558139534883,bolig
Socialistisk Folkeparti,Det Konservative Folkeparti,66,772,424.0,0.5492227979274611,bolig
Socialistisk Folkeparti,Enhedslisten,66,326,267.0,0.8190184049079755,bolig
Socialistisk Folkeparti,Liberal Alliance,66,152,79.0,0.5197368421052632,bolig
Socialistisk Folkeparti,Moderaterne,66,35,20.0,0.5714285714285714,bolig
Socialistisk Folkeparti,Radikale Venstre,66,449,337.0,0.7505567928730512,bolig
Socialistisk Folkeparti,Socialdemokratiet,66,2047,1654.0,0.8080117244748413,bolig
Socialistisk Folkeparti,Socialistisk Folkeparti,66,486,475.0,0.977366255144033,bolig
Socialistisk Folkeparti,Uden for folketingsgrupperne,66,489,280.0,0.5725971370143149,bolig
Socialistisk Folkeparti,Venstre,66,3301,1734.0,0.5252953650408967,bolig
Uden for folketingsgrupperne,Danmarksdemokraterne,66,210,172.0,0.819047619047619,bolig
Uden for folketingsgrupperne,Dansk Folkeparti,66,378,355.0,0.9391534391534392,bolig
Uden for folketingsgrupperne,Det Konservative Folkeparti,66,316,280.0,0.8860759493670886,bolig
Uden for folketingsgrupperne,Enhedslisten,66,155,56.0,0.3612903225806451,bolig
Uden for folketingsgrupperne,Liberal Alliance,66,57,57.0,1.0,bolig
Uden for folketingsgrupperne,Moderaterne,66,15,15.0,1.0,bolig
Uden for folketingsgrupperne,Radikale Venstre,66,165,103.0,0.6242424242424243,bolig
Uden for folketingsgrupperne,Socialdemokratiet,66,902,601.0,0.6662971175166297,bolig
Uden for folketingsgrupperne,Socialistisk Folkeparti,66,314,164.0,0.5222929936305732,bolig
Uden for folketingsgrupperne,Uden for folketingsgrupperne,66,203,144.0,0.7093596059113301,bolig
Uden for folketingsgrupperne,Venstre,66,1522,1322.0,0.8685939553219448,bolig
Venstre,Danmarksdemokraterne,66,2986,2844.0,0.9524447421299396,bolig
Venstre,Dansk Folkeparti,66,6639,6192.0,0.9326705829191144,bolig
Venstre,Det Konservative Folkeparti,66,5092,5082.0,0.9980361351139042,bolig
Venstre,Enhedslisten,66,2323,820.0,0.3529918209212225,bolig
Venstre,Liberal Alliance,66,1061,1059.0,0.998114985862394,bolig
Venstre,Moderaterne,66,206,205.0,0.9951456310679612,bolig
Venstre,Radikale Venstre,66,3525,2159.0,0.6124822695035461,bolig
Venstre,Socialdemokratiet,66,14651,9999.0,0.6824790116715582,bolig
Venstre,Socialistisk Folkeparti,66,3746,1815.0,0.4845168179391351,bolig
Venstre,Uden for folketingsgrupperne,66,3191,2540.0,0.7959887182701347,bolig
Venstre,Venstre,66,20317,20275.0,0.997932765664222,bolig
Danmarksdemokraterne,Danmarksdemokraterne,65,2,2.0,1.0,bolig
Danmarksdemokraterne,Dansk Folkeparti,65,22,22.0,1.0,bolig
Danmarksdemokraterne,Det Konservative Folkeparti,65,10,10.0,1.0,bolig
Danmarksdemokraterne,Kristendemokraterne,65,2,2.0,1.0,bolig
Danmarksdemokraterne,Liberal Alliance,65,4,4.0,1.0,bolig
Danmarksdemokraterne,Radikale Venstre,65,4,2.0,0.5,bolig
Danmarksdemokraterne,Socialdemokratiet,65,74,33.0,0.4459459459459459,bolig
Danmarksdemokraterne,Socialistisk Folkeparti,65,10,4.0,0.4,bolig
Danmarksdemokraterne,Uden for folketingsgrupperne,65,14,12.0,0.8571428571428571,bolig
Danmarksdemokraterne,Venstre,65,55,55.0,1.0,bolig
Dansk Folkeparti,Dansk Folkeparti,65,25,25.0,1.0,bolig
Dansk Folkeparti,Det Konservative Folkeparti,65,2,2.0,1.0,bolig
Dansk Folkeparti,Kristendemokraterne,65,2,2.0,1.0,bolig
Dansk Folkeparti,Liberal Alliance,65,2,2.0,1.0,bolig
Dansk Folkeparti,Radikale Venstre,65,4,2.0,0.5,bolig
Dansk Folkeparti,Socialdemokratiet,65,54,24.0,0.4444444444444444,bolig
Dansk Folkeparti,Socialistisk Folkeparti,65,11,3.0,0.2727272727272727,bolig
Dansk Folkeparti,Uden for folketingsgrupperne,65,8,6.0,0.75,bolig
Dansk Folkeparti,Venstre,65,60,60.0,1.0,bolig
Det Konservative Folkeparti,Danmarksdemokraterne,65,6,6.0,1.0,bolig
Det Konservative Folkeparti,Dansk Folkeparti,65,43,43.0,1.0,bolig
Det Konservative Folkeparti,Det Konservative Folkeparti,65,13,13.0,1.0,bolig
Det Konservative Folkeparti,Kristendemokraterne,65,3,3.0,1.0,bolig
Det Konservative Folkeparti,Liberal Alliance,65,8,8.0,1.0,bolig
Det Konservative Folkeparti,Radikale Venstre,65,8,5.0,0.625,bolig
Det Konservative Folkeparti,Socialdemokratiet,65,135,78.0,0.5777777777777777,bolig
Det Konservative Folkeparti,Socialistisk Folkeparti,65,18,10.0,0.5555555555555556,bolig
Det Konservative Folkeparti,Uden for folketingsgrupperne,65,24,21.0,0.875,bolig
Det Konservative Folkeparti,Venstre,65,109,109.0,1.0,bolig
Kristendemokraterne,Dansk Folkeparti,65,3,3.0,1.0,bolig
Kristendemokraterne,Radikale Venstre,65,1,0.0,0.0,bolig
Kristendemokraterne,Socialdemokratiet,65,11,0.0,0.0,bolig
Kristendemokraterne,Socialistisk Folkeparti,65,2,0.0,0.0,bolig
Kristendemokraterne,Uden for folketingsgrupperne,65,2,1.0,0.5,bolig
Kristendemokraterne,Venstre,65,5,5.0,1.0,bolig
Liberal Alliance,Dansk Folkeparti,65,9,9.0,1.0,bolig
Liberal Alliance,Kristendemokraterne,65,1,1.0,1.0,bolig
Liberal Alliance,Radikale Venstre,65,2,1.0,0.5,bolig
Liberal Alliance,Socialdemokratiet,65,26,11.0,0.4230769230769231,bolig
Liberal Alliance,Socialistisk Folkeparti,65,4,2.0,0.5,bolig
Liberal Alliance,Uden for folketingsgrupperne,65,4,3.0,0.75,bolig
Liberal Alliance,Venstre,65,13,13.0,1.0,bolig
Radikale Venstre,Dansk Folkeparti,65,7,4.0,0.5714285714285714,bolig
Radikale Venstre,Socialdemokratiet,65,15,15.0,1.0,bolig
Radikale Venstre,Socialistisk Folkeparti,65,2,2.0,1.0,bolig
Radikale Venstre,Uden for folketingsgrupperne,65,2,1.0,0.5,bolig
Radikale Venstre,Venstre,65,11,6.0,0.5454545454545454,bolig
Socialdemokratiet,Danmarksdemokraterne,65,6,3.0,0.5,bolig
Socialdemokratiet,Dansk Folkeparti,65,164,84.0,0.5121951219512195,bolig
Socialdemokratiet,Det Konservative Folkeparti,65,21,12.0,0.5714285714285714,bolig
Socialdemokratiet,Kristendemokraterne,65,11,0.0,0.0,bolig
Socialdemokratiet,Liberal Alliance,65,14,7.0,0.5,bolig
Socialdemokratiet,Radikale Venstre,65,25,25.0,1.0,bolig
Socialdemokratiet,Socialdemokratiet,65,384,384.0,1.0,bolig
Socialdemokratiet,Socialistisk Folkeparti,65,61,61.0,1.0,bolig
Socialdemokratiet,Uden for folketingsgrupperne,65,70,39.0,0.5571428571428572,bolig
Socialdemokratiet,Venstre,65,299,151.0,0.5050167224080268,bolig
Socialistisk Folkeparti,Danmarksdemokraterne,65,4,2.0,0.5,bolig
Socialistisk Folkeparti,Dansk Folkeparti,65,27,15.0,0.5555555555555556,bolig
Socialistisk Folkeparti,Det Konservative Folkeparti,65,9,5.0,0.5555555555555556,bolig
Socialistisk Folkeparti,Kristendemokraterne,65,2,0.0,0.0,bolig
Socialistisk Folkeparti,Liberal Alliance,65,3,1.0,0.3333333333333333,bolig
Socialistisk Folkeparti,Radikale Venstre,65,5,5.0,1.0,bolig
Socialistisk Folkeparti,Socialdemokratiet,65,81,81.0,1.0,bolig
Socialistisk Folkeparti,Socialistisk Folkeparti,65,9,9.0,1.0,bolig
Socialistisk Folkeparti,Uden for folketingsgrupperne,65,15,9.0,0.6,bolig
Socialistisk Folkeparti,Venstre,65,60,32.0,0.5333333333333333,bolig
Uden for folketingsgrupperne,Dansk Folkeparti,65,30,27.0,0.9,bolig
Uden for folketingsgrupperne,Det Konservative Folkeparti,65,3,3.0,1.0,bolig
Uden for folketingsgrupperne,Kristendemokraterne,65,2,2.0,1.0,bolig
Uden for folketingsgrupperne,Liberal Alliance,65,3,3.0,1.0,bolig
Uden for folketingsgrupperne,Radikale Venstre,65,5,3.0,0.6,bolig
Uden for folketingsgrupperne,Socialdemokratiet,65,72,37.0,0.5138888888888888,bolig
Uden for folketingsgrupperne,Socialistisk Folkeparti,65,10,4.0,0.4,bolig
Uden for folketingsgrupperne,Uden for folketingsgrupperne,65,9,6.0,0.6666666666666666,bolig
Uden for folketingsgrupperne,Venstre,65,48,43.0,0.8958333333333334,bolig
Venstre,Danmarksdemokraterne,65,15,15.0,1.0,bolig
Venstre,Dansk Folkeparti,65,134,134.0,1.0,bolig
Venstre,Det Konservative Folkeparti,65,34,34.0,1.0,bolig
Venstre,Kristendemokraterne,65,11,11.0,1.0,bolig
Venstre,Liberal Alliance,65,22,22.0,1.0,bolig
Venstre,Radikale Venstre,65,24,13.0,0.5416666666666666,bolig
Venstre,Socialdemokratiet,65,395,191.0,0.4835443037974684,bolig
Venstre,Socialistisk Folkeparti,65,61,25.0,0.4098360655737705,bolig
Venstre,Uden for folketingsgrupperne,65,73,62.0,0.8493150684931506,bolig
Venstre,Venstre,65,291,291.0,1.0,bolig
Alternativet,Radikale Venstre,70,14,8.0,0.5714285714285714,bolig
Alternativet,Venstre,70,19,8.0,0.4210526315789473,bolig
Danmarksdemokraterne,Alternativet,70,106,43.0,0.4056603773584906,bolig
Danmarksdemokraterne,Danmarksdemokraterne,70,567,518.0,0.9135802469135802,bolig
Danmarksdemokraterne,Dansk Folkeparti,70,383,358.0,0.9347258485639688,bolig
Danmarksdemokraterne,Det Konservative Folkeparti,70,101,77.0,0.7623762376237624,bolig
Danmarksdemokraterne,Enhedslisten,70,607,237.0,0.3904448105436573,bolig
Danmarksdemokraterne,Liberal Alliance,70,223,162.0,0.726457399103139,bolig
Danmarksdemokraterne,Radikale Venstre,70,723,418.0,0.5781466113416321,bolig
Danmarksdemokraterne,Socialdemokratiet,70,2948,1938.0,0.6573948439620081,bolig
Danmarksdemokraterne,Socialistisk Folkeparti,70,340,155.0,0.4558823529411764,bolig
Danmarksdemokraterne,Uden for folketingsgrupperne,70,512,462.0,0.90234375,bolig
Danmarksdemokraterne,Venstre,70,2520,1867.0,0.7408730158730159,bolig
Dansk Folkeparti,Alternativet,70,50,21.0,0.42,bolig
Dansk Folkeparti,Danmarksdemokraterne,70,154,154.0,1.0,bolig
Dansk Folkeparti,Dansk Folkeparti,70,75,75.0,1.0,bolig
Dansk Folkeparti,Det Konservative Folkeparti,70,10,8.0,0.8,bolig
Dansk Folkeparti,Enhedslisten,70,270,95.0,0.3518518518518518,bolig
Dansk Folkeparti,Liberal Alliance,70,84,62.0,0.7380952380952381,bolig
Dansk Folkeparti,Radikale Venstre,70,220,128.0,0.5818181818181818,bolig
Dansk Folkeparti,Socialdemokratiet,70,870,548.0,0.6298850574712643,bolig
Dansk Folkeparti,Socialistisk Folkeparti,70,40,15.0,0.375,bolig
Dansk Folkeparti,Uden for folketingsgrupperne,70,78,70.0,0.8974358974358975,bolig
Dansk Folkeparti,Venstre,70,740,554.0,0.7486486486486487,bolig
Det Konservative Folkeparti,Alternativet,70,5,2.0,0.4,bolig
Det Konservative Folkeparti,Danmarksdemokraterne,70,17,14.0,0.8235294117647058,bolig
Det Konservative Folkeparti,Dansk Folkeparti,70,33,28.0,0.8484848484848485,bolig
Det Konservative Folkeparti,Det Konservative Folkeparti,70,5,5.0,1.0,bolig
Det Konservative Folkeparti,Enhedslisten,70,49,16.0,0.3265306122448979,bolig
Det Konservative Folkeparti,Liberal Alliance,70,15,10.0,0.6666666666666666,bolig
Det Konservative Folkeparti,Radikale Venstre,70,42,25.0,0.5952380952380952,bolig
Det Konservative Folkeparti,Socialdemokratiet,70,117,83.0,0.7094017094017094,bolig
Det Konservative Folkeparti,Uden for folketingsgrupperne,70,20,17.0,0.85,bolig
Det Konservative Folkeparti,Venstre,70,86,82.0,0.9534883720930232,bolig
Enhedslisten,Alternativet,70,62,56.0,0.9032258064516128,bolig
Enhedslisten,Danmarksdemokraterne,70,252,104.0,0.4126984126984127,bolig
Enhedslisten,Dansk Folkeparti,70,119,42.0,0.3529411764705882,bolig
Enhedslisten,Det Konservative Folkeparti,70,23,7.0,0.3043478260869565,bolig
Enhedslisten,Enhedslisten,70,233,229.0,0.9828326180257512,bolig
Enhedslisten,Liberal Alliance,70,60,28.0,0.4666666666666667,bolig
Enhedslisten,Radikale Venstre,70,289,198.0,0.6851211072664359,bolig
Enhedslisten,Socialdemokratiet,70,1138,739.0,0.6493848857644992,bolig
Enhedslisten,Socialistisk Folkeparti,70,106,82.0,0.7735849056603774,bolig
Enhedslisten,Uden for folketingsgrupperne,70,151,55.0,0.3642384105960264,bolig
Enhedslisten,Venstre,70,1060,474.0,0.4471698113207547,bolig
Liberal Alliance,Alternativet,70,23,11.0,0.4782608695652174,bolig
Liberal Alliance,Danmarksdemokraterne,70,40,28.0,0.7,bolig
Liberal Alliance,Dansk Folkeparti,70,30,17.0,0.5666666666666667,bolig
Liberal Alliance,Det Konservative Folkeparti,70,7,4.0,0.5714285714285714,bolig
Liberal Alliance,Enhedslisten,70,113,50.0,0.4424778761061947,bolig
Liberal Alliance,Radikale Venstre,70,96,60.0,0.625,bolig
Liberal Alliance,Socialdemokratiet,70,282,195.0,0.6914893617021277,bolig
Liberal Alliance,Socialistisk Folkeparti,70,5,2.0,0.4,bolig
Liberal Alliance,Uden for folketingsgrupperne,70,2,0.0,0.0,bolig
Liberal Alliance,Venstre,70,237,185.0,0.7805907172995781,bolig
Radikale Venstre,Alternativet,70,62,47.0,0.7580645161290323,bolig
Radikale Venstre,Danmarksdemokraterne,70,181,91.0,0.5027624309392266,bolig
Radikale Venstre,Dansk Folkeparti,70,171,89.0,0.52046783625731,bolig
Radikale Venstre,Det Konservative Folkeparti,70,35,19.0,0.5428571428571428,bolig
Radikale Venstre,Enhedslisten,70,319,239.0,0.7492163009404389,bolig
Radikale Venstre,Liberal Alliance,70,86,54.0,0.627906976744186,bolig
Radikale Venstre,Radikale Venstre,70,224,224.0,1.0,bolig
Radikale Venstre,Socialdemokratiet,70,1076,935.0,0.8689591078066915,bolig
Radikale Venstre,Socialistisk Folkeparti,70,56,50.0,0.8928571428571429,bolig
Radikale Venstre,Uden for folketingsgrupperne,70,134,76.0,0.5671641791044776,bolig
Radikale Venstre,Venstre,70,878,591.0,0.673120728929385,bolig
Socialdemokratiet,Alternativet,70,389,217.0,0.5578406169665809,bolig
Socialdemokratiet,Danmarksdemokraterne,70,1538,960.0,0.6241872561768531,bolig
Socialdemokratiet,Dansk Folkeparti,70,1048,602.0,0.5744274809160306,bolig
Socialdemokratiet,Det Konservative Folkeparti,70,219,137.0,0.6255707762557078,bolig
Socialdemokratiet,Enhedslisten,70,1849,1191.0,0.644131963223364,bolig
Socialdemokratiet,Liberal Alliance,70,620,426.0,0.6870967741935484,bolig
Socialdemokratiet,Radikale Venstre,70,1994,1777.0,0.8911735205616851,bolig
Socialdemokratiet,Socialdemokratiet,70,7313,7263.0,0.9931628606591002,bolig
Socialdemokratiet,Socialistisk Folkeparti,70,732,584.0,0.7978142076502732,bolig
Socialdemokratiet,Uden for folketingsgrupperne,70,1198,739.0,0.6168614357262103,bolig
Socialdemokratiet,Venstre,70,6555,5264.0,0.8030511060259344,bolig
Socialistisk Folkeparti,Alternativet,70,32,25.0,0.78125,bolig
Socialistisk Folkeparti,Danmarksdemokraterne,70,52,24.0,0.4615384615384615,bolig
Socialistisk Folkeparti,Dansk Folkeparti,70,131,57.0,0.4351145038167939,bolig
Socialistisk Folkeparti,Det Konservative Folkeparti,70,24,8.0,0.3333333333333333,bolig
Socialistisk Folkeparti,Enhedslisten,70,163,131.0,0.803680981595092,bolig
Socialistisk Folkeparti,Liberal Alliance,70,74,45.0,0.6081081081081081,bolig
Socialistisk Folkeparti,Radikale Venstre,70,228,194.0,0.8508771929824561,bolig
Socialistisk Folkeparti,Socialdemokratiet,70,622,499.0,0.8022508038585209,bolig
Socialistisk Folkeparti,Socialistisk Folkeparti,70,38,38.0,1.0,bolig
Socialistisk Folkeparti,Uden for folketingsgrupperne,70,165,75.0,0.4545454545454545,bolig
Socialistisk Folkeparti,Venstre,70,578,363.0,0.6280276816608996,bolig
Uden for folketingsgrupperne,Alternativet,70,55,23.0,0.4181818181818181,bolig
Uden for folketingsgrupperne,Danmarksdemokraterne,70,94,78.0,0.8297872340425532,bolig
Uden for folketingsgrupperne,Dansk Folkeparti,70,201,188.0,0.9353233830845772,bolig
Uden for folketingsgrupperne,Det Konservative Folkeparti,70,36,28.0,0.7777777777777778,bolig
Uden for folketingsgrupperne,Enhedslisten,70,280,100.0,0.3571428571428571,bolig
Uden for folketingsgrupperne,Liberal Alliance,70,127,86.0,0.6771653543307087,bolig
Uden for folketingsgrupperne,Radikale Venstre,70,308,185.0,0.6006493506493507,bolig
Uden for folketingsgrupperne,Socialdemokratiet,70,978,633.0,0.647239263803681,bolig
Uden for folketingsgrupperne,Socialistisk Folkeparti,70,38,21.0,0.5526315789473685,bolig
Uden for folketingsgrupperne,Uden for folketingsgrupperne,70,110,96.0,0.8727272727272727,bolig
Uden for folketingsgrupperne,Venstre,70,756,554.0,0.7328042328042328,bolig
Venstre,Alternativet,70,334,146.0,0.437125748502994,bolig
Venstre,Danmarksdemokraterne,70,1443,1094.0,0.7581427581427581,bolig
Venstre,Dansk Folkeparti,70,976,703.0,0.7202868852459017,bolig
Venstre,Det Konservative Folkeparti,70,218,198.0,0.908256880733945,bolig
Venstre,Enhedslisten,70,1583,688.0,0.4346178142766898,bolig
Venstre,Liberal Alliance,70,565,438.0,0.7752212389380531,bolig
Venstre,Radikale Venstre,70,1858,1329.0,0.7152852529601722,bolig
Venstre,Socialdemokratiet,70,7163,5696.0,0.7951975429289404,bolig
Venstre,Socialistisk Folkeparti,70,638,397.0,0.622257053291536,bolig
Venstre,Uden for folketingsgrupperne,70,1167,867.0,0.7429305912596401,bolig
Venstre,Venstre,70,5724,5724.0,1.0,bolig
Alternativet,Enhedslisten,71,19,15.0,0.7894736842105263,bolig
Alternativet,Radikale Venstre,71,16,11.0,0.6875,bolig
Alternativet,Socialdemokratiet,71,11,7.0,0.6363636363636364,bolig
Alternativet,Venstre,71,14,9.0,0.6428571428571429,bolig
Danmarksdemokraterne,Alternativet,71,104,64.0,0.6153846153846154,bolig
Danmarksdemokraterne,Danmarksdemokraterne,71,621,600.0,0.966183574879227,bolig
Danmarksdemokraterne,Dansk Folkeparti,71,219,158.0,0.7214611872146118,bolig
Danmarksdemokraterne,Det Konservative Folkeparti,71,472,370.0,0.7838983050847458,bolig
Danmarksdemokraterne,Enhedslisten,71,798,501.0,0.6278195488721805,bolig
Danmarksdemokraterne,Liberal Alliance,71,102,64.0,0.6274509803921569,bolig
Danmarksdemokraterne,Moderaterne,71,29,13.0,0.4482758620689655,bolig
Danmarksdemokraterne,Radikale Venstre,71,309,164.0,0.5307443365695793,bolig
Danmarksdemokraterne,Socialdemokratiet,71,2342,1251.0,0.5341588385994877,bolig
Danmarksdemokraterne,Socialistisk Folkeparti,71,279,187.0,0.6702508960573477,bolig
Danmarksdemokraterne,Venstre,71,1487,744.0,0.5003362474781439,bolig
Dansk Folkeparti,Alternativet,71,24,9.0,0.375,bolig
Dansk Folkeparti,Danmarksdemokraterne,71,195,149.0,0.764102564102564,bolig
Dansk Folkeparti,Dansk Folkeparti,71,37,36.0,0.972972972972973,bolig
Dansk Folkeparti,Det Konservative Folkeparti,71,109,69.0,0.6330275229357798,bolig
Dansk Folkeparti,Enhedslisten,71,209,126.0,0.6028708133971292,bolig
Dansk Folkeparti,Liberal Alliance,71,28,21.0,0.75,bolig
Dansk Folkeparti,Moderaterne,71,8,3.0,0.375,bolig
Dansk Folkeparti,Radikale Venstre,71,71,37.0,0.5211267605633803,bolig
Dansk Folkeparti,Socialdemokratiet,71,607,328.0,0.5403624382207578,bolig
Dansk Folkeparti,Socialistisk Folkeparti,71,87,61.0,0.7011494252873564,bolig
Dansk Folkeparti,Venstre,71,445,235.0,0.5280898876404494,bolig
Det Konservative Folkeparti,Alternativet,71,48,28.0,0.5833333333333334,bolig
Det Konservative Folkeparti,Danmarksdemokraterne,71,227,172.0,0.7577092511013216,bolig
Det Konservative Folkeparti,Dansk Folkeparti,71,93,57.0,0.6129032258064516,bolig
Det Konservative Folkeparti,Det Konservative Folkeparti,71,131,129.0,0.9847328244274808,bolig
Det Konservative Folkeparti,Enhedslisten,71,358,213.0,0.5949720670391061,bolig
Det Konservative Folkeparti,Liberal Alliance,71,40,27.0,0.675,bolig
Det Konservative Folkeparti,Moderaterne,71,9,7.0,0.7777777777777778,bolig
Det Konservative Folkeparti,Radikale Venstre,71,95,51.0,0.5368421052631579,bolig
Det Konservative Folkeparti,Socialdemokratiet,71,792,545.0,0.6881313131313131,bolig
Det Konservative Folkeparti,Socialistisk Folkeparti,71,71,61.0,0.8591549295774648,bolig
Det Konservative Folkeparti,Venstre,71,608,414.0,0.680921052631579,bolig
Enhedslisten,Alternativet,71,53,45.0,0.8490566037735849,bolig
Enhedslisten,Danmarksdemokraterne,71,155,91.0,0.5870967741935483,bolig
Enhedslisten,Dansk Folkeparti,71,67,46.0,0.6865671641791045,bolig
Enhedslisten,Det Konservative Folkeparti,71,105,65.0,0.6190476190476191,bolig
Enhedslisten,Enhedslisten,71,254,254.0,1.0,bolig
Enhedslisten,Liberal Alliance,71,15,12.0,0.8,bolig
Enhedslisten,Moderaterne,71,1,0.0,0.0,bolig
Enhedslisten,Radikale Venstre,71,137,116.0,0.8467153284671532,bolig
Enhedslisten,Socialdemokratiet,71,526,388.0,0.7376425855513308,bolig
Enhedslisten,Socialistisk Folkeparti,71,50,42.0,0.84,bolig
Enhedslisten,Venstre,71,407,275.0,0.6756756756756757,bolig
Liberal Alliance,Alternativet,71,20,14.0,0.7,bolig
Liberal Alliance,Danmarksdemokraterne,71,158,124.0,0.7848101265822784,bolig
Liberal Alliance,Dansk Folkeparti,71,51,39.0,0.7647058823529411,bolig
Liberal Alliance,Det Konservative Folkeparti,71,80,57.0,0.7125,bolig
Liberal Alliance,Enhedslisten,71,162,116.0,0.7160493827160493,bolig
Liberal Alliance,Liberal Alliance,71,12,12.0,1.0,bolig
Liberal Alliance,Moderaterne,71,14,6.0,0.4285714285714285,bolig
Liberal Alliance,Radikale Venstre,71,55,32.0,0.5818181818181818,bolig
Liberal Alliance,Socialdemokratiet,71,428,237.0,0.5537383177570093,bolig
Liberal Alliance,Socialistisk Folkeparti,71,56,43.0,0.7678571428571429,bolig
Liberal Alliance,Venstre,71,342,188.0,0.5497076023391813,bolig
Moderaterne,Alternativet,71,9,7.0,0.7777777777777778,bolig
Moderaterne,Danmarksdemokraterne,71,64,29.0,0.453125,bolig
Moderaterne,Dansk Folkeparti,71,21,8.0,0.3809523809523809,bolig
Moderaterne,Det Konservative Folkeparti,71,36,16.0,0.4444444444444444,bolig
Moderaterne,Enhedslisten,71,65,39.0,0.6,bolig
Moderaterne,Liberal Alliance,71,8,4.0,0.5,bolig
Moderaterne,Moderaterne,71,1,1.0,1.0,bolig
Moderaterne,Radikale Venstre,71,30,24.0,0.8,bolig
Moderaterne,Socialdemokratiet,71,204,204.0,1.0,bolig
Moderaterne,Socialistisk Folkeparti,71,32,21.0,0.65625,bolig
Moderaterne,Venstre,71,132,132.0,1.0,bolig
Radikale Venstre,Alternativet,71,16,11.0,0.6875,bolig
Radikale Venstre,Danmarksdemokraterne,71,80,48.0,0.6,bolig
Radikale Venstre,Dansk Folkeparti,71,43,21.0,0.4883720930232558,bolig
Radikale Venstre,Det Konservative Folkeparti,71,91,51.0,0.5604395604395604,bolig
Radikale Venstre,Enhedslisten,71,128,100.0,0.78125,bolig
Radikale Venstre,Liberal Alliance,71,20,13.0,0.65,bolig
Radikale Venstre,Radikale Venstre,71,27,27.0,1.0,bolig
Radikale Venstre,Socialdemokratiet,71,326,289.0,0.8865030674846626,bolig
Radikale Venstre,Socialistisk Folkeparti,71,9,5.0,0.5555555555555556,bolig
Radikale Venstre,Venstre,71,219,192.0,0.8767123287671232,bolig
Socialdemokratiet,Alternativet,71,299,183.0,0.6120401337792643,bolig
Socialdemokratiet,Danmarksdemokraterne,71,2093,1118.0,0.5341614906832298,bolig
Socialdemokratiet,Dansk Folkeparti,71,684,346.0,0.5058479532163743,bolig
Socialdemokratiet,Det Konservative Folkeparti,71,1387,836.0,0.6027397260273972,bolig
Socialdemokratiet,Enhedslisten,71,2411,1628.0,0.6752384902530071,bolig
Socialdemokratiet,Liberal Alliance,71,372,252.0,0.6774193548387096,bolig
Socialdemokratiet,Moderaterne,71,83,83.0,1.0,bolig
Socialdemokratiet,Radikale Venstre,71,869,748.0,0.8607594936708861,bolig
Socialdemokratiet,Socialdemokratiet,71,6548,6548.0,1.0,bolig
Socialdemokratiet,Socialistisk Folkeparti,71,885,740.0,0.8361581920903954,bolig
Socialdemokratiet,Venstre,71,4801,4801.0,1.0,bolig
Socialistisk Folkeparti,Alternativet,71,44,29.0,0.6590909090909091,bolig
Socialistisk Folkeparti,Danmarksdemokraterne,71,412,257.0,0.6237864077669902,bolig
Socialistisk Folkeparti,Dansk Folkeparti,71,116,81.0,0.6982758620689655,bolig
Socialistisk Folkeparti,Det Konservative Folkeparti,71,264,183.0,0.6931818181818182,bolig
Socialistisk Folkeparti,Enhedslisten,71,411,342.0,0.8321167883211679,bolig
Socialistisk Folkeparti,Liberal Alliance,71,74,59.0,0.7972972972972973,bolig
Socialistisk Folkeparti,Moderaterne,71,19,12.0,0.631578947368421,bolig
Socialistisk Folkeparti,Radikale Venstre,71,179,150.0,0.8379888268156425,bolig
Socialistisk Folkeparti,Socialdemokratiet,71,1255,1102.0,0.8780876494023905,bolig
Socialistisk Folkeparti,Socialistisk Folkeparti,71,136,136.0,1.0,bolig
Socialistisk Folkeparti,Venstre,71,935,813.0,0.8695187165775401,bolig
Venstre,Alternativet,71,206,127.0,0.616504854368932,bolig
Venstre,Danmarksdemokraterne,71,1508,770.0,0.5106100795755968,bolig
Venstre,Dansk Folkeparti,71,423,196.0,0.4633569739952718,bolig
Venstre,Det Konservative Folkeparti,71,879,511.0,0.5813424345847554,bolig
Venstre,Enhedslisten,71,1610,1055.0,0.65527950310559,bolig
Venstre,Liberal Alliance,71,214,145.0,0.677570093457944,bolig
Venstre,Moderaterne,71,84,84.0,1.0,bolig
Venstre,Radikale Venstre,71,614,519.0,0.8452768729641694,bolig
Venstre,Socialdemokratiet,71,4588,4588.0,1.0,bolig
Venstre,Socialistisk Folkeparti,71,552,462.0,0.8369565217391305,bolig
Venstre,Venstre,71,3079,3079.0,1.0,bolig
Danmarksdemokraterne,Danmarksdemokraterne,68,411,408.0,0.9927007299270072,sundhed
Danmarksdemokraterne,Dansk Folkeparti,68,758,753.0,0.9934036939313984,sundhed
Danmarksdemokraterne,Det Konservative Folkeparti,68,812,569.0,0.7007389162561576,sundhed
Danmarksdemokraterne,Enhedslisten,68,1425,675.0,0.4736842105263157,sundhed
Danmarksdemokraterne,Liberal Alliance,68,810,427.0,0.5271604938271605,sundhed
Danmarksdemokraterne,Moderaterne,68,33,27.0,0.8181818181818182,sundhed
Danmarksdemokraterne,Radikale Venstre,68,1488,831.0,0.5584677419354839,sundhed
Danmarksdemokraterne,Socialdemokratiet,68,1836,1079.0,0.5876906318082789,sundhed
Danmarksdemokraterne,Socialistisk Folkeparti,68,926,519.0,0.5604751619870411,sundhed
Danmarksdemokraterne,Uden for folketingsgrupperne,68,544,499.0,0.9172794117647058,sundhed
Danmarksdemokraterne,Venstre,68,2387,1651.0,0.6916631755341432,sundhed
Dansk Folkeparti,Danmarksdemokraterne,68,508,507.0,0.998031496062992,sundhed
Dansk Folkeparti,Dansk Folkeparti,68,595,592.0,0.9949579831932772,sundhed
Dansk Folkeparti,Det Konservative Folkeparti,68,845,577.0,0.6828402366863905,sundhed
Dansk Folkeparti,Enhedslisten,68,1566,852.0,0.5440613026819924,sundhed
Dansk Folkeparti,Liberal Alliance,68,761,414.0,0.5440210249671484,sundhed
Dansk Folkeparti,Moderaterne,68,21,18.0,0.8571428571428571,sundhed
Dansk Folkeparti,Radikale Venstre,68,1368,809.0,0.591374269005848,sundhed
Dansk Folkeparti,Socialdemokratiet,68,1793,1119.0,0.6240936977133296,sundhed
Dansk Folkeparti,Socialistisk Folkeparti,68,1014,607.0,0.5986193293885601,sundhed
Dansk Folkeparti,Uden for folketingsgrupperne,68,511,447.0,0.8747553816046967,sundhed
Dansk Folkeparti,Venstre,68,2453,1767.0,0.7203424378312271,sundhed
Det Konservative Folkeparti,Danmarksdemokraterne,68,307,214.0,0.6970684039087948,sundhed
Det Konservative Folkeparti,Dansk Folkeparti,68,457,326.0,0.7133479212253829,sundhed
Det Konservative Folkeparti,Det Konservative Folkeparti,68,435,431.0,0.9908045977011494,sundhed
Det Konservative Folkeparti,Enhedslisten,68,1076,497.0,0.4618959107806691,sundhed
Det Konservative Folkeparti,Liberal Alliance,68,513,320.0,0.6237816764132553,sundhed
Det Konservative Folkeparti,Moderaterne,68,21,17.0,0.8095238095238095,sundhed
Det Konservative Folkeparti,Radikale Venstre,68,884,609.0,0.6889140271493213,sundhed
Det Konservative Folkeparti,Socialdemokratiet,68,1222,873.0,0.7144026186579379,sundhed
Det Konservative Folkeparti,Socialistisk Folkeparti,68,682,461.0,0.6759530791788856,sundhed
Det Konservative Folkeparti,Uden for folketingsgrupperne,68,324,225.0,0.6944444444444444,sundhed
Det Konservative Folkeparti,Venstre,68,1539,1288.0,0.8369070825211176,sundhed
Enhedslisten,Danmarksdemokraterne,68,785,383.0,0.4878980891719745,sundhed
Enhedslisten,Dansk Folkeparti,68,1024,471.0,0.4599609375,sundhed
Enhedslisten,Det Konservative Folkeparti,68,1202,573.0,0.4767054908485857,sundhed
Enhedslisten,Enhedslisten,68,1971,1927.0,0.9776763064434296,sundhed
Enhedslisten,Liberal Alliance,68,1143,451.0,0.3945756780402449,sundhed
Enhedslisten,Moderaterne,68,53,26.0,0.490566037735849,sundhed
Enhedslisten,Radikale Venstre,68,2048,1433.0,0.69970703125,sundhed
Enhedslisten,Socialdemokratiet,68,2779,1954.0,0.7031306225260885,sundhed
Enhedslisten,Socialistisk Folkeparti,68,1535,1131.0,0.7368078175895766,sundhed
Enhedslisten,Uden for folketingsgrupperne,68,775,396.0,0.5109677419354839,sundhed
Enhedslisten,Venstre,68,3648,2130.0,0.5838815789473685,sundhed
Liberal Alliance,Danmarksdemokraterne,68,170,99.0,0.5823529411764706,sundhed
Liberal Alliance,Dansk Folkeparti,68,393,219.0,0.5572519083969466,sundhed
Liberal Alliance,Det Konservative Folkeparti,68,487,317.0,0.6509240246406571,sundhed
Liberal Alliance,Enhedslisten,68,856,379.0,0.4427570093457944,sundhed
Liberal Alliance,Liberal Alliance,68,320,318.0,0.99375,sundhed
Liberal Alliance,Moderaterne,68,4,4.0,1.0,sundhed
Liberal Alliance,Radikale Venstre,68,573,318.0,0.5549738219895288,sundhed
Liberal Alliance,Socialdemokratiet,68,1011,534.0,0.5281899109792285,sundhed
Liberal Alliance,Socialistisk Folkeparti,68,569,307.0,0.539543057996485,sundhed
Liberal Alliance,Uden for folketingsgrupperne,68,222,167.0,0.7522522522522522,sundhed
Liberal Alliance,Venstre,68,1108,665.0,0.6001805054151624,sundhed
Moderaterne,Danmarksdemokraterne,68,37,30.0,0.8108108108108109,sundhed
Moderaterne,Dansk Folkeparti,68,50,42.0,0.84,sundhed
Moderaterne,Det Konservative Folkeparti,68,49,43.0,0.8775510204081632,sundhed
Moderaterne,Enhedslisten,68,90,51.0,0.5666666666666667,sundhed
Moderaterne,Liberal Alliance,68,55,30.0,0.5454545454545454,sundhed
Moderaterne,Radikale Venstre,68,95,77.0,0.8105263157894737,sundhed
Moderaterne,Socialdemokratiet,68,124,102.0,0.8225806451612904,sundhed
Moderaterne,Socialistisk Folkeparti,68,48,39.0,0.8125,sundhed
Moderaterne,Uden for folketingsgrupperne,68,34,26.0,0.7647058823529411,sundhed
Moderaterne,Venstre,68,145,145.0,1.0,sundhed
Radikale Venstre,Danmarksdemokraterne,68,422,245.0,0.580568720379147,sundhed
Radikale Venstre,Dansk Folkeparti,68,891,517.0,0.5802469135802469,sundhed
Radikale Venstre,Det Konservative Folkeparti,68,1077,760.0,0.7056638811513464,sundhed
Radikale Venstre,Enhedslisten,68,1832,1298.0,0.7085152838427947,sundhed
Radikale Venstre,Liberal Alliance,68,1157,583.0,0.5038893690579084,sundhed
Radikale Venstre,Moderaterne,68,8,7.0,0.875,sundhed
Radikale Venstre,Radikale Venstre,68,1484,1484.0,1.0,sundhed
Radikale Venstre,Socialdemokratiet,68,2337,2337.0,1.0,sundhed
Radikale Venstre,Socialistisk Folkeparti,68,1214,1187.0,0.9777594728171336,sundhed
Radikale Venstre,Uden for folketingsgrupperne,68,612,392.0,0.6405228758169934,sundhed
Radikale Venstre,Venstre,68,2929,2509.0,0.8566063502902014,sundhed
Socialdemokratiet,Danmarksdemokraterne,68,1391,756.0,0.5434938892882818,sundhed
Socialdemokratiet,Dansk Folkeparti,68,1964,1096.0,0.5580448065173116,sundhed
Socialdemokratiet,Det Konservative Folkeparti,68,2075,1506.0,0.7257831325301205,sundhed
Socialdemokratiet,Enhedslisten,68,3728,2618.0,0.7022532188841202,sundhed
Socialdemokratiet,Liberal Alliance,68,1873,864.0,0.4612920448478377,sundhed
Socialdemokratiet,Moderaterne,68,68,54.0,0.7941176470588235,sundhed
Socialdemokratiet,Radikale Venstre,68,3233,3233.0,1.0,sundhed
Socialdemokratiet,Socialdemokratiet,68,4407,4407.0,1.0,sundhed
Socialdemokratiet,Socialistisk Folkeparti,68,2357,2283.0,0.9686041578277472,sundhed
Socialdemokratiet,Uden for folketingsgrupperne,68,1201,706.0,0.5878434637801832,sundhed
Socialdemokratiet,Venstre,68,5814,4983.0,0.8570691434468525,sundhed
Socialistisk Folkeparti,Danmarksdemokraterne,68,516,316.0,0.6124031007751938,sundhed
Socialistisk Folkeparti,Dansk Folkeparti,68,687,404.0,0.5880640465793304,sundhed
Socialistisk Folkeparti,Det Konservative Folkeparti,68,801,545.0,0.6803995006242197,sundhed
Socialistisk Folkeparti,Enhedslisten,68,1424,1055.0,0.7408707865168539,sundhed
Socialistisk Folkeparti,Liberal Alliance,68,743,345.0,0.4643337819650067,sundhed
Socialistisk Folkeparti,Moderaterne,68,39,33.0,0.8461538461538461,sundhed
Socialistisk Folkeparti,Radikale Venstre,68,1328,1306.0,0.983433734939759,sundhed
Socialistisk Folkeparti,Socialdemokratiet,68,1892,1835.0,0.9698731501057084,sundhed
Socialistisk Folkeparti,Socialistisk Folkeparti,68,800,796.0,0.995,sundhed
Socialistisk Folkeparti,Uden for folketingsgrupperne,68,494,304.0,0.6153846153846154,sundhed
Socialistisk Folkeparti,Venstre,68,2575,2186.0,0.8489320388349515,sundhed
Uden for folketingsgrupperne,Danmarksdemokraterne,68,57,54.0,0.9473684210526316,sundhed
Uden for folketingsgrupperne,Dansk Folkeparti,68,213,212.0,0.9953051643192488,sundhed
Uden for folketingsgrupperne,Det Konservative Folkeparti,68,319,223.0,0.6990595611285266,sundhed
Uden for folketingsgrupperne,Enhedslisten,68,474,259.0,0.5464135021097046,sundhed
Uden for folketingsgrupperne,Liberal Alliance,68,332,188.0,0.5662650602409639,sundhed
Uden for folketingsgrupperne,Radikale Venstre,68,491,290.0,0.5906313645621182,sundhed
Uden for folketingsgrupperne,Socialdemokratiet,68,607,389.0,0.6408566721581549,sundhed
Uden for folketingsgrupperne,Socialistisk Folkeparti,68,323,197.0,0.6099071207430341,sundhed
Uden for folketingsgrupperne,Uden for folketingsgrupperne,68,115,92.0,0.8,sundhed
Uden for folketingsgrupperne,Venstre,68,683,494.0,0.7232796486090776,sundhed
Venstre,Danmarksdemokraterne,68,1613,1115.0,0.6912585244885306,sundhed
Venstre,Dansk Folkeparti,68,2248,1563.0,0.6952846975088968,sundhed
Venstre,Det Konservative Folkeparti,68,2566,2190.0,0.8534684333593141,sundhed
Venstre,Enhedslisten,68,4507,2574.0,0.5711116041712891,sundhed
Venstre,Liberal Alliance,68,2508,1459.0,0.5817384370015949,sundhed
Venstre,Moderaterne,68,89,86.0,0.9662921348314608,sundhed
Venstre,Radikale Venstre,68,4161,3454.0,0.8300889209324681,sundhed
Venstre,Socialdemokratiet,68,5926,5065.0,0.8547080661491732,sundhed
Venstre,Socialistisk Folkeparti,68,2738,2280.0,0.8327246165084002,sundhed
Venstre,Uden for folketingsgrupperne,68,1583,1130.0,0.7138344914718888,sundhed
Venstre,Venstre,68,6959,6858.0,0.9854864204627102,sundhed
Danmarksdemokraterne,Danmarksdemokraterne,67,390,373.0,0.9564102564102565,sundhed
Danmarksdemokraterne,Dansk Folkeparti,67,1343,1323.0,0.985107967237528,sundhed
Danmarksdemokraterne,Det Konservative Folkeparti,67,693,616.0,0.8888888888888888,sundhed
Danmarksdemokraterne,Enhedslisten,67,279,109.0,0.3906810035842294,sundhed
Danmarksdemokraterne,Liberal Alliance,67,133,120.0,0.9022556390977444,sundhed
Danmarksdemokraterne,Moderaterne,67,8,8.0,1.0,sundhed
Danmarksdemokraterne,Radikale Venstre,67,288,132.0,0.4583333333333333,sundhed
Danmarksdemokraterne,Sambandsflokkurin,67,4,4.0,1.0,sundhed
Danmarksdemokraterne,Socialdemokratiet,67,3226,1588.0,0.4922504649721017,sundhed
Danmarksdemokraterne,Socialistisk Folkeparti,67,1316,612.0,0.4650455927051671,sundhed
Danmarksdemokraterne,Uden for folketingsgrupperne,67,283,264.0,0.9328621908127208,sundhed
Danmarksdemokraterne,Venstre,67,3448,3092.0,0.8967517401392111,sundhed
Dansk Folkeparti,Danmarksdemokraterne,67,286,286.0,1.0,sundhed
Dansk Folkeparti,Dansk Folkeparti,67,1198,1198.0,1.0,sundhed
Dansk Folkeparti,Det Konservative Folkeparti,67,795,715.0,0.89937106918239,sundhed
Dansk Folkeparti,Enhedslisten,67,269,104.0,0.3866171003717472,sundhed
Dansk Folkeparti,Liberal Alliance,67,222,202.0,0.90990990990991,sundhed
Dansk Folkeparti,Moderaterne,67,11,11.0,1.0,sundhed
Dansk Folkeparti,Radikale Venstre,67,311,129.0,0.4147909967845659,sundhed
Dansk Folkeparti,Socialdemokratiet,67,2770,1266.0,0.4570397111913357,sundhed
Dansk Folkeparti,Socialistisk Folkeparti,67,1283,551.0,0.4294621979734996,sundhed
Dansk Folkeparti,Uden for folketingsgrupperne,67,337,302.0,0.8961424332344213,sundhed
Dansk Folkeparti,Venstre,67,2829,2580.0,0.911983032873807,sundhed
Det Konservative Folkeparti,Danmarksdemokraterne,67,303,257.0,0.8481848184818482,sundhed
Det Konservative Folkeparti,Dansk Folkeparti,67,921,803.0,0.8718783930510315,sundhed
Det Konservative Folkeparti,Det Konservative Folkeparti,67,436,436.0,1.0,sundhed
Det Konservative Folkeparti,Enhedslisten,67,226,93.0,0.411504424778761,sundhed
Det Konservative Folkeparti,Liberal Alliance,67,124,115.0,0.9274193548387096,sundhed
Det Konservative Folkeparti,Moderaterne,67,6,6.0,1.0,sundhed
Det Konservative Folkeparti,Radikale Venstre,67,236,136.0,0.576271186440678,sundhed
Det Konservative Folkeparti,Sambandsflokkurin,67,3,3.0,1.0,sundhed
Det Konservative Folkeparti,Socialdemokratiet,67,2087,1278.0,0.6123622424532822,sundhed
Det Konservative Folkeparti,Socialistisk Folkeparti,67,895,542.0,0.605586592178771,sundhed
Det Konservative Folkeparti,Uden for folketingsgrupperne,67,212,180.0,0.8490566037735849,sundhed
Det Konservative Folkeparti,Venstre,67,2227,2227.0,1.0,sundhed
Enhedslisten,Danmarksdemokraterne,67,155,36.0,0.232258064516129,sundhed
Enhedslisten,Dansk Folkeparti,67,514,172.0,0.3346303501945525,sundhed
Enhedslisten,Det Konservative Folkeparti,67,229,72.0,0.314410480349345,sundhed
Enhedslisten,Enhedslisten,67,59,56.0,0.9491525423728814,sundhed
Enhedslisten,Liberal Alliance,67,60,23.0,0.3833333333333333,sundhed
Enhedslisten,Moderaterne,67,4,0.0,0.0,sundhed
Enhedslisten,Radikale Venstre,67,100,76.0,0.76,sundhed
Enhedslisten,Socialdemokratiet,67,1062,814.0,0.7664783427495292,sundhed
Enhedslisten,Socialistisk Folkeparti,67,495,380.0,0.7676767676767676,sundhed
Enhedslisten,Uden for folketingsgrupperne,67,109,38.0,0.3486238532110092,sundhed
Enhedslisten,Venstre,67,1134,325.0,0.2865961199294533,sundhed
Liberal Alliance,Danmarksdemokraterne,67,80,54.0,0.675,sundhed
Liberal Alliance,Dansk Folkeparti,67,129,91.0,0.7054263565891473,sundhed
Liberal Alliance,Det Konservative Folkeparti,67,91,82.0,0.9010989010989012,sundhed
Liberal Alliance,Enhedslisten,67,35,15.0,0.4285714285714285,sundhed
Liberal Alliance,Moderaterne,67,3,3.0,1.0,sundhed
Liberal Alliance,Radikale Venstre,67,33,24.0,0.7272727272727273,sundhed
Liberal Alliance,Sambandsflokkurin,67,1,1.0,1.0,sundhed
Liberal Alliance,Socialdemokratiet,67,387,248.0,0.6408268733850129,sundhed
Liberal Alliance,Socialistisk Folkeparti,67,176,110.0,0.625,sundhed
Liberal Alliance,Uden for folketingsgrupperne,67,29,21.0,0.7241379310344828,sundhed
Liberal Alliance,Venstre,67,460,406.0,0.8826086956521739,sundhed
Moderaterne,Danmarksdemokraterne,67,5,5.0,1.0,sundhed
Moderaterne,Dansk Folkeparti,67,12,12.0,1.0,sundhed
Moderaterne,Det Konservative Folkeparti,67,5,5.0,1.0,sundhed
Moderaterne,Enhedslisten,67,1,0.0,0.0,sundhed
Moderaterne,Radikale Venstre,67,2,0.0,0.0,sundhed
Moderaterne,Socialdemokratiet,67,38,9.0,0.2368421052631578,sundhed
Moderaterne,Socialistisk Folkeparti,67,5,1.0,0.2,sundhed
Moderaterne,Uden for folketingsgrupperne,67,1,1.0,1.0,sundhed
Moderaterne,Venstre,67,23,23.0,1.0,sundhed
Radikale Venstre,Danmarksdemokraterne,67,88,32.0,0.3636363636363636,sundhed
Radikale Venstre,Dansk Folkeparti,67,318,135.0,0.4245283018867924,sundhed
Radikale Venstre,Det Konservative Folkeparti,67,146,78.0,0.5342465753424658,sundhed
Radikale Venstre,Enhedslisten,67,75,62.0,0.8266666666666667,sundhed
Radikale Venstre,Liberal Alliance,67,41,19.0,0.4634146341463415,sundhed
Radikale Venstre,Radikale Venstre,67,44,44.0,1.0,sundhed
Radikale Venstre,Socialdemokratiet,67,548,501.0,0.9142335766423356,sundhed
Radikale Venstre,Socialistisk Folkeparti,67,266,244.0,0.9172932330827068,sundhed
Radikale Venstre,Uden for folketingsgrupperne,67,36,24.0,0.6666666666666666,sundhed
Radikale Venstre,Venstre,67,453,236.0,0.5209713024282561,sundhed
Sambandsflokkurin,Danmarksdemokraterne,67,5,5.0,1.0,sundhed
Sambandsflokkurin,Dansk Folkeparti,67,16,16.0,1.0,sundhed
Sambandsflokkurin,Det Konservative Folkeparti,67,6,6.0,1.0,sundhed
Sambandsflokkurin,Enhedslisten,67,2,0.0,0.0,sundhed
Sambandsflokkurin,Liberal Alliance,67,2,2.0,1.0,sundhed
Sambandsflokkurin,Radikale Venstre,67,1,0.0,0.0,sundhed
Sambandsflokkurin,Socialdemokratiet,67,42,28.0,0.6666666666666666,sundhed
Sambandsflokkurin,Socialistisk Folkeparti,67,18,14.0,0.7777777777777778,sundhed
Sambandsflokkurin,Uden for folketingsgrupperne,67,5,5.0,1.0,sundhed
Sambandsflokkurin,Venstre,67,47,47.0,1.0,sundhed
Socialdemokratiet,Danmarksdemokraterne,67,1710,744.0,0.4350877192982456,sundhed
Socialdemokratiet,Dansk Folkeparti,67,5670,2649.0,0.4671957671957672,sundhed
Socialdemokratiet,Det Konservative Folkeparti,67,2998,1771.0,0.5907271514342896,sundhed
Socialdemokratiet,Enhedslisten,67,1181,957.0,0.8103302286198137,sundhed
Socialdemokratiet,Liberal Alliance,67,656,379.0,0.5777439024390244,sundhed
Socialdemokratiet,Moderaterne,67,52,14.0,0.2692307692307692,sundhed
Socialdemokratiet,Radikale Venstre,67,1304,1200.0,0.9202453987730062,sundhed
Socialdemokratiet,Sambandsflokkurin,67,6,5.0,0.8333333333333334,sundhed
Socialdemokratiet,Socialdemokratiet,67,12089,11855.0,0.9806435602613948,sundhed
Socialdemokratiet,Socialistisk Folkeparti,67,5302,5014.0,0.945680875141456,sundhed
Socialdemokratiet,Uden for folketingsgrupperne,67,1317,694.0,0.5269552012148823,sundhed
Socialdemokratiet,Venstre,67,12901,7175.0,0.5561584373304395,sundhed
Socialistisk Folkeparti,Danmarksdemokraterne,67,657,261.0,0.3972602739726027,sundhed
Socialistisk Folkeparti,Dansk Folkeparti,67,2085,900.0,0.4316546762589928,sundhed
Socialistisk Folkeparti,Det Konservative Folkeparti,67,1143,633.0,0.5538057742782152,sundhed
Socialistisk Folkeparti,Enhedslisten,67,389,308.0,0.7917737789203085,sundhed
Socialistisk Folkeparti,Liberal Alliance,67,240,121.0,0.5041666666666667,sundhed
Socialistisk Folkeparti,Moderaterne,67,15,4.0,0.2666666666666666,sundhed
Socialistisk Folkeparti,Radikale Venstre,67,490,457.0,0.9326530612244898,sundhed
Socialistisk Folkeparti,Sambandsflokkurin,67,3,2.0,0.6666666666666666,sundhed
Socialistisk Folkeparti,Socialdemokratiet,67,4798,4531.0,0.9443518132555232,sundhed
Socialistisk Folkeparti,Socialistisk Folkeparti,67,1793,1783.0,0.9944227551589516,sundhed
Socialistisk Folkeparti,Uden for folketingsgrupperne,67,521,265.0,0.508637236084453,sundhed
Socialistisk Folkeparti,Venstre,67,5415,2859.0,0.52797783933518,sundhed
Uden for folketingsgrupperne,Danmarksdemokraterne,67,76,75.0,0.986842105263158,sundhed
Uden for folketingsgrupperne,Dansk Folkeparti,67,294,294.0,1.0,sundhed
Uden for folketingsgrupperne,Det Konservative Folkeparti,67,173,155.0,0.8959537572254336,sundhed
Uden for folketingsgrupperne,Enhedslisten,67,57,21.0,0.3684210526315789,sundhed
Uden for folketingsgrupperne,Liberal Alliance,67,40,36.0,0.9,sundhed
Uden for folketingsgrupperne,Moderaterne,67,4,4.0,1.0,sundhed
Uden for folketingsgrupperne,Radikale Venstre,67,109,47.0,0.4311926605504587,sundhed
Uden for folketingsgrupperne,Socialdemokratiet,67,592,282.0,0.4763513513513513,sundhed
Uden for folketingsgrupperne,Socialistisk Folkeparti,67,248,116.0,0.4677419354838709,sundhed
Uden for folketingsgrupperne,Uden for folketingsgrupperne,67,36,30.0,0.8333333333333334,sundhed
Uden for folketingsgrupperne,Venstre,67,535,482.0,0.9009345794392524,sundhed
Venstre,Danmarksdemokraterne,67,2224,1958.0,0.8803956834532374,sundhed
Venstre,Dansk Folkeparti,67,6906,6149.0,0.8903851723139299,sundhed
Venstre,Det Konservative Folkeparti,67,3669,3669.0,1.0,sundhed
Venstre,Enhedslisten,67,1488,558.0,0.375,sundhed
Venstre,Liberal Alliance,67,735,679.0,0.923809523809524,sundhed
Venstre,Moderaterne,67,59,59.0,1.0,sundhed
Venstre,Radikale Venstre,67,1712,928.0,0.5420560747663551,sundhed
Venstre,Sambandsflokkurin,67,7,7.0,1.0,sundhed
Venstre,Socialdemokratiet,67,16065,8954.0,0.5573607220666045,sundhed
Venstre,Socialistisk Folkeparti,67,6134,3255.0,0.5306488425171177,sundhed
Venstre,Uden for folketingsgrupperne,67,1649,1458.0,0.8841722255912674,sundhed
Venstre,Venstre,67,15908,15908.0,1.0,sundhed
Alternativet,Liberal Alliance,69,12,5.0,0.4166666666666667,sundhed
Alternativet,Radikale Venstre,69,3,3.0,1.0,sundhed
Danmarksdemokraterne,Alternativet,69,49,21.0,0.4285714285714285,sundhed
Danmarksdemokraterne,Danmarksdemokraterne,69,995,930.0,0.9346733668341708,sundhed
Danmarksdemokraterne,Dansk Folkeparti,69,1804,1743.0,0.9661862527716186,sundhed
Danmarksdemokraterne,Det Konservative Folkeparti,69,29,26.0,0.896551724137931,sundhed
Danmarksdemokraterne,Enhedslisten,69,1705,569.0,0.3337243401759531,sundhed
Danmarksdemokraterne,Liberal Alliance,69,1935,1576.0,0.814470284237726,sundhed
Danmarksdemokraterne,Moderaterne,69,110,89.0,0.8090909090909091,sundhed
Danmarksdemokraterne,Radikale Venstre,69,1846,990.0,0.5362946912242686,sundhed
Danmarksdemokraterne,Socialdemokratiet,69,6553,4941.0,0.7540057988707463,sundhed
Danmarksdemokraterne,Socialistisk Folkeparti,69,1062,416.0,0.391713747645951,sundhed
Danmarksdemokraterne,Uden for folketingsgrupperne,69,963,894.0,0.9283489096573208,sundhed
Danmarksdemokraterne,Venstre,69,6015,5072.0,0.8432252701579385,sundhed
Dansk Folkeparti,Alternativet,69,60,27.0,0.45,sundhed
Dansk Folkeparti,Danmarksdemokraterne,69,693,666.0,0.961038961038961,sundhed
Dansk Folkeparti,Dansk Folkeparti,69,1137,1133.0,0.9964819700967458,sundhed
Dansk Folkeparti,Det Konservative Folkeparti,69,21,17.0,0.8095238095238095,sundhed
Dansk Folkeparti,Enhedslisten,69,1354,491.0,0.362629246676514,sundhed
Dansk Folkeparti,Liberal Alliance,69,1227,939.0,0.7652811735941321,sundhed
Dansk Folkeparti,Moderaterne,69,55,38.0,0.6909090909090909,sundhed
Dansk Folkeparti,Radikale Venstre,69,1372,719.0,0.5240524781341108,sundhed
Dansk Folkeparti,Socialdemokratiet,69,4596,3179.0,0.6916884247171453,sundhed
Dansk Folkeparti,Socialistisk Folkeparti,69,503,219.0,0.4353876739562624,sundhed
Dansk Folkeparti,Uden for folketingsgrupperne,69,590,518.0,0.8779661016949153,sundhed
Dansk Folkeparti,Venstre,69,4041,3162.0,0.7824795842613215,sundhed
Det Konservative Folkeparti,Alternativet,69,2,0.0,0.0,sundhed
Det Konservative Folkeparti,Danmarksdemokraterne,69,69,55.0,0.7971014492753623,sundhed
Det Konservative Folkeparti,Dansk Folkeparti,69,80,60.0,0.75,sundhed
Det Konservative Folkeparti,Det Konservative Folkeparti,69,2,2.0,1.0,sundhed
Det Konservative Folkeparti,Enhedslisten,69,95,24.0,0.2526315789473684,sundhed
Det Konservative Folkeparti,Liberal Alliance,69,63,52.0,0.8253968253968254,sundhed
Det Konservative Folkeparti,Moderaterne,69,17,17.0,1.0,sundhed
Det Konservative Folkeparti,Radikale Venstre,69,76,42.0,0.5526315789473685,sundhed
Det Konservative Folkeparti,Socialdemokratiet,69,309,250.0,0.8090614886731392,sundhed
Det Konservative Folkeparti,Socialistisk Folkeparti,69,57,13.0,0.2280701754385964,sundhed
Det Konservative Folkeparti,Uden for folketingsgrupperne,69,44,34.0,0.7727272727272727,sundhed
Det Konservative Folkeparti,Venstre,69,319,319.0,1.0,sundhed
Enhedslisten,Alternativet,69,44,37.0,0.8409090909090909,sundhed
Enhedslisten,Danmarksdemokraterne,69,716,249.0,0.3477653631284916,sundhed
Enhedslisten,Dansk Folkeparti,69,1149,402.0,0.3498694516971279,sundhed
Enhedslisten,Det Konservative Folkeparti,69,9,4.0,0.4444444444444444,sundhed
Enhedslisten,Enhedslisten,69,982,979.0,0.9969450101832994,sundhed
Enhedslisten,Liberal Alliance,69,1262,441.0,0.349445324881141,sundhed
Enhedslisten,Moderaterne,69,79,16.0,0.2025316455696202,sundhed
Enhedslisten,Radikale Venstre,69,1224,740.0,0.6045751633986928,sundhed
Enhedslisten,Socialdemokratiet,69,4357,1721.0,0.3949965572641726,sundhed
Enhedslisten,Socialistisk Folkeparti,69,658,535.0,0.8130699088145896,sundhed
Enhedslisten,Uden for folketingsgrupperne,69,580,210.0,0.3620689655172414,sundhed
Enhedslisten,Venstre,69,4204,1329.0,0.316127497621313,sundhed
Liberal Alliance,Alternativet,69,28,10.0,0.3571428571428571,sundhed
Liberal Alliance,Danmarksdemokraterne,69,140,101.0,0.7214285714285714,sundhed
Liberal Alliance,Dansk Folkeparti,69,933,689.0,0.7384780278670954,sundhed
Liberal Alliance,Det Konservative Folkeparti,69,5,4.0,0.8,sundhed
Liberal Alliance,Enhedslisten,69,853,304.0,0.3563892145369285,sundhed
Liberal Alliance,Liberal Alliance,69,707,707.0,1.0,sundhed
Liberal Alliance,Moderaterne,69,2,2.0,1.0,sundhed
Liberal Alliance,Radikale Venstre,69,1027,695.0,0.676728334956183,sundhed
Liberal Alliance,Socialdemokratiet,69,2897,2422.0,0.8360372799447705,sundhed
Liberal Alliance,Socialistisk Folkeparti,69,267,123.0,0.4606741573033708,sundhed
Liberal Alliance,Uden for folketingsgrupperne,69,411,346.0,0.8418491484184915,sundhed
Liberal Alliance,Venstre,69,2322,2263.0,0.9745908699397072,sundhed
Moderaterne,Alternativet,69,2,0.0,0.0,sundhed
Moderaterne,Danmarksdemokraterne,69,43,32.0,0.7441860465116279,sundhed
Moderaterne,Dansk Folkeparti,69,114,81.0,0.7105263157894737,sundhed
Moderaterne,Det Konservative Folkeparti,69,2,2.0,1.0,sundhed
Moderaterne,Enhedslisten,69,94,24.0,0.2553191489361702,sundhed
Moderaterne,Liberal Alliance,69,128,122.0,0.953125,sundhed
Moderaterne,Moderaterne,69,1,1.0,1.0,sundhed
Moderaterne,Radikale Venstre,69,123,72.0,0.5853658536585366,sundhed
Moderaterne,Socialdemokratiet,69,488,378.0,0.7745901639344263,sundhed
Moderaterne,Socialistisk Folkeparti,69,70,22.0,0.3142857142857143,sundhed
Moderaterne,Uden for folketingsgrupperne,69,76,61.0,0.8026315789473685,sundhed
Moderaterne,Venstre,69,399,399.0,1.0,sundhed
Radikale Venstre,Alternativet,69,51,42.0,0.8235294117647058,sundhed
Radikale Venstre,Danmarksdemokraterne,69,374,199.0,0.5320855614973262,sundhed
Radikale Venstre,Dansk Folkeparti,69,979,508.0,0.5188968335035751,sundhed
Radikale Venstre,Det Konservative Folkeparti,69,10,4.0,0.4,sundhed
Radikale Venstre,Enhedslisten,69,1010,631.0,0.6247524752475248,sundhed
Radikale Venstre,Liberal Alliance,69,930,633.0,0.6806451612903226,sundhed
Radikale Venstre,Moderaterne,69,20,11.0,0.55,sundhed
Radikale Venstre,Radikale Venstre,69,819,816.0,0.9963369963369964,sundhed
Radikale Venstre,Socialdemokratiet,69,3282,2431.0,0.7407068860450945,sundhed
Radikale Venstre,Socialistisk Folkeparti,69,216,166.0,0.7685185185185185,sundhed
Radikale Venstre,Uden for folketingsgrupperne,69,333,190.0,0.5705705705705706,sundhed
Radikale Venstre,Venstre,69,2684,1795.0,0.6687779433681073,sundhed
Socialdemokratiet,Alternativet,69,184,106.0,0.5760869565217391,sundhed
Socialdemokratiet,Danmarksdemokraterne,69,2228,1648.0,0.7396768402154399,sundhed
Socialdemokratiet,Dansk Folkeparti,69,4628,3301.0,0.7132670700086431,sundhed
Socialdemokratiet,Det Konservative Folkeparti,69,51,29.0,0.5686274509803921,sundhed
Socialdemokratiet,Enhedslisten,69,4402,1769.0,0.4018627896410722,sundhed
Socialdemokratiet,Liberal Alliance,69,4614,3916.0,0.8487212830515821,sundhed
Socialdemokratiet,Moderaterne,69,146,107.0,0.7328767123287672,sundhed
Socialdemokratiet,Radikale Venstre,69,4816,3524.0,0.7317275747508306,sundhed
Socialdemokratiet,Socialdemokratiet,69,15190,14976.0,0.985911784068466,sundhed
Socialdemokratiet,Socialistisk Folkeparti,69,1915,1070.0,0.5587467362924282,sundhed
Socialdemokratiet,Uden for folketingsgrupperne,69,2194,1611.0,0.7342752962625342,sundhed
Socialdemokratiet,Venstre,69,14035,11981.0,0.8536515853224083,sundhed
Socialistisk Folkeparti,Alternativet,69,24,20.0,0.8333333333333334,sundhed
Socialistisk Folkeparti,Danmarksdemokraterne,69,201,88.0,0.4378109452736318,sundhed
Socialistisk Folkeparti,Dansk Folkeparti,69,804,327.0,0.4067164179104477,sundhed
Socialistisk Folkeparti,Det Konservative Folkeparti,69,7,2.0,0.2857142857142857,sundhed
Socialistisk Folkeparti,Enhedslisten,69,628,484.0,0.7707006369426752,sundhed
Socialistisk Folkeparti,Liberal Alliance,69,850,378.0,0.4447058823529412,sundhed
Socialistisk Folkeparti,Moderaterne,69,32,11.0,0.34375,sundhed
Socialistisk Folkeparti,Radikale Venstre,69,973,708.0,0.7276464542651593,sundhed
Socialistisk Folkeparti,Socialdemokratiet,69,2732,1484.0,0.5431918008784773,sundhed
Socialistisk Folkeparti,Socialistisk Folkeparti,69,222,220.0,0.990990990990991,sundhed
Socialistisk Folkeparti,Uden for folketingsgrupperne,69,519,212.0,0.4084778420038535,sundhed
Socialistisk Folkeparti,Venstre,69,2397,1012.0,0.4221944096787651,sundhed
Uden for folketingsgrupperne,Alternativet,69,25,9.0,0.36,sundhed
Uden for folketingsgrupperne,Danmarksdemokraterne,69,19,17.0,0.8947368421052632,sundhed
Uden for folketingsgrupperne,Dansk Folkeparti,69,463,463.0,1.0,sundhed
Uden for folketingsgrupperne,Det Konservative Folkeparti,69,3,3.0,1.0,sundhed
Uden for folketingsgrupperne,Enhedslisten,69,418,141.0,0.3373205741626794,sundhed
Uden for folketingsgrupperne,Liberal Alliance,69,452,372.0,0.8230088495575221,sundhed
Uden for folketingsgrupperne,Moderaterne,69,1,1.0,1.0,sundhed
Uden for folketingsgrupperne,Radikale Venstre,69,605,299.0,0.4942148760330578,sundhed
Uden for folketingsgrupperne,Socialdemokratiet,69,1511,1068.0,0.7068166776968895,sundhed
Uden for folketingsgrupperne,Socialistisk Folkeparti,69,30,12.0,0.4,sundhed
Uden for folketingsgrupperne,Uden for folketingsgrupperne,69,136,121.0,0.8897058823529411,sundhed
Uden for folketingsgrupperne,Venstre,69,1156,968.0,0.8373702422145328,sundhed
Venstre,Alternativet,69,164,69.0,0.4207317073170731,sundhed
Venstre,Danmarksdemokraterne,69,2014,1676.0,0.8321747765640516,sundhed
Venstre,Dansk Folkeparti,69,4393,3477.0,0.7914864557250171,sundhed
Venstre,Det Konservative Folkeparti,69,58,58.0,1.0,sundhed
Venstre,Enhedslisten,69,3874,1300.0,0.3355704697986577,sundhed
Venstre,Liberal Alliance,69,4573,4486.0,0.9809752897441504,sundhed
Venstre,Moderaterne,69,190,190.0,1.0,sundhed
Venstre,Radikale Venstre,69,4752,3205.0,0.6744528619528619,sundhed
Venstre,Socialdemokratiet,69,15445,13367.0,0.8654580770475883,sundhed
Venstre,Socialistisk Folkeparti,69,1917,803.0,0.4188836724047992,sundhed
Venstre,Uden for folketingsgrupperne,69,2213,1871.0,0.8454586534116584,sundhed
Venstre,Venstre,69,12776,12776.0,1.0,sundhed
Danmarksdemokraterne,Danmarksdemokraterne,66,307,300.0,0.977198697068404,sundhed
Danmarksdemokraterne,Dansk Folkeparti,66,863,848.0,0.9826187717265352,sundhed
Danmarksdemokraterne,Det Konservative Folkeparti,66,701,676.0,0.9643366619115548,sundhed
Danmarksdemokraterne,Enhedslisten,66,256,26.0,0.1015625,sundhed
Danmarksdemokraterne,Liberal Alliance,66,124,123.0,0.9919354838709676,sundhed
Danmarksdemokraterne,Moderaterne,66,61,59.0,0.9672131147540984,sundhed
Danmarksdemokraterne,Radikale Venstre,66,516,321.0,0.622093023255814,sundhed
Danmarksdemokraterne,Socialdemokratiet,66,1991,823.0,0.413360120542441,sundhed
Danmarksdemokraterne,Socialistisk Folkeparti,66,424,137.0,0.3231132075471698,sundhed
Danmarksdemokraterne,Uden for folketingsgrupperne,66,420,338.0,0.8047619047619048,sundhed
Danmarksdemokraterne,Venstre,66,2695,2613.0,0.969573283858998,sundhed
Dansk Folkeparti,Danmarksdemokraterne,66,278,278.0,1.0,sundhed
Dansk Folkeparti,Dansk Folkeparti,66,691,691.0,1.0,sundhed
Dansk Folkeparti,Det Konservative Folkeparti,66,449,427.0,0.9510022271714922,sundhed
Dansk Folkeparti,Enhedslisten,66,293,33.0,0.1126279863481228,sundhed
Dansk Folkeparti,Liberal Alliance,66,105,103.0,0.9809523809523808,sundhed
Dansk Folkeparti,Moderaterne,66,46,44.0,0.9565217391304348,sundhed
Dansk Folkeparti,Radikale Venstre,66,585,340.0,0.5811965811965812,sundhed
Dansk Folkeparti,Socialdemokratiet,66,1645,683.0,0.4151975683890577,sundhed
Dansk Folkeparti,Socialistisk Folkeparti,66,482,148.0,0.3070539419087137,sundhed
Dansk Folkeparti,Uden for folketingsgrupperne,66,563,405.0,0.7193605683836589,sundhed
Dansk Folkeparti,Venstre,66,2357,2261.0,0.959270258803564,sundhed
Det Konservative Folkeparti,Danmarksdemokraterne,66,446,435.0,0.9753363228699552,sundhed
Det Konservative Folkeparti,Dansk Folkeparti,66,1207,1149.0,0.951946975973488,sundhed
Det Konservative Folkeparti,Det Konservative Folkeparti,66,700,700.0,1.0,sundhed
Det Konservative Folkeparti,Enhedslisten,66,374,48.0,0.1283422459893048,sundhed
Det Konservative Folkeparti,Liberal Alliance,66,186,186.0,1.0,sundhed
Det Konservative Folkeparti,Moderaterne,66,78,78.0,1.0,sundhed
Det Konservative Folkeparti,Radikale Venstre,66,807,491.0,0.6084262701363073,sundhed
Det Konservative Folkeparti,Socialdemokratiet,66,2799,1064.0,0.3801357627724187,sundhed
Det Konservative Folkeparti,Socialistisk Folkeparti,66,591,178.0,0.3011844331641286,sundhed
Det Konservative Folkeparti,Uden for folketingsgrupperne,66,613,478.0,0.7797716150081566,sundhed
Det Konservative Folkeparti,Venstre,66,3494,3494.0,1.0,sundhed
Enhedslisten,Danmarksdemokraterne,66,102,18.0,0.1764705882352941,sundhed
Enhedslisten,Dansk Folkeparti,66,221,19.0,0.085972850678733,sundhed
Enhedslisten,Det Konservative Folkeparti,66,157,23.0,0.1464968152866242,sundhed
Enhedslisten,Enhedslisten,66,51,51.0,1.0,sundhed
Enhedslisten,Liberal Alliance,66,36,3.0,0.0833333333333333,sundhed
Enhedslisten,Moderaterne,66,11,1.0,0.0909090909090909,sundhed
Enhedslisten,Radikale Venstre,66,115,55.0,0.4782608695652174,sundhed
Enhedslisten,Socialdemokratiet,66,464,260.0,0.5603448275862069,sundhed
Enhedslisten,Socialistisk Folkeparti,66,160,126.0,0.7875,sundhed
Enhedslisten,Uden for folketingsgrupperne,66,160,57.0,0.35625,sundhed
Enhedslisten,Venstre,66,737,91.0,0.1234735413839891,sundhed
Liberal Alliance,Danmarksdemokraterne,66,45,44.0,0.9777777777777776,sundhed
Liberal Alliance,Dansk Folkeparti,66,139,136.0,0.9784172661870504,sundhed
Liberal Alliance,Det Konservative Folkeparti,66,68,68.0,1.0,sundhed
Liberal Alliance,Enhedslisten,66,53,4.0,0.0754716981132075,sundhed
Liberal Alliance,Radikale Venstre,66,136,76.0,0.5588235294117647,sundhed
Liberal Alliance,Socialdemokratiet,66,309,107.0,0.3462783171521035,sundhed
Liberal Alliance,Socialistisk Folkeparti,66,59,14.0,0.2372881355932203,sundhed
Liberal Alliance,Uden for folketingsgrupperne,66,89,64.0,0.7191011235955056,sundhed
Liberal Alliance,Venstre,66,311,311.0,1.0,sundhed
Moderaterne,Danmarksdemokraterne,66,17,17.0,1.0,sundhed
Moderaterne,Dansk Folkeparti,66,64,61.0,0.953125,sundhed
Moderaterne,Det Konservative Folkeparti,66,33,33.0,1.0,sundhed
Moderaterne,Enhedslisten,66,22,2.0,0.0909090909090909,sundhed
Moderaterne,Liberal Alliance,66,15,15.0,1.0,sundhed
Moderaterne,Radikale Venstre,66,66,46.0,0.696969696969697,sundhed
Moderaterne,Socialdemokratiet,66,130,43.0,0.3307692307692307,sundhed
Moderaterne,Socialistisk Folkeparti,66,24,5.0,0.2083333333333333,sundhed
Moderaterne,Uden for folketingsgrupperne,66,42,31.0,0.7380952380952381,sundhed
Moderaterne,Venstre,66,139,139.0,1.0,sundhed
Radikale Venstre,Danmarksdemokraterne,66,162,105.0,0.6481481481481481,sundhed
Radikale Venstre,Dansk Folkeparti,66,384,224.0,0.5833333333333334,sundhed
Radikale Venstre,Det Konservative Folkeparti,66,167,98.0,0.5868263473053892,sundhed
Radikale Venstre,Enhedslisten,66,195,105.0,0.5384615384615384,sundhed
Radikale Venstre,Radikale Venstre,66,229,229.0,1.0,sundhed
Radikale Venstre,Socialdemokratiet,66,771,527.0,0.6835278858625162,sundhed
Radikale Venstre,Socialistisk Folkeparti,66,240,164.0,0.6833333333333333,sundhed
Radikale Venstre,Uden for folketingsgrupperne,66,329,265.0,0.8054711246200608,sundhed
Radikale Venstre,Venstre,66,1160,729.0,0.628448275862069,sundhed
Socialdemokratiet,Danmarksdemokraterne,66,933,422.0,0.4523043944265809,sundhed
Socialdemokratiet,Dansk Folkeparti,66,2593,1135.0,0.4377169301966834,sundhed
Socialdemokratiet,Det Konservative Folkeparti,66,1442,592.0,0.4105409153952843,sundhed
Socialdemokratiet,Enhedslisten,66,846,474.0,0.5602836879432624,sundhed
Socialdemokratiet,Liberal Alliance,66,335,124.0,0.3701492537313433,sundhed
Socialdemokratiet,Moderaterne,66,154,50.0,0.3246753246753247,sundhed
Socialdemokratiet,Radikale Venstre,66,1652,1191.0,0.7209443099273608,sundhed
Socialdemokratiet,Socialdemokratiet,66,5069,4842.0,0.955217991714342,sundhed
Socialdemokratiet,Socialistisk Folkeparti,66,1275,1000.0,0.7843137254901961,sundhed
Socialdemokratiet,Uden for folketingsgrupperne,66,1439,941.0,0.6539263377345379,sundhed
Socialdemokratiet,Venstre,66,7115,3062.0,0.4303583977512298,sundhed
Socialistisk Folkeparti,Danmarksdemokraterne,66,365,109.0,0.2986301369863013,sundhed
Socialistisk Folkeparti,Dansk Folkeparti,66,672,206.0,0.306547619047619,sundhed
Socialistisk Folkeparti,Det Konservative Folkeparti,66,556,162.0,0.2913669064748201,sundhed
Socialistisk Folkeparti,Enhedslisten,66,209,164.0,0.784688995215311,sundhed
Socialistisk Folkeparti,Liberal Alliance,66,114,28.0,0.2456140350877192,sundhed
Socialistisk Folkeparti,Moderaterne,66,49,11.0,0.2244897959183673,sundhed
Socialistisk Folkeparti,Radikale Venstre,66,411,298.0,0.7250608272506083,sundhed
Socialistisk Folkeparti,Socialdemokratiet,66,1648,1260.0,0.7645631067961165,sundhed
Socialistisk Folkeparti,Socialistisk Folkeparti,66,326,320.0,0.98159509202454,sundhed
Socialistisk Folkeparti,Uden for folketingsgrupperne,66,360,184.0,0.5111111111111111,sundhed
Socialistisk Folkeparti,Venstre,66,2412,741.0,0.3072139303482587,sundhed
Uden for folketingsgrupperne,Danmarksdemokraterne,66,138,115.0,0.8333333333333334,sundhed
Uden for folketingsgrupperne,Dansk Folkeparti,66,269,257.0,0.9553903345724908,sundhed
Uden for folketingsgrupperne,Det Konservative Folkeparti,66,210,169.0,0.8047619047619048,sundhed
Uden for folketingsgrupperne,Enhedslisten,66,94,15.0,0.1595744680851064,sundhed
Uden for folketingsgrupperne,Liberal Alliance,66,35,35.0,1.0,sundhed
Uden for folketingsgrupperne,Moderaterne,66,13,11.0,0.8461538461538461,sundhed
Uden for folketingsgrupperne,Radikale Venstre,66,118,56.0,0.4745762711864407,sundhed
Uden for folketingsgrupperne,Socialdemokratiet,66,639,329.0,0.514866979655712,sundhed
Uden for folketingsgrupperne,Socialistisk Folkeparti,66,218,104.0,0.4770642201834862,sundhed
Uden for folketingsgrupperne,Uden for folketingsgrupperne,66,161,107.0,0.6645962732919255,sundhed
Uden for folketingsgrupperne,Venstre,66,1094,915.0,0.8363802559414991,sundhed
Venstre,Danmarksdemokraterne,66,2045,1985.0,0.9706601466992664,sundhed
Venstre,Dansk Folkeparti,66,4563,4359.0,0.955292570677186,sundhed
Venstre,Det Konservative Folkeparti,66,3359,3359.0,1.0,sundhed
Venstre,Enhedslisten,66,1437,181.0,0.1259568545581071,sundhed
Venstre,Liberal Alliance,66,714,714.0,1.0,sundhed
Venstre,Moderaterne,66,314,314.0,1.0,sundhed
Venstre,Radikale Venstre,66,2849,1693.0,0.5942435942435943,sundhed
Venstre,Socialdemokratiet,66,10432,4296.0,0.4118098159509202,sundhed
Venstre,Socialistisk Folkeparti,66,2366,748.0,0.31614539306847,sundhed
Venstre,Uden for folketingsgrupperne,66,2315,1814.0,0.783585313174946,sundhed
Venstre,Venstre,66,13815,13815.0,1.0,sundhed
Danmarksdemokraterne,Danmarksdemokraterne,65,2,2.0,1.0,sundhed
Danmarksdemokraterne,Dansk Folkeparti,65,20,20.0,1.0,sundhed
Danmarksdemokraterne,Det Konservative Folkeparti,65,8,8.0,1.0,sundhed
Danmarksdemokraterne,Kristendemokraterne,65,4,4.0,1.0,sundhed
Danmarksdemokraterne,Liberal Alliance,65,4,4.0,1.0,sundhed
Danmarksdemokraterne,Radikale Venstre,65,4,0.0,0.0,sundhed
Danmarksdemokraterne,Socialdemokratiet,65,82,0.0,0.0,sundhed
Danmarksdemokraterne,Socialistisk Folkeparti,65,12,0.0,0.0,sundhed
Danmarksdemokraterne,Uden for folketingsgrupperne,65,16,12.0,0.75,sundhed
Danmarksdemokraterne,Venstre,65,50,50.0,1.0,sundhed
Dansk Folkeparti,Dansk Folkeparti,65,20,20.0,1.0,sundhed
Dansk Folkeparti,Det Konservative Folkeparti,65,2,2.0,1.0,sundhed
Dansk Folkeparti,Kristendemokraterne,65,4,4.0,1.0,sundhed
Dansk Folkeparti,Liberal Alliance,65,2,2.0,1.0,sundhed
Dansk Folkeparti,Radikale Venstre,65,4,0.0,0.0,sundhed
Dansk Folkeparti,Socialdemokratiet,65,60,0.0,0.0,sundhed
Dansk Folkeparti,Socialistisk Folkeparti,65,16,0.0,0.0,sundhed
Dansk Folkeparti,Uden for folketingsgrupperne,65,10,6.0,0.6,sundhed
Dansk Folkeparti,Venstre,65,52,52.0,1.0,sundhed
Det Konservative Folkeparti,Danmarksdemokraterne,65,4,4.0,1.0,sundhed
Det Konservative Folkeparti,Dansk Folkeparti,65,28,28.0,1.0,sundhed
Det Konservative Folkeparti,Det Konservative Folkeparti,65,6,6.0,1.0,sundhed
Det Konservative Folkeparti,Kristendemokraterne,65,6,6.0,1.0,sundhed
Det Konservative Folkeparti,Liberal Alliance,65,6,6.0,1.0,sundhed
Det Konservative Folkeparti,Radikale Venstre,65,6,0.0,0.0,sundhed
Det Konservative Folkeparti,Socialdemokratiet,65,114,0.0,0.0,sundhed
Det Konservative Folkeparti,Socialistisk Folkeparti,65,16,0.0,0.0,sundhed
Det Konservative Folkeparti,Uden for folketingsgrupperne,65,20,14.0,0.7,sundhed
Det Konservative Folkeparti,Venstre,65,74,74.0,1.0,sundhed
Kristendemokraterne,Dansk Folkeparti,65,6,6.0,1.0,sundhed
Kristendemokraterne,Radikale Venstre,65,2,0.0,0.0,sundhed
Kristendemokraterne,Socialdemokratiet,65,22,0.0,0.0,sundhed
Kristendemokraterne,Socialistisk Folkeparti,65,4,0.0,0.0,sundhed
Kristendemokraterne,Uden for folketingsgrupperne,65,4,2.0,0.5,sundhed
Kristendemokraterne,Venstre,65,10,10.0,1.0,sundhed
Liberal Alliance,Dansk Folkeparti,65,8,8.0,1.0,sundhed
Liberal Alliance,Kristendemokraterne,65,2,2.0,1.0,sundhed
Liberal Alliance,Radikale Venstre,65,2,0.0,0.0,sundhed
Liberal Alliance,Socialdemokratiet,65,30,0.0,0.0,sundhed
Liberal Alliance,Socialistisk Folkeparti,65,4,0.0,0.0,sundhed
Liberal Alliance,Uden for folketingsgrupperne,65,4,2.0,0.5,sundhed
Liberal Alliance,Venstre,65,12,12.0,1.0,sundhed
Radikale Venstre,Dansk Folkeparti,65,6,0.0,0.0,sundhed
Radikale Venstre,Socialdemokratiet,65,20,12.0,0.6,sundhed
Radikale Venstre,Socialistisk Folkeparti,65,4,4.0,1.0,sundhed
Radikale Venstre,Uden for folketingsgrupperne,65,4,2.0,0.5,sundhed
Radikale Venstre,Venstre,65,10,0.0,0.0,sundhed
Socialdemokratiet,Danmarksdemokraterne,65,6,0.0,0.0,sundhed
Socialdemokratiet,Dansk Folkeparti,65,160,0.0,0.0,sundhed
Socialdemokratiet,Det Konservative Folkeparti,65,18,0.0,0.0,sundhed
Socialdemokratiet,Kristendemokraterne,65,22,0.0,0.0,sundhed
Socialdemokratiet,Liberal Alliance,65,14,0.0,0.0,sundhed
Socialdemokratiet,Radikale Venstre,65,24,12.0,0.5,sundhed
Socialdemokratiet,Socialdemokratiet,65,462,422.0,0.9134199134199136,sundhed
Socialdemokratiet,Socialistisk Folkeparti,65,82,43.0,0.524390243902439,sundhed
Socialdemokratiet,Uden for folketingsgrupperne,65,86,12.0,0.1395348837209302,sundhed
Socialdemokratiet,Venstre,65,296,0.0,0.0,sundhed
Socialistisk Folkeparti,Danmarksdemokraterne,65,4,0.0,0.0,sundhed
Socialistisk Folkeparti,Dansk Folkeparti,65,24,0.0,0.0,sundhed
Socialistisk Folkeparti,Det Konservative Folkeparti,65,8,0.0,0.0,sundhed
Socialistisk Folkeparti,Kristendemokraterne,65,4,0.0,0.0,sundhed
Socialistisk Folkeparti,Liberal Alliance,65,4,0.0,0.0,sundhed
Socialistisk Folkeparti,Radikale Venstre,65,4,4.0,1.0,sundhed
Socialistisk Folkeparti,Socialdemokratiet,65,94,53.0,0.5638297872340425,sundhed
Socialistisk Folkeparti,Socialistisk Folkeparti,65,12,12.0,1.0,sundhed
Socialistisk Folkeparti,Uden for folketingsgrupperne,65,18,6.0,0.3333333333333333,sundhed
Socialistisk Folkeparti,Venstre,65,56,0.0,0.0,sundhed
Uden for folketingsgrupperne,Dansk Folkeparti,65,30,24.0,0.8,sundhed
Uden for folketingsgrupperne,Det Konservative Folkeparti,65,4,4.0,1.0,sundhed
Uden for folketingsgrupperne,Kristendemokraterne,65,4,4.0,1.0,sundhed
Uden for folketingsgrupperne,Liberal Alliance,65,4,4.0,1.0,sundhed
Uden for folketingsgrupperne,Radikale Venstre,65,4,0.0,0.0,sundhed
Uden for folketingsgrupperne,Socialdemokratiet,65,90,12.0,0.1333333333333333,sundhed
Uden for folketingsgrupperne,Socialistisk Folkeparti,65,14,2.0,0.1428571428571428,sundhed
Uden for folketingsgrupperne,Uden for folketingsgrupperne,65,12,6.0,0.5,sundhed
Uden for folketingsgrupperne,Venstre,65,50,40.0,0.8,sundhed
Venstre,Danmarksdemokraterne,65,14,14.0,1.0,sundhed
Venstre,Dansk Folkeparti,65,108,108.0,1.0,sundhed
Venstre,Det Konservative Folkeparti,65,22,22.0,1.0,sundhed
Venstre,Kristendemokraterne,65,22,22.0,1.0,sundhed
Venstre,Liberal Alliance,65,20,20.0,1.0,sundhed
Venstre,Radikale Venstre,65,22,0.0,0.0,sundhed
Venstre,Socialdemokratiet,65,408,0.0,0.0,sundhed
Venstre,Socialistisk Folkeparti,65,72,0.0,0.0,sundhed
Venstre,Uden for folketingsgrupperne,65,78,56.0,0.717948717948718,sundhed
Venstre,Venstre,65,240,240.0,1.0,sundhed
Alternativet,Radikale Venstre,70,57,42.0,0.7368421052631579,sundhed
Alternativet,Venstre,70,79,37.0,0.4683544303797468,sundhed
Danmarksdemokraterne,Alternativet,70,424,214.0,0.5047169811320755,sundhed
Danmarksdemokraterne,Danmarksdemokraterne,70,1591,1524.0,0.9578881206788185,sundhed
Danmarksdemokraterne,Dansk Folkeparti,70,1110,1075.0,0.9684684684684683,sundhed
Danmarksdemokraterne,Det Konservative Folkeparti,70,292,220.0,0.7534246575342466,sundhed
Danmarksdemokraterne,Enhedslisten,70,2035,911.0,0.4476658476658476,sundhed
Danmarksdemokraterne,Liberal Alliance,70,654,422.0,0.6452599388379205,sundhed
Danmarksdemokraterne,Moderaterne,70,12,12.0,1.0,sundhed
Danmarksdemokraterne,Radikale Venstre,70,2208,1149.0,0.5203804347826086,sundhed
Danmarksdemokraterne,Socialdemokratiet,70,9180,5470.0,0.5958605664488017,sundhed
Danmarksdemokraterne,Socialistisk Folkeparti,70,938,463.0,0.4936034115138593,sundhed
Danmarksdemokraterne,Uden for folketingsgrupperne,70,1848,1685.0,0.9117965367965368,sundhed
Danmarksdemokraterne,Venstre,70,7781,5854.0,0.7523454568821488,sundhed
Dansk Folkeparti,Alternativet,70,208,94.0,0.4519230769230769,sundhed
Dansk Folkeparti,Danmarksdemokraterne,70,468,459.0,0.9807692307692308,sundhed
Dansk Folkeparti,Dansk Folkeparti,70,266,266.0,1.0,sundhed
Dansk Folkeparti,Det Konservative Folkeparti,70,39,26.0,0.6666666666666666,sundhed
Dansk Folkeparti,Enhedslisten,70,942,410.0,0.435244161358811,sundhed
Dansk Folkeparti,Liberal Alliance,70,228,141.0,0.618421052631579,sundhed
Dansk Folkeparti,Moderaterne,70,1,1.0,1.0,sundhed
Dansk Folkeparti,Radikale Venstre,70,665,312.0,0.4691729323308271,sundhed
Dansk Folkeparti,Socialdemokratiet,70,2628,1442.0,0.5487062404870624,sundhed
Dansk Folkeparti,Socialistisk Folkeparti,70,113,48.0,0.4247787610619469,sundhed
Dansk Folkeparti,Uden for folketingsgrupperne,70,222,200.0,0.9009009009009008,sundhed
Dansk Folkeparti,Venstre,70,2352,1725.0,0.7334183673469388,sundhed
Det Konservative Folkeparti,Alternativet,70,21,14.0,0.6666666666666666,sundhed
Det Konservative Folkeparti,Danmarksdemokraterne,70,27,18.0,0.6666666666666666,sundhed
Det Konservative Folkeparti,Dansk Folkeparti,70,100,73.0,0.73,sundhed
Det Konservative Folkeparti,Det Konservative Folkeparti,70,10,10.0,1.0,sundhed
Det Konservative Folkeparti,Enhedslisten,70,155,84.0,0.5419354838709678,sundhed
Det Konservative Folkeparti,Liberal Alliance,70,43,36.0,0.8372093023255814,sundhed
Det Konservative Folkeparti,Radikale Venstre,70,107,76.0,0.7102803738317757,sundhed
Det Konservative Folkeparti,Socialdemokratiet,70,374,289.0,0.7727272727272727,sundhed
Det Konservative Folkeparti,Uden for folketingsgrupperne,70,51,39.0,0.7647058823529411,sundhed
Det Konservative Folkeparti,Venstre,70,286,271.0,0.9475524475524476,sundhed
Enhedslisten,Alternativet,70,312,254.0,0.8141025641025641,sundhed
Enhedslisten,Danmarksdemokraterne,70,725,299.0,0.4124137931034483,sundhed
Enhedslisten,Dansk Folkeparti,70,326,132.0,0.4049079754601227,sundhed
Enhedslisten,Det Konservative Folkeparti,70,87,44.0,0.5057471264367817,sundhed
Enhedslisten,Enhedslisten,70,789,779.0,0.9873257287705955,sundhed
Enhedslisten,Liberal Alliance,70,155,83.0,0.535483870967742,sundhed
Enhedslisten,Moderaterne,70,3,0.0,0.0,sundhed
Enhedslisten,Radikale Venstre,70,892,770.0,0.8632286995515696,sundhed
Enhedslisten,Socialdemokratiet,70,3409,2518.0,0.7386330302141391,sundhed
Enhedslisten,Socialistisk Folkeparti,70,248,216.0,0.8709677419354839,sundhed
Enhedslisten,Uden for folketingsgrupperne,70,484,202.0,0.4173553719008264,sundhed
Enhedslisten,Venstre,70,3304,1699.0,0.514225181598063,sundhed
Liberal Alliance,Alternativet,70,87,46.0,0.5287356321839081,sundhed
Liberal Alliance,Danmarksdemokraterne,70,83,51.0,0.6144578313253012,sundhed
Liberal Alliance,Dansk Folkeparti,70,106,63.0,0.5943396226415094,sundhed
Liberal Alliance,Det Konservative Folkeparti,70,20,15.0,0.75,sundhed
Liberal Alliance,Enhedslisten,70,380,204.0,0.5368421052631579,sundhed
Liberal Alliance,Radikale Venstre,70,278,178.0,0.6402877697841727,sundhed
Liberal Alliance,Socialdemokratiet,70,820,561.0,0.6841463414634147,sundhed
Liberal Alliance,Socialistisk Folkeparti,70,6,5.0,0.8333333333333334,sundhed
Liberal Alliance,Uden for folketingsgrupperne,70,3,2.0,0.6666666666666666,sundhed
Liberal Alliance,Venstre,70,660,510.0,0.7727272727272727,sundhed
Moderaterne,Danmarksdemokraterne,70,2,2.0,1.0,sundhed
Moderaterne,Dansk Folkeparti,70,6,6.0,1.0,sundhed
Moderaterne,Enhedslisten,70,3,0.0,0.0,sundhed
Moderaterne,Liberal Alliance,70,3,0.0,0.0,sundhed
Moderaterne,Radikale Venstre,70,8,0.0,0.0,sundhed
Moderaterne,Socialdemokratiet,70,23,0.0,0.0,sundhed
Moderaterne,Socialistisk Folkeparti,70,2,0.0,0.0,sundhed
Moderaterne,Uden for folketingsgrupperne,70,6,6.0,1.0,sundhed
Moderaterne,Venstre,70,28,20.0,0.7142857142857143,sundhed
Radikale Venstre,Alternativet,70,282,216.0,0.7659574468085106,sundhed
Radikale Venstre,Danmarksdemokraterne,70,431,181.0,0.419953596287703,sundhed
Radikale Venstre,Dansk Folkeparti,70,493,211.0,0.4279918864097363,sundhed
Radikale Venstre,Det Konservative Folkeparti,70,84,57.0,0.6785714285714286,sundhed
Radikale Venstre,Enhedslisten,70,1046,918.0,0.8776290630975143,sundhed
Radikale Venstre,Liberal Alliance,70,231,140.0,0.6060606060606061,sundhed
Radikale Venstre,Radikale Venstre,70,681,675.0,0.9911894273127754,sundhed
Radikale Venstre,Socialdemokratiet,70,3059,2596.0,0.8486433474991827,sundhed
Radikale Venstre,Socialistisk Folkeparti,70,112,102.0,0.9107142857142856,sundhed
Radikale Venstre,Uden for folketingsgrupperne,70,363,172.0,0.4738292011019284,sundhed
Radikale Venstre,Venstre,70,2445,1462.0,0.5979550102249489,sundhed
Socialdemokratiet,Alternativet,70,1571,1055.0,0.671546785486951,sundhed
Socialdemokratiet,Danmarksdemokraterne,70,4399,2616.0,0.5946806092293703,sundhed
Socialdemokratiet,Dansk Folkeparti,70,3290,1789.0,0.5437689969604863,sundhed
Socialdemokratiet,Det Konservative Folkeparti,70,705,556.0,0.7886524822695036,sundhed
Socialdemokratiet,Enhedslisten,70,6327,4893.0,0.7733522996680892,sundhed
Socialdemokratiet,Liberal Alliance,70,1865,1272.0,0.6820375335120643,sundhed
Socialdemokratiet,Moderaterne,70,25,0.0,0.0,sundhed
Socialdemokratiet,Radikale Venstre,70,6171,5318.0,0.8617728082968724,sundhed
Socialdemokratiet,Socialdemokratiet,70,22840,22750.0,0.996059544658494,sundhed
Socialdemokratiet,Socialistisk Folkeparti,70,2033,1768.0,0.8696507624200689,sundhed
Socialdemokratiet,Uden for folketingsgrupperne,70,4030,2335.0,0.5794044665012407,sundhed
Socialdemokratiet,Venstre,70,20620,14775.0,0.716537342386033,sundhed
Socialistisk Folkeparti,Alternativet,70,136,103.0,0.7573529411764706,sundhed
Socialistisk Folkeparti,Danmarksdemokraterne,70,132,64.0,0.4848484848484848,sundhed
Socialistisk Folkeparti,Dansk Folkeparti,70,412,185.0,0.4490291262135922,sundhed
Socialistisk Folkeparti,Det Konservative Folkeparti,70,86,61.0,0.7093023255813954,sundhed
Socialistisk Folkeparti,Enhedslisten,70,572,521.0,0.9108391608391608,sundhed
Socialistisk Folkeparti,Liberal Alliance,70,212,132.0,0.6226415094339622,sundhed
Socialistisk Folkeparti,Moderaterne,70,6,0.0,0.0,sundhed
Socialistisk Folkeparti,Radikale Venstre,70,660,581.0,0.8803030303030303,sundhed
Socialistisk Folkeparti,Socialdemokratiet,70,1810,1569.0,0.8668508287292818,sundhed
Socialistisk Folkeparti,Socialistisk Folkeparti,70,96,96.0,1.0,sundhed
Socialistisk Folkeparti,Uden for folketingsgrupperne,70,532,250.0,0.4699248120300752,sundhed
Socialistisk Folkeparti,Venstre,70,1711,974.0,0.5692577440093513,sundhed
Uden for folketingsgrupperne,Alternativet,70,243,117.0,0.4814814814814814,sundhed
Uden for folketingsgrupperne,Danmarksdemokraterne,70,257,224.0,0.8715953307392996,sundhed
Uden for folketingsgrupperne,Dansk Folkeparti,70,680,642.0,0.9441176470588236,sundhed
Uden for folketingsgrupperne,Det Konservative Folkeparti,70,127,91.0,0.7165354330708661,sundhed
Uden for folketingsgrupperne,Enhedslisten,70,1055,499.0,0.4729857819905213,sundhed
Uden for folketingsgrupperne,Liberal Alliance,70,420,256.0,0.6095238095238096,sundhed
Uden for folketingsgrupperne,Moderaterne,70,5,3.0,0.6,sundhed
Uden for folketingsgrupperne,Radikale Venstre,70,1090,570.0,0.5229357798165137,sundhed
Uden for folketingsgrupperne,Socialdemokratiet,70,3431,2094.0,0.6103176916350919,sundhed
Uden for folketingsgrupperne,Socialistisk Folkeparti,70,106,65.0,0.6132075471698113,sundhed
Uden for folketingsgrupperne,Uden for folketingsgrupperne,70,412,348.0,0.8446601941747572,sundhed
Uden for folketingsgrupperne,Venstre,70,2619,1927.0,0.7357770141275296,sundhed
Venstre,Alternativet,70,1379,697.0,0.5054387237128354,sundhed
Venstre,Danmarksdemokraterne,70,4335,3237.0,0.7467128027681661,sundhed
Venstre,Dansk Folkeparti,70,3059,2267.0,0.7410918600849951,sundhed
Venstre,Det Konservative Folkeparti,70,686,649.0,0.9460641399416908,sundhed
Venstre,Enhedslisten,70,5464,2714.0,0.496705710102489,sundhed
Venstre,Liberal Alliance,70,1745,1353.0,0.7753581661891118,sundhed
Venstre,Moderaterne,70,14,7.0,0.5,sundhed
Venstre,Radikale Venstre,70,5947,3852.0,0.6477215402724062,sundhed
Venstre,Socialdemokratiet,70,22751,16578.0,0.7286712671970463,sundhed
Venstre,Socialistisk Folkeparti,70,1792,1065.0,0.5943080357142857,sundhed
Venstre,Uden for folketingsgrupperne,70,4076,3037.0,0.7450932286555446,sundhed
Venstre,Venstre,70,18365,18339.0,0.9985842635447862,sundhed
Alternativet,Enhedslisten,71,25,23.0,0.92,sundhed
Alternativet,Radikale Venstre,71,19,16.0,0.8421052631578947,sundhed
Alternativet,Socialdemokratiet,71,16,8.0,0.5,sundhed
Alternativet,Venstre,71,18,8.0,0.4444444444444444,sundhed
Danmarksdemokraterne,Alternativet,71,136,66.0,0.4852941176470588,sundhed
Danmarksdemokraterne,Danmarksdemokraterne,71,977,943.0,0.9651995905834186,sundhed
Danmarksdemokraterne,Dansk Folkeparti,71,420,300.0,0.7142857142857143,sundhed
Danmarksdemokraterne,Det Konservative Folkeparti,71,807,586.0,0.7261462205700124,sundhed
Danmarksdemokraterne,Enhedslisten,71,1431,769.0,0.5373864430468204,sundhed
Danmarksdemokraterne,Javnaðarflokkurin,71,7,0.0,0.0,sundhed
Danmarksdemokraterne,Liberal Alliance,71,234,181.0,0.7735042735042735,sundhed
Danmarksdemokraterne,Moderaterne,71,43,33.0,0.7674418604651163,sundhed
Danmarksdemokraterne,Radikale Venstre,71,551,345.0,0.6261343012704175,sundhed
Danmarksdemokraterne,Socialdemokratiet,71,4049,2716.0,0.6707829093603359,sundhed
Danmarksdemokraterne,Socialistisk Folkeparti,71,444,294.0,0.6621621621621622,sundhed
Danmarksdemokraterne,Venstre,71,2579,1758.0,0.6816595579682048,sundhed
Dansk Folkeparti,Alternativet,71,36,18.0,0.5,sundhed
Dansk Folkeparti,Danmarksdemokraterne,71,336,240.0,0.7142857142857143,sundhed
Dansk Folkeparti,Dansk Folkeparti,71,74,74.0,1.0,sundhed
Dansk Folkeparti,Det Konservative Folkeparti,71,203,116.0,0.5714285714285714,sundhed
Dansk Folkeparti,Enhedslisten,71,443,249.0,0.5620767494356659,sundhed
Dansk Folkeparti,Javnaðarflokkurin,71,4,0.0,0.0,sundhed
Dansk Folkeparti,Liberal Alliance,71,65,52.0,0.8,sundhed
Dansk Folkeparti,Moderaterne,71,16,10.0,0.625,sundhed
Dansk Folkeparti,Radikale Venstre,71,150,82.0,0.5466666666666666,sundhed
Dansk Folkeparti,Socialdemokratiet,71,1219,638.0,0.5233798195242002,sundhed
Dansk Folkeparti,Socialistisk Folkeparti,71,161,93.0,0.577639751552795,sundhed
Dansk Folkeparti,Venstre,71,867,444.0,0.5121107266435986,sundhed
Det Konservative Folkeparti,Alternativet,71,71,33.0,0.4647887323943662,sundhed
Det Konservative Folkeparti,Danmarksdemokraterne,71,456,368.0,0.8070175438596491,sundhed
Det Konservative Folkeparti,Dansk Folkeparti,71,226,153.0,0.6769911504424779,sundhed
Det Konservative Folkeparti,Det Konservative Folkeparti,71,265,262.0,0.9886792452830188,sundhed
Det Konservative Folkeparti,Enhedslisten,71,743,427.0,0.5746971736204576,sundhed
Det Konservative Folkeparti,Javnaðarflokkurin,71,6,0.0,0.0,sundhed
Det Konservative Folkeparti,Liberal Alliance,71,115,93.0,0.808695652173913,sundhed
Det Konservative Folkeparti,Moderaterne,71,19,15.0,0.7894736842105263,sundhed
Det Konservative Folkeparti,Radikale Venstre,71,225,148.0,0.6577777777777778,sundhed
Det Konservative Folkeparti,Socialdemokratiet,71,1784,1306.0,0.7320627802690582,sundhed
Det Konservative Folkeparti,Socialistisk Folkeparti,71,163,111.0,0.6809815950920245,sundhed
Det Konservative Folkeparti,Venstre,71,1386,1034.0,0.746031746031746,sundhed
Enhedslisten,Alternativet,71,74,68.0,0.918918918918919,sundhed
Enhedslisten,Danmarksdemokraterne,71,294,136.0,0.4625850340136054,sundhed
Enhedslisten,Dansk Folkeparti,71,126,73.0,0.5793650793650794,sundhed
Enhedslisten,Det Konservative Folkeparti,71,205,122.0,0.5951219512195122,sundhed
Enhedslisten,Enhedslisten,71,518,512.0,0.9884169884169884,sundhed
Enhedslisten,Javnaðarflokkurin,71,4,0.0,0.0,sundhed
Enhedslisten,Liberal Alliance,71,47,32.0,0.6808510638297872,sundhed
Enhedslisten,Radikale Venstre,71,299,235.0,0.7859531772575251,sundhed
Enhedslisten,Socialdemokratiet,71,1103,636.0,0.5766092475067996,sundhed
Enhedslisten,Socialistisk Folkeparti,71,95,90.0,0.9473684210526316,sundhed
Enhedslisten,Venstre,71,758,459.0,0.6055408970976254,sundhed
Inuit Ataqatigiit,Alternativet,71,2,1.0,0.5,sundhed
Inuit Ataqatigiit,Danmarksdemokraterne,71,13,5.0,0.3846153846153846,sundhed
Inuit Ataqatigiit,Dansk Folkeparti,71,5,0.0,0.0,sundhed
Inuit Ataqatigiit,Det Konservative Folkeparti,71,10,4.0,0.4,sundhed
Inuit Ataqatigiit,Enhedslisten,71,13,5.0,0.3846153846153846,sundhed
Inuit Ataqatigiit,Javnaðarflokkurin,71,1,1.0,1.0,sundhed
Inuit Ataqatigiit,Liberal Alliance,71,3,1.0,0.3333333333333333,sundhed
Inuit Ataqatigiit,Moderaterne,71,2,2.0,1.0,sundhed
Inuit Ataqatigiit,Naleraq,71,1,1.0,1.0,sundhed
Inuit Ataqatigiit,Radikale Venstre,71,5,2.0,0.4,sundhed
Inuit Ataqatigiit,Socialdemokratiet,71,47,47.0,1.0,sundhed
Inuit Ataqatigiit,Socialistisk Folkeparti,71,12,4.0,0.3333333333333333,sundhed
Inuit Ataqatigiit,Venstre,71,36,36.0,1.0,sundhed
Javnaðarflokkurin,Alternativet,71,1,0.0,0.0,sundhed
Javnaðarflokkurin,Danmarksdemokraterne,71,1,0.0,0.0,sundhed
Javnaðarflokkurin,Enhedslisten,71,4,0.0,0.0,sundhed
Javnaðarflokkurin,Radikale Venstre,71,1,0.0,0.0,sundhed
Javnaðarflokkurin,Socialdemokratiet,71,2,2.0,1.0,sundhed
Javnaðarflokkurin,Venstre,71,5,5.0,1.0,sundhed
Liberal Alliance,Alternativet,71,29,16.0,0.5517241379310345,sundhed
Liberal Alliance,Danmarksdemokraterne,71,337,273.0,0.8100890207715133,sundhed
Liberal Alliance,Dansk Folkeparti,71,123,85.0,0.6910569105691057,sundhed
Liberal Alliance,Det Konservative Folkeparti,71,187,134.0,0.7165775401069518,sundhed
Liberal Alliance,Enhedslisten,71,382,249.0,0.6518324607329843,sundhed
Liberal Alliance,Javnaðarflokkurin,71,2,0.0,0.0,sundhed
Liberal Alliance,Liberal Alliance,71,33,33.0,1.0,sundhed
Liberal Alliance,Moderaterne,71,23,21.0,0.9130434782608696,sundhed
Liberal Alliance,Radikale Venstre,71,135,99.0,0.7333333333333333,sundhed
Liberal Alliance,Socialdemokratiet,71,1052,813.0,0.7728136882129277,sundhed
Liberal Alliance,Socialistisk Folkeparti,71,108,75.0,0.6944444444444444,sundhed
Liberal Alliance,Venstre,71,804,612.0,0.7611940298507462,sundhed
Moderaterne,Alternativet,71,14,7.0,0.5,sundhed
Moderaterne,Danmarksdemokraterne,71,130,91.0,0.7,sundhed
Moderaterne,Dansk Folkeparti,71,38,17.0,0.4473684210526316,sundhed
Moderaterne,Det Konservative Folkeparti,71,70,53.0,0.7571428571428571,sundhed
Moderaterne,Enhedslisten,71,124,68.0,0.5483870967741935,sundhed
Moderaterne,Javnaðarflokkurin,71,1,1.0,1.0,sundhed
Moderaterne,Liberal Alliance,71,20,17.0,0.85,sundhed
Moderaterne,Radikale Venstre,71,49,37.0,0.7551020408163265,sundhed
Moderaterne,Socialdemokratiet,71,394,394.0,1.0,sundhed
Moderaterne,Socialistisk Folkeparti,71,45,28.0,0.6222222222222222,sundhed
Moderaterne,Venstre,71,244,244.0,1.0,sundhed
Naleraq,Alternativet,71,1,1.0,1.0,sundhed
Naleraq,Danmarksdemokraterne,71,5,5.0,1.0,sundhed
Naleraq,Dansk Folkeparti,71,1,0.0,0.0,sundhed
Naleraq,Det Konservative Folkeparti,71,4,4.0,1.0,sundhed
Naleraq,Enhedslisten,71,5,5.0,1.0,sundhed
Naleraq,Liberal Alliance,71,1,1.0,1.0,sundhed
Naleraq,Moderaterne,71,1,1.0,1.0,sundhed
Naleraq,Radikale Venstre,71,2,2.0,1.0,sundhed
Naleraq,Socialdemokratiet,71,17,17.0,1.0,sundhed
Naleraq,Socialistisk Folkeparti,71,4,4.0,1.0,sundhed
Naleraq,Venstre,71,15,15.0,1.0,sundhed
Radikale Venstre,Alternativet,71,22,18.0,0.8181818181818182,sundhed
Radikale Venstre,Danmarksdemokraterne,71,131,86.0,0.6564885496183206,sundhed
Radikale Venstre,Dansk Folkeparti,71,83,42.0,0.5060240963855421,sundhed
Radikale Venstre,Det Konservative Folkeparti,71,157,102.0,0.6496815286624203,sundhed
Radikale Venstre,Enhedslisten,71,225,173.0,0.7688888888888888,sundhed
Radikale Venstre,Javnaðarflokkurin,71,2,0.0,0.0,sundhed
Radikale Venstre,Liberal Alliance,71,40,32.0,0.8,sundhed
Radikale Venstre,Radikale Venstre,71,52,52.0,1.0,sundhed
Radikale Venstre,Socialdemokratiet,71,573,443.0,0.7731239092495636,sundhed
Radikale Venstre,Socialistisk Folkeparti,71,7,7.0,1.0,sundhed
Radikale Venstre,Venstre,71,388,299.0,0.770618556701031,sundhed
Socialdemokratiet,Alternativet,71,403,203.0,0.5037220843672456,sundhed
Socialdemokratiet,Danmarksdemokraterne,71,3850,2634.0,0.6841558441558442,sundhed
Socialdemokratiet,Dansk Folkeparti,71,1415,726.0,0.5130742049469965,sundhed
Socialdemokratiet,Det Konservative Folkeparti,71,2615,1917.0,0.7330783938814531,sundhed
Socialdemokratiet,Enhedslisten,71,4815,2979.0,0.6186915887850467,sundhed
Socialdemokratiet,Javnaðarflokkurin,71,28,28.0,1.0,sundhed
Socialdemokratiet,Liberal Alliance,71,879,685.0,0.7792946530147895,sundhed
Socialdemokratiet,Moderaterne,71,159,159.0,1.0,sundhed
Socialdemokratiet,Radikale Venstre,71,1786,1396.0,0.7816349384098544,sundhed
Socialdemokratiet,Socialdemokratiet,71,13042,13042.0,1.0,sundhed
Socialdemokratiet,Socialistisk Folkeparti,71,1686,1179.0,0.699288256227758,sundhed
Socialdemokratiet,Venstre,71,9490,9484.0,0.9993677555321392,sundhed
Socialistisk Folkeparti,Alternativet,71,65,57.0,0.8769230769230769,sundhed
Socialistisk Folkeparti,Danmarksdemokraterne,71,839,399.0,0.4755661501787843,sundhed
Socialistisk Folkeparti,Dansk Folkeparti,71,279,142.0,0.5089605734767025,sundhed
Socialistisk Folkeparti,Det Konservative Folkeparti,71,565,339.0,0.6,sundhed
Socialistisk Folkeparti,Enhedslisten,71,890,826.0,0.9280898876404494,sundhed
Socialistisk Folkeparti,Javnaðarflokkurin,71,8,0.0,0.0,sundhed
Socialistisk Folkeparti,Liberal Alliance,71,208,146.0,0.7019230769230769,sundhed
Socialistisk Folkeparti,Moderaterne,71,51,32.0,0.6274509803921569,sundhed
Socialistisk Folkeparti,Radikale Venstre,71,380,316.0,0.8315789473684211,sundhed
Socialistisk Folkeparti,Socialdemokratiet,71,2821,1833.0,0.6497695852534562,sundhed
Socialistisk Folkeparti,Socialistisk Folkeparti,71,298,298.0,1.0,sundhed
Socialistisk Folkeparti,Venstre,71,2077,1344.0,0.6470871449205585,sundhed
Venstre,Alternativet,71,280,144.0,0.5142857142857142,sundhed
Venstre,Danmarksdemokraterne,71,2750,1888.0,0.6865454545454546,sundhed
Venstre,Dansk Folkeparti,71,939,467.0,0.4973375931842385,sundhed
Venstre,Det Konservative Folkeparti,71,1655,1204.0,0.7274924471299093,sundhed
Venstre,Enhedslisten,71,3224,1962.0,0.608560794044665,sundhed
Venstre,Javnaðarflokkurin,71,16,16.0,1.0,sundhed
Venstre,Liberal Alliance,71,476,377.0,0.792016806722689,sundhed
Venstre,Moderaterne,71,156,156.0,1.0,sundhed
Venstre,Radikale Venstre,71,1221,944.0,0.7731367731367731,sundhed
Venstre,Socialdemokratiet,71,9164,9127.0,0.9959624618070712,sundhed
Venstre,Socialistisk Folkeparti,71,1006,693.0,0.6888667992047713,sundhed
Venstre,Venstre,71,6055,6025.0,0.9950454170107348,sundhed
Danmarksdemokraterne,Danmarksdemokraterne,68,9443,9417.0,0.9972466377210631,all_topics
Danmarksdemokraterne,Dansk Folkeparti,68,15525,15497.0,0.998196457326892,all_topics
Danmarksdemokraterne,Det Konservative Folkeparti,68,16842,11724.0,0.696116850730317,all_topics
Danmarksdemokraterne,Enhedslisten,68,30864,13672.0,0.4429756350440643,all_topics
Danmarksdemokraterne,Inuit Ataqatigiit,68,13,6.0,0.4615384615384615,all_topics
Danmarksdemokraterne,Liberal Alliance,68,17001,10168.0,0.5980824657373096,all_topics
Danmarksdemokraterne,Moderaterne,68,1667,1126.0,0.6754649070185963,all_topics
Danmarksdemokraterne,Radikale Venstre,68,33189,18177.0,0.547681460724939,all_topics
Danmarksdemokraterne,Socialdemokratiet,68,36691,20556.0,0.5602463819465264,all_topics
Danmarksdemokraterne,Socialistisk Folkeparti,68,19066,10068.0,0.5280604216930662,all_topics
Danmarksdemokraterne,Uden for folketingsgrupperne,68,11693,10712.0,0.9161036517574618,all_topics
Danmarksdemokraterne,Venstre,68,50448,36275.0,0.719057247066286,all_topics
Dansk Folkeparti,Danmarksdemokraterne,68,10760,10728.0,0.9970260223048328,all_topics
Dansk Folkeparti,Dansk Folkeparti,68,11846,11818.0,0.9976363329393888,all_topics
Dansk Folkeparti,Det Konservative Folkeparti,68,16778,11765.0,0.7012158779353915,all_topics
Dansk Folkeparti,Enhedslisten,68,32189,14349.0,0.4457734008512224,all_topics
Dansk Folkeparti,Inuit Ataqatigiit,68,13,4.0,0.3076923076923077,all_topics
Dansk Folkeparti,Liberal Alliance,68,15332,9502.0,0.6197495434385599,all_topics
Dansk Folkeparti,Moderaterne,68,1061,735.0,0.6927426955702167,all_topics
Dansk Folkeparti,Radikale Venstre,68,28373,15915.0,0.5609205935220104,all_topics
Dansk Folkeparti,Socialdemokratiet,68,35240,20147.0,0.5717082860385925,all_topics
Dansk Folkeparti,Socialistisk Folkeparti,68,20177,10737.0,0.5321405560787035,all_topics
Dansk Folkeparti,Uden for folketingsgrupperne,68,9916,8746.0,0.8820088745461879,all_topics
Dansk Folkeparti,Venstre,68,49300,36080.0,0.7318458417849899,all_topics
Det Konservative Folkeparti,Danmarksdemokraterne,68,6287,4216.0,0.6705901065691109,all_topics
Det Konservative Folkeparti,Dansk Folkeparti,68,8483,5921.0,0.6979842037015207,all_topics
Det Konservative Folkeparti,Det Konservative Folkeparti,68,8302,8284.0,0.9978318477475308,all_topics
Det Konservative Folkeparti,Enhedslisten,68,21329,9609.0,0.450513385531436,all_topics
Det Konservative Folkeparti,Inuit Ataqatigiit,68,10,6.0,0.6,all_topics
Det Konservative Folkeparti,Liberal Alliance,68,9732,6819.0,0.7006781750924784,all_topics
Det Konservative Folkeparti,Moderaterne,68,827,735.0,0.8887545344619106,all_topics
Det Konservative Folkeparti,Radikale Venstre,68,17247,12560.0,0.7282425929147098,all_topics
Det Konservative Folkeparti,Socialdemokratiet,68,23301,17141.0,0.7356336637912536,all_topics
Det Konservative Folkeparti,Socialistisk Folkeparti,68,13450,9047.0,0.672639405204461,all_topics
Det Konservative Folkeparti,Uden for folketingsgrupperne,68,5919,4125.0,0.696908261530664,all_topics
Det Konservative Folkeparti,Venstre,68,30524,27664.0,0.9063032367972744,all_topics
Enhedslisten,Danmarksdemokraterne,68,17099,7723.0,0.4516638399906427,all_topics
Enhedslisten,Dansk Folkeparti,68,20527,8876.0,0.43240609928387,all_topics
Enhedslisten,Det Konservative Folkeparti,68,24209,10190.0,0.4209178404725515,all_topics
Enhedslisten,Enhedslisten,68,41502,40340.0,0.9720013493325624,all_topics
Enhedslisten,Inuit Ataqatigiit,68,22,22.0,1.0,all_topics
Enhedslisten,Liberal Alliance,68,23242,9200.0,0.3958351260648825,all_topics
Enhedslisten,Moderaterne,68,2481,1103.0,0.4445787988714228,all_topics
Enhedslisten,Radikale Venstre,68,43059,29583.0,0.6870340695325019,all_topics
Enhedslisten,Socialdemokratiet,68,54861,36680.0,0.6685988224786278,all_topics
Enhedslisten,Socialistisk Folkeparti,68,30689,22216.0,0.7239075890384177,all_topics
Enhedslisten,Uden for folketingsgrupperne,68,15506,6700.0,0.4320908035599123,all_topics
Enhedslisten,Venstre,68,74684,31887.0,0.426958920250656,all_topics
Inuit Ataqatigiit,Danmarksdemokraterne,68,2,2.0,1.0,all_topics
Inuit Ataqatigiit,Det Konservative Folkeparti,68,3,1.0,0.3333333333333333,all_topics
Inuit Ataqatigiit,Enhedslisten,68,3,3.0,1.0,all_topics
Inuit Ataqatigiit,Liberal Alliance,68,2,1.0,0.5,all_topics
Inuit Ataqatigiit,Radikale Venstre,68,3,2.0,0.6666666666666666,all_topics
Inuit Ataqatigiit,Socialdemokratiet,68,7,5.0,0.7142857142857143,all_topics
Inuit Ataqatigiit,Socialistisk Folkeparti,68,4,2.0,0.5,all_topics
Inuit Ataqatigiit,Uden for folketingsgrupperne,68,2,0.0,0.0,all_topics
Inuit Ataqatigiit,Venstre,68,9,4.0,0.4444444444444444,all_topics
Liberal Alliance,Danmarksdemokraterne,68,4771,2695.0,0.5648710962062461,all_topics
Liberal Alliance,Dansk Folkeparti,68,8501,5108.0,0.6008704858251971,all_topics
Liberal Alliance,Det Konservative Folkeparti,68,10735,7278.0,0.6779692594317652,all_topics
Liberal Alliance,Enhedslisten,68,19651,7865.0,0.4002340847794005,all_topics
Liberal Alliance,Inuit Ataqatigiit,68,11,5.0,0.4545454545454545,all_topics
Liberal Alliance,Liberal Alliance,68,7184,7127.0,0.99206570155902,all_topics
Liberal Alliance,Moderaterne,68,372,209.0,0.5618279569892473,all_topics
Liberal Alliance,Radikale Venstre,68,13575,7541.0,0.5555064456721915,all_topics
Liberal Alliance,Socialdemokratiet,68,22085,12213.0,0.5529997736019923,all_topics
Liberal Alliance,Socialistisk Folkeparti,68,13059,6842.0,0.5239298568037369,all_topics
Liberal Alliance,Uden for folketingsgrupperne,68,4755,3525.0,0.7413249211356467,all_topics
Liberal Alliance,Venstre,68,25709,17710.0,0.6888638220078571,all_topics
Moderaterne,Danmarksdemokraterne,68,1233,866.0,0.7023519870235199,all_topics
Moderaterne,Dansk Folkeparti,68,1855,1289.0,0.6948787061994609,all_topics
Moderaterne,Det Konservative Folkeparti,68,1922,1691.0,0.8798126951092612,all_topics
Moderaterne,Enhedslisten,68,3125,1463.0,0.46816,all_topics
Moderaterne,Inuit Ataqatigiit,68,2,1.0,0.5,all_topics
Moderaterne,Liberal Alliance,68,2108,1383.0,0.6560721062618596,all_topics
Moderaterne,Moderaterne,68,10,10.0,1.0,all_topics
Moderaterne,Radikale Venstre,68,3953,2834.0,0.7169238552997723,all_topics
Moderaterne,Socialdemokratiet,68,4268,3143.0,0.7364104967197751,all_topics
Moderaterne,Socialistisk Folkeparti,68,1802,1166.0,0.6470588235294118,all_topics
Moderaterne,Uden for folketingsgrupperne,68,1402,984.0,0.7018544935805991,all_topics
Moderaterne,Venstre,68,5303,5303.0,1.0,all_topics
Radikale Venstre,Danmarksdemokraterne,68,9468,5128.0,0.5416138572032109,all_topics
Radikale Venstre,Dansk Folkeparti,68,18124,10174.0,0.5613551092474067,all_topics
Radikale Venstre,Det Konservative Folkeparti,68,22663,15940.0,0.703349071173278,all_topics
Radikale Venstre,Enhedslisten,68,40391,28344.0,0.701740486742096,all_topics
Radikale Venstre,Inuit Ataqatigiit,68,22,16.0,0.7272727272727273,all_topics
Radikale Venstre,Liberal Alliance,68,24281,13423.0,0.5528190766442898,all_topics
Radikale Venstre,Moderaterne,68,673,460.0,0.6835066864784547,all_topics
Radikale Venstre,Radikale Venstre,68,32481,32473.0,0.9997537021643422,all_topics
Radikale Venstre,Socialdemokratiet,68,49067,49062.0,0.9998980985183524,all_topics
Radikale Venstre,Socialistisk Folkeparti,68,26269,25277.0,0.9622368571319808,all_topics
Radikale Venstre,Uden for folketingsgrupperne,68,12345,7020.0,0.56865127582017,all_topics
Radikale Venstre,Venstre,68,62287,45469.0,0.7299918120956219,all_topics
Socialdemokratiet,Danmarksdemokraterne,68,29984,16633.0,0.5547291889007471,all_topics
Socialdemokratiet,Dansk Folkeparti,68,38128,21691.0,0.5688994964330676,all_topics
Socialdemokratiet,Det Konservative Folkeparti,68,40167,28762.0,0.71606044763114,all_topics
Socialdemokratiet,Enhedslisten,68,76534,52777.0,0.6895889408628845,all_topics
Socialdemokratiet,Inuit Ataqatigiit,68,39,30.0,0.7692307692307693,all_topics
Socialdemokratiet,Liberal Alliance,68,37136,20427.0,0.5500592417061612,all_topics
Socialdemokratiet,Moderaterne,68,3530,2493.0,0.7062322946175638,all_topics
Socialdemokratiet,Radikale Venstre,68,65540,65513.0,0.9995880378394874,all_topics
Socialdemokratiet,Socialdemokratiet,68,85276,85238.0,0.9995543881045076,all_topics
Socialdemokratiet,Socialistisk Folkeparti,68,46175,43823.0,0.949063345966432,all_topics
Socialdemokratiet,Uden for folketingsgrupperne,68,22915,12861.0,0.5612480907702379,all_topics
Socialdemokratiet,Venstre,68,118100,87471.0,0.7406519898391194,all_topics
Socialistisk Folkeparti,Danmarksdemokraterne,68,11111,5991.0,0.5391953919539195,all_topics
Socialistisk Folkeparti,Dansk Folkeparti,68,13379,7163.0,0.5353912848493908,all_topics
Socialistisk Folkeparti,Det Konservative Folkeparti,68,15232,10322.0,0.6776523109243697,all_topics
Socialistisk Folkeparti,Enhedslisten,68,29323,21442.0,0.7312348668280871,all_topics
Socialistisk Folkeparti,Inuit Ataqatigiit,68,13,10.0,0.7692307692307693,all_topics
Socialistisk Folkeparti,Liberal Alliance,68,14138,7539.0,0.5332437402744377,all_topics
Socialistisk Folkeparti,Moderaterne,68,1538,1009.0,0.6560468140442133,all_topics
Socialistisk Folkeparti,Radikale Venstre,68,26630,25636.0,0.9626736763049192,all_topics
Socialistisk Folkeparti,Socialdemokratiet,68,36299,34627.0,0.953938125017218,all_topics
Socialistisk Folkeparti,Socialistisk Folkeparti,68,15618,15550.0,0.9956460494301448,all_topics
Socialistisk Folkeparti,Uden for folketingsgrupperne,68,9186,5033.0,0.5478989767036795,all_topics
Socialistisk Folkeparti,Venstre,68,51069,35679.0,0.698643012394995,all_topics
Uden for folketingsgrupperne,Danmarksdemokraterne,68,1223,1154.0,0.9435813573180704,all_topics
Uden for folketingsgrupperne,Dansk Folkeparti,68,4106,4101.0,0.9987822698490014,all_topics
Uden for folketingsgrupperne,Det Konservative Folkeparti,68,6411,4324.0,0.6744657619716113,all_topics
Uden for folketingsgrupperne,Enhedslisten,68,10176,4610.0,0.4530267295597484,all_topics
Uden for folketingsgrupperne,Inuit Ataqatigiit,68,5,2.0,0.4,all_topics
Uden for folketingsgrupperne,Liberal Alliance,68,6632,3942.0,0.5943908323281062,all_topics
Uden for folketingsgrupperne,Moderaterne,68,158,97.0,0.6139240506329114,all_topics
Uden for folketingsgrupperne,Radikale Venstre,68,10416,5677.0,0.5450268817204301,all_topics
Uden for folketingsgrupperne,Socialdemokratiet,68,12275,6980.0,0.5686354378818738,all_topics
Uden for folketingsgrupperne,Socialistisk Folkeparti,68,6921,3750.0,0.541829215431296,all_topics
Uden for folketingsgrupperne,Uden for folketingsgrupperne,68,2358,1875.0,0.7951653944020356,all_topics
Uden for folketingsgrupperne,Venstre,68,14069,9934.0,0.7060914066387092,all_topics
Venstre,Danmarksdemokraterne,68,34345,24046.0,0.7001310234386373,all_topics
Venstre,Dansk Folkeparti,68,44474,32021.0,0.7199937041867158,all_topics
Venstre,Det Konservative Folkeparti,68,50055,44757.0,0.8941564279292777,all_topics
Venstre,Enhedslisten,68,92330,42366.0,0.458854110256688,all_topics
Venstre,Inuit Ataqatigiit,68,42,21.0,0.5,all_topics
Venstre,Liberal Alliance,68,50016,34650.0,0.692778310940499,all_topics
Venstre,Moderaterne,68,4071,3996.0,0.9815770081061164,all_topics
Venstre,Radikale Venstre,68,85859,63442.0,0.7389091417323752,all_topics
Venstre,Socialdemokratiet,68,114040,85388.0,0.7487548228691687,all_topics
Venstre,Socialistisk Folkeparti,68,54878,38287.0,0.6976748423776377,all_topics
Venstre,Uden for folketingsgrupperne,68,30834,21955.0,0.7120386586235973,all_topics
Venstre,Venstre,68,140348,138549.0,0.9871818622281756,all_topics
Danmarksdemokraterne,Danmarksdemokraterne,67,6994,6733.0,0.962682299113526,all_topics
Danmarksdemokraterne,Dansk Folkeparti,67,27718,27181.0,0.9806263078144166,all_topics
Danmarksdemokraterne,Det Konservative Folkeparti,67,14117,12829.0,0.9087624849472268,all_topics
Danmarksdemokraterne,Enhedslisten,67,6150,2284.0,0.3713821138211382,all_topics
Danmarksdemokraterne,Javnaðarflokkurin,67,13,11.0,0.8461538461538461,all_topics
Danmarksdemokraterne,Liberal Alliance,67,1505,1165.0,0.7740863787375415,all_topics
Danmarksdemokraterne,Moderaterne,67,486,469.0,0.9650205761316872,all_topics
Danmarksdemokraterne,Radikale Venstre,67,5895,3235.0,0.5487701441899915,all_topics
Danmarksdemokraterne,Sambandsflokkurin,67,63,58.0,0.9206349206349206,all_topics
Danmarksdemokraterne,Socialdemokratiet,67,68124,35179.0,0.5163965709588397,all_topics
Danmarksdemokraterne,Socialistisk Folkeparti,67,25607,12442.0,0.485882766431054,all_topics
Danmarksdemokraterne,Uden for folketingsgrupperne,67,6329,5581.0,0.8818138726497077,all_topics
Danmarksdemokraterne,Venstre,67,72033,66140.0,0.9181902739022392,all_topics
Dansk Folkeparti,Danmarksdemokraterne,67,4216,4205.0,0.9973908918406073,all_topics
Dansk Folkeparti,Dansk Folkeparti,67,24511,24506.0,0.9997960099547142,all_topics
Dansk Folkeparti,Det Konservative Folkeparti,67,16299,14459.0,0.8871096386281367,all_topics
Dansk Folkeparti,Enhedslisten,67,6153,2361.0,0.3837152608483666,all_topics
Dansk Folkeparti,Javnaðarflokkurin,67,32,26.0,0.8125,all_topics
Dansk Folkeparti,Liberal Alliance,67,2695,2078.0,0.7710575139146568,all_topics
Dansk Folkeparti,Moderaterne,67,427,396.0,0.927400468384075,all_topics
Dansk Folkeparti,Radikale Venstre,67,6163,3234.0,0.5247444426415707,all_topics
Dansk Folkeparti,Sambandsflokkurin,67,7,7.0,1.0,all_topics
Dansk Folkeparti,Socialdemokratiet,67,59030,29671.0,0.5026427240386244,all_topics
Dansk Folkeparti,Socialistisk Folkeparti,67,23436,10947.0,0.4671018945212493,all_topics
Dansk Folkeparti,Uden for folketingsgrupperne,67,6925,5485.0,0.792057761732852,all_topics
Dansk Folkeparti,Venstre,67,59675,53770.0,0.9010473397570172,all_topics
Det Konservative Folkeparti,Danmarksdemokraterne,67,5807,5320.0,0.9161356982951612,all_topics
Det Konservative Folkeparti,Dansk Folkeparti,67,20254,18107.0,0.8939962476547842,all_topics
Det Konservative Folkeparti,Det Konservative Folkeparti,67,9356,9354.0,0.999786233433091,all_topics
Det Konservative Folkeparti,Enhedslisten,67,5490,2247.0,0.4092896174863388,all_topics
Det Konservative Folkeparti,Javnaðarflokkurin,67,16,16.0,1.0,all_topics
Det Konservative Folkeparti,Liberal Alliance,67,1621,1376.0,0.8488587291795188,all_topics
Det Konservative Folkeparti,Moderaterne,67,359,359.0,1.0,all_topics
Det Konservative Folkeparti,Radikale Venstre,67,4937,3128.0,0.6335831476605226,all_topics
Det Konservative Folkeparti,Sambandsflokkurin,67,56,56.0,1.0,all_topics
Det Konservative Folkeparti,Socialdemokratiet,67,47753,28569.0,0.5982660775239252,all_topics
Det Konservative Folkeparti,Socialistisk Folkeparti,67,18274,10372.0,0.56758235744774,all_topics
Det Konservative Folkeparti,Uden for folketingsgrupperne,67,4755,3883.0,0.8166140904311251,all_topics
Det Konservative Folkeparti,Venstre,67,50838,50803.0,0.9993115386128486,all_topics
Enhedslisten,Danmarksdemokraterne,67,2682,892.0,0.3325876211782252,all_topics
Enhedslisten,Dansk Folkeparti,67,9848,3366.0,0.3417952883834281,all_topics
Enhedslisten,Det Konservative Folkeparti,67,4496,1661.0,0.3694395017793594,all_topics
Enhedslisten,Enhedslisten,67,1259,1111.0,0.8824463860206513,all_topics
Enhedslisten,Javnaðarflokkurin,67,6,5.0,0.8333333333333334,all_topics
Enhedslisten,Liberal Alliance,67,852,357.0,0.4190140845070422,all_topics
Enhedslisten,Moderaterne,67,176,49.0,0.2784090909090909,all_topics
Enhedslisten,Radikale Venstre,67,1847,1267.0,0.6859772604223064,all_topics
Enhedslisten,Socialdemokratiet,67,21381,15299.0,0.7155418362097189,all_topics
Enhedslisten,Socialistisk Folkeparti,67,9281,6870.0,0.7402219588406421,all_topics
Enhedslisten,Uden for folketingsgrupperne,67,2309,949.0,0.4110004330879168,all_topics
Enhedslisten,Venstre,67,22777,8059.0,0.3538218378188523,all_topics
Javnaðarflokkurin,Det Konservative Folkeparti,67,4,4.0,1.0,all_topics
Javnaðarflokkurin,Socialdemokratiet,67,5,5.0,1.0,all_topics
Javnaðarflokkurin,Socialistisk Folkeparti,67,6,6.0,1.0,all_topics
Javnaðarflokkurin,Venstre,67,16,16.0,1.0,all_topics
Liberal Alliance,Danmarksdemokraterne,67,2545,2222.0,0.8730844793713163,all_topics
Liberal Alliance,Dansk Folkeparti,67,4158,3617.0,0.8698893698893699,all_topics
Liberal Alliance,Det Konservative Folkeparti,67,2665,2499.0,0.9377110694183864,all_topics
Liberal Alliance,Enhedslisten,67,1097,438.0,0.3992707383773929,all_topics
Liberal Alliance,Javnaðarflokkurin,67,3,3.0,1.0,all_topics
Liberal Alliance,Liberal Alliance,67,2,2.0,1.0,all_topics
Liberal Alliance,Moderaterne,67,151,146.0,0.9668874172185432,all_topics
Liberal Alliance,Radikale Venstre,67,951,593.0,0.6235541535226078,all_topics
Liberal Alliance,Sambandsflokkurin,67,11,10.0,0.9090909090909092,all_topics
Liberal Alliance,Socialdemokratiet,67,13558,7287.0,0.5374686531936864,all_topics
Liberal Alliance,Socialistisk Folkeparti,67,5033,2703.0,0.5370554341347109,all_topics
Liberal Alliance,Uden for folketingsgrupperne,67,1001,804.0,0.8031968031968032,all_topics
Liberal Alliance,Venstre,67,14825,13713.0,0.924991568296796,all_topics
Moderaterne,Danmarksdemokraterne,67,171,162.0,0.9473684210526316,all_topics
Moderaterne,Dansk Folkeparti,67,698,663.0,0.9498567335243552,all_topics
Moderaterne,Det Konservative Folkeparti,67,315,315.0,1.0,all_topics
Moderaterne,Enhedslisten,67,38,15.0,0.3947368421052631,all_topics
Moderaterne,Liberal Alliance,67,1,1.0,1.0,all_topics
Moderaterne,Radikale Venstre,67,71,42.0,0.5915492957746479,all_topics
Moderaterne,Socialdemokratiet,67,1523,633.0,0.4156270518713066,all_topics
Moderaterne,Socialistisk Folkeparti,67,210,86.0,0.4095238095238095,all_topics
Moderaterne,Uden for folketingsgrupperne,67,110,54.0,0.4909090909090909,all_topics
Moderaterne,Venstre,67,1009,1009.0,1.0,all_topics
Radikale Venstre,Danmarksdemokraterne,67,1183,594.0,0.5021132713440406,all_topics
Radikale Venstre,Dansk Folkeparti,67,5860,3090.0,0.5273037542662116,all_topics
Radikale Venstre,Det Konservative Folkeparti,67,2702,1735.0,0.6421169504071058,all_topics
Radikale Venstre,Enhedslisten,67,1768,1275.0,0.7211538461538461,all_topics
Radikale Venstre,Javnaðarflokkurin,67,6,6.0,1.0,all_topics
Radikale Venstre,Liberal Alliance,67,513,323.0,0.6296296296296297,all_topics
Radikale Venstre,Radikale Venstre,67,822,822.0,1.0,all_topics
Radikale Venstre,Socialdemokratiet,67,11546,9843.0,0.8525030313528494,all_topics
Radikale Venstre,Socialistisk Folkeparti,67,4943,4182.0,0.8460449119967631,all_topics
Radikale Venstre,Uden for folketingsgrupperne,67,650,503.0,0.7738461538461539,all_topics
Radikale Venstre,Venstre,67,9395,5743.0,0.6112825971261309,all_topics
Sambandsflokkurin,Danmarksdemokraterne,67,103,95.0,0.9223300970873788,all_topics
Sambandsflokkurin,Dansk Folkeparti,67,270,240.0,0.8888888888888888,all_topics
Sambandsflokkurin,Det Konservative Folkeparti,67,119,119.0,1.0,all_topics
Sambandsflokkurin,Enhedslisten,67,92,28.0,0.3043478260869565,all_topics
Sambandsflokkurin,Javnaðarflokkurin,67,2,2.0,1.0,all_topics
Sambandsflokkurin,Liberal Alliance,67,26,24.0,0.9230769230769232,all_topics
Sambandsflokkurin,Moderaterne,67,6,6.0,1.0,all_topics
Sambandsflokkurin,Radikale Venstre,67,52,37.0,0.7115384615384616,all_topics
Sambandsflokkurin,Socialdemokratiet,67,676,515.0,0.7618343195266272,all_topics
Sambandsflokkurin,Socialistisk Folkeparti,67,302,178.0,0.5894039735099338,all_topics
Sambandsflokkurin,Uden for folketingsgrupperne,67,62,53.0,0.8548387096774194,all_topics
Sambandsflokkurin,Venstre,67,866,866.0,1.0,all_topics
Socialdemokratiet,Danmarksdemokraterne,67,29709,14825.0,0.4990070349052475,all_topics
Socialdemokratiet,Dansk Folkeparti,67,114914,56709.0,0.4934907844126912,all_topics
Socialdemokratiet,Det Konservative Folkeparti,67,61001,37031.0,0.607055622038983,all_topics
Socialdemokratiet,Enhedslisten,67,26135,19442.0,0.7439066386072317,all_topics
Socialdemokratiet,Javnaðarflokkurin,67,74,74.0,1.0,all_topics
Socialdemokratiet,Liberal Alliance,67,7798,4495.0,0.5764298538086688,all_topics
Socialdemokratiet,Moderaterne,67,2029,818.0,0.4031542631838344,all_topics
Socialdemokratiet,Radikale Venstre,67,25140,21514.0,0.8557677008750995,all_topics
Socialdemokratiet,Sambandsflokkurin,67,168,127.0,0.7559523809523809,all_topics
Socialdemokratiet,Socialdemokratiet,67,254865,249825.0,0.980224824907304,all_topics
Socialdemokratiet,Socialistisk Folkeparti,67,99523,92562.0,0.9300563688795556,all_topics
Socialdemokratiet,Uden for folketingsgrupperne,67,27169,15207.0,0.5597187971585262,all_topics
Socialdemokratiet,Venstre,67,269159,156646.0,0.5819831400770549,all_topics
Socialistisk Folkeparti,Danmarksdemokraterne,67,11316,5405.0,0.4776422764227642,all_topics
Socialistisk Folkeparti,Dansk Folkeparti,67,42709,19897.0,0.4658737034348732,all_topics
Socialistisk Folkeparti,Det Konservative Folkeparti,67,23335,13160.0,0.5639597171630598,all_topics
Socialistisk Folkeparti,Enhedslisten,67,8990,7183.0,0.7989988876529477,all_topics
Socialistisk Folkeparti,Javnaðarflokkurin,67,27,27.0,1.0,all_topics
Socialistisk Folkeparti,Liberal Alliance,67,2956,1612.0,0.5453315290933695,all_topics
Socialistisk Folkeparti,Moderaterne,67,757,281.0,0.3712021136063408,all_topics
Socialistisk Folkeparti,Radikale Venstre,67,9353,7812.0,0.8352400299369186,all_topics
Socialistisk Folkeparti,Sambandsflokkurin,67,33,25.0,0.7575757575757576,all_topics
Socialistisk Folkeparti,Socialdemokratiet,67,99596,91671.0,0.920428531266316,all_topics
Socialistisk Folkeparti,Socialistisk Folkeparti,67,33341,33250.0,0.9972706277556164,all_topics
Socialistisk Folkeparti,Uden for folketingsgrupperne,67,10852,5684.0,0.5237744194618503,all_topics
Socialistisk Folkeparti,Venstre,67,111760,61441.0,0.5497584108804581,all_topics
Uden for folketingsgrupperne,Danmarksdemokraterne,67,1066,995.0,0.9333958724202628,all_topics
Uden for folketingsgrupperne,Dansk Folkeparti,67,6237,6237.0,1.0,all_topics
Uden for folketingsgrupperne,Det Konservative Folkeparti,67,3634,3201.0,0.8808475509080903,all_topics
Uden for folketingsgrupperne,Enhedslisten,67,1172,452.0,0.3856655290102389,all_topics
Uden for folketingsgrupperne,Javnaðarflokkurin,67,9,8.0,0.8888888888888888,all_topics
Uden for folketingsgrupperne,Liberal Alliance,67,461,350.0,0.7592190889370932,all_topics
Uden for folketingsgrupperne,Moderaterne,67,155,150.0,0.967741935483871,all_topics
Uden for folketingsgrupperne,Radikale Venstre,67,2209,1115.0,0.504753282028067,all_topics
Uden for folketingsgrupperne,Socialdemokratiet,67,13933,6977.0,0.5007536065456112,all_topics
Uden for folketingsgrupperne,Socialistisk Folkeparti,67,4339,2123.0,0.4892832449873243,all_topics
Uden for folketingsgrupperne,Uden for folketingsgrupperne,67,838,642.0,0.766109785202864,all_topics
Uden for folketingsgrupperne,Venstre,67,11884,10487.0,0.8824469875462807,all_topics
Venstre,Danmarksdemokraterne,67,38995,35936.0,0.9215540453904346,all_topics
Venstre,Dansk Folkeparti,67,139823,125807.0,0.8997589809974038,all_topics
Venstre,Det Konservative Folkeparti,67,75310,75276.0,0.999548532731377,all_topics
Venstre,Enhedslisten,67,31961,12678.0,0.3966709427114295,all_topics
Venstre,Javnaðarflokkurin,67,93,93.0,1.0,all_topics
Venstre,Liberal Alliance,67,9041,7596.0,0.8401725472845925,all_topics
Venstre,Moderaterne,67,2635,2634.0,0.9996204933586338,all_topics
Venstre,Radikale Venstre,67,32803,20111.0,0.6130841691308722,all_topics
Venstre,Sambandsflokkurin,67,116,116.0,1.0,all_topics
Venstre,Socialdemokratiet,67,335654,195896.0,0.58362480411376,all_topics
Venstre,Socialistisk Folkeparti,67,116234,64048.0,0.5510263778240446,all_topics
Venstre,Uden for folketingsgrupperne,67,34819,29592.0,0.8498808122002355,all_topics
Venstre,Venstre,67,330128,329946.0,0.99944869868657,all_topics
Alternativet,Liberal Alliance,69,205,67.0,0.3268292682926829,all_topics
Alternativet,Radikale Venstre,69,96,79.0,0.8229166666666666,all_topics
Danmarksdemokraterne,Alternativet,69,1114,378.0,0.3393177737881508,all_topics
Danmarksdemokraterne,Danmarksdemokraterne,69,14942,14125.0,0.9453219113907108,all_topics
Danmarksdemokraterne,Dansk Folkeparti,69,29308,28486.0,0.971953050361676,all_topics
Danmarksdemokraterne,Det Konservative Folkeparti,69,794,652.0,0.8211586901763224,all_topics
Danmarksdemokraterne,Enhedslisten,69,24473,8482.0,0.3465860335880358,all_topics
Danmarksdemokraterne,Liberal Alliance,69,29278,24648.0,0.8418607828403579,all_topics
Danmarksdemokraterne,Moderaterne,69,1977,1645.0,0.8320687910976227,all_topics
Danmarksdemokraterne,Radikale Venstre,69,25909,14766.0,0.5699177891852252,all_topics
Danmarksdemokraterne,Socialdemokratiet,69,99754,68656.0,0.6882531026324759,all_topics
Danmarksdemokraterne,Socialistisk Folkeparti,69,15681,7141.0,0.455391875518143,all_topics
Danmarksdemokraterne,Uden for folketingsgrupperne,69,15347,14481.0,0.9435720336222064,all_topics
Danmarksdemokraterne,Venstre,69,90275,77484.0,0.8583107172528386,all_topics
Dansk Folkeparti,Alternativet,69,1186,373.0,0.3145025295109612,all_topics
Dansk Folkeparti,Danmarksdemokraterne,69,11628,11286.0,0.9705882352941176,all_topics
Dansk Folkeparti,Dansk Folkeparti,69,20918,20891.0,0.9987092456257768,all_topics
Dansk Folkeparti,Det Konservative Folkeparti,69,652,522.0,0.8006134969325154,all_topics
Dansk Folkeparti,Enhedslisten,69,22461,7919.0,0.3525666711188281,all_topics
Dansk Folkeparti,Liberal Alliance,69,20322,16683.0,0.8209329790374963,all_topics
Dansk Folkeparti,Moderaterne,69,961,735.0,0.7648283038501561,all_topics
Dansk Folkeparti,Radikale Venstre,69,21873,11643.0,0.5323000960087779,all_topics
Dansk Folkeparti,Socialdemokratiet,69,77239,49607.0,0.6422532658372065,all_topics
Dansk Folkeparti,Socialistisk Folkeparti,69,8310,3611.0,0.4345367027677497,all_topics
Dansk Folkeparti,Uden for folketingsgrupperne,69,10316,9591.0,0.9297208220240404,all_topics
Dansk Folkeparti,Venstre,69,71639,59583.0,0.8317117771046497,all_topics
Det Konservative Folkeparti,Alternativet,69,93,25.0,0.2688172043010752,all_topics
Det Konservative Folkeparti,Danmarksdemokraterne,69,1603,1315.0,0.8203368683718029,all_topics
Det Konservative Folkeparti,Dansk Folkeparti,69,2604,2120.0,0.8141321044546851,all_topics
Det Konservative Folkeparti,Det Konservative Folkeparti,69,105,105.0,1.0,all_topics
Det Konservative Folkeparti,Enhedslisten,69,2479,608.0,0.245260185558693,all_topics
Det Konservative Folkeparti,Liberal Alliance,69,1747,1543.0,0.8832283915283343,all_topics
Det Konservative Folkeparti,Moderaterne,69,256,244.0,0.953125,all_topics
Det Konservative Folkeparti,Radikale Venstre,69,1805,1115.0,0.6177285318559557,all_topics
Det Konservative Folkeparti,Socialdemokratiet,69,7028,5361.0,0.7628059191804212,all_topics
Det Konservative Folkeparti,Socialistisk Folkeparti,69,1224,495.0,0.4044117647058823,all_topics
Det Konservative Folkeparti,Uden for folketingsgrupperne,69,1081,913.0,0.8445883441258094,all_topics
Det Konservative Folkeparti,Venstre,69,7596,7297.0,0.960637177461822,all_topics
Enhedslisten,Alternativet,69,1022,863.0,0.8444227005870841,all_topics
Enhedslisten,Danmarksdemokraterne,69,12201,4135.0,0.3389066469961478,all_topics
Enhedslisten,Dansk Folkeparti,69,20456,7137.0,0.3488951896754008,all_topics
Enhedslisten,Det Konservative Folkeparti,69,368,142.0,0.3858695652173913,all_topics
Enhedslisten,Enhedslisten,69,15454,15441.0,0.9991587938397826,all_topics
Enhedslisten,Liberal Alliance,69,20128,6711.0,0.3334161367249602,all_topics
Enhedslisten,Moderaterne,69,1561,464.0,0.2972453555413196,all_topics
Enhedslisten,Radikale Venstre,69,17965,10883.0,0.6057890342332313,all_topics
Enhedslisten,Socialdemokratiet,69,71550,32767.0,0.4579594689028651,all_topics
Enhedslisten,Socialistisk Folkeparti,69,10779,8457.0,0.7845811299749513,all_topics
Enhedslisten,Uden for folketingsgrupperne,69,9750,3083.0,0.3162051282051282,all_topics
Enhedslisten,Venstre,69,68044,21724.0,0.3192640056434072,all_topics
Liberal Alliance,Alternativet,69,766,259.0,0.3381201044386423,all_topics
Liberal Alliance,Danmarksdemokraterne,69,1959,1611.0,0.8223583460949464,all_topics
Liberal Alliance,Dansk Folkeparti,69,15786,12946.0,0.8200937539592044,all_topics
Liberal Alliance,Det Konservative Folkeparti,69,263,229.0,0.870722433460076,all_topics
Liberal Alliance,Enhedslisten,69,12190,4189.0,0.3436423297785069,all_topics
Liberal Alliance,Liberal Alliance,69,10623,10568.0,0.9948225548338512,all_topics
Liberal Alliance,Moderaterne,69,73,66.0,0.9041095890410958,all_topics
Liberal Alliance,Radikale Venstre,69,14364,9185.0,0.6394458368142578,all_topics
Liberal Alliance,Socialdemokratiet,69,44343,33844.0,0.7632320772162461,all_topics
Liberal Alliance,Socialistisk Folkeparti,69,3846,1701.0,0.4422776911076443,all_topics
Liberal Alliance,Uden for folketingsgrupperne,69,6426,5675.0,0.8831310301898537,all_topics
Liberal Alliance,Venstre,69,36483,34837.0,0.9548830962366034,all_topics
Moderaterne,Alternativet,69,46,8.0,0.1739130434782608,all_topics
Moderaterne,Danmarksdemokraterne,69,843,638.0,0.7568208778173191,all_topics
Moderaterne,Dansk Folkeparti,69,2430,1889.0,0.7773662551440329,all_topics
Moderaterne,Det Konservative Folkeparti,69,67,65.0,0.9701492537313432,all_topics
Moderaterne,Enhedslisten,69,1449,468.0,0.3229813664596273,all_topics
Moderaterne,Liberal Alliance,69,2392,2238.0,0.93561872909699,all_topics
Moderaterne,Moderaterne,69,6,6.0,1.0,all_topics
Moderaterne,Radikale Venstre,69,2023,1285.0,0.6351952545724172,all_topics
Moderaterne,Socialdemokratiet,69,8209,6501.0,0.7919356803508345,all_topics
Moderaterne,Socialistisk Folkeparti,69,1022,462.0,0.4520547945205479,all_topics
Moderaterne,Uden for folketingsgrupperne,69,1237,1023.0,0.8270008084074374,all_topics
Moderaterne,Venstre,69,6857,6856.0,0.999854163628409,all_topics
Radikale Venstre,Alternativet,69,995,740.0,0.7437185929648241,all_topics
Radikale Venstre,Danmarksdemokraterne,69,5704,3162.0,0.5543478260869565,all_topics
Radikale Venstre,Dansk Folkeparti,69,14969,7996.0,0.534170619279845,all_topics
Radikale Venstre,Det Konservative Folkeparti,69,457,291.0,0.6367614879649891,all_topics
Radikale Venstre,Enhedslisten,69,14279,8969.0,0.6281252188528609,all_topics
Radikale Venstre,Liberal Alliance,69,13486,8650.0,0.6414059024173216,all_topics
Radikale Venstre,Moderaterne,69,279,162.0,0.5806451612903226,all_topics
Radikale Venstre,Radikale Venstre,69,10956,10906.0,0.9954362906170136,all_topics
Radikale Venstre,Socialdemokratiet,69,47683,35525.0,0.7450244321875721,all_topics
Radikale Venstre,Socialistisk Folkeparti,69,3129,2419.0,0.7730904442313838,all_topics
Radikale Venstre,Uden for folketingsgrupperne,69,5398,3101.0,0.5744720266765468,all_topics
Radikale Venstre,Venstre,69,41192,26838.0,0.6515342785006798,all_topics
Socialdemokratiet,Alternativet,69,4177,2302.0,0.5511132391668662,all_topics
Socialdemokratiet,Danmarksdemokraterne,69,35652,24016.0,0.673622798159991,all_topics
Socialdemokratiet,Dansk Folkeparti,69,79687,51395.0,0.6449609095586483,all_topics
Socialdemokratiet,Det Konservative Folkeparti,69,2081,1594.0,0.7659778952426718,all_topics
Socialdemokratiet,Enhedslisten,69,66149,31207.0,0.4717682806996326,all_topics
Socialdemokratiet,Liberal Alliance,69,73094,55879.0,0.7644813527786138,all_topics
Socialdemokratiet,Moderaterne,69,2825,2148.0,0.7603539823008849,all_topics
Socialdemokratiet,Radikale Venstre,69,71412,54242.0,0.7595642188987846,all_topics
Socialdemokratiet,Socialdemokratiet,69,243389,238528.0,0.980027856641015,all_topics
Socialdemokratiet,Socialistisk Folkeparti,69,30607,19440.0,0.6351488221648642,all_topics
Socialdemokratiet,Uden for folketingsgrupperne,69,37041,24403.0,0.6588105072757215,all_topics
Socialdemokratiet,Venstre,69,227904,180046.0,0.7900080735748385,all_topics
Socialistisk Folkeparti,Alternativet,69,669,532.0,0.7952167414050823,all_topics
Socialistisk Folkeparti,Danmarksdemokraterne,69,3331,1587.0,0.4764335034524167,all_topics
Socialistisk Folkeparti,Dansk Folkeparti,69,13999,6109.0,0.4363883134509608,all_topics
Socialistisk Folkeparti,Det Konservative Folkeparti,69,349,174.0,0.498567335243553,all_topics
Socialistisk Folkeparti,Enhedslisten,69,8878,6923.0,0.7797927461139896,all_topics
Socialistisk Folkeparti,Liberal Alliance,69,12908,6164.0,0.4775333126743105,all_topics
Socialistisk Folkeparti,Moderaterne,69,547,263.0,0.4808043875685557,all_topics
Socialistisk Folkeparti,Radikale Venstre,69,14043,10518.0,0.7489852595599231,all_topics
Socialistisk Folkeparti,Socialdemokratiet,69,41705,26553.0,0.6366862486512409,all_topics
Socialistisk Folkeparti,Socialistisk Folkeparti,69,3362,3357.0,0.9985127900059488,all_topics
Socialistisk Folkeparti,Uden for folketingsgrupperne,69,8195,3527.0,0.4303843807199511,all_topics
Socialistisk Folkeparti,Venstre,69,37267,18293.0,0.4908632302036654,all_topics
Uden for folketingsgrupperne,Alternativet,69,573,147.0,0.256544502617801,all_topics
Uden for folketingsgrupperne,Danmarksdemokraterne,69,299,289.0,0.9665551839464884,all_topics
Uden for folketingsgrupperne,Dansk Folkeparti,69,8163,8161.0,0.9997549920372412,all_topics
Uden for folketingsgrupperne,Det Konservative Folkeparti,69,114,90.0,0.7894736842105263,all_topics
Uden for folketingsgrupperne,Enhedslisten,69,6303,2068.0,0.3280977312390924,all_topics
Uden for folketingsgrupperne,Liberal Alliance,69,7107,6019.0,0.8469114957084565,all_topics
Uden for folketingsgrupperne,Moderaterne,69,10,10.0,1.0,all_topics
Uden for folketingsgrupperne,Radikale Venstre,69,9004,4613.0,0.5123278542869836,all_topics
Uden for folketingsgrupperne,Socialdemokratiet,69,23454,15098.0,0.6437281487166369,all_topics
Uden for folketingsgrupperne,Socialistisk Folkeparti,69,426,128.0,0.3004694835680751,all_topics
Uden for folketingsgrupperne,Uden for folketingsgrupperne,69,2383,2213.0,0.9286613512379354,all_topics
Uden for folketingsgrupperne,Venstre,69,19149,16425.0,0.8577471408428639,all_topics
Venstre,Alternativet,69,3850,1357.0,0.3524675324675325,all_topics
Venstre,Danmarksdemokraterne,69,32171,27484.0,0.854309782101893,all_topics
Venstre,Dansk Folkeparti,69,71859,59748.0,0.8314616123241347,all_topics
Venstre,Det Konservative Folkeparti,69,2098,2031.0,0.9680648236415634,all_topics
Venstre,Enhedslisten,69,57975,19304.0,0.3329711082363087,all_topics
Venstre,Liberal Alliance,69,70082,67385.0,0.9615165092320423,all_topics
Venstre,Moderaterne,69,3236,3236.0,1.0,all_topics
Venstre,Radikale Venstre,69,67754,45153.0,0.6664255984886501,all_topics
Venstre,Socialdemokratiet,69,238428,189764.0,0.7958964551143322,all_topics
Venstre,Socialistisk Folkeparti,69,29374,14056.0,0.4785184176482603,all_topics
Venstre,Uden for folketingsgrupperne,69,35849,30969.0,0.8638734692738989,all_topics
Venstre,Venstre,69,200398,200363.0,0.9998253475583588,all_topics
Danmarksdemokraterne,Danmarksdemokraterne,66,6390,6160.0,0.9640062597809076,all_topics
Danmarksdemokraterne,Dansk Folkeparti,66,18129,17688.0,0.975674333940096,all_topics
Danmarksdemokraterne,Det Konservative Folkeparti,66,14599,13716.0,0.9395164052332352,all_topics
Danmarksdemokraterne,Enhedslisten,66,5631,1432.0,0.2543065174924525,all_topics
Danmarksdemokraterne,Liberal Alliance,66,2507,2362.0,0.9421619465496608,all_topics
Danmarksdemokraterne,Moderaterne,66,580,556.0,0.9586206896551724,all_topics
Danmarksdemokraterne,Radikale Venstre,66,9419,5197.0,0.5517570867395689,all_topics
Danmarksdemokraterne,Siumut,66,33,17.0,0.5151515151515151,all_topics
Danmarksdemokraterne,Socialdemokratiet,66,41476,22818.0,0.5501494840389622,all_topics
Danmarksdemokraterne,Socialistisk Folkeparti,66,8963,3429.0,0.3825727992859534,all_topics
Danmarksdemokraterne,Uden for folketingsgrupperne,66,8029,6356.0,0.7916303400174368,all_topics
Danmarksdemokraterne,Venstre,66,55297,51891.0,0.9384053384451236,all_topics
Dansk Folkeparti,Danmarksdemokraterne,66,5543,5539.0,0.999278369114198,all_topics
Dansk Folkeparti,Dansk Folkeparti,66,14873,14855.0,0.9987897532441335,all_topics
Dansk Folkeparti,Det Konservative Folkeparti,66,10178,9372.0,0.9208095893102772,all_topics
Dansk Folkeparti,Enhedslisten,66,5981,1477.0,0.2469486707908376,all_topics
Dansk Folkeparti,Liberal Alliance,66,2176,2000.0,0.9191176470588236,all_topics
Dansk Folkeparti,Moderaterne,66,501,471.0,0.940119760479042,all_topics
Dansk Folkeparti,Radikale Venstre,66,10557,5602.0,0.5306431751444539,all_topics
Dansk Folkeparti,Siumut,66,18,7.0,0.3888888888888889,all_topics
Dansk Folkeparti,Socialdemokratiet,66,35530,18697.0,0.5262313537855333,all_topics
Dansk Folkeparti,Socialistisk Folkeparti,66,10845,4211.0,0.3882895343476256,all_topics
Dansk Folkeparti,Uden for folketingsgrupperne,66,10247,7164.0,0.6991314531082268,all_topics
Dansk Folkeparti,Venstre,66,48866,45005.0,0.9209880080219376,all_topics
Det Konservative Folkeparti,Danmarksdemokraterne,66,9390,8786.0,0.9356762513312034,all_topics
Det Konservative Folkeparti,Dansk Folkeparti,66,24636,22686.0,0.920847540185095,all_topics
Det Konservative Folkeparti,Det Konservative Folkeparti,66,15168,15125.0,0.9971650843881856,all_topics
Det Konservative Folkeparti,Enhedslisten,66,8245,2135.0,0.2589448150394178,all_topics
Det Konservative Folkeparti,Liberal Alliance,66,3544,3525.0,0.9946388261851016,all_topics
Det Konservative Folkeparti,Moderaterne,66,844,839.0,0.9940758293838864,all_topics
Det Konservative Folkeparti,Radikale Venstre,66,14649,8674.0,0.5921223291692266,all_topics
Det Konservative Folkeparti,Siumut,66,54,34.0,0.6296296296296297,all_topics
Det Konservative Folkeparti,Socialdemokratiet,66,56816,33805.0,0.5949908476485497,all_topics
Det Konservative Folkeparti,Socialistisk Folkeparti,66,12290,5109.0,0.4157038242473556,all_topics
Det Konservative Folkeparti,Uden for folketingsgrupperne,66,11824,9585.0,0.8106393775372125,all_topics
Det Konservative Folkeparti,Venstre,66,71565,71281.0,0.996031579682806,all_topics
Enhedslisten,Danmarksdemokraterne,66,2834,734.0,0.2589978828510939,all_topics
Enhedslisten,Dansk Folkeparti,66,6353,1626.0,0.2559420746104203,all_topics
Enhedslisten,Det Konservative Folkeparti,66,4464,1162.0,0.2603046594982078,all_topics
Enhedslisten,Enhedslisten,66,1426,1424.0,0.9985974754558204,all_topics
Enhedslisten,Liberal Alliance,66,927,231.0,0.2491909385113268,all_topics
Enhedslisten,Moderaterne,66,176,45.0,0.2556818181818182,all_topics
Enhedslisten,Radikale Venstre,66,2943,1703.0,0.5786612300373768,all_topics
Enhedslisten,Siumut,66,13,7.0,0.5384615384615384,all_topics
Enhedslisten,Socialdemokratiet,66,13443,7995.0,0.5947333184557019,all_topics
Enhedslisten,Socialistisk Folkeparti,66,3906,3029.0,0.77547363031234,all_topics
Enhedslisten,Uden for folketingsgrupperne,66,3542,1520.0,0.4291360813099943,all_topics
Enhedslisten,Venstre,66,18846,4874.0,0.258622519367505,all_topics
Liberal Alliance,Danmarksdemokraterne,66,899,811.0,0.9021134593993326,all_topics
Liberal Alliance,Dansk Folkeparti,66,2776,2529.0,0.9110230547550432,all_topics
Liberal Alliance,Det Konservative Folkeparti,66,1580,1570.0,0.9936708860759492,all_topics
Liberal Alliance,Enhedslisten,66,986,228.0,0.2312373225152129,all_topics
Liberal Alliance,Radikale Venstre,66,2462,1454.0,0.5905767668562144,all_topics
Liberal Alliance,Socialdemokratiet,66,6237,3665.0,0.587622254288921,all_topics
Liberal Alliance,Socialistisk Folkeparti,66,1289,529.0,0.4103956555469356,all_topics
Liberal Alliance,Uden for folketingsgrupperne,66,1564,1175.0,0.7512787723785166,all_topics
Liberal Alliance,Venstre,66,6123,6072.0,0.9916707496325332,all_topics
Moderaterne,Danmarksdemokraterne,66,218,208.0,0.9541284403669724,all_topics
Moderaterne,Dansk Folkeparti,66,693,652.0,0.9408369408369408,all_topics
Moderaterne,Det Konservative Folkeparti,66,378,377.0,0.9973544973544972,all_topics
Moderaterne,Enhedslisten,66,256,57.0,0.22265625,all_topics
Moderaterne,Liberal Alliance,66,181,179.0,0.988950276243094,all_topics
Moderaterne,Radikale Venstre,66,591,391.0,0.6615905245346869,all_topics
Moderaterne,Socialdemokratiet,66,1509,842.0,0.5579854208084825,all_topics
Moderaterne,Socialistisk Folkeparti,66,315,121.0,0.3841269841269841,all_topics
Moderaterne,Uden for folketingsgrupperne,66,413,318.0,0.7699757869249395,all_topics
Moderaterne,Venstre,66,1449,1433.0,0.9889579020013802,all_topics
Radikale Venstre,Danmarksdemokraterne,66,3166,1717.0,0.5423246999368289,all_topics
Radikale Venstre,Dansk Folkeparti,66,7393,3871.0,0.5236034086297849,all_topics
Radikale Venstre,Det Konservative Folkeparti,66,3340,1962.0,0.5874251497005988,all_topics
Radikale Venstre,Enhedslisten,66,3196,1837.0,0.5747809762202754,all_topics
Radikale Venstre,Radikale Venstre,66,3557,3524.0,0.9907225189766656,all_topics
Radikale Venstre,Socialdemokratiet,66,14979,11588.0,0.7736163962881367,all_topics
Radikale Venstre,Socialistisk Folkeparti,66,4631,3371.0,0.7279205355214856,all_topics
Radikale Venstre,Uden for folketingsgrupperne,66,5260,4159.0,0.7906844106463878,all_topics
Radikale Venstre,Venstre,66,21404,12513.0,0.5846103532050084,all_topics
Siumut,Danmarksdemokraterne,66,11,7.0,0.6363636363636364,all_topics
Siumut,Dansk Folkeparti,66,40,27.0,0.675,all_topics
Siumut,Det Konservative Folkeparti,66,25,14.0,0.56,all_topics
Siumut,Enhedslisten,66,3,3.0,1.0,all_topics
Siumut,Liberal Alliance,66,10,7.0,0.7,all_topics
Siumut,Radikale Venstre,66,35,23.0,0.6571428571428571,all_topics
Siumut,Socialdemokratiet,66,75,48.0,0.64,all_topics
Siumut,Socialistisk Folkeparti,66,32,21.0,0.65625,all_topics
Siumut,Uden for folketingsgrupperne,66,31,21.0,0.6774193548387096,all_topics
Siumut,Venstre,66,82,47.0,0.573170731707317,all_topics
Socialdemokratiet,Danmarksdemokraterne,66,18304,10254.0,0.5602054195804196,all_topics
Socialdemokratiet,Dansk Folkeparti,66,52587,27985.0,0.5321657443854945,all_topics
Socialdemokratiet,Det Konservative Folkeparti,66,31673,19466.0,0.6145928708995043,all_topics
Socialdemokratiet,Enhedslisten,66,17617,10290.0,0.5840949083271839,all_topics
Socialdemokratiet,Liberal Alliance,66,6379,3910.0,0.6129487380467158,all_topics
Socialdemokratiet,Moderaterne,66,1554,883.0,0.5682110682110683,all_topics
Socialdemokratiet,Radikale Venstre,66,29795,23619.0,0.7927168988085249,all_topics
Socialdemokratiet,Siumut,66,103,69.0,0.6699029126213593,all_topics
Socialdemokratiet,Socialdemokratiet,66,104054,100530.0,0.9661329694197244,all_topics
Socialdemokratiet,Socialistisk Folkeparti,66,27923,21616.0,0.774128854349461,all_topics
Socialdemokratiet,Uden for folketingsgrupperne,66,26431,18612.0,0.7041731300366993,all_topics
Socialdemokratiet,Venstre,66,144335,87130.0,0.603665084698791,all_topics
Socialistisk Folkeparti,Danmarksdemokraterne,66,6782,2502.0,0.368917723385432,all_topics
Socialistisk Folkeparti,Dansk Folkeparti,66,12762,4577.0,0.3586428459489108,all_topics
Socialistisk Folkeparti,Det Konservative Folkeparti,66,11136,4493.0,0.4034662356321839,all_topics
Socialistisk Folkeparti,Enhedslisten,66,4377,3445.0,0.7870687685629426,all_topics
Socialistisk Folkeparti,Liberal Alliance,66,2109,792.0,0.3755334281650071,all_topics
Socialistisk Folkeparti,Moderaterne,66,509,192.0,0.3772102161100196,all_topics
Socialistisk Folkeparti,Radikale Venstre,66,7033,5237.0,0.7446324470354045,all_topics
Socialistisk Folkeparti,Siumut,66,8,4.0,0.5,all_topics
Socialistisk Folkeparti,Socialdemokratiet,66,31168,24206.0,0.7766298767967146,all_topics
Socialistisk Folkeparti,Socialistisk Folkeparti,66,6515,6458.0,0.9912509593246356,all_topics
Socialistisk Folkeparti,Uden for folketingsgrupperne,66,6841,3758.0,0.5493348925595674,all_topics
Socialistisk Folkeparti,Venstre,66,46538,18677.0,0.4013279470540203,all_topics
Uden for folketingsgrupperne,Danmarksdemokraterne,66,2870,2339.0,0.8149825783972126,all_topics
Uden for folketingsgrupperne,Dansk Folkeparti,66,6230,5785.0,0.9285714285714286,all_topics
Uden for folketingsgrupperne,Det Konservative Folkeparti,66,4680,4047.0,0.8647435897435898,all_topics
Uden for folketingsgrupperne,Enhedslisten,66,2140,699.0,0.3266355140186915,all_topics
Uden for folketingsgrupperne,Liberal Alliance,66,793,755.0,0.9520807061790668,all_topics
Uden for folketingsgrupperne,Moderaterne,66,230,213.0,0.9260869565217392,all_topics
Uden for folketingsgrupperne,Radikale Venstre,66,2805,1508.0,0.5376114081996435,all_topics
Uden for folketingsgrupperne,Siumut,66,2,0.0,0.0,all_topics
Uden for folketingsgrupperne,Socialdemokratiet,66,14944,8741.0,0.5849170235546038,all_topics
Uden for folketingsgrupperne,Socialistisk Folkeparti,66,4609,2282.0,0.495118246908223,all_topics
Uden for folketingsgrupperne,Uden for folketingsgrupperne,66,3089,2232.0,0.722563936549045,all_topics
Uden for folketingsgrupperne,Venstre,66,23219,20142.0,0.8674792196046341,all_topics
Venstre,Danmarksdemokraterne,66,43011,40154.0,0.9335751319429914,all_topics
Venstre,Dansk Folkeparti,66,96923,88983.0,0.9180793000629366,all_topics
Venstre,Det Konservative Folkeparti,66,73420,73047.0,0.9949196404249524,all_topics
Venstre,Enhedslisten,66,32550,8490.0,0.2608294930875576,all_topics
Venstre,Liberal Alliance,66,14360,14247.0,0.9921309192200556,all_topics
Venstre,Moderaterne,66,3456,3421.0,0.9898726851851852,all_topics
Venstre,Radikale Venstre,66,52853,30934.0,0.5852837114260306,all_topics
Venstre,Siumut,66,179,105.0,0.5865921787709497,all_topics
Venstre,Socialdemokratiet,66,219786,131161.0,0.5967668550317127,all_topics
Venstre,Socialistisk Folkeparti,66,51071,21460.0,0.4201993303440308,all_topics
Venstre,Uden for folketingsgrupperne,66,44208,35398.0,0.8007148027506333,all_topics
Venstre,Venstre,66,289721,288180.0,0.9946810897380584,all_topics
Danmarksdemokraterne,Danmarksdemokraterne,65,524,512.0,0.9770992366412212,all_topics
Danmarksdemokraterne,Dansk Folkeparti,65,3300,3261.0,0.9881818181818182,all_topics
Danmarksdemokraterne,Det Konservative Folkeparti,65,1406,1373.0,0.9765291607396872,all_topics
Danmarksdemokraterne,Enhedslisten,65,158,47.0,0.2974683544303797,all_topics
Danmarksdemokraterne,Inuit Ataqatigiit,65,27,2.0,0.074074074074074,all_topics
Danmarksdemokraterne,Kristendemokraterne,65,455,216.0,0.4747252747252747,all_topics
Danmarksdemokraterne,Liberal Alliance,65,549,541.0,0.9854280510018216,all_topics
Danmarksdemokraterne,Moderaterne,65,63,62.0,0.984126984126984,all_topics
Danmarksdemokraterne,Radikale Venstre,65,717,365.0,0.5090655509065551,all_topics
Danmarksdemokraterne,Sambandsflokkurin,65,28,27.0,0.9642857142857144,all_topics
Danmarksdemokraterne,Socialdemokratiet,65,11173,4095.0,0.3665085473910319,all_topics
Danmarksdemokraterne,Socialistisk Folkeparti,65,1892,651.0,0.3440803382663848,all_topics
Danmarksdemokraterne,Uden for folketingsgrupperne,65,2063,1795.0,0.8700920988851187,all_topics
Danmarksdemokraterne,Venstre,65,8200,8039.0,0.9803658536585366,all_topics
Dansk Folkeparti,Danmarksdemokraterne,65,285,285.0,1.0,all_topics
Dansk Folkeparti,Dansk Folkeparti,65,3167,3167.0,1.0,all_topics
Dansk Folkeparti,Det Konservative Folkeparti,65,393,378.0,0.9618320610687024,all_topics
Dansk Folkeparti,Enhedslisten,65,135,31.0,0.2296296296296296,all_topics
Dansk Folkeparti,Inuit Ataqatigiit,65,18,1.0,0.0555555555555555,all_topics
Dansk Folkeparti,Kristendemokraterne,65,459,210.0,0.457516339869281,all_topics
Dansk Folkeparti,Liberal Alliance,65,300,291.0,0.97,all_topics
Dansk Folkeparti,Moderaterne,65,38,37.0,0.9736842105263158,all_topics
Dansk Folkeparti,Radikale Venstre,65,671,327.0,0.4873323397913562,all_topics
Dansk Folkeparti,Sambandsflokkurin,65,16,15.0,0.9375,all_topics
Dansk Folkeparti,Socialdemokratiet,65,8474,3079.0,0.3633467075761152,all_topics
Dansk Folkeparti,Socialistisk Folkeparti,65,2313,749.0,0.3238218763510592,all_topics
Dansk Folkeparti,Uden for folketingsgrupperne,65,1286,1019.0,0.7923794712286159,all_topics
Dansk Folkeparti,Venstre,65,7783,7576.0,0.973403571887447,all_topics
Det Konservative Folkeparti,Danmarksdemokraterne,65,1177,1156.0,0.9821580288870008,all_topics
Det Konservative Folkeparti,Dansk Folkeparti,65,5243,5096.0,0.97196261682243,all_topics
Det Konservative Folkeparti,Det Konservative Folkeparti,65,1624,1624.0,1.0,all_topics
Det Konservative Folkeparti,Enhedslisten,65,360,106.0,0.2944444444444444,all_topics
Det Konservative Folkeparti,Inuit Ataqatigiit,65,36,2.0,0.0555555555555555,all_topics
Det Konservative Folkeparti,Kristendemokraterne,65,749,379.0,0.5060080106809078,all_topics
Det Konservative Folkeparti,Liberal Alliance,65,969,969.0,1.0,all_topics
Det Konservative Folkeparti,Moderaterne,65,129,129.0,1.0,all_topics
Det Konservative Folkeparti,Radikale Venstre,65,1402,783.0,0.5584878744650499,all_topics
Det Konservative Folkeparti,Sambandsflokkurin,65,65,65.0,1.0,all_topics
Det Konservative Folkeparti,Socialdemokratiet,65,18420,7811.0,0.4240499457111835,all_topics
Det Konservative Folkeparti,Socialistisk Folkeparti,65,3049,1185.0,0.388652017054772,all_topics
Det Konservative Folkeparti,Uden for folketingsgrupperne,65,3027,2609.0,0.8619094813346547,all_topics
Det Konservative Folkeparti,Venstre,65,13304,13301.0,0.9997745039085988,all_topics
Enhedslisten,Danmarksdemokraterne,65,45,18.0,0.4,all_topics
Enhedslisten,Dansk Folkeparti,65,299,105.0,0.3511705685618729,all_topics
Enhedslisten,Det Konservative Folkeparti,65,7,0.0,0.0,all_topics
Enhedslisten,Enhedslisten,65,8,8.0,1.0,all_topics
Enhedslisten,Kristendemokraterne,65,43,26.0,0.6046511627906976,all_topics
Enhedslisten,Liberal Alliance,65,1,0.0,0.0,all_topics
Enhedslisten,Moderaterne,65,2,0.0,0.0,all_topics
Enhedslisten,Radikale Venstre,65,95,57.0,0.6,all_topics
Enhedslisten,Sambandsflokkurin,65,15,0.0,0.0,all_topics
Enhedslisten,Socialdemokratiet,65,757,516.0,0.6816380449141347,all_topics
Enhedslisten,Socialistisk Folkeparti,65,126,105.0,0.8333333333333334,all_topics
Enhedslisten,Uden for folketingsgrupperne,65,98,35.0,0.3571428571428571,all_topics
Enhedslisten,Venstre,65,424,138.0,0.3254716981132075,all_topics
Inuit Ataqatigiit,Danmarksdemokraterne,65,12,1.0,0.0833333333333333,all_topics
Inuit Ataqatigiit,Dansk Folkeparti,65,54,4.0,0.074074074074074,all_topics
Inuit Ataqatigiit,Det Konservative Folkeparti,65,22,1.0,0.0454545454545454,all_topics
Inuit Ataqatigiit,Enhedslisten,65,6,6.0,1.0,all_topics
Inuit Ataqatigiit,Kristendemokraterne,65,10,6.0,0.6,all_topics
Inuit Ataqatigiit,Liberal Alliance,65,13,1.0,0.0769230769230769,all_topics
Inuit Ataqatigiit,Radikale Venstre,65,22,12.0,0.5454545454545454,all_topics
Inuit Ataqatigiit,Socialdemokratiet,65,208,138.0,0.6634615384615384,all_topics
Inuit Ataqatigiit,Socialistisk Folkeparti,65,28,26.0,0.9285714285714286,all_topics
Inuit Ataqatigiit,Uden for folketingsgrupperne,65,25,10.0,0.4,all_topics
Inuit Ataqatigiit,Venstre,65,91,7.0,0.0769230769230769,all_topics
Kristendemokraterne,Danmarksdemokraterne,65,109,48.0,0.4403669724770642,all_topics
Kristendemokraterne,Dansk Folkeparti,65,686,328.0,0.478134110787172,all_topics
Kristendemokraterne,Enhedslisten,65,2,2.0,1.0,all_topics
Kristendemokraterne,Radikale Venstre,65,189,96.0,0.5079365079365079,all_topics
Kristendemokraterne,Socialdemokratiet,65,2268,1267.0,0.558641975308642,all_topics
Kristendemokraterne,Socialistisk Folkeparti,65,448,257.0,0.5736607142857143,all_topics
Kristendemokraterne,Uden for folketingsgrupperne,65,379,184.0,0.4854881266490765,all_topics
Kristendemokraterne,Venstre,65,1156,567.0,0.4904844290657439,all_topics
Liberal Alliance,Danmarksdemokraterne,65,115,111.0,0.9652173913043478,all_topics
Liberal Alliance,Dansk Folkeparti,65,1125,1095.0,0.9733333333333334,all_topics
Liberal Alliance,Det Konservative Folkeparti,65,54,54.0,1.0,all_topics
Liberal Alliance,Enhedslisten,65,64,21.0,0.328125,all_topics
Liberal Alliance,Kristendemokraterne,65,216,104.0,0.4814814814814814,all_topics
Liberal Alliance,Radikale Venstre,65,337,173.0,0.5133531157270029,all_topics
Liberal Alliance,Sambandsflokkurin,65,10,10.0,1.0,all_topics
Liberal Alliance,Socialdemokratiet,65,3817,1407.0,0.3686140948388787,all_topics
Liberal Alliance,Socialistisk Folkeparti,65,606,222.0,0.3663366336633663,all_topics
Liberal Alliance,Uden for folketingsgrupperne,65,526,401.0,0.7623574144486692,all_topics
Liberal Alliance,Venstre,65,1667,1667.0,1.0,all_topics
Moderaterne,Danmarksdemokraterne,65,20,20.0,1.0,all_topics
Moderaterne,Dansk Folkeparti,65,145,141.0,0.9724137931034482,all_topics
Moderaterne,Det Konservative Folkeparti,65,11,11.0,1.0,all_topics
Moderaterne,Enhedslisten,65,32,10.0,0.3125,all_topics
Moderaterne,Kristendemokraterne,65,24,16.0,0.6666666666666666,all_topics
Moderaterne,Liberal Alliance,65,28,28.0,1.0,all_topics
Moderaterne,Radikale Venstre,65,52,22.0,0.4230769230769231,all_topics
Moderaterne,Sambandsflokkurin,65,7,7.0,1.0,all_topics
Moderaterne,Socialdemokratiet,65,401,204.0,0.5087281795511222,all_topics
Moderaterne,Socialistisk Folkeparti,65,91,47.0,0.5164835164835165,all_topics
Moderaterne,Uden for folketingsgrupperne,65,51,47.0,0.9215686274509804,all_topics
Moderaterne,Venstre,65,186,186.0,1.0,all_topics
Radikale Venstre,Danmarksdemokraterne,65,145,78.0,0.5379310344827586,all_topics
Radikale Venstre,Dansk Folkeparti,65,1190,597.0,0.5016806722689076,all_topics
Radikale Venstre,Det Konservative Folkeparti,65,18,15.0,0.8333333333333334,all_topics
Radikale Venstre,Enhedslisten,65,26,14.0,0.5384615384615384,all_topics
Radikale Venstre,Kristendemokraterne,65,66,51.0,0.7727272727272727,all_topics
Radikale Venstre,Radikale Venstre,65,95,95.0,1.0,all_topics
Radikale Venstre,Socialdemokratiet,65,3167,2343.0,0.7398168613830123,all_topics
Radikale Venstre,Socialistisk Folkeparti,65,609,425.0,0.6978653530377669,all_topics
Radikale Venstre,Uden for folketingsgrupperne,65,489,345.0,0.7055214723926381,all_topics
Radikale Venstre,Venstre,65,1835,956.0,0.5209809264305177,all_topics
Sambandsflokkurin,Danmarksdemokraterne,65,3,3.0,1.0,all_topics
Sambandsflokkurin,Dansk Folkeparti,65,55,51.0,0.9272727272727272,all_topics
Sambandsflokkurin,Enhedslisten,65,4,1.0,0.25,all_topics
Sambandsflokkurin,Kristendemokraterne,65,2,0.0,0.0,all_topics
Sambandsflokkurin,Radikale Venstre,65,21,8.0,0.3809523809523809,all_topics
Sambandsflokkurin,Socialdemokratiet,65,165,46.0,0.2787878787878788,all_topics
Sambandsflokkurin,Socialistisk Folkeparti,65,18,2.0,0.1111111111111111,all_topics
Sambandsflokkurin,Uden for folketingsgrupperne,65,23,21.0,0.9130434782608696,all_topics
Sambandsflokkurin,Venstre,65,66,66.0,1.0,all_topics
Socialdemokratiet,Danmarksdemokraterne,65,3026,1183.0,0.3909451421017845,all_topics
Socialdemokratiet,Dansk Folkeparti,65,21822,8047.0,0.3687563009806617,all_topics
Socialdemokratiet,Det Konservative Folkeparti,65,3070,1395.0,0.4543973941368078,all_topics
Socialdemokratiet,Enhedslisten,65,617,431.0,0.6985413290113452,all_topics
Socialdemokratiet,Inuit Ataqatigiit,65,94,63.0,0.6702127659574468,all_topics
Socialdemokratiet,Kristendemokraterne,65,2497,1454.0,0.5822987585102123,all_topics
Socialdemokratiet,Liberal Alliance,65,1844,714.0,0.3872017353579176,all_topics
Socialdemokratiet,Moderaterne,65,168,93.0,0.5535714285714286,all_topics
Socialdemokratiet,Radikale Venstre,65,4095,3116.0,0.7609279609279609,all_topics
Socialdemokratiet,Sambandsflokkurin,65,75,24.0,0.32,all_topics
Socialdemokratiet,Socialdemokratiet,65,58120,55668.0,0.9578114246386786,all_topics
Socialdemokratiet,Socialistisk Folkeparti,65,11073,8670.0,0.7829856407477649,all_topics
Socialdemokratiet,Uden for folketingsgrupperne,65,10245,4379.0,0.4274280136652025,all_topics
Socialdemokratiet,Venstre,65,40776,16054.0,0.3937119874435942,all_topics
Socialistisk Folkeparti,Danmarksdemokraterne,65,935,330.0,0.3529411764705882,all_topics
Socialistisk Folkeparti,Dansk Folkeparti,65,3696,1297.0,0.3509199134199134,all_topics
Socialistisk Folkeparti,Det Konservative Folkeparti,65,1254,435.0,0.34688995215311,all_topics
Socialistisk Folkeparti,Enhedslisten,65,209,180.0,0.861244019138756,all_topics
Socialistisk Folkeparti,Inuit Ataqatigiit,65,32,30.0,0.9375,all_topics
Socialistisk Folkeparti,Kristendemokraterne,65,484,282.0,0.5826446280991735,all_topics
Socialistisk Folkeparti,Liberal Alliance,65,494,157.0,0.3178137651821862,all_topics
Socialistisk Folkeparti,Moderaterne,65,55,33.0,0.6,all_topics
Socialistisk Folkeparti,Radikale Venstre,65,847,585.0,0.6906729634002361,all_topics
Socialistisk Folkeparti,Sambandsflokkurin,65,33,5.0,0.1515151515151515,all_topics
Socialistisk Folkeparti,Socialdemokratiet,65,12670,9924.0,0.7832675611681137,all_topics
Socialistisk Folkeparti,Socialistisk Folkeparti,65,1807,1807.0,1.0,all_topics
Socialistisk Folkeparti,Uden for folketingsgrupperne,65,2237,921.0,0.4117121144389807,all_topics
Socialistisk Folkeparti,Venstre,65,8348,2992.0,0.3584091998083373,all_topics
Uden for folketingsgrupperne,Danmarksdemokraterne,65,286,242.0,0.8461538461538461,all_topics
Uden for folketingsgrupperne,Dansk Folkeparti,65,3730,3319.0,0.8898123324396783,all_topics
Uden for folketingsgrupperne,Det Konservative Folkeparti,65,490,485.0,0.9897959183673468,all_topics
Uden for folketingsgrupperne,Enhedslisten,65,84,22.0,0.2619047619047619,all_topics
Uden for folketingsgrupperne,Inuit Ataqatigiit,65,24,2.0,0.0833333333333333,all_topics
Uden for folketingsgrupperne,Kristendemokraterne,65,418,190.0,0.4545454545454545,all_topics
Uden for folketingsgrupperne,Liberal Alliance,65,426,422.0,0.9906103286384976,all_topics
Uden for folketingsgrupperne,Moderaterne,65,22,21.0,0.9545454545454546,all_topics
Uden for folketingsgrupperne,Radikale Venstre,65,715,372.0,0.5202797202797202,all_topics
Uden for folketingsgrupperne,Sambandsflokkurin,65,18,17.0,0.9444444444444444,all_topics
Uden for folketingsgrupperne,Socialdemokratiet,65,10425,4132.0,0.3963549160671463,all_topics
Uden for folketingsgrupperne,Socialistisk Folkeparti,65,1714,571.0,0.3331388564760793,all_topics
Uden for folketingsgrupperne,Uden for folketingsgrupperne,65,1317,951.0,0.7220956719817767,all_topics
Uden for folketingsgrupperne,Venstre,65,6205,5536.0,0.8921837228041901,all_topics
Venstre,Danmarksdemokraterne,65,3666,3613.0,0.9855428259683578,all_topics
Venstre,Dansk Folkeparti,65,17738,17254.0,0.972713947457436,all_topics
Venstre,Det Konservative Folkeparti,65,5119,5117.0,0.9996092986911506,all_topics
Venstre,Enhedslisten,65,965,295.0,0.3056994818652849,all_topics
Venstre,Inuit Ataqatigiit,65,129,9.0,0.0697674418604651,all_topics
Venstre,Kristendemokraterne,65,2663,1317.0,0.4945550131430717,all_topics
Venstre,Liberal Alliance,65,3015,3014.0,0.9996683250414594,all_topics
Venstre,Moderaterne,65,406,406.0,1.0,all_topics
Venstre,Radikale Venstre,65,4306,2297.0,0.5334417092429169,all_topics
Venstre,Sambandsflokkurin,65,155,155.0,1.0,all_topics
Venstre,Socialdemokratiet,65,58925,23261.0,0.3947560458209588,all_topics
Venstre,Socialistisk Folkeparti,65,11435,4197.0,0.3670310450371666,all_topics
Venstre,Uden for folketingsgrupperne,65,10331,8849.0,0.8565482528312844,all_topics
Venstre,Venstre,65,39542,39525.0,0.9995700773860704,all_topics
Alternativet,Radikale Venstre,70,376,284.0,0.7553191489361702,all_topics
Alternativet,Venstre,70,520,268.0,0.5153846153846153,all_topics
Danmarksdemokraterne,Alternativet,70,3404,1573.0,0.4621034077555817,all_topics
Danmarksdemokraterne,Danmarksdemokraterne,70,14764,14014.0,0.9492007586020048,all_topics
Danmarksdemokraterne,Dansk Folkeparti,70,11039,10606.0,0.9607754325572968,all_topics
Danmarksdemokraterne,Det Konservative Folkeparti,70,3102,2284.0,0.7362991618310767,all_topics
Danmarksdemokraterne,Enhedslisten,70,17118,7548.0,0.4409393620750088,all_topics
Danmarksdemokraterne,Liberal Alliance,70,5635,3779.0,0.6706299911268855,all_topics
Danmarksdemokraterne,Moderaterne,70,181,114.0,0.6298342541436464,all_topics
Danmarksdemokraterne,Radikale Venstre,70,19510,10124.0,0.5189133777549975,all_topics
Danmarksdemokraterne,Sambandsflokkurin,70,15,13.0,0.8666666666666667,all_topics
Danmarksdemokraterne,Socialdemokratiet,70,80015,46328.0,0.5789914391051678,all_topics
Danmarksdemokraterne,Socialistisk Folkeparti,70,9270,4444.0,0.479395900755124,all_topics
Danmarksdemokraterne,Uden for folketingsgrupperne,70,14820,13310.0,0.898110661268556,all_topics
Danmarksdemokraterne,Venstre,70,67322,49769.0,0.7392679956032203,all_topics
Dansk Folkeparti,Alternativet,70,1637,726.0,0.4434941967012828,all_topics
Dansk Folkeparti,Danmarksdemokraterne,70,4668,4567.0,0.9783633247643532,all_topics
Dansk Folkeparti,Dansk Folkeparti,70,2611,2584.0,0.9896591344312524,all_topics
Dansk Folkeparti,Det Konservative Folkeparti,70,515,364.0,0.7067961165048544,all_topics
Dansk Folkeparti,Enhedslisten,70,8256,3485.0,0.4221172480620155,all_topics
Dansk Folkeparti,Liberal Alliance,70,2236,1475.0,0.659660107334526,all_topics
Dansk Folkeparti,Moderaterne,70,8,3.0,0.375,all_topics
Dansk Folkeparti,Radikale Venstre,70,6250,3002.0,0.48032,all_topics
Dansk Folkeparti,Sambandsflokkurin,70,3,3.0,1.0,all_topics
Dansk Folkeparti,Socialdemokratiet,70,25148,13374.0,0.5318116748846827,all_topics
Dansk Folkeparti,Socialistisk Folkeparti,70,1283,528.0,0.4115354637568199,all_topics
Dansk Folkeparti,Uden for folketingsgrupperne,70,2141,1860.0,0.8687529191966371,all_topics
Dansk Folkeparti,Venstre,70,20828,14561.0,0.6991069713846745,all_topics
Det Konservative Folkeparti,Alternativet,70,200,107.0,0.535,all_topics
Det Konservative Folkeparti,Danmarksdemokraterne,70,527,382.0,0.7248576850094877,all_topics
Det Konservative Folkeparti,Dansk Folkeparti,70,1091,786.0,0.7204399633363886,all_topics
Det Konservative Folkeparti,Det Konservative Folkeparti,70,141,140.0,0.9929078014184396,all_topics
Det Konservative Folkeparti,Enhedslisten,70,1462,704.0,0.481532147742818,all_topics
Det Konservative Folkeparti,Liberal Alliance,70,493,380.0,0.77079107505071,all_topics
Det Konservative Folkeparti,Radikale Venstre,70,1339,893.0,0.6669156086631814,all_topics
Det Konservative Folkeparti,Socialdemokratiet,70,3772,2765.0,0.7330328738069989,all_topics
Det Konservative Folkeparti,Socialistisk Folkeparti,70,14,8.0,0.5714285714285714,all_topics
Det Konservative Folkeparti,Uden for folketingsgrupperne,70,589,437.0,0.7419354838709677,all_topics
Det Konservative Folkeparti,Venstre,70,2743,2503.0,0.91250455705432,all_topics
Enhedslisten,Alternativet,70,2339,1993.0,0.8520735356990167,all_topics
Enhedslisten,Danmarksdemokraterne,70,7121,2997.0,0.4208678556382531,all_topics
Enhedslisten,Dansk Folkeparti,70,3424,1440.0,0.4205607476635514,all_topics
Enhedslisten,Det Konservative Folkeparti,70,873,420.0,0.4810996563573883,all_topics
Enhedslisten,Enhedslisten,70,6730,6695.0,0.9947994056463596,all_topics
Enhedslisten,Liberal Alliance,70,1546,725.0,0.4689521345407503,all_topics
Enhedslisten,Moderaterne,70,48,11.0,0.2291666666666666,all_topics
Enhedslisten,Radikale Venstre,70,8104,6739.0,0.8315646594274433,all_topics
Enhedslisten,Sambandsflokkurin,70,1,0.0,0.0,all_topics
Enhedslisten,Socialdemokratiet,70,31778,22925.0,0.7214110390836428,all_topics
Enhedslisten,Socialistisk Folkeparti,70,2881,2537.0,0.8805970149253731,all_topics
Enhedslisten,Uden for folketingsgrupperne,70,4425,1925.0,0.4350282485875706,all_topics
Enhedslisten,Venstre,70,29027,14533.0,0.5006717883349985,all_topics
Liberal Alliance,Alternativet,70,658,303.0,0.4604863221884498,all_topics
Liberal Alliance,Danmarksdemokraterne,70,960,624.0,0.65,all_topics
Liberal Alliance,Dansk Folkeparti,70,882,557.0,0.6315192743764172,all_topics
Liberal Alliance,Det Konservative Folkeparti,70,186,143.0,0.7688172043010753,all_topics
Liberal Alliance,Enhedslisten,70,2922,1375.0,0.4705681040383299,all_topics
Liberal Alliance,Radikale Venstre,70,2255,1329.0,0.5893569844789357,all_topics
Liberal Alliance,Socialdemokratiet,70,6888,4406.0,0.6396631823461092,all_topics
Liberal Alliance,Socialistisk Folkeparti,70,48,31.0,0.6458333333333334,all_topics
Liberal Alliance,Uden for folketingsgrupperne,70,64,44.0,0.6875,all_topics
Liberal Alliance,Venstre,70,5604,4401.0,0.7853319057815846,all_topics
Moderaterne,Danmarksdemokraterne,70,44,22.0,0.5,all_topics
Moderaterne,Dansk Folkeparti,70,90,48.0,0.5333333333333333,all_topics
Moderaterne,Det Konservative Folkeparti,70,5,2.0,0.4,all_topics
Moderaterne,Enhedslisten,70,60,15.0,0.25,all_topics
Moderaterne,Liberal Alliance,70,42,25.0,0.5952380952380952,all_topics
Moderaterne,Radikale Venstre,70,137,30.0,0.218978102189781,all_topics
Moderaterne,Socialdemokratiet,70,352,76.0,0.2159090909090909,all_topics
Moderaterne,Socialistisk Folkeparti,70,42,8.0,0.1904761904761904,all_topics
Moderaterne,Uden for folketingsgrupperne,70,86,46.0,0.5348837209302325,all_topics
Moderaterne,Venstre,70,410,381.0,0.9292682926829268,all_topics
Radikale Venstre,Alternativet,70,2003,1540.0,0.7688467299051422,all_topics
Radikale Venstre,Danmarksdemokraterne,70,4318,2017.0,0.4671144048170449,all_topics
Radikale Venstre,Dansk Folkeparti,70,4965,2384.0,0.4801611278952669,all_topics
Radikale Venstre,Det Konservative Folkeparti,70,942,582.0,0.6178343949044586,all_topics
Radikale Venstre,Enhedslisten,70,8661,7281.0,0.8406650502251473,all_topics
Radikale Venstre,Liberal Alliance,70,2200,1295.0,0.5886363636363636,all_topics
Radikale Venstre,Moderaterne,70,4,2.0,0.5,all_topics
Radikale Venstre,Radikale Venstre,70,5925,5873.0,0.9912236286919832,all_topics
Radikale Venstre,Sambandsflokkurin,70,8,7.0,0.875,all_topics
Radikale Venstre,Socialdemokratiet,70,27343,23300.0,0.8521376586329225,all_topics
Radikale Venstre,Socialistisk Folkeparti,70,1002,906.0,0.9041916167664672,all_topics
Radikale Venstre,Uden for folketingsgrupperne,70,3259,1603.0,0.4918686713715863,all_topics
Radikale Venstre,Venstre,70,21363,13721.0,0.6422787061742264,all_topics
Sambandsflokkurin,Alternativet,70,4,2.0,0.5,all_topics
Sambandsflokkurin,Danmarksdemokraterne,70,50,42.0,0.84,all_topics
Sambandsflokkurin,Dansk Folkeparti,70,32,26.0,0.8125,all_topics
Sambandsflokkurin,Det Konservative Folkeparti,70,1,1.0,1.0,all_topics
Sambandsflokkurin,Enhedslisten,70,45,34.0,0.7555555555555555,all_topics
Sambandsflokkurin,Liberal Alliance,70,11,11.0,1.0,all_topics
Sambandsflokkurin,Moderaterne,70,1,0.0,0.0,all_topics
Sambandsflokkurin,Radikale Venstre,70,40,33.0,0.825,all_topics
Sambandsflokkurin,Socialdemokratiet,70,165,154.0,0.9333333333333332,all_topics
Sambandsflokkurin,Socialistisk Folkeparti,70,19,17.0,0.8947368421052632,all_topics
Sambandsflokkurin,Uden for folketingsgrupperne,70,30,28.0,0.9333333333333332,all_topics
Sambandsflokkurin,Venstre,70,178,178.0,1.0,all_topics
Socialdemokratiet,Alternativet,70,12096,8017.0,0.6627810846560847,all_topics
Socialdemokratiet,Danmarksdemokraterne,70,42234,24084.0,0.5702514561727519,all_topics
Socialdemokratiet,Dansk Folkeparti,70,31150,17095.0,0.5487961476725521,all_topics
Socialdemokratiet,Det Konservative Folkeparti,70,7528,5426.0,0.7207757704569607,all_topics
Socialdemokratiet,Enhedslisten,70,53019,39079.0,0.7370753880684283,all_topics
Socialdemokratiet,Liberal Alliance,70,16131,10277.0,0.637096274254541,all_topics
Socialdemokratiet,Moderaterne,70,407,89.0,0.2186732186732186,all_topics
Socialdemokratiet,Radikale Venstre,70,54700,46867.0,0.856800731261426,all_topics
Socialdemokratiet,Sambandsflokkurin,70,33,28.0,0.8484848484848485,all_topics
Socialdemokratiet,Socialdemokratiet,70,201900,201388.0,0.9974640911342249,all_topics
Socialdemokratiet,Socialistisk Folkeparti,70,20287,17229.0,0.8492630748755361,all_topics
Socialdemokratiet,Uden for folketingsgrupperne,70,34221,19131.0,0.5590426930831945,all_topics
Socialdemokratiet,Venstre,70,179026,129283.0,0.7221465038597745,all_topics
Socialistisk Folkeparti,Alternativet,70,1095,867.0,0.7917808219178082,all_topics
Socialistisk Folkeparti,Danmarksdemokraterne,70,1637,796.0,0.4862553451435553,all_topics
Socialistisk Folkeparti,Dansk Folkeparti,70,4038,1900.0,0.4705299653293709,all_topics
Socialistisk Folkeparti,Det Konservative Folkeparti,70,880,533.0,0.6056818181818182,all_topics
Socialistisk Folkeparti,Enhedslisten,70,4832,4305.0,0.8909354304635762,all_topics
Socialistisk Folkeparti,Liberal Alliance,70,1960,1056.0,0.5387755102040817,all_topics
Socialistisk Folkeparti,Moderaterne,70,84,19.0,0.2261904761904762,all_topics
Socialistisk Folkeparti,Radikale Venstre,70,6590,5913.0,0.8972685887708649,all_topics
Socialistisk Folkeparti,Socialdemokratiet,70,17843,15026.0,0.8421229613854172,all_topics
Socialistisk Folkeparti,Socialistisk Folkeparti,70,1085,1079.0,0.9944700460829492,all_topics
Socialistisk Folkeparti,Uden for folketingsgrupperne,70,4861,2293.0,0.4717136391688953,all_topics
Socialistisk Folkeparti,Venstre,70,16271,9312.0,0.5723065576793067,all_topics
Uden for folketingsgrupperne,Alternativet,70,1790,848.0,0.4737430167597765,all_topics
Uden for folketingsgrupperne,Danmarksdemokraterne,70,2746,2375.0,0.8648943918426802,all_topics
Uden for folketingsgrupperne,Dansk Folkeparti,70,5989,5601.0,0.9352145600267155,all_topics
Uden for folketingsgrupperne,Det Konservative Folkeparti,70,1033,752.0,0.7279767666989352,all_topics
Uden for folketingsgrupperne,Enhedslisten,70,7930,3563.0,0.4493064312736444,all_topics
Uden for folketingsgrupperne,Liberal Alliance,70,3315,2144.0,0.6467571644042233,all_topics
Uden for folketingsgrupperne,Moderaterne,70,83,30.0,0.3614457831325301,all_topics
Uden for folketingsgrupperne,Radikale Venstre,70,8776,4667.0,0.5317912488605288,all_topics
Uden for folketingsgrupperne,Socialdemokratiet,70,27822,16363.0,0.5881316943426066,all_topics
Uden for folketingsgrupperne,Socialistisk Folkeparti,70,1007,632.0,0.6276067527308838,all_topics
Uden for folketingsgrupperne,Uden for folketingsgrupperne,70,3177,2664.0,0.8385269121813032,all_topics
Uden for folketingsgrupperne,Venstre,70,21017,14857.0,0.7069039349098349,all_topics
Venstre,Alternativet,70,10273,5264.0,0.5124111749245596,all_topics
Venstre,Danmarksdemokraterne,70,39544,28975.0,0.7327281003439207,all_topics
Venstre,Dansk Folkeparti,70,28724,20724.0,0.7214872580420554,all_topics
Venstre,Det Konservative Folkeparti,70,7221,6548.0,0.9067996122420716,all_topics
Venstre,Enhedslisten,70,44949,22525.0,0.5011234955171416,all_topics
Venstre,Liberal Alliance,70,14692,11414.0,0.7768853797985298,all_topics
Venstre,Moderaterne,70,226,183.0,0.8097345132743363,all_topics
Venstre,Radikale Venstre,70,50832,33457.0,0.658187755744413,all_topics
Venstre,Sambandsflokkurin,70,23,23.0,1.0,all_topics
Venstre,Socialdemokratiet,70,194357,142162.0,0.731447799667622,all_topics
Venstre,Socialistisk Folkeparti,70,17309,10304.0,0.5952972442082154,all_topics
Venstre,Uden for folketingsgrupperne,70,33036,24087.0,0.7291136941518344,all_topics
Venstre,Venstre,70,154331,153911.0,0.9972785765659524,all_topics
Alternativet,Enhedslisten,71,490,428.0,0.8734693877551021,all_topics
Alternativet,Radikale Venstre,71,356,276.0,0.7752808988764045,all_topics
Alternativet,Socialdemokratiet,71,329,201.0,0.6109422492401215,all_topics
Alternativet,Venstre,71,312,196.0,0.6282051282051282,all_topics
Danmarksdemokraterne,Alternativet,71,2566,1246.0,0.485580670303975,all_topics
Danmarksdemokraterne,Danmarksdemokraterne,71,20087,19375.0,0.9645541892766466,all_topics
Danmarksdemokraterne,Dansk Folkeparti,71,7348,5238.0,0.7128470332063146,all_topics
Danmarksdemokraterne,Det Konservative Folkeparti,71,15721,12417.0,0.7898352522104192,all_topics
Danmarksdemokraterne,Enhedslisten,71,28095,13699.0,0.4875956575903186,all_topics
Danmarksdemokraterne,Javnaðarflokkurin,71,35,10.0,0.2857142857142857,all_topics
Danmarksdemokraterne,Liberal Alliance,71,3844,2696.0,0.7013527575442248,all_topics
Danmarksdemokraterne,Moderaterne,71,722,454.0,0.628808864265928,all_topics
Danmarksdemokraterne,Radikale Venstre,71,11026,6277.0,0.5692907672773445,all_topics
Danmarksdemokraterne,Socialdemokratiet,71,80739,50340.0,0.6234905064466986,all_topics
Danmarksdemokraterne,Socialistisk Folkeparti,71,9104,5188.0,0.569859402460457,all_topics
Danmarksdemokraterne,Venstre,71,50644,31456.0,0.6211199747255352,all_topics
Dansk Folkeparti,Alternativet,71,687,300.0,0.4366812227074236,all_topics
Dansk Folkeparti,Danmarksdemokraterne,71,6904,5007.0,0.7252317497103129,all_topics
Dansk Folkeparti,Dansk Folkeparti,71,1257,1245.0,0.9904534606205252,all_topics
Dansk Folkeparti,Det Konservative Folkeparti,71,3797,2541.0,0.6692125362127995,all_topics
Dansk Folkeparti,Enhedslisten,71,7927,3671.0,0.463100794752113,all_topics
Dansk Folkeparti,Javnaðarflokkurin,71,15,3.0,0.2,all_topics
Dansk Folkeparti,Liberal Alliance,71,1257,873.0,0.6945107398568019,all_topics
Dansk Folkeparti,Moderaterne,71,289,161.0,0.5570934256055363,all_topics
Dansk Folkeparti,Radikale Venstre,71,2815,1447.0,0.514031971580817,all_topics
Dansk Folkeparti,Socialdemokratiet,71,23758,13265.0,0.5583382439599293,all_topics
Dansk Folkeparti,Socialistisk Folkeparti,71,3078,1642.0,0.5334632878492528,all_topics
Dansk Folkeparti,Venstre,71,17192,9509.0,0.5531060958585389,all_topics
Det Konservative Folkeparti,Alternativet,71,1265,625.0,0.4940711462450592,all_topics
Det Konservative Folkeparti,Danmarksdemokraterne,71,8627,7042.0,0.8162744870754608,all_topics
Det Konservative Folkeparti,Dansk Folkeparti,71,3587,2386.0,0.6651798160022303,all_topics
Det Konservative Folkeparti,Det Konservative Folkeparti,71,4754,4730.0,0.9949516196886832,all_topics
Det Konservative Folkeparti,Enhedslisten,71,13682,7065.0,0.5163718754568045,all_topics
Det Konservative Folkeparti,Javnaðarflokkurin,71,27,8.0,0.2962962962962963,all_topics
Det Konservative Folkeparti,Liberal Alliance,71,1976,1553.0,0.7859311740890689,all_topics
Det Konservative Folkeparti,Moderaterne,71,263,201.0,0.7642585551330798,all_topics
Det Konservative Folkeparti,Radikale Venstre,71,4047,2713.0,0.6703731158883123,all_topics
Det Konservative Folkeparti,Socialdemokratiet,71,32564,23303.0,0.7156061908856406,all_topics
Det Konservative Folkeparti,Socialistisk Folkeparti,71,2861,1820.0,0.6361412093673541,all_topics
Det Konservative Folkeparti,Venstre,71,24219,17388.0,0.717948717948718,all_topics
Enhedslisten,Alternativet,71,1320,1145.0,0.8674242424242424,all_topics
Enhedslisten,Danmarksdemokraterne,71,5742,2739.0,0.4770114942528735,all_topics
Enhedslisten,Dansk Folkeparti,71,2277,1177.0,0.5169082125603864,all_topics
Enhedslisten,Det Konservative Folkeparti,71,3712,2043.0,0.5503771551724138,all_topics
Enhedslisten,Enhedslisten,71,9753,9689.0,0.993437916538501,all_topics
Enhedslisten,Javnaðarflokkurin,71,19,8.0,0.4210526315789473,all_topics
Enhedslisten,Liberal Alliance,71,709,436.0,0.614950634696756,all_topics
Enhedslisten,Moderaterne,71,7,3.0,0.4285714285714285,all_topics
Enhedslisten,Radikale Venstre,71,5511,4086.0,0.7414262384322264,all_topics
Enhedslisten,Socialdemokratiet,71,20815,12454.0,0.5983185202978621,all_topics
Enhedslisten,Socialistisk Folkeparti,71,1881,1623.0,0.8628389154704944,all_topics
Enhedslisten,Venstre,71,14944,8912.0,0.5963597430406852,all_topics
Inuit Ataqatigiit,Alternativet,71,3,1.0,0.3333333333333333,all_topics
Inuit Ataqatigiit,Danmarksdemokraterne,71,26,10.0,0.3846153846153846,all_topics
Inuit Ataqatigiit,Dansk Folkeparti,71,11,2.0,0.1818181818181818,all_topics
Inuit Ataqatigiit,Det Konservative Folkeparti,71,20,8.0,0.4,all_topics
Inuit Ataqatigiit,Enhedslisten,71,25,9.0,0.36,all_topics
Inuit Ataqatigiit,Javnaðarflokkurin,71,3,3.0,1.0,all_topics
Inuit Ataqatigiit,Liberal Alliance,71,6,2.0,0.3333333333333333,all_topics
Inuit Ataqatigiit,Moderaterne,71,3,3.0,1.0,all_topics
Inuit Ataqatigiit,Naleraq,71,1,1.0,1.0,all_topics
Inuit Ataqatigiit,Radikale Venstre,71,9,3.0,0.3333333333333333,all_topics
Inuit Ataqatigiit,Socialdemokratiet,71,97,97.0,1.0,all_topics
Inuit Ataqatigiit,Socialistisk Folkeparti,71,24,8.0,0.3333333333333333,all_topics
Inuit Ataqatigiit,Venstre,71,70,70.0,1.0,all_topics
Javnaðarflokkurin,Alternativet,71,5,2.0,0.4,all_topics
Javnaðarflokkurin,Danmarksdemokraterne,71,3,1.0,0.3333333333333333,all_topics
Javnaðarflokkurin,Enhedslisten,71,16,6.0,0.375,all_topics
Javnaðarflokkurin,Radikale Venstre,71,5,2.0,0.4,all_topics
Javnaðarflokkurin,Socialdemokratiet,71,10,10.0,1.0,all_topics
Javnaðarflokkurin,Venstre,71,23,23.0,1.0,all_topics
Liberal Alliance,Alternativet,71,536,315.0,0.5876865671641791,all_topics
Liberal Alliance,Danmarksdemokraterne,71,6589,4734.0,0.718470177568675,all_topics
Liberal Alliance,Dansk Folkeparti,71,1972,1298.0,0.6582150101419878,all_topics
Liberal Alliance,Det Konservative Folkeparti,71,3334,2535.0,0.7603479304139172,all_topics
Liberal Alliance,Enhedslisten,71,6894,4061.0,0.5890629532927183,all_topics
Liberal Alliance,Javnaðarflokkurin,71,8,2.0,0.25,all_topics
Liberal Alliance,Liberal Alliance,71,590,587.0,0.994915254237288,all_topics
Liberal Alliance,Moderaterne,71,296,218.0,0.7364864864864865,all_topics
Liberal Alliance,Radikale Venstre,71,2387,1721.0,0.7209886887306242,all_topics
Liberal Alliance,Socialdemokratiet,71,19613,14625.0,0.7456788864528628,all_topics
Liberal Alliance,Socialistisk Folkeparti,71,2306,1531.0,0.6639202081526453,all_topics
Liberal Alliance,Venstre,71,14640,10849.0,0.741051912568306,all_topics
Moderaterne,Alternativet,71,191,125.0,0.6544502617801047,all_topics
Moderaterne,Danmarksdemokraterne,71,1831,1093.0,0.5969415619879848,all_topics
Moderaterne,Dansk Folkeparti,71,481,245.0,0.5093555093555093,all_topics
Moderaterne,Det Konservative Folkeparti,71,968,610.0,0.6301652892561983,all_topics
Moderaterne,Enhedslisten,71,1799,1016.0,0.5647581989994441,all_topics
Moderaterne,Javnaðarflokkurin,71,6,6.0,1.0,all_topics
Moderaterne,Liberal Alliance,71,224,170.0,0.7589285714285714,all_topics
Moderaterne,Moderaterne,71,11,11.0,1.0,all_topics
Moderaterne,Radikale Venstre,71,771,611.0,0.7924773022049286,all_topics
Moderaterne,Socialdemokratiet,71,5918,5916.0,0.9996620479891856,all_topics
Moderaterne,Socialistisk Folkeparti,71,722,502.0,0.6952908587257618,all_topics
Moderaterne,Venstre,71,3505,3502.0,0.9991440798858772,all_topics
Naleraq,Alternativet,71,2,2.0,1.0,all_topics
Naleraq,Danmarksdemokraterne,71,18,11.0,0.6111111111111112,all_topics
Naleraq,Dansk Folkeparti,71,4,1.0,0.25,all_topics
Naleraq,Det Konservative Folkeparti,71,10,8.0,0.8,all_topics
Naleraq,Enhedslisten,71,15,15.0,1.0,all_topics
Naleraq,Liberal Alliance,71,3,2.0,0.6666666666666666,all_topics
Naleraq,Moderaterne,71,3,2.0,0.6666666666666666,all_topics
Naleraq,Radikale Venstre,71,6,6.0,1.0,all_topics
Naleraq,Socialdemokratiet,71,56,34.0,0.6071428571428571,all_topics
Naleraq,Socialistisk Folkeparti,71,11,8.0,0.7272727272727273,all_topics
Naleraq,Venstre,71,45,30.0,0.6666666666666666,all_topics
Radikale Venstre,Alternativet,71,416,320.0,0.7692307692307693,all_topics
Radikale Venstre,Danmarksdemokraterne,71,2487,1465.0,0.5890631282669884,all_topics
Radikale Venstre,Dansk Folkeparti,71,1410,736.0,0.5219858156028369,all_topics
Radikale Venstre,Det Konservative Folkeparti,71,2877,1930.0,0.6708376781369482,all_topics
Radikale Venstre,Enhedslisten,71,4319,3122.0,0.7228525121555915,all_topics
Radikale Venstre,Javnaðarflokkurin,71,9,3.0,0.3333333333333333,all_topics
Radikale Venstre,Liberal Alliance,71,692,500.0,0.7225433526011561,all_topics
Radikale Venstre,Radikale Venstre,71,975,970.0,0.9948717948717948,all_topics
Radikale Venstre,Socialdemokratiet,71,10924,8550.0,0.7826803368729404,all_topics
Radikale Venstre,Socialistisk Folkeparti,71,207,169.0,0.8164251207729468,all_topics
Radikale Venstre,Venstre,71,7190,5639.0,0.7842837273991655,all_topics
Socialdemokratiet,Alternativet,71,7844,4811.0,0.6133350331463538,all_topics
Socialdemokratiet,Danmarksdemokraterne,71,76810,47889.0,0.6234735060538993,all_topics
Socialdemokratiet,Dansk Folkeparti,71,24401,13221.0,0.5418220564730953,all_topics
Socialdemokratiet,Det Konservative Folkeparti,71,49351,34591.0,0.7009179145306073,all_topics
Socialdemokratiet,Enhedslisten,71,92641,54857.0,0.592146026057577,all_topics
Socialdemokratiet,Javnaðarflokkurin,71,130,130.0,1.0,all_topics
Socialdemokratiet,Liberal Alliance,71,14961,11332.0,0.7574360002673618,all_topics
Socialdemokratiet,Moderaterne,71,2374,2371.0,0.998736310025274,all_topics
Socialdemokratiet,Radikale Venstre,71,34415,27322.0,0.793898009588842,all_topics
Socialdemokratiet,Socialdemokratiet,71,253350,253253.0,0.999617130451944,all_topics
Socialdemokratiet,Socialistisk Folkeparti,71,33156,24215.0,0.730335384244179,all_topics
Socialdemokratiet,Venstre,71,180628,180211.0,0.9976913878247003,all_topics
Socialistisk Folkeparti,Alternativet,71,1271,1039.0,0.8174665617623919,all_topics
Socialistisk Folkeparti,Danmarksdemokraterne,71,15805,8837.0,0.5591268585890541,all_topics
Socialistisk Folkeparti,Dansk Folkeparti,71,4547,2411.0,0.5302397184957115,all_topics
Socialistisk Folkeparti,Det Konservative Folkeparti,71,9882,6147.0,0.6220400728597449,all_topics
Socialistisk Folkeparti,Enhedslisten,71,16340,13457.0,0.823561811505508,all_topics
Socialistisk Folkeparti,Javnaðarflokkurin,71,33,12.0,0.3636363636363636,all_topics
Socialistisk Folkeparti,Liberal Alliance,71,3132,2062.0,0.6583652618135377,all_topics
Socialistisk Folkeparti,Moderaterne,71,672,475.0,0.7068452380952381,all_topics
Socialistisk Folkeparti,Radikale Venstre,71,6993,5725.0,0.8186758186758186,all_topics
Socialistisk Folkeparti,Socialdemokratiet,71,51483,37330.0,0.7250937202571722,all_topics
Socialistisk Folkeparti,Socialistisk Folkeparti,71,5383,5365.0,0.9966561396990524,all_topics
Socialistisk Folkeparti,Venstre,71,37164,27043.0,0.7276665590356258,all_topics
Venstre,Alternativet,71,5406,3332.0,0.6163522012578616,all_topics
Venstre,Danmarksdemokraterne,71,55505,34525.0,0.6220160345914783,all_topics
Venstre,Dansk Folkeparti,71,15358,8266.0,0.5382211225419976,all_topics
Venstre,Det Konservative Folkeparti,71,31518,21985.0,0.6975379148423123,all_topics
Venstre,Enhedslisten,71,61287,35768.0,0.5836147959599916,all_topics
Venstre,Javnaðarflokkurin,71,75,75.0,1.0,all_topics
Venstre,Liberal Alliance,71,8286,6260.0,0.7554911899589669,all_topics
Venstre,Moderaterne,71,2420,2406.0,0.9942148760330578,all_topics
Venstre,Radikale Venstre,71,23540,18627.0,0.7912914188615123,all_topics
Venstre,Socialdemokratiet,71,179496,177999.0,0.99165998128092,all_topics
Venstre,Socialistisk Folkeparti,71,20566,14970.0,0.7279004181659049,all_topics
Venstre,Venstre,71,115851,114629.0,0.9894519684767504,all_topics
