source,target,Period,total_votes_shared,total_votes_agreed,weight,topic
Danmarksdemokraterne,Danmarksdemokraterne,65,85,85.0,1.0,arbejdsmarked_velfærd
Danmarksdemokraterne,Dansk Folkeparti,65,984,984.0,1.0,arbejdsmarked_velfærd
Danmarksdemokraterne,Det Konservative Folkeparti,65,437,437.0,1.0,arbejdsmarked_velfærd
Danmarksdemokraterne,Enhedslisten,65,82,40.0,0.4878048780487805,arbejdsmarked_velfærd
Danmarksdemokraterne,Inuit Ataqatigiit,65,1,0.0,0.0,arbejdsmarked_velfærd
Danmarksdemokraterne,Kristeligt Folkeparti,65,118,81.0,0.6864406779661016,arbejdsmarked_velfærd
Danmarksdemokraterne,Kristendemokraterne,65,50,32.0,0.64,arbejdsmarked_velfærd
Danmarksdemokraterne,Liberal Alliance,65,81,81.0,1.0,arbejdsmarked_velfærd
Danmarksdemokraterne,Moderaterne,65,28,28.0,1.0,arbejdsmarked_velfærd
Danmarksdemokraterne,Not able to assign,65,162,99.0,0.6111111111111112,arbejdsmarked_velfærd
Danmarksdemokraterne,Ny Alliance,65,39,39.0,1.0,arbejdsmarked_velfærd
Danmarksdemokraterne,Radikale Venstre,65,224,138.0,0.6160714285714286,arbejdsmarked_velfærd
Danmarksdemokraterne,Socialdemokratiet,65,2161,1312.0,0.6071263304025913,arbejdsmarked_velfærd
Danmarksdemokraterne,Socialistisk Folkeparti,65,416,254.0,0.6105769230769231,arbejdsmarked_velfærd
Danmarksdemokraterne,Uden for folketingsgrupperne,65,214,204.0,0.9532710280373832,arbejdsmarked_velfærd
Danmarksdemokraterne,Venstre,65,2439,2438.0,0.999589995899959,arbejdsmarked_velfærd
Dansk Folkeparti,Danmarksdemokraterne,65,294,294.0,1.0,arbejdsmarked_velfærd
Dansk Folkeparti,Dansk Folkeparti,65,2815,2815.0,1.0,arbejdsmarked_velfærd
Dansk Folkeparti,Det Konservative Folkeparti,65,818,818.0,1.0,arbejdsmarked_velfærd
Dansk Folkeparti,Enhedslisten,65,227,110.0,0.4845814977973568,arbejdsmarked_velfærd
Dansk Folkeparti,Inuit Ataqatigiit,65,5,0.0,0.0,arbejdsmarked_velfærd
Dansk Folkeparti,Kristeligt Folkeparti,65,305,202.0,0.6622950819672131,arbejdsmarked_velfærd
Dansk Folkeparti,Kristendemokraterne,65,161,101.0,0.6273291925465838,arbejdsmarked_velfærd
Dansk Folkeparti,Liberal Alliance,65,225,225.0,1.0,arbejdsmarked_velfærd
Dansk Folkeparti,Moderaterne,65,73,73.0,1.0,arbejdsmarked_velfærd
Dansk Folkeparti,Not able to assign,65,399,238.0,0.5964912280701754,arbejdsmarked_velfærd
Dansk Folkeparti,Ny Alliance,65,98,98.0,1.0,arbejdsmarked_velfærd
Dansk Folkeparti,Radikale Venstre,65,586,356.0,0.6075085324232082,arbejdsmarked_velfærd
Dansk Folkeparti,Socialdemokratiet,65,6092,3648.0,0.5988181221273802,arbejdsmarked_velfærd
Dansk Folkeparti,Socialistisk Folkeparti,65,1507,913.0,0.6058394160583942,arbejdsmarked_velfærd
Dansk Folkeparti,Uden for folketingsgrupperne,65,563,528.0,0.9378330373001776,arbejdsmarked_velfærd
Dansk Folkeparti,Venstre,65,7259,7257.0,0.9997244799559168,arbejdsmarked_velfærd
Det Konservative Folkeparti,Danmarksdemokraterne,65,452,452.0,1.0,arbejdsmarked_velfærd
Det Konservative Folkeparti,Dansk Folkeparti,65,3481,3481.0,1.0,arbejdsmarked_velfærd
Det Konservative Folkeparti,Det Konservative Folkeparti,65,1375,1375.0,1.0,arbejdsmarked_velfærd
Det Konservative Folkeparti,Enhedslisten,65,321,157.0,0.48909657320872274,arbejdsmarked_velfærd
Det Konservative Folkeparti,Inuit Ataqatigiit,65,7,0.0,0.0,arbejdsmarked_velfærd
Det Konservative Folkeparti,Kristeligt Folkeparti,65,308,208.0,0.6753246753246753,arbejdsmarked_velfærd
Det Konservative Folkeparti,Kristendemokraterne,65,192,120.0,0.625,arbejdsmarked_velfærd
Det Konservative Folkeparti,Liberal Alliance,65,333,333.0,1.0,arbejdsmarked_velfærd
Det Konservative Folkeparti,Moderaterne,65,107,107.0,1.0,arbejdsmarked_velfærd
Det Konservative Folkeparti,Not able to assign,65,560,344.0,0.6142857142857143,arbejdsmarked_velfærd
Det Konservative Folkeparti,Ny Alliance,65,245,245.0,1.0,arbejdsmarked_velfærd
Det Konservative Folkeparti,Radikale Venstre,65,1066,659.0,0.6181988742964353,arbejdsmarked_velfærd
Det Konservative Folkeparti,Socialdemokratiet,65,8476,5102.0,0.60193487494101,arbejdsmarked_velfærd
Det Konservative Folkeparti,Socialistisk Folkeparti,65,1511,888.0,0.5876902713434812,arbejdsmarked_velfærd
Det Konservative Folkeparti,Uden for folketingsgrupperne,65,833,789.0,0.9471788715486195,arbejdsmarked_velfærd
Det Konservative Folkeparti,Venstre,65,8981,8975.0,0.9993319229484467,arbejdsmarked_velfærd
Enhedslisten,Danmarksdemokraterne,65,21,12.0,0.5714285714285714,arbejdsmarked_velfærd
Enhedslisten,Dansk Folkeparti,65,260,129.0,0.49615384615384617,arbejdsmarked_velfærd
Enhedslisten,Det Konservative Folkeparti,65,32,15.0,0.46875,arbejdsmarked_velfærd
Enhedslisten,Enhedslisten,65,1,1.0,1.0,arbejdsmarked_velfærd
Enhedslisten,Kristeligt Folkeparti,65,23,15.0,0.6521739130434783,arbejdsmarked_velfærd
Enhedslisten,Kristendemokraterne,65,22,14.0,0.6363636363636364,arbejdsmarked_velfærd
Enhedslisten,Liberal Alliance,65,17,7.0,0.4117647058823529,arbejdsmarked_velfærd
Enhedslisten,Not able to assign,65,9,6.0,0.6666666666666666,arbejdsmarked_velfærd
Enhedslisten,Radikale Venstre,65,60,40.0,0.6666666666666666,arbejdsmarked_velfærd
Enhedslisten,Socialdemokratiet,65,568,426.0,0.75,arbejdsmarked_velfærd
Enhedslisten,Socialistisk Folkeparti,65,131,112.0,0.8549618320610687,arbejdsmarked_velfærd
Enhedslisten,Uden for folketingsgrupperne,65,71,35.0,0.49295774647887325,arbejdsmarked_velfærd
Enhedslisten,Venstre,65,524,258.0,0.49236641221374045,arbejdsmarked_velfærd
Inuit Ataqatigiit,Danmarksdemokraterne,65,1,0.0,0.0,arbejdsmarked_velfærd
Inuit Ataqatigiit,Dansk Folkeparti,65,6,0.0,0.0,arbejdsmarked_velfærd
Inuit Ataqatigiit,Det Konservative Folkeparti,65,3,0.0,0.0,arbejdsmarked_velfærd
Inuit Ataqatigiit,Enhedslisten,65,1,1.0,1.0,arbejdsmarked_velfærd
Inuit Ataqatigiit,Liberal Alliance,65,1,0.0,0.0,arbejdsmarked_velfærd
Inuit Ataqatigiit,Radikale Venstre,65,3,3.0,1.0,arbejdsmarked_velfærd
Inuit Ataqatigiit,Socialdemokratiet,65,16,16.0,1.0,arbejdsmarked_velfærd
Inuit Ataqatigiit,Socialistisk Folkeparti,65,2,2.0,1.0,arbejdsmarked_velfærd
Inuit Ataqatigiit,Uden for folketingsgrupperne,65,2,0.0,0.0,arbejdsmarked_velfærd
Inuit Ataqatigiit,Venstre,65,15,0.0,0.0,arbejdsmarked_velfærd
Kristeligt Folkeparti,Danmarksdemokraterne,65,23,16.0,0.6956521739130435,arbejdsmarked_velfærd
Kristeligt Folkeparti,Dansk Folkeparti,65,410,287.0,0.7,arbejdsmarked_velfærd
Kristeligt Folkeparti,Det Konservative Folkeparti,65,213,145.0,0.6807511737089202,arbejdsmarked_velfærd
Kristeligt Folkeparti,Enhedslisten,65,36,24.0,0.6666666666666666,arbejdsmarked_velfærd
Kristeligt Folkeparti,Inuit Ataqatigiit,65,2,2.0,1.0,arbejdsmarked_velfærd
Kristeligt Folkeparti,Kristeligt Folkeparti,65,18,18.0,1.0,arbejdsmarked_velfærd
Kristeligt Folkeparti,Kristendemokraterne,65,2,2.0,1.0,arbejdsmarked_velfærd
Kristeligt Folkeparti,Liberal Alliance,65,36,25.0,0.6944444444444444,arbejdsmarked_velfærd
Kristeligt Folkeparti,Not able to assign,65,68,60.0,0.8823529411764706,arbejdsmarked_velfærd
Kristeligt Folkeparti,Ny Alliance,65,16,12.0,0.75,arbejdsmarked_velfærd
Kristeligt Folkeparti,Radikale Venstre,65,99,92.0,0.9292929292929293,arbejdsmarked_velfærd
Kristeligt Folkeparti,Socialdemokratiet,65,907,811.0,0.8941565600882029,arbejdsmarked_velfærd
Kristeligt Folkeparti,Socialistisk Folkeparti,65,174,141.0,0.8103448275862069,arbejdsmarked_velfærd
Kristeligt Folkeparti,Uden for folketingsgrupperne,65,122,93.0,0.7622950819672131,arbejdsmarked_velfærd
Kristeligt Folkeparti,Venstre,65,988,688.0,0.6963562753036437,arbejdsmarked_velfærd
Kristendemokraterne,Danmarksdemokraterne,65,20,14.0,0.7,arbejdsmarked_velfærd
Kristendemokraterne,Dansk Folkeparti,65,138,90.0,0.6521739130434783,arbejdsmarked_velfærd
Kristendemokraterne,Kristeligt Folkeparti,65,22,22.0,1.0,arbejdsmarked_velfærd
Kristendemokraterne,Not able to assign,65,5,3.0,0.6,arbejdsmarked_velfærd
Kristendemokraterne,Radikale Venstre,65,5,3.0,0.6,arbejdsmarked_velfærd
Kristendemokraterne,Socialdemokratiet,65,203,143.0,0.7044334975369458,arbejdsmarked_velfærd
Kristendemokraterne,Socialistisk Folkeparti,65,72,51.0,0.7083333333333334,arbejdsmarked_velfærd
Kristendemokraterne,Uden for folketingsgrupperne,65,12,9.0,0.75,arbejdsmarked_velfærd
Kristendemokraterne,Venstre,65,285,185.0,0.6491228070175439,arbejdsmarked_velfærd
Liberal Alliance,Danmarksdemokraterne,65,21,21.0,1.0,arbejdsmarked_velfærd
Liberal Alliance,Dansk Folkeparti,65,263,263.0,1.0,arbejdsmarked_velfærd
Liberal Alliance,Det Konservative Folkeparti,65,16,16.0,1.0,arbejdsmarked_velfærd
Liberal Alliance,Enhedslisten,65,23,12.0,0.5217391304347826,arbejdsmarked_velfærd
Liberal Alliance,Kristeligt Folkeparti,65,23,15.0,0.6521739130434783,arbejdsmarked_velfærd
Liberal Alliance,Kristendemokraterne,65,23,14.0,0.6086956521739131,arbejdsmarked_velfærd
Liberal Alliance,Not able to assign,65,10,5.0,0.5,arbejdsmarked_velfærd
Liberal Alliance,Radikale Venstre,65,63,36.0,0.5714285714285714,arbejdsmarked_velfærd
Liberal Alliance,Socialdemokratiet,65,573,327.0,0.5706806282722513,arbejdsmarked_velfærd
Liberal Alliance,Socialistisk Folkeparti,65,145,83.0,0.5724137931034483,arbejdsmarked_velfærd
Liberal Alliance,Uden for folketingsgrupperne,65,71,66.0,0.9295774647887324,arbejdsmarked_velfærd
Liberal Alliance,Venstre,65,492,492.0,1.0,arbejdsmarked_velfærd
Moderaterne,Danmarksdemokraterne,65,12,12.0,1.0,arbejdsmarked_velfærd
Moderaterne,Dansk Folkeparti,65,92,92.0,1.0,arbejdsmarked_velfærd
Moderaterne,Enhedslisten,65,14,8.0,0.5714285714285714,arbejdsmarked_velfærd
Moderaterne,Kristeligt Folkeparti,65,14,10.0,0.7142857142857143,arbejdsmarked_velfærd
Moderaterne,Kristendemokraterne,65,14,10.0,0.7142857142857143,arbejdsmarked_velfærd
Moderaterne,Liberal Alliance,65,14,14.0,1.0,arbejdsmarked_velfærd
Moderaterne,Not able to assign,65,2,1.0,0.5,arbejdsmarked_velfærd
Moderaterne,Radikale Venstre,65,20,9.0,0.45,arbejdsmarked_velfærd
Moderaterne,Socialdemokratiet,65,182,113.0,0.6208791208791209,arbejdsmarked_velfærd
Moderaterne,Socialistisk Folkeparti,65,56,40.0,0.7142857142857143,arbejdsmarked_velfærd
Moderaterne,Uden for folketingsgrupperne,65,20,20.0,1.0,arbejdsmarked_velfærd
Moderaterne,Venstre,65,173,173.0,1.0,arbejdsmarked_velfærd
Not able to assign,Danmarksdemokraterne,65,232,144.0,0.6206896551724138,arbejdsmarked_velfærd
Not able to assign,Dansk Folkeparti,65,1469,888.0,0.6044928522804629,arbejdsmarked_velfærd
Not able to assign,Det Konservative Folkeparti,65,725,421.0,0.5806896551724138,arbejdsmarked_velfærd
Not able to assign,Enhedslisten,65,135,105.0,0.7777777777777778,arbejdsmarked_velfærd
Not able to assign,Inuit Ataqatigiit,65,2,2.0,1.0,arbejdsmarked_velfærd
Not able to assign,Kristeligt Folkeparti,65,141,108.0,0.7659574468085106,arbejdsmarked_velfærd
Not able to assign,Kristendemokraterne,65,94,71.0,0.7553191489361702,arbejdsmarked_velfærd
Not able to assign,Liberal Alliance,65,137,80.0,0.583941605839416,arbejdsmarked_velfærd
Not able to assign,Moderaterne,65,51,35.0,0.6862745098039216,arbejdsmarked_velfærd
Not able to assign,Not able to assign,65,214,204.0,0.9532710280373832,arbejdsmarked_velfærd
Not able to assign,Ny Alliance,65,99,60.0,0.6060606060606061,arbejdsmarked_velfærd
Not able to assign,Radikale Venstre,65,410,369.0,0.9,arbejdsmarked_velfærd
Not able to assign,Socialdemokratiet,65,3600,3485.0,0.9680555555555556,arbejdsmarked_velfærd
Not able to assign,Socialistisk Folkeparti,65,689,646.0,0.9375907111756169,arbejdsmarked_velfærd
Not able to assign,Uden for folketingsgrupperne,65,314,193.0,0.6146496815286624,arbejdsmarked_velfærd
Not able to assign,Venstre,65,3758,2285.0,0.6080361894624801,arbejdsmarked_velfærd
Ny Alliance,Danmarksdemokraterne,65,60,60.0,1.0,arbejdsmarked_velfærd
Ny Alliance,Dansk Folkeparti,65,368,368.0,1.0,arbejdsmarked_velfærd
Ny Alliance,Det Konservative Folkeparti,65,76,76.0,1.0,arbejdsmarked_velfærd
Ny Alliance,Enhedslisten,65,37,18.0,0.4864864864864865,arbejdsmarked_velfærd
Ny Alliance,Kristeligt Folkeparti,65,36,25.0,0.6944444444444444,arbejdsmarked_velfærd
Ny Alliance,Kristendemokraterne,65,25,16.0,0.64,arbejdsmarked_velfærd
Ny Alliance,Liberal Alliance,65,37,37.0,1.0,arbejdsmarked_velfærd
Ny Alliance,Moderaterne,65,14,14.0,1.0,arbejdsmarked_velfærd
Ny Alliance,Not able to assign,65,46,28.0,0.6086956521739131,arbejdsmarked_velfærd
Ny Alliance,Radikale Venstre,65,60,36.0,0.6,arbejdsmarked_velfærd
Ny Alliance,Socialdemokratiet,65,872,530.0,0.6077981651376146,arbejdsmarked_velfærd
Ny Alliance,Socialistisk Folkeparti,65,171,105.0,0.6140350877192983,arbejdsmarked_velfærd
Ny Alliance,Uden for folketingsgrupperne,65,90,85.0,0.9444444444444444,arbejdsmarked_velfærd
Ny Alliance,Venstre,65,746,746.0,1.0,arbejdsmarked_velfærd
Radikale Venstre,Danmarksdemokraterne,65,177,112.0,0.632768361581921,arbejdsmarked_velfærd
Radikale Venstre,Dansk Folkeparti,65,1330,837.0,0.6293233082706767,arbejdsmarked_velfærd
Radikale Venstre,Det Konservative Folkeparti,65,275,175.0,0.6363636363636364,arbejdsmarked_velfærd
Radikale Venstre,Enhedslisten,65,95,69.0,0.7263157894736842,arbejdsmarked_velfærd
Radikale Venstre,Inuit Ataqatigiit,65,1,1.0,1.0,arbejdsmarked_velfærd
Radikale Venstre,Kristeligt Folkeparti,65,122,89.0,0.7295081967213115,arbejdsmarked_velfærd
Radikale Venstre,Kristendemokraterne,65,92,64.0,0.6956521739130435,arbejdsmarked_velfærd
Radikale Venstre,Liberal Alliance,65,91,56.0,0.6153846153846154,arbejdsmarked_velfærd
Radikale Venstre,Moderaterne,65,35,21.0,0.6,arbejdsmarked_velfærd
Radikale Venstre,Not able to assign,65,179,159.0,0.888268156424581,arbejdsmarked_velfærd
Radikale Venstre,Ny Alliance,65,89,55.0,0.6179775280898876,arbejdsmarked_velfærd
Radikale Venstre,Radikale Venstre,65,234,234.0,1.0,arbejdsmarked_velfærd
Radikale Venstre,Socialdemokratiet,65,2950,2673.0,0.9061016949152543,arbejdsmarked_velfærd
Radikale Venstre,Socialistisk Folkeparti,65,573,495.0,0.8638743455497382,arbejdsmarked_velfærd
Radikale Venstre,Uden for folketingsgrupperne,65,264,169.0,0.6401515151515151,arbejdsmarked_velfærd
Radikale Venstre,Venstre,65,3110,1959.0,0.6299035369774919,arbejdsmarked_velfærd
Socialdemokratiet,Danmarksdemokraterne,65,1000,635.0,0.635,arbejdsmarked_velfærd
Socialdemokratiet,Dansk Folkeparti,65,9185,5608.0,0.6105606967882417,arbejdsmarked_velfærd
Socialdemokratiet,Det Konservative Folkeparti,65,2282,1355.0,0.5937773882559159,arbejdsmarked_velfærd
Socialdemokratiet,Enhedslisten,65,644,492.0,0.7639751552795031,arbejdsmarked_velfærd
Socialdemokratiet,Inuit Ataqatigiit,65,13,13.0,1.0,arbejdsmarked_velfærd
Socialdemokratiet,Kristeligt Folkeparti,65,902,676.0,0.7494456762749445,arbejdsmarked_velfærd
Socialdemokratiet,Kristendemokraterne,65,521,381.0,0.7312859884836852,arbejdsmarked_velfærd
Socialdemokratiet,Liberal Alliance,65,647,387.0,0.598145285935085,arbejdsmarked_velfærd
Socialdemokratiet,Moderaterne,65,211,139.0,0.6587677725118484,arbejdsmarked_velfærd
Socialdemokratiet,Not able to assign,65,1039,1038.0,0.9990375360923965,arbejdsmarked_velfærd
Socialdemokratiet,Ny Alliance,65,285,180.0,0.631578947368421,arbejdsmarked_velfærd
Socialdemokratiet,Radikale Venstre,65,1827,1614.0,0.8834154351395731,arbejdsmarked_velfærd
Socialdemokratiet,Socialdemokratiet,65,18479,18452.0,0.9985388819741328,arbejdsmarked_velfærd
Socialdemokratiet,Socialistisk Folkeparti,65,4122,3720.0,0.9024745269286754,arbejdsmarked_velfærd
Socialdemokratiet,Uden for folketingsgrupperne,65,1951,1224.0,0.6273705791901589,arbejdsmarked_velfærd
Socialdemokratiet,Venstre,65,20868,12832.0,0.614912785125551,arbejdsmarked_velfærd
Socialistisk Folkeparti,Danmarksdemokraterne,65,158,99.0,0.6265822784810127,arbejdsmarked_velfærd
Socialistisk Folkeparti,Dansk Folkeparti,65,1229,731.0,0.5947925142392189,arbejdsmarked_velfærd
Socialistisk Folkeparti,Det Konservative Folkeparti,65,379,215.0,0.5672823218997362,arbejdsmarked_velfærd
Socialistisk Folkeparti,Enhedslisten,65,87,74.0,0.8505747126436781,arbejdsmarked_velfærd
Socialistisk Folkeparti,Inuit Ataqatigiit,65,5,5.0,1.0,arbejdsmarked_velfærd
Socialistisk Folkeparti,Kristeligt Folkeparti,65,139,102.0,0.7338129496402878,arbejdsmarked_velfærd
Socialistisk Folkeparti,Kristendemokraterne,65,69,50.0,0.7246376811594203,arbejdsmarked_velfærd
Socialistisk Folkeparti,Liberal Alliance,65,71,41.0,0.5774647887323944,arbejdsmarked_velfærd
Socialistisk Folkeparti,Moderaterne,65,26,20.0,0.7692307692307693,arbejdsmarked_velfærd
Socialistisk Folkeparti,Not able to assign,65,144,132.0,0.9166666666666666,arbejdsmarked_velfærd
Socialistisk Folkeparti,Ny Alliance,65,38,24.0,0.631578947368421,arbejdsmarked_velfærd
Socialistisk Folkeparti,Radikale Venstre,65,286,248.0,0.8671328671328671,arbejdsmarked_velfærd
Socialistisk Folkeparti,Socialdemokratiet,65,2673,2448.0,0.9158249158249159,arbejdsmarked_velfærd
Socialistisk Folkeparti,Socialistisk Folkeparti,65,517,517.0,1.0,arbejdsmarked_velfærd
Socialistisk Folkeparti,Uden for folketingsgrupperne,65,256,156.0,0.609375,arbejdsmarked_velfærd
Socialistisk Folkeparti,Venstre,65,3062,1841.0,0.6012410189418681,arbejdsmarked_velfærd
Uden for folketingsgrupperne,Danmarksdemokraterne,65,32,32.0,1.0,arbejdsmarked_velfærd
Uden for folketingsgrupperne,Dansk Folkeparti,65,698,672.0,0.9627507163323782,arbejdsmarked_velfærd
Uden for folketingsgrupperne,Det Konservative Folkeparti,65,82,82.0,1.0,arbejdsmarked_velfærd
Uden for folketingsgrupperne,Enhedslisten,65,30,13.0,0.43333333333333335,arbejdsmarked_velfærd
Uden for folketingsgrupperne,Inuit Ataqatigiit,65,1,0.0,0.0,arbejdsmarked_velfærd
Uden for folketingsgrupperne,Kristeligt Folkeparti,65,44,28.0,0.6363636363636364,arbejdsmarked_velfærd
Uden for folketingsgrupperne,Kristendemokraterne,65,33,19.0,0.5757575757575758,arbejdsmarked_velfærd
Uden for folketingsgrupperne,Liberal Alliance,65,32,32.0,1.0,arbejdsmarked_velfærd
Uden for folketingsgrupperne,Moderaterne,65,3,3.0,1.0,arbejdsmarked_velfærd
Uden for folketingsgrupperne,Not able to assign,65,57,35.0,0.6140350877192983,arbejdsmarked_velfærd
Uden for folketingsgrupperne,Ny Alliance,65,1,1.0,1.0,arbejdsmarked_velfærd
Uden for folketingsgrupperne,Radikale Venstre,65,133,89.0,0.6691729323308271,arbejdsmarked_velfærd
Uden for folketingsgrupperne,Socialdemokratiet,65,1250,784.0,0.6272,arbejdsmarked_velfærd
Uden for folketingsgrupperne,Socialistisk Folkeparti,65,292,166.0,0.5684931506849316,arbejdsmarked_velfærd
Uden for folketingsgrupperne,Uden for folketingsgrupperne,65,101,90.0,0.8910891089108911,arbejdsmarked_velfærd
Uden for folketingsgrupperne,Venstre,65,1318,1267.0,0.9613050075872535,arbejdsmarked_velfærd
Venstre,Danmarksdemokraterne,65,1031,1030.0,0.9990300678952473,arbejdsmarked_velfærd
Venstre,Dansk Folkeparti,65,9359,9349.0,0.9989315097766855,arbejdsmarked_velfærd
Venstre,Det Konservative Folkeparti,65,2723,2719.0,0.9985310319500551,arbejdsmarked_velfærd
Venstre,Enhedslisten,65,812,396.0,0.4876847290640394,arbejdsmarked_velfærd
Venstre,Inuit Ataqatigiit,65,18,0.0,0.0,arbejdsmarked_velfærd
Venstre,Kristeligt Folkeparti,65,960,645.0,0.671875,arbejdsmarked_velfærd
Venstre,Kristendemokraterne,65,519,332.0,0.6396917148362236,arbejdsmarked_velfærd
Venstre,Liberal Alliance,65,837,836.0,0.998805256869773,arbejdsmarked_velfærd
Venstre,Moderaterne,65,278,278.0,1.0,arbejdsmarked_velfærd
Venstre,Not able to assign,65,1285,793.0,0.6171206225680934,arbejdsmarked_velfærd
Venstre,Ny Alliance,65,520,519.0,0.9980769230769231,arbejdsmarked_velfærd
Venstre,Radikale Venstre,65,2090,1293.0,0.6186602870813397,arbejdsmarked_velfærd
Venstre,Socialdemokratiet,65,20532,12528.0,0.6101694915254238,arbejdsmarked_velfærd
Venstre,Socialistisk Folkeparti,65,4367,2649.0,0.606594916418594,arbejdsmarked_velfærd
Venstre,Uden for folketingsgrupperne,65,2090,1980.0,0.9473684210526315,arbejdsmarked_velfærd
Venstre,Venstre,65,21878,21846.0,0.9985373434500412,arbejdsmarked_velfærd
Danmarksdemokraterne,Danmarksdemokraterne,66,1265,1231.0,0.9731225296442688,arbejdsmarked_velfærd
Danmarksdemokraterne,Dansk Folkeparti,66,8042,7922.0,0.985078338721711,arbejdsmarked_velfærd
Danmarksdemokraterne,Det Konservative Folkeparti,66,4251,4071.0,0.9576570218772054,arbejdsmarked_velfærd
Danmarksdemokraterne,Enhedslisten,66,1639,492.0,0.300183038438072,arbejdsmarked_velfærd
Danmarksdemokraterne,Kristendemokraterne,66,641,618.0,0.9641185647425897,arbejdsmarked_velfærd
Danmarksdemokraterne,Liberal Alliance,66,557,534.0,0.9587073608617595,arbejdsmarked_velfærd
Danmarksdemokraterne,Moderaterne,66,112,110.0,0.9821428571428571,arbejdsmarked_velfærd
Danmarksdemokraterne,Not able to assign,66,1609,1029.0,0.6395276569297701,arbejdsmarked_velfærd
Danmarksdemokraterne,Ny Alliance,66,270,249.0,0.9222222222222223,arbejdsmarked_velfærd
Danmarksdemokraterne,Radikale Venstre,66,4364,2513.0,0.5758478460128322,arbejdsmarked_velfærd
Danmarksdemokraterne,Siumut,66,6,4.0,0.6666666666666666,arbejdsmarked_velfærd
Danmarksdemokraterne,Socialdemokratiet,66,17051,10593.0,0.6212538854026157,arbejdsmarked_velfærd
Danmarksdemokraterne,Socialistisk Folkeparti,66,3599,1567.0,0.4353987218671853,arbejdsmarked_velfærd
Danmarksdemokraterne,Uden for folketingsgrupperne,66,1964,1673.0,0.8518329938900203,arbejdsmarked_velfærd
Danmarksdemokraterne,Venstre,66,17458,16724.0,0.9579562378279299,arbejdsmarked_velfærd
Dansk Folkeparti,Danmarksdemokraterne,66,3663,3631.0,0.9912639912639912,arbejdsmarked_velfærd
Dansk Folkeparti,Dansk Folkeparti,66,20463,20429.0,0.9983384645457656,arbejdsmarked_velfærd
Dansk Folkeparti,Det Konservative Folkeparti,66,8761,8369.0,0.9552562492866111,arbejdsmarked_velfærd
Dansk Folkeparti,Enhedslisten,66,4371,1233.0,0.28208647906657514,arbejdsmarked_velfærd
Dansk Folkeparti,Kristendemokraterne,66,2249,2154.0,0.9577590040017786,arbejdsmarked_velfærd
Dansk Folkeparti,Liberal Alliance,66,1275,1221.0,0.9576470588235294,arbejdsmarked_velfærd
Dansk Folkeparti,Moderaterne,66,313,302.0,0.9648562300319489,arbejdsmarked_velfærd
Dansk Folkeparti,Not able to assign,66,4373,2860.0,0.654013263206037,arbejdsmarked_velfærd
Dansk Folkeparti,Ny Alliance,66,332,310.0,0.9337349397590361,arbejdsmarked_velfærd
Dansk Folkeparti,Radikale Venstre,66,11699,6644.0,0.5679117873322507,arbejdsmarked_velfærd
Dansk Folkeparti,Siumut,66,18,12.0,0.6666666666666666,arbejdsmarked_velfærd
Dansk Folkeparti,Socialdemokratiet,66,44404,27733.0,0.6245608503738402,arbejdsmarked_velfærd
Dansk Folkeparti,Socialistisk Folkeparti,66,10920,4597.0,0.420970695970696,arbejdsmarked_velfærd
Dansk Folkeparti,Uden for folketingsgrupperne,66,5542,4513.0,0.8143269577769758,arbejdsmarked_velfærd
Dansk Folkeparti,Venstre,66,43607,41583.0,0.9535854335313138,arbejdsmarked_velfærd
Det Konservative Folkeparti,Danmarksdemokraterne,66,4533,4364.0,0.9627178469005074,arbejdsmarked_velfærd
Det Konservative Folkeparti,Dansk Folkeparti,66,23712,22579.0,0.952218286099865,arbejdsmarked_velfærd
Det Konservative Folkeparti,Det Konservative Folkeparti,66,11035,11035.0,1.0,arbejdsmarked_velfærd
Det Konservative Folkeparti,Enhedslisten,66,5238,1575.0,0.3006872852233677,arbejdsmarked_velfærd
Det Konservative Folkeparti,Kristendemokraterne,66,2123,2123.0,1.0,arbejdsmarked_velfærd
Det Konservative Folkeparti,Liberal Alliance,66,1713,1707.0,0.9964973730297724,arbejdsmarked_velfærd
Det Konservative Folkeparti,Moderaterne,66,417,417.0,1.0,arbejdsmarked_velfærd
Det Konservative Folkeparti,Not able to assign,66,5060,3431.0,0.6780632411067193,arbejdsmarked_velfærd
Det Konservative Folkeparti,Ny Alliance,66,877,877.0,1.0,arbejdsmarked_velfærd
Det Konservative Folkeparti,Radikale Venstre,66,13728,8379.0,0.6103583916083916,arbejdsmarked_velfærd
Det Konservative Folkeparti,Siumut,66,26,18.0,0.6923076923076923,arbejdsmarked_velfærd
Det Konservative Folkeparti,Socialdemokratiet,66,52067,34495.0,0.6625117636890929,arbejdsmarked_velfærd
Det Konservative Folkeparti,Socialistisk Folkeparti,66,11416,5182.0,0.45392431674842326,arbejdsmarked_velfærd
Det Konservative Folkeparti,Uden for folketingsgrupperne,66,6165,5371.0,0.8712084347120843,arbejdsmarked_velfærd
Det Konservative Folkeparti,Venstre,66,50749,50704.0,0.9991132830203551,arbejdsmarked_velfærd
Enhedslisten,Danmarksdemokraterne,66,728,241.0,0.33104395604395603,arbejdsmarked_velfærd
Enhedslisten,Dansk Folkeparti,66,4356,1290.0,0.29614325068870523,arbejdsmarked_velfærd
Enhedslisten,Det Konservative Folkeparti,66,1278,376.0,0.2942097026604069,arbejdsmarked_velfærd
Enhedslisten,Enhedslisten,66,577,576.0,0.9982668977469671,arbejdsmarked_velfærd
Enhedslisten,Kristendemokraterne,66,504,147.0,0.2916666666666667,arbejdsmarked_velfærd
Enhedslisten,Liberal Alliance,66,208,53.0,0.2548076923076923,arbejdsmarked_velfærd
Enhedslisten,Moderaterne,66,29,5.0,0.1724137931034483,arbejdsmarked_velfærd
Enhedslisten,Not able to assign,66,708,397.0,0.5607344632768362,arbejdsmarked_velfærd
Enhedslisten,Ny Alliance,66,44,12.0,0.2727272727272727,arbejdsmarked_velfærd
Enhedslisten,Radikale Venstre,66,2024,1207.0,0.5963438735177866,arbejdsmarked_velfærd
Enhedslisten,Siumut,66,3,2.0,0.6666666666666666,arbejdsmarked_velfærd
Enhedslisten,Socialdemokratiet,66,8298,4947.0,0.5961677512653651,arbejdsmarked_velfærd
Enhedslisten,Socialistisk Folkeparti,66,2147,1740.0,0.8104331625523987,arbejdsmarked_velfærd
Enhedslisten,Uden for folketingsgrupperne,66,1227,513.0,0.4180929095354523,arbejdsmarked_velfærd
Enhedslisten,Venstre,66,7623,2285.0,0.29975075429620884,arbejdsmarked_velfærd
Kristendemokraterne,Danmarksdemokraterne,66,227,215.0,0.947136563876652,arbejdsmarked_velfærd
Kristendemokraterne,Dansk Folkeparti,66,986,947.0,0.960446247464503,arbejdsmarked_velfærd
Kristendemokraterne,Det Konservative Folkeparti,66,244,244.0,1.0,arbejdsmarked_velfærd
Kristendemokraterne,Enhedslisten,66,137,36.0,0.26277372262773724,arbejdsmarked_velfærd
Kristendemokraterne,Not able to assign,66,134,94.0,0.7014925373134329,arbejdsmarked_velfærd
Kristendemokraterne,Radikale Venstre,66,189,113.0,0.5978835978835979,arbejdsmarked_velfærd
Kristendemokraterne,Socialdemokratiet,66,1614,1053.0,0.6524163568773235,arbejdsmarked_velfærd
Kristendemokraterne,Socialistisk Folkeparti,66,675,299.0,0.44296296296296295,arbejdsmarked_velfærd
Kristendemokraterne,Uden for folketingsgrupperne,66,343,289.0,0.8425655976676385,arbejdsmarked_velfærd
Kristendemokraterne,Venstre,66,2072,2071.0,0.9995173745173745,arbejdsmarked_velfærd
Liberal Alliance,Danmarksdemokraterne,66,205,192.0,0.9365853658536586,arbejdsmarked_velfærd
Liberal Alliance,Dansk Folkeparti,66,1539,1463.0,0.9506172839506173,arbejdsmarked_velfærd
Liberal Alliance,Det Konservative Folkeparti,66,372,372.0,1.0,arbejdsmarked_velfærd
Liberal Alliance,Enhedslisten,66,365,91.0,0.2493150684931507,arbejdsmarked_velfærd
Liberal Alliance,Kristendemokraterne,66,207,206.0,0.9951690821256038,arbejdsmarked_velfærd
Liberal Alliance,Not able to assign,66,256,167.0,0.65234375,arbejdsmarked_velfærd
Liberal Alliance,Radikale Venstre,66,1037,595.0,0.5737704918032787,arbejdsmarked_velfærd
Liberal Alliance,Socialdemokratiet,66,3285,2016.0,0.6136986301369863,arbejdsmarked_velfærd
Liberal Alliance,Socialistisk Folkeparti,66,726,281.0,0.38705234159779617,arbejdsmarked_velfærd
Liberal Alliance,Uden for folketingsgrupperne,66,493,410.0,0.8316430020283976,arbejdsmarked_velfærd
Liberal Alliance,Venstre,66,2181,2167.0,0.9935809261806511,arbejdsmarked_velfærd
Moderaterne,Danmarksdemokraterne,66,58,57.0,0.9827586206896551,arbejdsmarked_velfærd
Moderaterne,Dansk Folkeparti,66,352,340.0,0.9659090909090909,arbejdsmarked_velfærd
Moderaterne,Det Konservative Folkeparti,66,73,73.0,1.0,arbejdsmarked_velfærd
Moderaterne,Enhedslisten,66,92,19.0,0.20652173913043478,arbejdsmarked_velfærd
Moderaterne,Kristendemokraterne,66,50,50.0,1.0,arbejdsmarked_velfærd
Moderaterne,Liberal Alliance,66,41,40.0,0.975609756097561,arbejdsmarked_velfærd
Moderaterne,Not able to assign,66,66,47.0,0.7121212121212122,arbejdsmarked_velfærd
Moderaterne,Radikale Venstre,66,244,170.0,0.6967213114754098,arbejdsmarked_velfærd
Moderaterne,Socialdemokratiet,66,797,520.0,0.6524466750313677,arbejdsmarked_velfærd
Moderaterne,Socialistisk Folkeparti,66,165,64.0,0.3878787878787879,arbejdsmarked_velfærd
Moderaterne,Uden for folketingsgrupperne,66,130,115.0,0.8846153846153846,arbejdsmarked_velfærd
Moderaterne,Venstre,66,503,502.0,0.9980119284294234,arbejdsmarked_velfærd
Not able to assign,Danmarksdemokraterne,66,1049,681.0,0.6491897044804575,arbejdsmarked_velfærd
Not able to assign,Dansk Folkeparti,66,5808,3512.0,0.6046831955922864,arbejdsmarked_velfærd
Not able to assign,Det Konservative Folkeparti,66,2459,1592.0,0.6474176494509963,arbejdsmarked_velfærd
Not able to assign,Enhedslisten,66,1305,768.0,0.5885057471264368,arbejdsmarked_velfærd
Not able to assign,Kristendemokraterne,66,616,401.0,0.650974025974026,arbejdsmarked_velfærd
Not able to assign,Liberal Alliance,66,388,232.0,0.5979381443298969,arbejdsmarked_velfærd
Not able to assign,Moderaterne,66,92,56.0,0.6086956521739131,arbejdsmarked_velfærd
Not able to assign,Not able to assign,66,903,888.0,0.9833887043189369,arbejdsmarked_velfærd
Not able to assign,Ny Alliance,66,165,103.0,0.6242424242424243,arbejdsmarked_velfærd
Not able to assign,Radikale Venstre,66,3077,2572.0,0.8358791030224244,arbejdsmarked_velfærd
Not able to assign,Siumut,66,6,4.0,0.6666666666666666,arbejdsmarked_velfærd
Not able to assign,Socialdemokratiet,66,12329,12051.0,0.9774515370265229,arbejdsmarked_velfærd
Not able to assign,Socialistisk Folkeparti,66,2948,2223.0,0.7540705563093623,arbejdsmarked_velfærd
Not able to assign,Uden for folketingsgrupperne,66,1552,1134.0,0.7306701030927835,arbejdsmarked_velfærd
Not able to assign,Venstre,66,11786,7660.0,0.6499236382148311,arbejdsmarked_velfærd
Ny Alliance,Danmarksdemokraterne,66,239,226.0,0.9456066945606695,arbejdsmarked_velfærd
Ny Alliance,Dansk Folkeparti,66,1378,1283.0,0.9310595065312046,arbejdsmarked_velfærd
Ny Alliance,Det Konservative Folkeparti,66,405,405.0,1.0,arbejdsmarked_velfærd
Ny Alliance,Enhedslisten,66,319,81.0,0.25391849529780564,arbejdsmarked_velfærd
Ny Alliance,Kristendemokraterne,66,127,127.0,1.0,arbejdsmarked_velfærd
Ny Alliance,Liberal Alliance,66,121,121.0,1.0,arbejdsmarked_velfærd
Ny Alliance,Moderaterne,66,30,30.0,1.0,arbejdsmarked_velfærd
Ny Alliance,Not able to assign,66,216,134.0,0.6203703703703703,arbejdsmarked_velfærd
Ny Alliance,Radikale Venstre,66,720,423.0,0.5875,arbejdsmarked_velfærd
Ny Alliance,Siumut,66,3,2.0,0.6666666666666666,arbejdsmarked_velfærd
Ny Alliance,Socialdemokratiet,66,2984,1791.0,0.600201072386059,arbejdsmarked_velfærd
Ny Alliance,Socialistisk Folkeparti,66,572,238.0,0.4160839160839161,arbejdsmarked_velfærd
Ny Alliance,Uden for folketingsgrupperne,66,406,357.0,0.8793103448275862,arbejdsmarked_velfærd
Ny Alliance,Venstre,66,2548,2545.0,0.9988226059654631,arbejdsmarked_velfærd
Radikale Venstre,Danmarksdemokraterne,66,3211,1949.0,0.6069760199314855,arbejdsmarked_velfærd
Radikale Venstre,Dansk Folkeparti,66,16184,9194.0,0.5680919426594168,arbejdsmarked_velfærd
Radikale Venstre,Det Konservative Folkeparti,66,6910,4290.0,0.6208393632416788,arbejdsmarked_velfærd
Radikale Venstre,Enhedslisten,66,3539,2158.0,0.6097767730997457,arbejdsmarked_velfærd
Radikale Venstre,Kristendemokraterne,66,1850,1105.0,0.5972972972972973,arbejdsmarked_velfærd
Radikale Venstre,Liberal Alliance,66,756,445.0,0.5886243386243386,arbejdsmarked_velfærd
Radikale Venstre,Moderaterne,66,169,114.0,0.6745562130177515,arbejdsmarked_velfærd
Radikale Venstre,Not able to assign,66,3331,2801.0,0.8408886220354248,arbejdsmarked_velfærd
Radikale Venstre,Ny Alliance,66,404,245.0,0.6064356435643564,arbejdsmarked_velfærd
Radikale Venstre,Radikale Venstre,66,7909,7875.0,0.9957011000126438,arbejdsmarked_velfærd
Radikale Venstre,Siumut,66,15,10.0,0.6666666666666666,arbejdsmarked_velfærd
Radikale Venstre,Socialdemokratiet,66,33495,28441.0,0.8491118077324974,arbejdsmarked_velfærd
Radikale Venstre,Socialistisk Folkeparti,66,8245,6568.0,0.7966040024257125,arbejdsmarked_velfærd
Radikale Venstre,Uden for folketingsgrupperne,66,4274,3273.0,0.7657931679925128,arbejdsmarked_velfærd
Radikale Venstre,Venstre,66,34388,21024.0,0.6113760614167733,arbejdsmarked_velfærd
Siumut,Danmarksdemokraterne,66,3,2.0,0.6666666666666666,arbejdsmarked_velfærd
Siumut,Dansk Folkeparti,66,22,15.0,0.6818181818181818,arbejdsmarked_velfærd
Siumut,Det Konservative Folkeparti,66,6,4.0,0.6666666666666666,arbejdsmarked_velfærd
Siumut,Enhedslisten,66,3,2.0,0.6666666666666666,arbejdsmarked_velfærd
Siumut,Kristendemokraterne,66,3,2.0,0.6666666666666666,arbejdsmarked_velfærd
Siumut,Liberal Alliance,66,3,2.0,0.6666666666666666,arbejdsmarked_velfærd
Siumut,Not able to assign,66,3,2.0,0.6666666666666666,arbejdsmarked_velfærd
Siumut,Radikale Venstre,66,12,8.0,0.6666666666666666,arbejdsmarked_velfærd
Siumut,Socialdemokratiet,66,45,30.0,0.6666666666666666,arbejdsmarked_velfærd
Siumut,Socialistisk Folkeparti,66,12,8.0,0.6666666666666666,arbejdsmarked_velfærd
Siumut,Uden for folketingsgrupperne,66,12,8.0,0.6666666666666666,arbejdsmarked_velfærd
Siumut,Venstre,66,29,20.0,0.6896551724137931,arbejdsmarked_velfærd
Socialdemokratiet,Danmarksdemokraterne,66,8103,5245.0,0.6472911267431816,arbejdsmarked_velfærd
Socialdemokratiet,Dansk Folkeparti,66,49045,29600.0,0.6035273728208788,arbejdsmarked_velfærd
Socialdemokratiet,Det Konservative Folkeparti,66,17070,11052.0,0.647451669595782,arbejdsmarked_velfærd
Socialdemokratiet,Enhedslisten,66,10184,5929.0,0.5821877454831108,arbejdsmarked_velfærd
Socialdemokratiet,Kristendemokraterne,66,5214,3347.0,0.6419255849635597,arbejdsmarked_velfærd
Socialdemokratiet,Liberal Alliance,66,2662,1636.0,0.6145755071374907,arbejdsmarked_velfærd
Socialdemokratiet,Moderaterne,66,619,385.0,0.6219709208400647,arbejdsmarked_velfærd
Socialdemokratiet,Not able to assign,66,9049,8919.0,0.9856337716874792,arbejdsmarked_velfærd
Socialdemokratiet,Ny Alliance,66,611,367.0,0.6006546644844517,arbejdsmarked_velfærd
Socialdemokratiet,Radikale Venstre,66,25673,21782.0,0.8484399953258287,arbejdsmarked_velfærd
Socialdemokratiet,Siumut,66,45,30.0,0.6666666666666666,arbejdsmarked_velfærd
Socialdemokratiet,Socialdemokratiet,66,95926,94269.0,0.9827262681650439,arbejdsmarked_velfærd
Socialdemokratiet,Socialistisk Folkeparti,66,23846,18430.0,0.7728759540384131,arbejdsmarked_velfærd
Socialdemokratiet,Uden for folketingsgrupperne,66,13032,9683.0,0.7430171884591774,arbejdsmarked_velfærd
Socialdemokratiet,Venstre,66,93847,60960.0,0.6495679137319254,arbejdsmarked_velfærd
Socialistisk Folkeparti,Danmarksdemokraterne,66,2336,1063.0,0.4550513698630137,arbejdsmarked_velfærd
Socialistisk Folkeparti,Dansk Folkeparti,66,11450,4833.0,0.4220960698689956,arbejdsmarked_velfærd
Socialistisk Folkeparti,Det Konservative Folkeparti,66,5115,2339.0,0.45728250244379276,arbejdsmarked_velfærd
Socialistisk Folkeparti,Enhedslisten,66,2285,1825.0,0.7986870897155361,arbejdsmarked_velfærd
Socialistisk Folkeparti,Kristendemokraterne,66,964,425.0,0.4408713692946058,arbejdsmarked_velfærd
Socialistisk Folkeparti,Liberal Alliance,66,714,283.0,0.3963585434173669,arbejdsmarked_velfærd
Socialistisk Folkeparti,Moderaterne,66,165,60.0,0.36363636363636365,arbejdsmarked_velfærd
Socialistisk Folkeparti,Not able to assign,66,2225,1670.0,0.750561797752809,arbejdsmarked_velfærd
Socialistisk Folkeparti,Ny Alliance,66,272,118.0,0.4338235294117647,arbejdsmarked_velfærd
Socialistisk Folkeparti,Radikale Venstre,66,5887,4700.0,0.7983692882622728,arbejdsmarked_velfærd
Socialistisk Folkeparti,Siumut,66,6,4.0,0.6666666666666666,arbejdsmarked_velfærd
Socialistisk Folkeparti,Socialdemokratiet,66,23507,18408.0,0.7830858893095674,arbejdsmarked_velfærd
Socialistisk Folkeparti,Socialistisk Folkeparti,66,4943,4914.0,0.9941331175399555,arbejdsmarked_velfærd
Socialistisk Folkeparti,Uden for folketingsgrupperne,66,2957,1730.0,0.5850524179912073,arbejdsmarked_velfærd
Socialistisk Folkeparti,Venstre,66,24880,11281.0,0.4534163987138264,arbejdsmarked_velfærd
Uden for folketingsgrupperne,Danmarksdemokraterne,66,699,615.0,0.8798283261802575,arbejdsmarked_velfærd
Uden for folketingsgrupperne,Dansk Folkeparti,66,4374,3969.0,0.9074074074074074,arbejdsmarked_velfærd
Uden for folketingsgrupperne,Det Konservative Folkeparti,66,1269,1156.0,0.9109535066981875,arbejdsmarked_velfærd
Uden for folketingsgrupperne,Enhedslisten,66,763,258.0,0.3381389252948886,arbejdsmarked_velfærd
Uden for folketingsgrupperne,Kristendemokraterne,66,381,351.0,0.9212598425196851,arbejdsmarked_velfærd
Uden for folketingsgrupperne,Liberal Alliance,66,162,157.0,0.9691358024691358,arbejdsmarked_velfærd
Uden for folketingsgrupperne,Moderaterne,66,47,45.0,0.9574468085106383,arbejdsmarked_velfærd
Uden for folketingsgrupperne,Not able to assign,66,759,541.0,0.7127799736495388,arbejdsmarked_velfærd
Uden for folketingsgrupperne,Ny Alliance,66,9,8.0,0.8888888888888888,arbejdsmarked_velfærd
Uden for folketingsgrupperne,Radikale Venstre,66,1891,1178.0,0.6229508196721312,arbejdsmarked_velfærd
Uden for folketingsgrupperne,Socialdemokratiet,66,8021,5451.0,0.6795910734322403,arbejdsmarked_velfærd
Uden for folketingsgrupperne,Socialistisk Folkeparti,66,2050,1025.0,0.5,arbejdsmarked_velfærd
Uden for folketingsgrupperne,Uden for folketingsgrupperne,66,954,747.0,0.7830188679245284,arbejdsmarked_velfærd
Uden for folketingsgrupperne,Venstre,66,7964,7260.0,0.9116022099447514,arbejdsmarked_velfærd
Venstre,Danmarksdemokraterne,66,11800,11270.0,0.9550847457627119,arbejdsmarked_velfærd
Venstre,Dansk Folkeparti,66,65372,62080.0,0.9496420485834914,arbejdsmarked_velfærd
Venstre,Det Konservative Folkeparti,66,29983,29926.0,0.9980989227228763,arbejdsmarked_velfærd
Venstre,Enhedslisten,66,13988,4090.0,0.2923934801258221,arbejdsmarked_velfærd
Venstre,Kristendemokraterne,66,5904,5895.0,0.9984756097560976,arbejdsmarked_velfærd
Venstre,Liberal Alliance,66,4747,4722.0,0.994733515904782,arbejdsmarked_velfærd
Venstre,Moderaterne,66,1095,1095.0,1.0,arbejdsmarked_velfærd
Venstre,Not able to assign,66,13244,8903.0,0.6722289338568408,arbejdsmarked_velfærd
Venstre,Ny Alliance,66,1593,1590.0,0.9981167608286252,arbejdsmarked_velfærd
Venstre,Radikale Venstre,66,34683,20913.0,0.6029755211486896,arbejdsmarked_velfærd
Venstre,Siumut,66,66,44.0,0.6666666666666666,arbejdsmarked_velfærd
Venstre,Socialdemokratiet,66,137857,90006.0,0.6528939408227366,arbejdsmarked_velfærd
Venstre,Socialistisk Folkeparti,66,30530,13651.0,0.44713396659023913,arbejdsmarked_velfærd
Venstre,Uden for folketingsgrupperne,66,16437,14153.0,0.8610452028959056,arbejdsmarked_velfærd
Venstre,Venstre,66,131415,131136.0,0.9978769546855382,arbejdsmarked_velfærd
Danmarksdemokraterne,Danmarksdemokraterne,67,2319,2283.0,0.9844760672703752,arbejdsmarked_velfærd
Danmarksdemokraterne,Dansk Folkeparti,67,12617,12524.0,0.9926289926289926,arbejdsmarked_velfærd
Danmarksdemokraterne,Det Konservative Folkeparti,67,9509,8817.0,0.9272268377326743,arbejdsmarked_velfærd
Danmarksdemokraterne,Enhedslisten,67,2228,814.0,0.3653500897666068,arbejdsmarked_velfærd
Danmarksdemokraterne,Inuit Ataqatigiit,67,3,0.0,0.0,arbejdsmarked_velfærd
Danmarksdemokraterne,Javnaðarflokkurin,67,2,2.0,1.0,arbejdsmarked_velfærd
Danmarksdemokraterne,Kristendemokraterne,67,746,661.0,0.886058981233244,arbejdsmarked_velfærd
Danmarksdemokraterne,Liberal Alliance,67,504,410.0,0.8134920634920635,arbejdsmarked_velfærd
Danmarksdemokraterne,Moderaterne,67,33,29.0,0.8787878787878788,arbejdsmarked_velfærd
Danmarksdemokraterne,Not able to assign,67,105,69.0,0.6571428571428571,arbejdsmarked_velfærd
Danmarksdemokraterne,Radikale Venstre,67,4579,2590.0,0.5656256824634199,arbejdsmarked_velfærd
Danmarksdemokraterne,Sambandsflokkurin,67,21,18.0,0.8571428571428571,arbejdsmarked_velfærd
Danmarksdemokraterne,Siumut,67,40,34.0,0.85,arbejdsmarked_velfærd
Danmarksdemokraterne,Socialdemokratiet,67,31285,17002.0,0.543455330030366,arbejdsmarked_velfærd
Danmarksdemokraterne,Socialistisk Folkeparti,67,11861,5887.0,0.4963325183374083,arbejdsmarked_velfærd
Danmarksdemokraterne,Tjóðveldi,67,2,0.0,0.0,arbejdsmarked_velfærd
Danmarksdemokraterne,Uden for folketingsgrupperne,67,2518,2213.0,0.8788721207307387,arbejdsmarked_velfærd
Danmarksdemokraterne,Venstre,67,27603,25637.0,0.9287758576966272,arbejdsmarked_velfærd
Dansk Folkeparti,Danmarksdemokraterne,67,6392,6346.0,0.9928035043804756,arbejdsmarked_velfærd
Dansk Folkeparti,Dansk Folkeparti,67,29839,29827.0,0.999597841750729,arbejdsmarked_velfærd
Dansk Folkeparti,Det Konservative Folkeparti,67,23614,21806.0,0.9234352502752604,arbejdsmarked_velfærd
Dansk Folkeparti,Enhedslisten,67,5791,2188.0,0.37782766361595577,arbejdsmarked_velfærd
Dansk Folkeparti,Inuit Ataqatigiit,67,5,0.0,0.0,arbejdsmarked_velfærd
Dansk Folkeparti,Javnaðarflokkurin,67,12,12.0,1.0,arbejdsmarked_velfærd
Dansk Folkeparti,Kristendemokraterne,67,2013,1765.0,0.8768007948335818,arbejdsmarked_velfærd
Dansk Folkeparti,Liberal Alliance,67,1610,1312.0,0.8149068322981367,arbejdsmarked_velfærd
Dansk Folkeparti,Moderaterne,67,96,74.0,0.7708333333333334,arbejdsmarked_velfærd
Dansk Folkeparti,Not able to assign,67,302,191.0,0.6324503311258278,arbejdsmarked_velfærd
Dansk Folkeparti,Radikale Venstre,67,11138,6232.0,0.5595259472077573,arbejdsmarked_velfærd
Dansk Folkeparti,Sambandsflokkurin,67,36,30.0,0.8333333333333334,arbejdsmarked_velfærd
Dansk Folkeparti,Siumut,67,66,52.0,0.7878787878787878,arbejdsmarked_velfærd
Dansk Folkeparti,Socialdemokratiet,67,80930,43512.0,0.5376498208328185,arbejdsmarked_velfærd
Dansk Folkeparti,Socialistisk Folkeparti,67,31398,15592.0,0.4965921396267278,arbejdsmarked_velfærd
Dansk Folkeparti,Tjóðveldi,67,3,0.0,0.0,arbejdsmarked_velfærd
Dansk Folkeparti,Uden for folketingsgrupperne,67,6859,5999.0,0.8746172911503135,arbejdsmarked_velfærd
Dansk Folkeparti,Venstre,67,72462,66785.0,0.9216554883939169,arbejdsmarked_velfærd
Det Konservative Folkeparti,Danmarksdemokraterne,67,4875,4456.0,0.914051282051282,arbejdsmarked_velfærd
Det Konservative Folkeparti,Dansk Folkeparti,67,24723,22577.0,0.9131982364599766,arbejdsmarked_velfærd
Det Konservative Folkeparti,Det Konservative Folkeparti,67,16553,16546.0,0.999577115930647,arbejdsmarked_velfærd
Det Konservative Folkeparti,Enhedslisten,67,4591,1772.0,0.3859725549989109,arbejdsmarked_velfærd
Det Konservative Folkeparti,Inuit Ataqatigiit,67,5,0.0,0.0,arbejdsmarked_velfærd
Det Konservative Folkeparti,Javnaðarflokkurin,67,8,8.0,1.0,arbejdsmarked_velfærd
Det Konservative Folkeparti,Kristendemokraterne,67,1622,1590.0,0.9802712700369913,arbejdsmarked_velfærd
Det Konservative Folkeparti,Liberal Alliance,67,1076,906.0,0.8420074349442379,arbejdsmarked_velfærd
Det Konservative Folkeparti,Moderaterne,67,86,86.0,1.0,arbejdsmarked_velfærd
Det Konservative Folkeparti,Not able to assign,67,258,234.0,0.9069767441860465,arbejdsmarked_velfærd
Det Konservative Folkeparti,Radikale Venstre,67,8958,5739.0,0.6406563965170797,arbejdsmarked_velfærd
Det Konservative Folkeparti,Sambandsflokkurin,67,27,27.0,1.0,arbejdsmarked_velfærd
Det Konservative Folkeparti,Siumut,67,69,62.0,0.8985507246376812,arbejdsmarked_velfærd
Det Konservative Folkeparti,Socialdemokratiet,67,62819,39111.0,0.6225982584886738,arbejdsmarked_velfærd
Det Konservative Folkeparti,Socialistisk Folkeparti,67,23481,13087.0,0.5573442357650866,arbejdsmarked_velfærd
Det Konservative Folkeparti,Tjóðveldi,67,4,0.0,0.0,arbejdsmarked_velfærd
Det Konservative Folkeparti,Uden for folketingsgrupperne,67,5374,4727.0,0.8796055080014886,arbejdsmarked_velfærd
Det Konservative Folkeparti,Venstre,67,53893,53855.0,0.9992948991520234,arbejdsmarked_velfærd
Enhedslisten,Danmarksdemokraterne,67,980,322.0,0.32857142857142857,arbejdsmarked_velfærd
Enhedslisten,Dansk Folkeparti,67,4890,1717.0,0.3511247443762781,arbejdsmarked_velfærd
Enhedslisten,Det Konservative Folkeparti,67,3393,1183.0,0.3486590038314176,arbejdsmarked_velfærd
Enhedslisten,Enhedslisten,67,525,478.0,0.9104761904761904,arbejdsmarked_velfærd
Enhedslisten,Inuit Ataqatigiit,67,2,0.0,0.0,arbejdsmarked_velfærd
Enhedslisten,Javnaðarflokkurin,67,2,0.0,0.0,arbejdsmarked_velfærd
Enhedslisten,Kristendemokraterne,67,413,155.0,0.37530266343825663,arbejdsmarked_velfærd
Enhedslisten,Liberal Alliance,67,284,108.0,0.38028169014084506,arbejdsmarked_velfærd
Enhedslisten,Moderaterne,67,13,3.0,0.23076923076923078,arbejdsmarked_velfærd
Enhedslisten,Not able to assign,67,48,22.0,0.4583333333333333,arbejdsmarked_velfærd
Enhedslisten,Radikale Venstre,67,1624,1068.0,0.6576354679802956,arbejdsmarked_velfærd
Enhedslisten,Siumut,67,9,3.0,0.3333333333333333,arbejdsmarked_velfærd
Enhedslisten,Socialdemokratiet,67,11646,7906.0,0.6788596943156449,arbejdsmarked_velfærd
Enhedslisten,Socialistisk Folkeparti,67,4533,3355.0,0.7401279505846018,arbejdsmarked_velfærd
Enhedslisten,Tjóðveldi,67,1,0.0,0.0,arbejdsmarked_velfærd
Enhedslisten,Uden for folketingsgrupperne,67,1096,416.0,0.3795620437956204,arbejdsmarked_velfærd
Enhedslisten,Venstre,67,10194,3589.0,0.3520698450068668,arbejdsmarked_velfærd
Inuit Ataqatigiit,Danmarksdemokraterne,67,1,0.0,0.0,arbejdsmarked_velfærd
Inuit Ataqatigiit,Dansk Folkeparti,67,9,0.0,0.0,arbejdsmarked_velfærd
Inuit Ataqatigiit,Det Konservative Folkeparti,67,6,0.0,0.0,arbejdsmarked_velfærd
Inuit Ataqatigiit,Enhedslisten,67,1,0.0,0.0,arbejdsmarked_velfærd
Inuit Ataqatigiit,Kristendemokraterne,67,1,0.0,0.0,arbejdsmarked_velfærd
Inuit Ataqatigiit,Moderaterne,67,1,0.0,0.0,arbejdsmarked_velfærd
Inuit Ataqatigiit,Radikale Venstre,67,6,0.0,0.0,arbejdsmarked_velfærd
Inuit Ataqatigiit,Siumut,67,1,1.0,1.0,arbejdsmarked_velfærd
Inuit Ataqatigiit,Socialdemokratiet,67,19,0.0,0.0,arbejdsmarked_velfærd
Inuit Ataqatigiit,Socialistisk Folkeparti,67,7,0.0,0.0,arbejdsmarked_velfærd
Inuit Ataqatigiit,Uden for folketingsgrupperne,67,2,0.0,0.0,arbejdsmarked_velfærd
Inuit Ataqatigiit,Venstre,67,18,0.0,0.0,arbejdsmarked_velfærd
Javnaðarflokkurin,Dansk Folkeparti,67,2,2.0,1.0,arbejdsmarked_velfærd
Javnaðarflokkurin,Det Konservative Folkeparti,67,2,2.0,1.0,arbejdsmarked_velfærd
Javnaðarflokkurin,Socialdemokratiet,67,4,4.0,1.0,arbejdsmarked_velfærd
Javnaðarflokkurin,Socialistisk Folkeparti,67,1,1.0,1.0,arbejdsmarked_velfærd
Javnaðarflokkurin,Venstre,67,6,6.0,1.0,arbejdsmarked_velfærd
Kristendemokraterne,Danmarksdemokraterne,67,65,56.0,0.8615384615384616,arbejdsmarked_velfærd
Kristendemokraterne,Dansk Folkeparti,67,716,630.0,0.8798882681564246,arbejdsmarked_velfærd
Kristendemokraterne,Det Konservative Folkeparti,67,444,428.0,0.963963963963964,arbejdsmarked_velfærd
Kristendemokraterne,Enhedslisten,67,45,17.0,0.37777777777777777,arbejdsmarked_velfærd
Kristendemokraterne,Javnaðarflokkurin,67,1,1.0,1.0,arbejdsmarked_velfærd
Kristendemokraterne,Liberal Alliance,67,71,59.0,0.8309859154929577,arbejdsmarked_velfærd
Kristendemokraterne,Not able to assign,67,16,14.0,0.875,arbejdsmarked_velfærd
Kristendemokraterne,Socialdemokratiet,67,1255,764.0,0.6087649402390438,arbejdsmarked_velfærd
Kristendemokraterne,Socialistisk Folkeparti,67,644,358.0,0.5559006211180124,arbejdsmarked_velfærd
Kristendemokraterne,Uden for folketingsgrupperne,67,115,86.0,0.7478260869565218,arbejdsmarked_velfærd
Kristendemokraterne,Venstre,67,1644,1607.0,0.9774939172749392,arbejdsmarked_velfærd
Liberal Alliance,Danmarksdemokraterne,67,523,444.0,0.8489483747609943,arbejdsmarked_velfærd
Liberal Alliance,Dansk Folkeparti,67,1740,1468.0,0.8436781609195402,arbejdsmarked_velfærd
Liberal Alliance,Det Konservative Folkeparti,67,1440,1334.0,0.9263888888888889,arbejdsmarked_velfærd
Liberal Alliance,Enhedslisten,67,284,95.0,0.3345070422535211,arbejdsmarked_velfærd
Liberal Alliance,Inuit Ataqatigiit,67,1,0.0,0.0,arbejdsmarked_velfærd
Liberal Alliance,Javnaðarflokkurin,67,1,1.0,1.0,arbejdsmarked_velfærd
Liberal Alliance,Kristendemokraterne,67,78,72.0,0.9230769230769231,arbejdsmarked_velfærd
Liberal Alliance,Liberal Alliance,67,3,3.0,1.0,arbejdsmarked_velfærd
Liberal Alliance,Moderaterne,67,6,6.0,1.0,arbejdsmarked_velfærd
Liberal Alliance,Not able to assign,67,21,17.0,0.8095238095238095,arbejdsmarked_velfærd
Liberal Alliance,Radikale Venstre,67,611,358.0,0.5859247135842881,arbejdsmarked_velfærd
Liberal Alliance,Sambandsflokkurin,67,1,1.0,1.0,arbejdsmarked_velfærd
Liberal Alliance,Siumut,67,4,3.0,0.75,arbejdsmarked_velfærd
Liberal Alliance,Socialdemokratiet,67,4040,2232.0,0.5524752475247525,arbejdsmarked_velfærd
Liberal Alliance,Socialistisk Folkeparti,67,1799,933.0,0.5186214563646471,arbejdsmarked_velfærd
Liberal Alliance,Tjóðveldi,67,1,0.0,0.0,arbejdsmarked_velfærd
Liberal Alliance,Uden for folketingsgrupperne,67,314,245.0,0.7802547770700637,arbejdsmarked_velfærd
Liberal Alliance,Venstre,67,3962,3690.0,0.9313478041393236,arbejdsmarked_velfærd
Moderaterne,Danmarksdemokraterne,67,19,15.0,0.7894736842105263,arbejdsmarked_velfærd
Moderaterne,Dansk Folkeparti,67,68,56.0,0.8235294117647058,arbejdsmarked_velfærd
Moderaterne,Det Konservative Folkeparti,67,46,46.0,1.0,arbejdsmarked_velfærd
Moderaterne,Enhedslisten,67,15,6.0,0.4,arbejdsmarked_velfærd
Moderaterne,Kristendemokraterne,67,12,11.0,0.9166666666666666,arbejdsmarked_velfærd
Moderaterne,Not able to assign,67,5,4.0,0.8,arbejdsmarked_velfærd
Moderaterne,Radikale Venstre,67,46,25.0,0.5434782608695652,arbejdsmarked_velfærd
Moderaterne,Socialdemokratiet,67,212,115.0,0.5424528301886793,arbejdsmarked_velfærd
Moderaterne,Socialistisk Folkeparti,67,45,16.0,0.35555555555555557,arbejdsmarked_velfærd
Moderaterne,Uden for folketingsgrupperne,67,26,21.0,0.8076923076923077,arbejdsmarked_velfærd
Moderaterne,Venstre,67,140,140.0,1.0,arbejdsmarked_velfærd
Not able to assign,Danmarksdemokraterne,67,30,22.0,0.7333333333333333,arbejdsmarked_velfærd
Not able to assign,Dansk Folkeparti,67,95,72.0,0.7578947368421053,arbejdsmarked_velfærd
Not able to assign,Det Konservative Folkeparti,67,100,87.0,0.87,arbejdsmarked_velfærd
Not able to assign,Enhedslisten,67,20,8.0,0.4,arbejdsmarked_velfærd
Not able to assign,Kristendemokraterne,67,13,11.0,0.8461538461538461,arbejdsmarked_velfærd
Not able to assign,Not able to assign,67,19,19.0,1.0,arbejdsmarked_velfærd
Not able to assign,Radikale Venstre,67,48,48.0,1.0,arbejdsmarked_velfærd
Not able to assign,Sambandsflokkurin,67,2,2.0,1.0,arbejdsmarked_velfærd
Not able to assign,Socialdemokratiet,67,299,295.0,0.9866220735785953,arbejdsmarked_velfærd
Not able to assign,Socialistisk Folkeparti,67,128,109.0,0.8515625,arbejdsmarked_velfærd
Not able to assign,Uden for folketingsgrupperne,67,21,19.0,0.9047619047619048,arbejdsmarked_velfærd
Not able to assign,Venstre,67,319,285.0,0.8934169278996865,arbejdsmarked_velfærd
Radikale Venstre,Danmarksdemokraterne,67,2346,1274.0,0.5430520034100597,arbejdsmarked_velfærd
Radikale Venstre,Dansk Folkeparti,67,11834,6637.0,0.5608416427243536,arbejdsmarked_velfærd
Radikale Venstre,Det Konservative Folkeparti,67,8389,5116.0,0.6098462272022888,arbejdsmarked_velfærd
Radikale Venstre,Enhedslisten,67,2218,1522.0,0.6862037871956718,arbejdsmarked_velfærd
Radikale Venstre,Javnaðarflokkurin,67,3,3.0,1.0,arbejdsmarked_velfærd
Radikale Venstre,Kristendemokraterne,67,983,641.0,0.6520854526958291,arbejdsmarked_velfærd
Radikale Venstre,Liberal Alliance,67,588,353.0,0.6003401360544217,arbejdsmarked_velfærd
Radikale Venstre,Moderaterne,67,15,7.0,0.4666666666666667,arbejdsmarked_velfærd
Radikale Venstre,Not able to assign,67,103,102.0,0.9902912621359223,arbejdsmarked_velfærd
Radikale Venstre,Radikale Venstre,67,3342,3284.0,0.9826451226810293,arbejdsmarked_velfærd
Radikale Venstre,Sambandsflokkurin,67,13,9.0,0.6923076923076923,arbejdsmarked_velfærd
Radikale Venstre,Siumut,67,17,15.0,0.8823529411764706,arbejdsmarked_velfærd
Radikale Venstre,Socialdemokratiet,67,29036,24559.0,0.8458120953299353,arbejdsmarked_velfærd
Radikale Venstre,Socialistisk Folkeparti,67,11249,9258.0,0.8230064894657303,arbejdsmarked_velfærd
Radikale Venstre,Uden for folketingsgrupperne,67,2482,1559.0,0.6281224818694601,arbejdsmarked_velfærd
Radikale Venstre,Venstre,67,26164,16099.0,0.615311114508485,arbejdsmarked_velfærd
Sambandsflokkurin,Danmarksdemokraterne,67,43,35.0,0.813953488372093,arbejdsmarked_velfærd
Sambandsflokkurin,Dansk Folkeparti,67,148,114.0,0.7702702702702703,arbejdsmarked_velfærd
Sambandsflokkurin,Det Konservative Folkeparti,67,119,119.0,1.0,arbejdsmarked_velfærd
Sambandsflokkurin,Enhedslisten,67,36,8.0,0.2222222222222222,arbejdsmarked_velfærd
Sambandsflokkurin,Javnaðarflokkurin,67,1,1.0,1.0,arbejdsmarked_velfærd
Sambandsflokkurin,Kristendemokraterne,67,10,10.0,1.0,arbejdsmarked_velfærd
Sambandsflokkurin,Liberal Alliance,67,11,11.0,1.0,arbejdsmarked_velfærd
Sambandsflokkurin,Moderaterne,67,1,1.0,1.0,arbejdsmarked_velfærd
Sambandsflokkurin,Not able to assign,67,4,4.0,1.0,arbejdsmarked_velfærd
Sambandsflokkurin,Radikale Venstre,67,54,35.0,0.6481481481481481,arbejdsmarked_velfærd
Sambandsflokkurin,Socialdemokratiet,67,404,342.0,0.8465346534653465,arbejdsmarked_velfærd
Sambandsflokkurin,Socialistisk Folkeparti,67,168,91.0,0.5416666666666666,arbejdsmarked_velfærd
Sambandsflokkurin,Uden for folketingsgrupperne,67,31,27.0,0.8709677419354839,arbejdsmarked_velfærd
Sambandsflokkurin,Venstre,67,388,388.0,1.0,arbejdsmarked_velfærd
Siumut,Danmarksdemokraterne,67,25,22.0,0.88,arbejdsmarked_velfærd
Siumut,Dansk Folkeparti,67,57,46.0,0.8070175438596491,arbejdsmarked_velfærd
Siumut,Det Konservative Folkeparti,67,35,31.0,0.8857142857142857,arbejdsmarked_velfærd
Siumut,Enhedslisten,67,11,4.0,0.36363636363636365,arbejdsmarked_velfærd
Siumut,Kristendemokraterne,67,5,4.0,0.8,arbejdsmarked_velfærd
Siumut,Liberal Alliance,67,3,3.0,1.0,arbejdsmarked_velfærd
Siumut,Moderaterne,67,1,0.0,0.0,arbejdsmarked_velfærd
Siumut,Radikale Venstre,67,35,28.0,0.8,arbejdsmarked_velfærd
Siumut,Socialdemokratiet,67,185,170.0,0.918918918918919,arbejdsmarked_velfærd
Siumut,Socialistisk Folkeparti,67,42,34.0,0.8095238095238095,arbejdsmarked_velfærd
Siumut,Uden for folketingsgrupperne,67,21,16.0,0.7619047619047619,arbejdsmarked_velfærd
Siumut,Venstre,67,118,106.0,0.8983050847457628,arbejdsmarked_velfærd
Socialdemokratiet,Danmarksdemokraterne,67,12819,7037.0,0.5489507761915906,arbejdsmarked_velfærd
Socialdemokratiet,Dansk Folkeparti,67,66256,35503.0,0.5358458101907752,arbejdsmarked_velfærd
Socialdemokratiet,Det Konservative Folkeparti,67,48046,28906.0,0.6016317695541773,arbejdsmarked_velfærd
Socialdemokratiet,Enhedslisten,67,12767,9077.0,0.7109736038223545,arbejdsmarked_velfærd
Socialdemokratiet,Inuit Ataqatigiit,67,10,0.0,0.0,arbejdsmarked_velfærd
Socialdemokratiet,Javnaðarflokkurin,67,27,27.0,1.0,arbejdsmarked_velfærd
Socialdemokratiet,Kristendemokraterne,67,5079,3121.0,0.6144910415436109,arbejdsmarked_velfærd
Socialdemokratiet,Liberal Alliance,67,3626,2115.0,0.5832873690016547,arbejdsmarked_velfærd
Socialdemokratiet,Moderaterne,67,167,85.0,0.5089820359281437,arbejdsmarked_velfærd
Socialdemokratiet,Not able to assign,67,691,680.0,0.984081041968162,arbejdsmarked_velfærd
Socialdemokratiet,Radikale Venstre,67,23556,20063.0,0.8517150619799626,arbejdsmarked_velfærd
Socialdemokratiet,Sambandsflokkurin,67,58,48.0,0.8275862068965517,arbejdsmarked_velfærd
Socialdemokratiet,Siumut,67,165,148.0,0.896969696969697,arbejdsmarked_velfærd
Socialdemokratiet,Socialdemokratiet,67,163822,162003.0,0.9888964852095568,arbejdsmarked_velfærd
Socialdemokratiet,Socialistisk Folkeparti,67,62569,57066.0,0.9120490977960332,arbejdsmarked_velfærd
Socialdemokratiet,Tjóðveldi,67,5,0.0,0.0,arbejdsmarked_velfærd
Socialdemokratiet,Uden for folketingsgrupperne,67,15058,8876.0,0.5894541107716829,arbejdsmarked_velfærd
Socialdemokratiet,Venstre,67,148409,89744.0,0.6047072616889811,arbejdsmarked_velfærd
Socialistisk Folkeparti,Danmarksdemokraterne,67,6946,3441.0,0.4953930319608408,arbejdsmarked_velfærd
Socialistisk Folkeparti,Dansk Folkeparti,67,31871,15739.0,0.49383452041040443,arbejdsmarked_velfærd
Socialistisk Folkeparti,Det Konservative Folkeparti,67,24041,12913.0,0.537124079697184,arbejdsmarked_velfærd
Socialistisk Folkeparti,Enhedslisten,67,5961,4700.0,0.7884583123636973,arbejdsmarked_velfærd
Socialistisk Folkeparti,Inuit Ataqatigiit,67,7,0.0,0.0,arbejdsmarked_velfærd
Socialistisk Folkeparti,Javnaðarflokkurin,67,10,10.0,1.0,arbejdsmarked_velfærd
Socialistisk Folkeparti,Kristendemokraterne,67,2103,1098.0,0.5221112696148359,arbejdsmarked_velfærd
Socialistisk Folkeparti,Liberal Alliance,67,1517,767.0,0.5056031641397495,arbejdsmarked_velfærd
Socialistisk Folkeparti,Moderaterne,67,113,55.0,0.48672566371681414,arbejdsmarked_velfærd
Socialistisk Folkeparti,Not able to assign,67,265,230.0,0.8679245283018868,arbejdsmarked_velfærd
Socialistisk Folkeparti,Radikale Venstre,67,11366,9113.0,0.80177723033609,arbejdsmarked_velfærd
Socialistisk Folkeparti,Sambandsflokkurin,67,18,11.0,0.6111111111111112,arbejdsmarked_velfærd
Socialistisk Folkeparti,Siumut,67,85,67.0,0.788235294117647,arbejdsmarked_velfærd
Socialistisk Folkeparti,Socialdemokratiet,67,81985,73549.0,0.8971031286210892,arbejdsmarked_velfærd
Socialistisk Folkeparti,Socialistisk Folkeparti,67,29012,28907.0,0.9963808079415414,arbejdsmarked_velfærd
Socialistisk Folkeparti,Tjóðveldi,67,6,0.0,0.0,arbejdsmarked_velfærd
Socialistisk Folkeparti,Uden for folketingsgrupperne,67,7311,3866.0,0.5287922308849679,arbejdsmarked_velfærd
Socialistisk Folkeparti,Venstre,67,75004,40353.0,0.5380113060636766,arbejdsmarked_velfærd
Tjóðveldi,Danmarksdemokraterne,67,2,0.0,0.0,arbejdsmarked_velfærd
Tjóðveldi,Dansk Folkeparti,67,11,0.0,0.0,arbejdsmarked_velfærd
Tjóðveldi,Det Konservative Folkeparti,67,7,0.0,0.0,arbejdsmarked_velfærd
Tjóðveldi,Enhedslisten,67,2,0.0,0.0,arbejdsmarked_velfærd
Tjóðveldi,Inuit Ataqatigiit,67,1,1.0,1.0,arbejdsmarked_velfærd
Tjóðveldi,Kristendemokraterne,67,1,0.0,0.0,arbejdsmarked_velfærd
Tjóðveldi,Moderaterne,67,1,0.0,0.0,arbejdsmarked_velfærd
Tjóðveldi,Radikale Venstre,67,6,0.0,0.0,arbejdsmarked_velfærd
Tjóðveldi,Siumut,67,1,1.0,1.0,arbejdsmarked_velfærd
Tjóðveldi,Socialdemokratiet,67,24,0.0,0.0,arbejdsmarked_velfærd
Tjóðveldi,Socialistisk Folkeparti,67,8,0.0,0.0,arbejdsmarked_velfærd
Tjóðveldi,Uden for folketingsgrupperne,67,2,0.0,0.0,arbejdsmarked_velfærd
Tjóðveldi,Venstre,67,20,0.0,0.0,arbejdsmarked_velfærd
Uden for folketingsgrupperne,Danmarksdemokraterne,67,925,744.0,0.8043243243243243,arbejdsmarked_velfærd
Uden for folketingsgrupperne,Dansk Folkeparti,67,4861,4073.0,0.8378934375642871,arbejdsmarked_velfærd
Uden for folketingsgrupperne,Det Konservative Folkeparti,67,3507,2864.0,0.8166524094667807,arbejdsmarked_velfærd
Uden for folketingsgrupperne,Enhedslisten,67,806,395.0,0.49007444168734493,arbejdsmarked_velfærd
Uden for folketingsgrupperne,Javnaðarflokkurin,67,2,2.0,1.0,arbejdsmarked_velfærd
Uden for folketingsgrupperne,Kristendemokraterne,67,374,321.0,0.8582887700534759,arbejdsmarked_velfærd
Uden for folketingsgrupperne,Liberal Alliance,67,266,206.0,0.7744360902255639,arbejdsmarked_velfærd
Uden for folketingsgrupperne,Moderaterne,67,13,8.0,0.6153846153846154,arbejdsmarked_velfærd
Uden for folketingsgrupperne,Not able to assign,67,61,45.0,0.7377049180327869,arbejdsmarked_velfærd
Uden for folketingsgrupperne,Radikale Venstre,67,1615,956.0,0.5919504643962848,arbejdsmarked_velfærd
Uden for folketingsgrupperne,Socialdemokratiet,67,11819,7131.0,0.6033505372704967,arbejdsmarked_velfærd
Uden for folketingsgrupperne,Socialistisk Folkeparti,67,4260,2465.0,0.5786384976525821,arbejdsmarked_velfærd
Uden for folketingsgrupperne,Uden for folketingsgrupperne,67,816,619.0,0.758578431372549,arbejdsmarked_velfærd
Uden for folketingsgrupperne,Venstre,67,10626,8706.0,0.8193111236589498,arbejdsmarked_velfærd
Venstre,Danmarksdemokraterne,67,16241,14847.0,0.9141678468074625,arbejdsmarked_velfærd
Venstre,Dansk Folkeparti,67,74254,68044.0,0.9163681417836076,arbejdsmarked_velfærd
Venstre,Det Konservative Folkeparti,67,56696,56645.0,0.999100465641315,arbejdsmarked_velfærd
Venstre,Enhedslisten,67,14142,5279.0,0.37328524961108756,arbejdsmarked_velfærd
Venstre,Inuit Ataqatigiit,67,14,0.0,0.0,arbejdsmarked_velfærd
Venstre,Javnaðarflokkurin,67,26,26.0,1.0,arbejdsmarked_velfærd
Venstre,Kristendemokraterne,67,4872,4768.0,0.9786535303776683,arbejdsmarked_velfærd
Venstre,Liberal Alliance,67,3622,3065.0,0.8462175593594699,arbejdsmarked_velfærd
Venstre,Moderaterne,67,241,241.0,1.0,arbejdsmarked_velfærd
Venstre,Not able to assign,67,695,622.0,0.8949640287769784,arbejdsmarked_velfærd
Venstre,Radikale Venstre,67,26292,16645.0,0.6330823064049901,arbejdsmarked_velfærd
Venstre,Sambandsflokkurin,67,48,48.0,1.0,arbejdsmarked_velfærd
Venstre,Siumut,67,222,202.0,0.9099099099099099,arbejdsmarked_velfærd
Venstre,Socialdemokratiet,67,188232,115525.0,0.6137373029028008,arbejdsmarked_velfærd
Venstre,Socialistisk Folkeparti,67,69476,37764.0,0.5435546087857678,arbejdsmarked_velfærd
Venstre,Tjóðveldi,67,12,0.0,0.0,arbejdsmarked_velfærd
Venstre,Uden for folketingsgrupperne,67,16226,14312.0,0.882041168495008,arbejdsmarked_velfærd
Venstre,Venstre,67,163078,162937.0,0.999135383068225,arbejdsmarked_velfærd
Alternativet,Det Konservative Folkeparti,68,73,60.0,0.821917808219178,arbejdsmarked_velfærd
Alternativet,Liberal Alliance,68,108,60.0,0.5555555555555556,arbejdsmarked_velfærd
Alternativet,Radikale Venstre,68,146,139.0,0.952054794520548,arbejdsmarked_velfærd
Alternativet,Socialdemokratiet,68,48,37.0,0.7708333333333334,arbejdsmarked_velfærd
Alternativet,Socialistisk Folkeparti,68,167,151.0,0.9041916167664671,arbejdsmarked_velfærd
Alternativet,Venstre,68,38,32.0,0.8421052631578947,arbejdsmarked_velfærd
Danmarksdemokraterne,Alternativet,68,1113,661.0,0.5938903863432166,arbejdsmarked_velfærd
Danmarksdemokraterne,Danmarksdemokraterne,68,4149,3932.0,0.9476982405398892,arbejdsmarked_velfærd
Danmarksdemokraterne,Dansk Folkeparti,68,10197,9934.0,0.9742081004216927,arbejdsmarked_velfærd
Danmarksdemokraterne,Det Konservative Folkeparti,68,6896,5084.0,0.7372389791183295,arbejdsmarked_velfærd
Danmarksdemokraterne,Enhedslisten,68,11900,4738.0,0.3981512605042017,arbejdsmarked_velfærd
Danmarksdemokraterne,Inuit Ataqatigiit,68,9,0.0,0.0,arbejdsmarked_velfærd
Danmarksdemokraterne,Javnaðarflokkurin,68,34,4.0,0.11764705882352941,arbejdsmarked_velfærd
Danmarksdemokraterne,Liberal Alliance,68,7939,5605.0,0.7060083133895957,arbejdsmarked_velfærd
Danmarksdemokraterne,Moderaterne,68,390,304.0,0.7794871794871795,arbejdsmarked_velfærd
Danmarksdemokraterne,Radikale Venstre,68,15842,10060.0,0.635020830703194,arbejdsmarked_velfærd
Danmarksdemokraterne,Sambandsflokkurin,68,12,10.0,0.8333333333333334,arbejdsmarked_velfærd
Danmarksdemokraterne,Siumut,68,6,0.0,0.0,arbejdsmarked_velfærd
Danmarksdemokraterne,Socialdemokratiet,68,42921,27627.0,0.6436709303138324,arbejdsmarked_velfærd
Danmarksdemokraterne,Socialistisk Folkeparti,68,10660,6334.0,0.5941838649155722,arbejdsmarked_velfærd
Danmarksdemokraterne,Uden for folketingsgrupperne,68,3855,3468.0,0.8996108949416343,arbejdsmarked_velfærd
Danmarksdemokraterne,Venstre,68,34192,25663.0,0.7505556855404774,arbejdsmarked_velfærd
Dansk Folkeparti,Alternativet,68,1559,940.0,0.6029506093649776,arbejdsmarked_velfærd
Dansk Folkeparti,Danmarksdemokraterne,68,3714,3646.0,0.9816908992999461,arbejdsmarked_velfærd
Dansk Folkeparti,Dansk Folkeparti,68,8736,8708.0,0.9967948717948718,arbejdsmarked_velfærd
Dansk Folkeparti,Det Konservative Folkeparti,68,7239,5319.0,0.7347699958557812,arbejdsmarked_velfærd
Dansk Folkeparti,Enhedslisten,68,12146,4876.0,0.4014490367199078,arbejdsmarked_velfærd
Dansk Folkeparti,Inuit Ataqatigiit,68,8,0.0,0.0,arbejdsmarked_velfærd
Dansk Folkeparti,Javnaðarflokkurin,68,30,0.0,0.0,arbejdsmarked_velfærd
Dansk Folkeparti,Liberal Alliance,68,7399,5176.0,0.6995539937829437,arbejdsmarked_velfærd
Dansk Folkeparti,Moderaterne,68,224,179.0,0.7991071428571429,arbejdsmarked_velfærd
Dansk Folkeparti,Radikale Venstre,68,14373,9324.0,0.6487163431433939,arbejdsmarked_velfærd
Dansk Folkeparti,Sambandsflokkurin,68,9,8.0,0.8888888888888888,arbejdsmarked_velfærd
Dansk Folkeparti,Siumut,68,8,0.0,0.0,arbejdsmarked_velfærd
Dansk Folkeparti,Socialdemokratiet,68,42097,27016.0,0.6417559446041285,arbejdsmarked_velfærd
Dansk Folkeparti,Socialistisk Folkeparti,68,10996,6273.0,0.5704801746089487,arbejdsmarked_velfærd
Dansk Folkeparti,Uden for folketingsgrupperne,68,3193,2740.0,0.8581271531475102,arbejdsmarked_velfærd
Dansk Folkeparti,Venstre,68,30838,23129.0,0.7500162137622414,arbejdsmarked_velfærd
Det Konservative Folkeparti,Alternativet,68,1025,714.0,0.6965853658536585,arbejdsmarked_velfærd
Det Konservative Folkeparti,Danmarksdemokraterne,68,3072,2141.0,0.6969401041666666,arbejdsmarked_velfærd
Det Konservative Folkeparti,Dansk Folkeparti,68,6834,4891.0,0.7156862745098039,arbejdsmarked_velfærd
Det Konservative Folkeparti,Det Konservative Folkeparti,68,4036,4026.0,0.9975222993062438,arbejdsmarked_velfærd
Det Konservative Folkeparti,Enhedslisten,68,8637,2878.0,0.33321755239087647,arbejdsmarked_velfærd
Det Konservative Folkeparti,Inuit Ataqatigiit,68,5,1.0,0.2,arbejdsmarked_velfærd
Det Konservative Folkeparti,Javnaðarflokkurin,68,12,12.0,1.0,arbejdsmarked_velfærd
Det Konservative Folkeparti,Liberal Alliance,68,5162,4199.0,0.8134444013948082,arbejdsmarked_velfærd
Det Konservative Folkeparti,Moderaterne,68,222,210.0,0.9459459459459459,arbejdsmarked_velfærd
Det Konservative Folkeparti,Radikale Venstre,68,10546,8404.0,0.7968898160439978,arbejdsmarked_velfærd
Det Konservative Folkeparti,Sambandsflokkurin,68,7,7.0,1.0,arbejdsmarked_velfærd
Det Konservative Folkeparti,Siumut,68,4,3.0,0.75,arbejdsmarked_velfærd
Det Konservative Folkeparti,Socialdemokratiet,68,29097,23254.0,0.7991889198199127,arbejdsmarked_velfærd
Det Konservative Folkeparti,Socialistisk Folkeparti,68,7275,5260.0,0.7230240549828179,arbejdsmarked_velfærd
Det Konservative Folkeparti,Uden for folketingsgrupperne,68,2379,1716.0,0.7213114754098361,arbejdsmarked_velfærd
Det Konservative Folkeparti,Venstre,68,22280,21034.0,0.9440754039497307,arbejdsmarked_velfærd
Enhedslisten,Alternativet,68,1833,1238.0,0.6753955264593563,arbejdsmarked_velfærd
Enhedslisten,Danmarksdemokraterne,68,4753,1825.0,0.3839680201977698,arbejdsmarked_velfærd
Enhedslisten,Dansk Folkeparti,68,11425,4319.0,0.37803063457330416,arbejdsmarked_velfærd
Enhedslisten,Det Konservative Folkeparti,68,8031,2644.0,0.3292242560079691,arbejdsmarked_velfærd
Enhedslisten,Enhedslisten,68,12300,11897.0,0.9672357723577236,arbejdsmarked_velfærd
Enhedslisten,Inuit Ataqatigiit,68,9,9.0,1.0,arbejdsmarked_velfærd
Enhedslisten,Javnaðarflokkurin,68,35,21.0,0.6,arbejdsmarked_velfærd
Enhedslisten,Liberal Alliance,68,9048,2471.0,0.27309902740937225,arbejdsmarked_velfærd
Enhedslisten,Moderaterne,68,416,110.0,0.2644230769230769,arbejdsmarked_velfærd
Enhedslisten,Radikale Venstre,68,17271,8551.0,0.49510740547738985,arbejdsmarked_velfærd
Enhedslisten,Sambandsflokkurin,68,2,0.0,0.0,arbejdsmarked_velfærd
Enhedslisten,Siumut,68,4,4.0,1.0,arbejdsmarked_velfærd
Enhedslisten,Socialdemokratiet,68,49069,23776.0,0.48454217530416355,arbejdsmarked_velfærd
Enhedslisten,Socialistisk Folkeparti,68,12805,7316.0,0.5713393205778993,arbejdsmarked_velfærd
Enhedslisten,Uden for folketingsgrupperne,68,4258,1531.0,0.35955847815875996,arbejdsmarked_velfærd
Enhedslisten,Venstre,68,37082,11388.0,0.30710317674343346,arbejdsmarked_velfærd
Inuit Ataqatigiit,Alternativet,68,2,2.0,1.0,arbejdsmarked_velfærd
Inuit Ataqatigiit,Danmarksdemokraterne,68,2,1.0,0.5,arbejdsmarked_velfærd
Inuit Ataqatigiit,Dansk Folkeparti,68,5,0.0,0.0,arbejdsmarked_velfærd
Inuit Ataqatigiit,Det Konservative Folkeparti,68,5,4.0,0.8,arbejdsmarked_velfærd
Inuit Ataqatigiit,Enhedslisten,68,7,7.0,1.0,arbejdsmarked_velfærd
Inuit Ataqatigiit,Liberal Alliance,68,5,4.0,0.8,arbejdsmarked_velfærd
Inuit Ataqatigiit,Radikale Venstre,68,6,6.0,1.0,arbejdsmarked_velfærd
Inuit Ataqatigiit,Siumut,68,1,1.0,1.0,arbejdsmarked_velfærd
Inuit Ataqatigiit,Socialdemokratiet,68,21,21.0,1.0,arbejdsmarked_velfærd
Inuit Ataqatigiit,Socialistisk Folkeparti,68,7,7.0,1.0,arbejdsmarked_velfærd
Inuit Ataqatigiit,Uden for folketingsgrupperne,68,2,0.0,0.0,arbejdsmarked_velfærd
Inuit Ataqatigiit,Venstre,68,18,13.0,0.7222222222222222,arbejdsmarked_velfærd
Javnaðarflokkurin,Alternativet,68,5,5.0,1.0,arbejdsmarked_velfærd
Javnaðarflokkurin,Danmarksdemokraterne,68,5,0.0,0.0,arbejdsmarked_velfærd
Javnaðarflokkurin,Det Konservative Folkeparti,68,5,5.0,1.0,arbejdsmarked_velfærd
Javnaðarflokkurin,Enhedslisten,68,5,3.0,0.6,arbejdsmarked_velfærd
Javnaðarflokkurin,Liberal Alliance,68,5,0.0,0.0,arbejdsmarked_velfærd
Javnaðarflokkurin,Radikale Venstre,68,10,10.0,1.0,arbejdsmarked_velfærd
Javnaðarflokkurin,Socialdemokratiet,68,15,15.0,1.0,arbejdsmarked_velfærd
Javnaðarflokkurin,Socialistisk Folkeparti,68,9,9.0,1.0,arbejdsmarked_velfærd
Javnaðarflokkurin,Venstre,68,20,20.0,1.0,arbejdsmarked_velfærd
Liberal Alliance,Alternativet,68,909,552.0,0.6072607260726073,arbejdsmarked_velfærd
Liberal Alliance,Danmarksdemokraterne,68,1249,841.0,0.6733386709367494,arbejdsmarked_velfærd
Liberal Alliance,Dansk Folkeparti,68,5656,4025.0,0.7116336633663366,arbejdsmarked_velfærd
Liberal Alliance,Det Konservative Folkeparti,68,4048,3269.0,0.8075592885375494,arbejdsmarked_velfærd
Liberal Alliance,Enhedslisten,68,6385,1867.0,0.29240407204385277,arbejdsmarked_velfærd
Liberal Alliance,Inuit Ataqatigiit,68,4,1.0,0.25,arbejdsmarked_velfærd
Liberal Alliance,Javnaðarflokkurin,68,12,0.0,0.0,arbejdsmarked_velfærd
Liberal Alliance,Liberal Alliance,68,3391,3377.0,0.9958714243585963,arbejdsmarked_velfærd
Liberal Alliance,Moderaterne,68,38,35.0,0.9210526315789473,arbejdsmarked_velfærd
Liberal Alliance,Radikale Venstre,68,7608,5418.0,0.7121451104100947,arbejdsmarked_velfærd
Liberal Alliance,Siumut,68,3,3.0,1.0,arbejdsmarked_velfærd
Liberal Alliance,Socialdemokratiet,68,23132,16352.0,0.7068995331143005,arbejdsmarked_velfærd
Liberal Alliance,Socialistisk Folkeparti,68,5832,3682.0,0.6313443072702332,arbejdsmarked_velfærd
Liberal Alliance,Uden for folketingsgrupperne,68,1717,1368.0,0.7967384973791497,arbejdsmarked_velfærd
Liberal Alliance,Venstre,68,13945,11334.0,0.8127644316959484,arbejdsmarked_velfærd
Moderaterne,Alternativet,68,91,45.0,0.4945054945054945,arbejdsmarked_velfærd
Moderaterne,Danmarksdemokraterne,68,269,199.0,0.7397769516728625,arbejdsmarked_velfærd
Moderaterne,Dansk Folkeparti,68,687,519.0,0.7554585152838428,arbejdsmarked_velfærd
Moderaterne,Det Konservative Folkeparti,68,464,441.0,0.9504310344827587,arbejdsmarked_velfærd
Moderaterne,Enhedslisten,68,744,249.0,0.3346774193548387,arbejdsmarked_velfærd
Moderaterne,Inuit Ataqatigiit,68,1,0.0,0.0,arbejdsmarked_velfærd
Moderaterne,Liberal Alliance,68,597,494.0,0.8274706867671692,arbejdsmarked_velfærd
Moderaterne,Moderaterne,68,3,3.0,1.0,arbejdsmarked_velfærd
Moderaterne,Radikale Venstre,68,1010,790.0,0.7821782178217822,arbejdsmarked_velfærd
Moderaterne,Socialdemokratiet,68,2852,2260.0,0.7924263674614306,arbejdsmarked_velfærd
Moderaterne,Socialistisk Folkeparti,68,589,352.0,0.597623089983022,arbejdsmarked_velfærd
Moderaterne,Uden for folketingsgrupperne,68,263,207.0,0.7870722433460076,arbejdsmarked_velfærd
Moderaterne,Venstre,68,1758,1758.0,1.0,arbejdsmarked_velfærd
Radikale Venstre,Alternativet,68,2009,1799.0,0.8954703832752613,arbejdsmarked_velfærd
Radikale Venstre,Danmarksdemokraterne,68,4245,2550.0,0.6007067137809188,arbejdsmarked_velfærd
Radikale Venstre,Dansk Folkeparti,68,14189,8963.0,0.6316865177249983,arbejdsmarked_velfærd
Radikale Venstre,Det Konservative Folkeparti,68,9573,7625.0,0.7965110205787109,arbejdsmarked_velfærd
Radikale Venstre,Enhedslisten,68,16359,8395.0,0.5131731768445504,arbejdsmarked_velfærd
Radikale Venstre,Inuit Ataqatigiit,68,13,13.0,1.0,arbejdsmarked_velfærd
Radikale Venstre,Javnaðarflokkurin,68,40,40.0,1.0,arbejdsmarked_velfærd
Radikale Venstre,Liberal Alliance,68,10946,7208.0,0.6585053900968391,arbejdsmarked_velfærd
Radikale Venstre,Moderaterne,68,254,203.0,0.7992125984251969,arbejdsmarked_velfærd
Radikale Venstre,Radikale Venstre,68,18549,18528.0,0.9988678634966844,arbejdsmarked_velfærd
Radikale Venstre,Sambandsflokkurin,68,5,3.0,0.6,arbejdsmarked_velfærd
Radikale Venstre,Siumut,68,9,9.0,1.0,arbejdsmarked_velfærd
Radikale Venstre,Socialdemokratiet,68,57965,57905.0,0.998964892607608,arbejdsmarked_velfærd
Radikale Venstre,Socialistisk Folkeparti,68,14019,13158.0,0.9385833511662743,arbejdsmarked_velfærd
Radikale Venstre,Uden for folketingsgrupperne,68,4747,2969.0,0.6254476511480935,arbejdsmarked_velfærd
Radikale Venstre,Venstre,68,39722,31524.0,0.7936156286189013,arbejdsmarked_velfærd
Sambandsflokkurin,Alternativet,68,6,4.0,0.6666666666666666,arbejdsmarked_velfærd
Sambandsflokkurin,Danmarksdemokraterne,68,22,19.0,0.8636363636363636,arbejdsmarked_velfærd
Sambandsflokkurin,Dansk Folkeparti,68,28,23.0,0.8214285714285714,arbejdsmarked_velfærd
Sambandsflokkurin,Det Konservative Folkeparti,68,23,23.0,1.0,arbejdsmarked_velfærd
Sambandsflokkurin,Enhedslisten,68,45,8.0,0.17777777777777778,arbejdsmarked_velfærd
Sambandsflokkurin,Liberal Alliance,68,25,21.0,0.84,arbejdsmarked_velfærd
Sambandsflokkurin,Moderaterne,68,1,1.0,1.0,arbejdsmarked_velfærd
Sambandsflokkurin,Radikale Venstre,68,54,36.0,0.6666666666666666,arbejdsmarked_velfærd
Sambandsflokkurin,Socialdemokratiet,68,145,97.0,0.6689655172413793,arbejdsmarked_velfærd
Sambandsflokkurin,Socialistisk Folkeparti,68,45,30.0,0.6666666666666666,arbejdsmarked_velfærd
Sambandsflokkurin,Uden for folketingsgrupperne,68,17,14.0,0.8235294117647058,arbejdsmarked_velfærd
Sambandsflokkurin,Venstre,68,135,135.0,1.0,arbejdsmarked_velfærd
Siumut,Alternativet,68,2,2.0,1.0,arbejdsmarked_velfærd
Siumut,Danmarksdemokraterne,68,5,1.0,0.2,arbejdsmarked_velfærd
Siumut,Dansk Folkeparti,68,5,0.0,0.0,arbejdsmarked_velfærd
Siumut,Det Konservative Folkeparti,68,6,2.0,0.3333333333333333,arbejdsmarked_velfærd
Siumut,Enhedslisten,68,12,12.0,1.0,arbejdsmarked_velfærd
Siumut,Inuit Ataqatigiit,68,1,1.0,1.0,arbejdsmarked_velfærd
Siumut,Liberal Alliance,68,6,2.0,0.3333333333333333,arbejdsmarked_velfærd
Siumut,Moderaterne,68,1,0.0,0.0,arbejdsmarked_velfærd
Siumut,Radikale Venstre,68,10,10.0,1.0,arbejdsmarked_velfærd
Siumut,Socialdemokratiet,68,35,35.0,1.0,arbejdsmarked_velfærd
Siumut,Socialistisk Folkeparti,68,9,9.0,1.0,arbejdsmarked_velfærd
Siumut,Uden for folketingsgrupperne,68,3,0.0,0.0,arbejdsmarked_velfærd
Siumut,Venstre,68,29,5.0,0.1724137931034483,arbejdsmarked_velfærd
Socialdemokratiet,Alternativet,68,6623,5985.0,0.9036690321606523,arbejdsmarked_velfærd
Socialdemokratiet,Danmarksdemokraterne,68,18238,11267.0,0.6177760719377124,arbejdsmarked_velfærd
Socialdemokratiet,Dansk Folkeparti,68,44562,29027.0,0.6513845877653606,arbejdsmarked_velfærd
Socialdemokratiet,Det Konservative Folkeparti,68,32095,25534.0,0.7955756348340863,arbejdsmarked_velfærd
Socialdemokratiet,Enhedslisten,68,53270,27838.0,0.5225830673925286,arbejdsmarked_velfærd
Socialdemokratiet,Inuit Ataqatigiit,68,40,40.0,1.0,arbejdsmarked_velfærd
Socialdemokratiet,Javnaðarflokkurin,68,128,128.0,1.0,arbejdsmarked_velfærd
Socialdemokratiet,Liberal Alliance,68,33451,22307.0,0.6668559983259096,arbejdsmarked_velfærd
Socialdemokratiet,Moderaterne,68,1203,924.0,0.7680798004987531,arbejdsmarked_velfærd
Socialdemokratiet,Radikale Venstre,68,65590,65462.0,0.9980484830004573,arbejdsmarked_velfærd
Socialdemokratiet,Sambandsflokkurin,68,36,24.0,0.6666666666666666,arbejdsmarked_velfærd
Socialdemokratiet,Siumut,68,26,26.0,1.0,arbejdsmarked_velfærd
Socialdemokratiet,Socialdemokratiet,68,182120,181726.0,0.9978365912585109,arbejdsmarked_velfærd
Socialdemokratiet,Socialistisk Folkeparti,68,48152,45105.0,0.936721216148862,arbejdsmarked_velfærd
Socialdemokratiet,Uden for folketingsgrupperne,68,15374,9735.0,0.6332119162221933,arbejdsmarked_velfærd
Socialdemokratiet,Venstre,68,138359,109016.0,0.7879212772569909,arbejdsmarked_velfærd
Socialistisk Folkeparti,Alternativet,68,1558,1470.0,0.9435173299101413,arbejdsmarked_velfærd
Socialistisk Folkeparti,Danmarksdemokraterne,68,5154,3004.0,0.5828482731858751,arbejdsmarked_velfærd
Socialistisk Folkeparti,Dansk Folkeparti,68,11550,6883.0,0.595930735930736,arbejdsmarked_velfærd
Socialistisk Folkeparti,Det Konservative Folkeparti,68,8536,6272.0,0.7347703842549204,arbejdsmarked_velfærd
Socialistisk Folkeparti,Enhedslisten,68,13640,7804.0,0.5721407624633431,arbejdsmarked_velfærd
Socialistisk Folkeparti,Inuit Ataqatigiit,68,7,7.0,1.0,arbejdsmarked_velfærd
Socialistisk Folkeparti,Javnaðarflokkurin,68,30,30.0,1.0,arbejdsmarked_velfærd
Socialistisk Folkeparti,Liberal Alliance,68,8815,5389.0,0.6113442994895065,arbejdsmarked_velfærd
Socialistisk Folkeparti,Moderaterne,68,406,234.0,0.5763546798029556,arbejdsmarked_velfærd
Socialistisk Folkeparti,Radikale Venstre,68,18058,16994.0,0.9410787462620446,arbejdsmarked_velfærd
Socialistisk Folkeparti,Sambandsflokkurin,68,5,3.0,0.6,arbejdsmarked_velfærd
Socialistisk Folkeparti,Siumut,68,5,5.0,1.0,arbejdsmarked_velfærd
Socialistisk Folkeparti,Socialdemokratiet,68,49057,45963.0,0.9369305094074241,arbejdsmarked_velfærd
Socialistisk Folkeparti,Socialistisk Folkeparti,68,11219,11170.0,0.9956324093056422,arbejdsmarked_velfærd
Socialistisk Folkeparti,Uden for folketingsgrupperne,68,4262,2503.0,0.5872829657437822,arbejdsmarked_velfærd
Socialistisk Folkeparti,Venstre,68,39892,28994.0,0.7268123934623484,arbejdsmarked_velfærd
Uden for folketingsgrupperne,Alternativet,68,432,258.0,0.5972222222222222,arbejdsmarked_velfærd
Uden for folketingsgrupperne,Danmarksdemokraterne,68,234,218.0,0.9316239316239316,arbejdsmarked_velfærd
Uden for folketingsgrupperne,Dansk Folkeparti,68,2487,2477.0,0.995979091274628,arbejdsmarked_velfærd
Uden for folketingsgrupperne,Det Konservative Folkeparti,68,1736,1289.0,0.7425115207373272,arbejdsmarked_velfærd
Uden for folketingsgrupperne,Enhedslisten,68,2585,1045.0,0.40425531914893614,arbejdsmarked_velfærd
Uden for folketingsgrupperne,Inuit Ataqatigiit,68,2,0.0,0.0,arbejdsmarked_velfærd
Uden for folketingsgrupperne,Javnaðarflokkurin,68,15,0.0,0.0,arbejdsmarked_velfærd
Uden for folketingsgrupperne,Liberal Alliance,68,1968,1387.0,0.7047764227642277,arbejdsmarked_velfærd
Uden for folketingsgrupperne,Moderaterne,68,5,4.0,0.8,arbejdsmarked_velfærd
Uden for folketingsgrupperne,Radikale Venstre,68,3592,2290.0,0.6375278396436526,arbejdsmarked_velfærd
Uden for folketingsgrupperne,Siumut,68,1,0.0,0.0,arbejdsmarked_velfærd
Uden for folketingsgrupperne,Socialdemokratiet,68,9709,6215.0,0.6401277165516531,arbejdsmarked_velfærd
Uden for folketingsgrupperne,Socialistisk Folkeparti,68,2193,1319.0,0.6014591883264934,arbejdsmarked_velfærd
Uden for folketingsgrupperne,Uden for folketingsgrupperne,68,555,442.0,0.7963963963963964,arbejdsmarked_velfærd
Uden for folketingsgrupperne,Venstre,68,5395,3970.0,0.7358665430954587,arbejdsmarked_velfærd
Venstre,Alternativet,68,6041,4241.0,0.7020360867406059,arbejdsmarked_velfærd
Venstre,Danmarksdemokraterne,68,20905,15723.0,0.7521167184883999,arbejdsmarked_velfærd
Venstre,Dansk Folkeparti,68,47342,35661.0,0.753263486967175,arbejdsmarked_velfærd
Venstre,Det Konservative Folkeparti,68,32749,30978.0,0.9459220128858896,arbejdsmarked_velfærd
Venstre,Enhedslisten,68,55006,19004.0,0.34548958295458676,arbejdsmarked_velfærd
Venstre,Inuit Ataqatigiit,68,35,13.0,0.37142857142857144,arbejdsmarked_velfærd
Venstre,Javnaðarflokkurin,68,115,115.0,1.0,arbejdsmarked_velfærd
Venstre,Liberal Alliance,68,37051,29897.0,0.8069147931229926,arbejdsmarked_velfærd
Venstre,Moderaterne,68,1785,1767.0,0.9899159663865547,arbejdsmarked_velfærd
Venstre,Radikale Venstre,68,71534,56634.0,0.7917074398188274,arbejdsmarked_velfærd
Venstre,Sambandsflokkurin,68,20,20.0,1.0,arbejdsmarked_velfærd
Venstre,Siumut,68,24,21.0,0.875,arbejdsmarked_velfærd
Venstre,Socialdemokratiet,68,200190,159039.0,0.7944402817323543,arbejdsmarked_velfærd
Venstre,Socialistisk Folkeparti,68,47949,35177.0,0.7336336524223654,arbejdsmarked_velfærd
Venstre,Uden for folketingsgrupperne,68,17097,12798.0,0.7485523776101071,arbejdsmarked_velfærd
Venstre,Venstre,68,147562,146769.0,0.9946259877204158,arbejdsmarked_velfærd
Alternativet,Alternativet,69,6884,6772.0,0.9837303893085415,arbejdsmarked_velfærd
Alternativet,Danmarksdemokraterne,69,5017,2374.0,0.47319115008969503,arbejdsmarked_velfærd
Alternativet,Dansk Folkeparti,69,17042,7784.0,0.45675390212416384,arbejdsmarked_velfærd
Alternativet,Det Konservative Folkeparti,69,2971,1336.0,0.4496802423426456,arbejdsmarked_velfærd
Alternativet,Enhedslisten,69,10798,8192.0,0.7586590109279496,arbejdsmarked_velfærd
Alternativet,Liberal Alliance,69,7477,3487.0,0.46636351477865456,arbejdsmarked_velfærd
Alternativet,Moderaterne,69,831,334.0,0.4019253910950662,arbejdsmarked_velfærd
Alternativet,Radikale Venstre,69,5545,3702.0,0.6676284941388638,arbejdsmarked_velfærd
Alternativet,Socialdemokratiet,69,31469,18920.0,0.6012266039594522,arbejdsmarked_velfærd
Alternativet,Socialistisk Folkeparti,69,5523,4384.0,0.7937715009958356,arbejdsmarked_velfærd
Alternativet,Tjóðveldi,69,8,0.0,0.0,arbejdsmarked_velfærd
Alternativet,Uden for folketingsgrupperne,69,3564,1619.0,0.4542648709315376,arbejdsmarked_velfærd
Alternativet,Venstre,69,18372,8276.0,0.4504681036359678,arbejdsmarked_velfærd
Danmarksdemokraterne,Alternativet,69,12645,5663.0,0.447844998022934,arbejdsmarked_velfærd
Danmarksdemokraterne,Danmarksdemokraterne,69,8574,8208.0,0.9573128061581525,arbejdsmarked_velfærd
Danmarksdemokraterne,Dansk Folkeparti,69,33303,32529.0,0.9767588505540041,arbejdsmarked_velfærd
Danmarksdemokraterne,Det Konservative Folkeparti,69,6999,6249.0,0.8928418345477925,arbejdsmarked_velfærd
Danmarksdemokraterne,Enhedslisten,69,19002,6001.0,0.31580886222502896,arbejdsmarked_velfærd
Danmarksdemokraterne,Liberal Alliance,69,15344,13436.0,0.8756517205422315,arbejdsmarked_velfærd
Danmarksdemokraterne,Moderaterne,69,888,758.0,0.8536036036036037,arbejdsmarked_velfærd
Danmarksdemokraterne,Radikale Venstre,69,9886,6376.0,0.6449524580214445,arbejdsmarked_velfærd
Danmarksdemokraterne,Socialdemokratiet,69,58752,41763.0,0.7108353758169934,arbejdsmarked_velfærd
Danmarksdemokraterne,Socialistisk Folkeparti,69,9492,4496.0,0.47366203118415506,arbejdsmarked_velfærd
Danmarksdemokraterne,Tjóðveldi,69,17,10.0,0.5882352941176471,arbejdsmarked_velfærd
Danmarksdemokraterne,Uden for folketingsgrupperne,69,8299,7647.0,0.92143631762863,arbejdsmarked_velfærd
Danmarksdemokraterne,Venstre,69,30955,27697.0,0.8947504441931836,arbejdsmarked_velfærd
Dansk Folkeparti,Alternativet,69,29530,12732.0,0.4311547578733491,arbejdsmarked_velfærd
Dansk Folkeparti,Danmarksdemokraterne,69,16927,16540.0,0.977137118213505,arbejdsmarked_velfærd
Dansk Folkeparti,Dansk Folkeparti,69,62802,62772.0,0.999522308206745,arbejdsmarked_velfærd
Dansk Folkeparti,Det Konservative Folkeparti,69,13104,11364.0,0.8672161172161172,arbejdsmarked_velfærd
Dansk Folkeparti,Enhedslisten,69,38986,12602.0,0.32324424152259784,arbejdsmarked_velfærd
Dansk Folkeparti,Liberal Alliance,69,28603,24431.0,0.8541411740027269,arbejdsmarked_velfærd
Dansk Folkeparti,Moderaterne,69,1487,1218.0,0.8190988567585743,arbejdsmarked_velfærd
Dansk Folkeparti,Radikale Venstre,69,20399,12120.0,0.5941467719005834,arbejdsmarked_velfærd
Dansk Folkeparti,Socialdemokratiet,69,119030,79381.0,0.6668991010669579,arbejdsmarked_velfærd
Dansk Folkeparti,Socialistisk Folkeparti,69,20278,9319.0,0.4595620869908275,arbejdsmarked_velfærd
Dansk Folkeparti,Tjóðveldi,69,20,12.0,0.6,arbejdsmarked_velfærd
Dansk Folkeparti,Uden for folketingsgrupperne,69,15698,14269.0,0.9089692954516498,arbejdsmarked_velfærd
Dansk Folkeparti,Venstre,69,65010,56823.0,0.8740655283802492,arbejdsmarked_velfærd
Det Konservative Folkeparti,Alternativet,69,9321,3952.0,0.42398884239888424,arbejdsmarked_velfærd
Det Konservative Folkeparti,Danmarksdemokraterne,69,6025,5302.0,0.88,arbejdsmarked_velfærd
Det Konservative Folkeparti,Dansk Folkeparti,69,21483,18508.0,0.8615184099055067,arbejdsmarked_velfærd
Det Konservative Folkeparti,Det Konservative Folkeparti,69,3684,3651.0,0.991042345276873,arbejdsmarked_velfærd
Det Konservative Folkeparti,Enhedslisten,69,13169,3478.0,0.26410509529956716,arbejdsmarked_velfærd
Det Konservative Folkeparti,Liberal Alliance,69,8897,8626.0,0.9695402944812859,arbejdsmarked_velfærd
Det Konservative Folkeparti,Moderaterne,69,1101,1074.0,0.9754768392370572,arbejdsmarked_velfærd
Det Konservative Folkeparti,Radikale Venstre,69,5813,4144.0,0.7128849131257526,arbejdsmarked_velfærd
Det Konservative Folkeparti,Socialdemokratiet,69,36647,28335.0,0.7731874368979725,arbejdsmarked_velfærd
Det Konservative Folkeparti,Socialistisk Folkeparti,69,5652,2618.0,0.4631988676574664,arbejdsmarked_velfærd
Det Konservative Folkeparti,Tjóðveldi,69,5,0.0,0.0,arbejdsmarked_velfærd
Det Konservative Folkeparti,Uden for folketingsgrupperne,69,4333,4101.0,0.9464574198015232,arbejdsmarked_velfærd
Det Konservative Folkeparti,Venstre,69,21207,21072.0,0.9936341773942566,arbejdsmarked_velfærd
Enhedslisten,Alternativet,69,15010,11587.0,0.7719520319786809,arbejdsmarked_velfærd
Enhedslisten,Danmarksdemokraterne,69,9136,2863.0,0.3133756567425569,arbejdsmarked_velfærd
Enhedslisten,Dansk Folkeparti,69,34679,11204.0,0.32307736670607573,arbejdsmarked_velfærd
Enhedslisten,Det Konservative Folkeparti,69,6015,1571.0,0.2611803823773899,arbejdsmarked_velfærd
Enhedslisten,Enhedslisten,69,18157,18144.0,0.9992840226909732,arbejdsmarked_velfærd
Enhedslisten,Liberal Alliance,69,14636,4157.0,0.28402569007925665,arbejdsmarked_velfærd
Enhedslisten,Moderaterne,69,982,218.0,0.2219959266802444,arbejdsmarked_velfærd
Enhedslisten,Radikale Venstre,69,10078,4937.0,0.48987894423496725,arbejdsmarked_velfærd
Enhedslisten,Socialdemokratiet,69,60387,26829.0,0.4442843658403299,arbejdsmarked_velfærd
Enhedslisten,Socialistisk Folkeparti,69,10765,8079.0,0.7504876915931259,arbejdsmarked_velfærd
Enhedslisten,Tjóðveldi,69,15,0.0,0.0,arbejdsmarked_velfærd
Enhedslisten,Uden for folketingsgrupperne,69,7182,2098.0,0.29211918685602895,arbejdsmarked_velfærd
Enhedslisten,Venstre,69,34061,9085.0,0.2667273421214879,arbejdsmarked_velfærd
Inuit Ataqatigiit,Alternativet,69,84,20.0,0.23809523809523808,arbejdsmarked_velfærd
Inuit Ataqatigiit,Danmarksdemokraterne,69,95,45.0,0.47368421052631576,arbejdsmarked_velfærd
Inuit Ataqatigiit,Dansk Folkeparti,69,211,91.0,0.4312796208530806,arbejdsmarked_velfærd
Inuit Ataqatigiit,Det Konservative Folkeparti,69,68,25.0,0.36764705882352944,arbejdsmarked_velfærd
Inuit Ataqatigiit,Enhedslisten,69,123,25.0,0.2032520325203252,arbejdsmarked_velfærd
Inuit Ataqatigiit,Liberal Alliance,69,97,41.0,0.422680412371134,arbejdsmarked_velfærd
Inuit Ataqatigiit,Moderaterne,69,12,6.0,0.5,arbejdsmarked_velfærd
Inuit Ataqatigiit,Radikale Venstre,69,57,25.0,0.43859649122807015,arbejdsmarked_velfærd
Inuit Ataqatigiit,Socialdemokratiet,69,408,170.0,0.4166666666666667,arbejdsmarked_velfærd
Inuit Ataqatigiit,Socialistisk Folkeparti,69,61,20.0,0.32786885245901637,arbejdsmarked_velfærd
Inuit Ataqatigiit,Tjóðveldi,69,1,1.0,1.0,arbejdsmarked_velfærd
Inuit Ataqatigiit,Uden for folketingsgrupperne,69,25,13.0,0.52,arbejdsmarked_velfærd
Inuit Ataqatigiit,Venstre,69,264,107.0,0.4053030303030303,arbejdsmarked_velfærd
Liberal Alliance,Alternativet,69,12520,5413.0,0.4323482428115016,arbejdsmarked_velfærd
Liberal Alliance,Danmarksdemokraterne,69,6432,5666.0,0.880907960199005,arbejdsmarked_velfærd
Liberal Alliance,Dansk Folkeparti,69,28422,24266.0,0.8537752445288861,arbejdsmarked_velfærd
Liberal Alliance,Det Konservative Folkeparti,69,5964,5715.0,0.9582494969818913,arbejdsmarked_velfærd
Liberal Alliance,Enhedslisten,69,16972,4712.0,0.2776337497053971,arbejdsmarked_velfærd
Liberal Alliance,Liberal Alliance,69,10638,10615.0,0.9978379394623049,arbejdsmarked_velfærd
Liberal Alliance,Moderaterne,69,647,624.0,0.964451313755796,arbejdsmarked_velfærd
Liberal Alliance,Radikale Venstre,69,8501,5925.0,0.6969768262557346,arbejdsmarked_velfærd
Liberal Alliance,Socialdemokratiet,69,49497,36743.0,0.7423278178475463,arbejdsmarked_velfærd
Liberal Alliance,Socialistisk Folkeparti,69,7721,3611.0,0.46768553296205156,arbejdsmarked_velfærd
Liberal Alliance,Tjóðveldi,69,13,0.0,0.0,arbejdsmarked_velfærd
Liberal Alliance,Uden for folketingsgrupperne,69,7239,6786.0,0.9374222958972234,arbejdsmarked_velfærd
Liberal Alliance,Venstre,69,25280,24347.0,0.9630933544303798,arbejdsmarked_velfærd
Moderaterne,Alternativet,69,2435,909.0,0.373305954825462,arbejdsmarked_velfærd
Moderaterne,Danmarksdemokraterne,69,2487,2097.0,0.8431845597104946,arbejdsmarked_velfærd
Moderaterne,Dansk Folkeparti,69,7721,6359.0,0.8235979795363295,arbejdsmarked_velfærd
Moderaterne,Det Konservative Folkeparti,69,1336,1295.0,0.969311377245509,arbejdsmarked_velfærd
Moderaterne,Enhedslisten,69,4102,1000.0,0.24378352023403219,arbejdsmarked_velfærd
Moderaterne,Liberal Alliance,69,3136,3044.0,0.9706632653061225,arbejdsmarked_velfærd
Moderaterne,Moderaterne,69,169,159.0,0.9408284023668639,arbejdsmarked_velfærd
Moderaterne,Radikale Venstre,69,2062,1407.0,0.6823472356935014,arbejdsmarked_velfærd
Moderaterne,Socialdemokratiet,69,13374,9971.0,0.7455510692388216,arbejdsmarked_velfærd
Moderaterne,Socialistisk Folkeparti,69,2210,955.0,0.4321266968325792,arbejdsmarked_velfærd
Moderaterne,Tjóðveldi,69,5,0.0,0.0,arbejdsmarked_velfærd
Moderaterne,Uden for folketingsgrupperne,69,1618,1485.0,0.9177997527812114,arbejdsmarked_velfærd
Moderaterne,Venstre,69,7466,7265.0,0.9730779533886954,arbejdsmarked_velfærd
Radikale Venstre,Alternativet,69,6344,4435.0,0.6990857503152585,arbejdsmarked_velfærd
Radikale Venstre,Danmarksdemokraterne,69,3163,1948.0,0.6158710085361998,arbejdsmarked_velfærd
Radikale Venstre,Dansk Folkeparti,69,13712,8254.0,0.6019544924154026,arbejdsmarked_velfærd
Radikale Venstre,Det Konservative Folkeparti,69,3023,2046.0,0.6768111147866358,arbejdsmarked_velfærd
Radikale Venstre,Enhedslisten,69,8804,4708.0,0.5347569286687869,arbejdsmarked_velfærd
Radikale Venstre,Liberal Alliance,69,6116,4267.0,0.697678221059516,arbejdsmarked_velfærd
Radikale Venstre,Moderaterne,69,302,174.0,0.5761589403973509,arbejdsmarked_velfærd
Radikale Venstre,Radikale Venstre,69,3405,3390.0,0.9955947136563876,arbejdsmarked_velfærd
Radikale Venstre,Socialdemokratiet,69,24091,19890.0,0.825619525964053,arbejdsmarked_velfærd
Radikale Venstre,Socialistisk Folkeparti,69,3418,2394.0,0.70040959625512,arbejdsmarked_velfærd
Radikale Venstre,Tjóðveldi,69,6,0.0,0.0,arbejdsmarked_velfærd
Radikale Venstre,Uden for folketingsgrupperne,69,3261,2173.0,0.666360012266176,arbejdsmarked_velfærd
Radikale Venstre,Venstre,69,13160,9046.0,0.6873860182370821,arbejdsmarked_velfærd
Socialdemokratiet,Alternativet,69,52734,31342.0,0.5943414116130011,arbejdsmarked_velfærd
Socialdemokratiet,Danmarksdemokraterne,69,32771,22934.0,0.6998260657288456,arbejdsmarked_velfærd
Socialdemokratiet,Dansk Folkeparti,69,121459,80772.0,0.6650145316526564,arbejdsmarked_velfærd
Socialdemokratiet,Det Konservative Folkeparti,69,26100,19223.0,0.7365134099616858,arbejdsmarked_velfærd
Socialdemokratiet,Enhedslisten,69,72921,33185.0,0.45508152658356305,arbejdsmarked_velfærd
Socialdemokratiet,Liberal Alliance,69,53779,40184.0,0.7472061585377192,arbejdsmarked_velfærd
Socialdemokratiet,Moderaterne,69,3231,2289.0,0.7084493964716806,arbejdsmarked_velfærd
Socialdemokratiet,Radikale Venstre,69,37451,31459.0,0.8400042722490721,arbejdsmarked_velfærd
Socialdemokratiet,Socialdemokratiet,69,210599,209427.0,0.9944349213434062,arbejdsmarked_velfærd
Socialdemokratiet,Socialistisk Folkeparti,69,35449,22896.0,0.6458856385229484,arbejdsmarked_velfærd
Socialdemokratiet,Tjóðveldi,69,56,0.0,0.0,arbejdsmarked_velfærd
Socialdemokratiet,Uden for folketingsgrupperne,69,29829,21623.0,0.724898588621811,arbejdsmarked_velfærd
Socialdemokratiet,Venstre,69,118212,89615.0,0.7580871654315975,arbejdsmarked_velfærd
Socialistisk Folkeparti,Alternativet,69,7003,5530.0,0.7896615736113094,arbejdsmarked_velfærd
Socialistisk Folkeparti,Danmarksdemokraterne,69,4286,2007.0,0.4682687820811946,arbejdsmarked_velfærd
Socialistisk Folkeparti,Dansk Folkeparti,69,15904,7309.0,0.45956991951710263,arbejdsmarked_velfærd
Socialistisk Folkeparti,Det Konservative Folkeparti,69,3742,1726.0,0.46125066809192944,arbejdsmarked_velfærd
Socialistisk Folkeparti,Enhedslisten,69,9278,6795.0,0.732377667600776,arbejdsmarked_velfærd
Socialistisk Folkeparti,Liberal Alliance,69,7763,3726.0,0.4799690841169651,arbejdsmarked_velfærd
Socialistisk Folkeparti,Moderaterne,69,306,113.0,0.369281045751634,arbejdsmarked_velfærd
Socialistisk Folkeparti,Radikale Venstre,69,5861,4012.0,0.6845248251151681,arbejdsmarked_velfærd
Socialistisk Folkeparti,Socialdemokratiet,69,29974,19978.0,0.6665109761793554,arbejdsmarked_velfærd
Socialistisk Folkeparti,Socialistisk Folkeparti,69,3885,3647.0,0.9387387387387387,arbejdsmarked_velfærd
Socialistisk Folkeparti,Tjóðveldi,69,9,0.0,0.0,arbejdsmarked_velfærd
Socialistisk Folkeparti,Uden for folketingsgrupperne,69,4714,2211.0,0.46902842596521,arbejdsmarked_velfærd
Socialistisk Folkeparti,Venstre,69,15594,7330.0,0.4700525843273054,arbejdsmarked_velfærd
Tjóðveldi,Alternativet,69,8,0.0,0.0,arbejdsmarked_velfærd
Tjóðveldi,Danmarksdemokraterne,69,3,2.0,0.6666666666666666,arbejdsmarked_velfærd
Tjóðveldi,Dansk Folkeparti,69,25,18.0,0.72,arbejdsmarked_velfærd
Tjóðveldi,Det Konservative Folkeparti,69,7,0.0,0.0,arbejdsmarked_velfærd
Tjóðveldi,Enhedslisten,69,12,0.0,0.0,arbejdsmarked_velfærd
Tjóðveldi,Liberal Alliance,69,8,0.0,0.0,arbejdsmarked_velfærd
Tjóðveldi,Radikale Venstre,69,7,0.0,0.0,arbejdsmarked_velfærd
Tjóðveldi,Socialdemokratiet,69,34,0.0,0.0,arbejdsmarked_velfærd
Tjóðveldi,Socialistisk Folkeparti,69,3,0.0,0.0,arbejdsmarked_velfærd
Tjóðveldi,Uden for folketingsgrupperne,69,7,2.0,0.2857142857142857,arbejdsmarked_velfærd
Tjóðveldi,Venstre,69,14,0.0,0.0,arbejdsmarked_velfærd
Uden for folketingsgrupperne,Alternativet,69,4645,2059.0,0.4432723358449946,arbejdsmarked_velfærd
Uden for folketingsgrupperne,Danmarksdemokraterne,69,856,800.0,0.9345794392523364,arbejdsmarked_velfærd
Uden for folketingsgrupperne,Dansk Folkeparti,69,7985,7529.0,0.9428929242329368,arbejdsmarked_velfærd
Uden for folketingsgrupperne,Det Konservative Folkeparti,69,1634,1445.0,0.8843329253365974,arbejdsmarked_velfærd
Uden for folketingsgrupperne,Enhedslisten,69,6017,1849.0,0.3072959946817351,arbejdsmarked_velfærd
Uden for folketingsgrupperne,Liberal Alliance,69,2857,2522.0,0.8827441372068603,arbejdsmarked_velfærd
Uden for folketingsgrupperne,Moderaterne,69,8,8.0,1.0,arbejdsmarked_velfærd
Uden for folketingsgrupperne,Radikale Venstre,69,2849,1814.0,0.6367146367146367,arbejdsmarked_velfærd
Uden for folketingsgrupperne,Socialdemokratiet,69,13148,9202.0,0.6998783084879829,arbejdsmarked_velfærd
Uden for folketingsgrupperne,Socialistisk Folkeparti,69,1781,809.0,0.4542391914654688,arbejdsmarked_velfærd
Uden for folketingsgrupperne,Tjóðveldi,69,2,2.0,1.0,arbejdsmarked_velfærd
Uden for folketingsgrupperne,Uden for folketingsgrupperne,69,1625,1481.0,0.9113846153846153,arbejdsmarked_velfærd
Uden for folketingsgrupperne,Venstre,69,7157,6606.0,0.9230124353779516,arbejdsmarked_velfærd
Venstre,Alternativet,69,30503,13196.0,0.4326131855883028,arbejdsmarked_velfærd
Venstre,Danmarksdemokraterne,69,21826,19498.0,0.8933382204709979,arbejdsmarked_velfærd
Venstre,Dansk Folkeparti,69,74292,64692.0,0.87078016475529,arbejdsmarked_velfærd
Venstre,Det Konservative Folkeparti,69,15167,14991.0,0.9883958594316609,arbejdsmarked_velfærd
Venstre,Enhedslisten,69,43132,11883.0,0.27550310674209405,arbejdsmarked_velfærd
Venstre,Liberal Alliance,69,34551,33420.0,0.9672657810193627,arbejdsmarked_velfærd
Venstre,Moderaterne,69,2211,2184.0,0.9877883310719131,arbejdsmarked_velfærd
Venstre,Radikale Venstre,69,22525,16132.0,0.7161820199778024,arbejdsmarked_velfærd
Venstre,Socialdemokratiet,69,134654,104018.0,0.7724835504329615,arbejdsmarked_velfærd
Venstre,Socialistisk Folkeparti,69,22342,10563.0,0.4727866797959001,arbejdsmarked_velfærd
Venstre,Tjóðveldi,69,39,0.0,0.0,arbejdsmarked_velfærd
Venstre,Uden for folketingsgrupperne,69,17583,16521.0,0.9396007507251323,arbejdsmarked_velfærd
Venstre,Venstre,69,69454,69428.0,0.9996256515103522,arbejdsmarked_velfærd
Alternativet,Alternativet,70,95,87.0,0.9157894736842105,arbejdsmarked_velfærd
Alternativet,Danmarksdemokraterne,70,4,3.0,0.75,arbejdsmarked_velfærd
Alternativet,Dansk Folkeparti,70,13,12.0,0.9230769230769231,arbejdsmarked_velfærd
Alternativet,Det Konservative Folkeparti,70,40,18.0,0.45,arbejdsmarked_velfærd
Alternativet,Enhedslisten,70,275,251.0,0.9127272727272727,arbejdsmarked_velfærd
Alternativet,Frie Grønne,70,18,17.0,0.9444444444444444,arbejdsmarked_velfærd
Alternativet,Liberal Alliance,70,23,12.0,0.5217391304347826,arbejdsmarked_velfærd
Alternativet,Radikale Venstre,70,267,197.0,0.7378277153558053,arbejdsmarked_velfærd
Alternativet,Socialdemokratiet,70,355,195.0,0.5492957746478874,arbejdsmarked_velfærd
Alternativet,Socialistisk Folkeparti,70,174,142.0,0.8160919540229885,arbejdsmarked_velfærd
Alternativet,Uden for folketingsgrupperne,70,27,17.0,0.6296296296296297,arbejdsmarked_velfærd
Alternativet,Venstre,70,501,240.0,0.47904191616766467,arbejdsmarked_velfærd
Borgernes Parti,Alternativet,70,203,91.0,0.4482758620689655,arbejdsmarked_velfærd
Borgernes Parti,Danmarksdemokraterne,70,270,222.0,0.8222222222222222,arbejdsmarked_velfærd
Borgernes Parti,Dansk Folkeparti,70,393,330.0,0.8396946564885496,arbejdsmarked_velfærd
Borgernes Parti,Det Konservative Folkeparti,70,755,539.0,0.713907284768212,arbejdsmarked_velfærd
Borgernes Parti,Enhedslisten,70,692,328.0,0.47398843930635837,arbejdsmarked_velfærd
Borgernes Parti,Frie Grønne,70,187,75.0,0.40106951871657753,arbejdsmarked_velfærd
Borgernes Parti,Liberal Alliance,70,210,174.0,0.8285714285714286,arbejdsmarked_velfærd
Borgernes Parti,Radikale Venstre,70,797,406.0,0.5094102885821832,arbejdsmarked_velfærd
Borgernes Parti,Socialdemokratiet,70,1996,1201.0,0.6017034068136272,arbejdsmarked_velfærd
Borgernes Parti,Socialistisk Folkeparti,70,399,169.0,0.42355889724310775,arbejdsmarked_velfærd
Borgernes Parti,Uden for folketingsgrupperne,70,383,323.0,0.8433420365535248,arbejdsmarked_velfærd
Borgernes Parti,Venstre,70,1694,1235.0,0.7290436835891382,arbejdsmarked_velfærd
Danmarksdemokraterne,Alternativet,70,2114,1009.0,0.47729422894985807,arbejdsmarked_velfærd
Danmarksdemokraterne,Borgernes Parti,70,666,544.0,0.8168168168168168,arbejdsmarked_velfærd
Danmarksdemokraterne,Danmarksdemokraterne,70,5206,4879.0,0.9371878601613522,arbejdsmarked_velfærd
Danmarksdemokraterne,Dansk Folkeparti,70,4459,3994.0,0.8957165283695896,arbejdsmarked_velfærd
Danmarksdemokraterne,Det Konservative Folkeparti,70,9656,7465.0,0.7730944490472246,arbejdsmarked_velfærd
Danmarksdemokraterne,Enhedslisten,70,10343,4751.0,0.4593444841922073,arbejdsmarked_velfærd
Danmarksdemokraterne,Frie Grønne,70,2486,1171.0,0.47103781174577636,arbejdsmarked_velfærd
Danmarksdemokraterne,Liberal Alliance,70,3255,2400.0,0.7373271889400922,arbejdsmarked_velfærd
Danmarksdemokraterne,Moderaterne,70,16,6.0,0.375,arbejdsmarked_velfærd
Danmarksdemokraterne,Radikale Venstre,70,12430,7239.0,0.5823813354786807,arbejdsmarked_velfærd
Danmarksdemokraterne,Sambandsflokkurin,70,9,5.0,0.5555555555555556,arbejdsmarked_velfærd
Danmarksdemokraterne,Socialdemokratiet,70,32997,22524.0,0.6826075097736157,arbejdsmarked_velfærd
Danmarksdemokraterne,Socialistisk Folkeparti,70,8634,4321.0,0.500463284688441,arbejdsmarked_velfærd
Danmarksdemokraterne,Uden for folketingsgrupperne,70,5357,4648.0,0.8676498039947732,arbejdsmarked_velfærd
Danmarksdemokraterne,Venstre,70,26433,21100.0,0.7982446184693376,arbejdsmarked_velfærd
Dansk Folkeparti,Alternativet,70,1024,472.0,0.4609375,arbejdsmarked_velfærd
Dansk Folkeparti,Borgernes Parti,70,75,61.0,0.8133333333333334,arbejdsmarked_velfærd
Dansk Folkeparti,Danmarksdemokraterne,70,1407,1304.0,0.9267945984363894,arbejdsmarked_velfærd
Dansk Folkeparti,Dansk Folkeparti,70,1167,1052.0,0.9014567266495287,arbejdsmarked_velfærd
Dansk Folkeparti,Det Konservative Folkeparti,70,2917,2109.0,0.7230030853616729,arbejdsmarked_velfærd
Dansk Folkeparti,Enhedslisten,70,4235,1893.0,0.44698937426210156,arbejdsmarked_velfærd
Dansk Folkeparti,Frie Grønne,70,1317,630.0,0.4783599088838269,arbejdsmarked_velfærd
Dansk Folkeparti,Liberal Alliance,70,1299,978.0,0.7528868360277137,arbejdsmarked_velfærd
Dansk Folkeparti,Moderaterne,70,4,1.0,0.25,arbejdsmarked_velfærd
Dansk Folkeparti,Radikale Venstre,70,4285,2284.0,0.5330221703617269,arbejdsmarked_velfærd
Dansk Folkeparti,Sambandsflokkurin,70,1,1.0,1.0,arbejdsmarked_velfærd
Dansk Folkeparti,Socialdemokratiet,70,10590,6526.0,0.6162417374881964,arbejdsmarked_velfærd
Dansk Folkeparti,Socialistisk Folkeparti,70,3015,1336.0,0.4431177446102819,arbejdsmarked_velfærd
Dansk Folkeparti,Uden for folketingsgrupperne,70,1235,974.0,0.7886639676113361,arbejdsmarked_velfærd
Dansk Folkeparti,Venstre,70,8516,6327.0,0.7429544387036168,arbejdsmarked_velfærd
Det Konservative Folkeparti,Alternativet,70,2457,1124.0,0.4574684574684575,arbejdsmarked_velfærd
Det Konservative Folkeparti,Borgernes Parti,70,382,288.0,0.7539267015706806,arbejdsmarked_velfærd
Det Konservative Folkeparti,Danmarksdemokraterne,70,4365,3339.0,0.7649484536082474,arbejdsmarked_velfærd
Det Konservative Folkeparti,Dansk Folkeparti,70,4222,3148.0,0.7456181904310754,arbejdsmarked_velfærd
Det Konservative Folkeparti,Det Konservative Folkeparti,70,7278,7247.0,0.9957405880736466,arbejdsmarked_velfærd
Det Konservative Folkeparti,Enhedslisten,70,10822,5329.0,0.4924228423581593,arbejdsmarked_velfærd
Det Konservative Folkeparti,Frie Grønne,70,2998,1548.0,0.5163442294863242,arbejdsmarked_velfærd
Det Konservative Folkeparti,Liberal Alliance,70,3207,2491.0,0.7767383847832866,arbejdsmarked_velfærd
Det Konservative Folkeparti,Moderaterne,70,11,5.0,0.45454545454545453,arbejdsmarked_velfærd
Det Konservative Folkeparti,Radikale Venstre,70,11713,8202.0,0.7002475881499189,arbejdsmarked_velfærd
Det Konservative Folkeparti,Sambandsflokkurin,70,14,14.0,1.0,arbejdsmarked_velfærd
Det Konservative Folkeparti,Socialdemokratiet,70,28442,21871.0,0.7689684269741931,arbejdsmarked_velfærd
Det Konservative Folkeparti,Socialistisk Folkeparti,70,8028,4740.0,0.5904334828101644,arbejdsmarked_velfærd
Det Konservative Folkeparti,Uden for folketingsgrupperne,70,4170,3263.0,0.782494004796163,arbejdsmarked_velfærd
Det Konservative Folkeparti,Venstre,70,23707,21787.0,0.9190112624963092,arbejdsmarked_velfærd
Enhedslisten,Alternativet,70,2405,2201.0,0.9151767151767152,arbejdsmarked_velfærd
Enhedslisten,Borgernes Parti,70,507,253.0,0.4990138067061144,arbejdsmarked_velfærd
Enhedslisten,Danmarksdemokraterne,70,4593,2183.0,0.475288482473329,arbejdsmarked_velfærd
Enhedslisten,Dansk Folkeparti,70,3319,1524.0,0.459174450135583,arbejdsmarked_velfærd
Enhedslisten,Det Konservative Folkeparti,70,6927,3246.0,0.4686011260285838,arbejdsmarked_velfærd
Enhedslisten,Enhedslisten,70,8176,8147.0,0.9964530332681018,arbejdsmarked_velfærd
Enhedslisten,Frie Grønne,70,2483,2124.0,0.8554168344744261,arbejdsmarked_velfærd
Enhedslisten,Liberal Alliance,70,2451,1006.0,0.4104447164422685,arbejdsmarked_velfærd
Enhedslisten,Moderaterne,70,12,4.0,0.3333333333333333,arbejdsmarked_velfærd
Enhedslisten,Radikale Venstre,70,11029,8092.0,0.7337020582101732,arbejdsmarked_velfærd
Enhedslisten,Sambandsflokkurin,70,4,2.0,0.5,arbejdsmarked_velfærd
Enhedslisten,Socialdemokratiet,70,26846,17028.0,0.6342844371600983,arbejdsmarked_velfærd
Enhedslisten,Socialistisk Folkeparti,70,7532,6271.0,0.8325809877854488,arbejdsmarked_velfærd
Enhedslisten,Uden for folketingsgrupperne,70,3920,1838.0,0.4688775510204082,arbejdsmarked_velfærd
Enhedslisten,Venstre,70,22366,11108.0,0.49664669587767146,arbejdsmarked_velfærd
Frie Grønne,Alternativet,70,389,359.0,0.922879177377892,arbejdsmarked_velfærd
Frie Grønne,Danmarksdemokraterne,70,142,69.0,0.4859154929577465,arbejdsmarked_velfærd
Frie Grønne,Dansk Folkeparti,70,1,1.0,1.0,arbejdsmarked_velfærd
Frie Grønne,Det Konservative Folkeparti,70,79,51.0,0.6455696202531646,arbejdsmarked_velfærd
Frie Grønne,Enhedslisten,70,791,677.0,0.8558786346396966,arbejdsmarked_velfærd
Frie Grønne,Frie Grønne,70,112,111.0,0.9910714285714286,arbejdsmarked_velfærd
Frie Grønne,Radikale Venstre,70,512,371.0,0.724609375,arbejdsmarked_velfærd
Frie Grønne,Socialdemokratiet,70,1198,768.0,0.6410684474123539,arbejdsmarked_velfærd
Frie Grønne,Socialistisk Folkeparti,70,451,382.0,0.8470066518847007,arbejdsmarked_velfærd
Frie Grønne,Uden for folketingsgrupperne,70,5,3.0,0.6,arbejdsmarked_velfærd
Frie Grønne,Venstre,70,1269,694.0,0.5468873128447597,arbejdsmarked_velfærd
Liberal Alliance,Alternativet,70,877,380.0,0.43329532497149376,arbejdsmarked_velfærd
Liberal Alliance,Borgernes Parti,70,179,136.0,0.7597765363128491,arbejdsmarked_velfærd
Liberal Alliance,Danmarksdemokraterne,70,1996,1517.0,0.7600200400801603,arbejdsmarked_velfærd
Liberal Alliance,Dansk Folkeparti,70,1254,952.0,0.759170653907496,arbejdsmarked_velfærd
Liberal Alliance,Det Konservative Folkeparti,70,2877,2422.0,0.8418491484184915,arbejdsmarked_velfærd
Liberal Alliance,Enhedslisten,70,4027,1615.0,0.4010429600198659,arbejdsmarked_velfærd
Liberal Alliance,Frie Grønne,70,1148,515.0,0.44860627177700346,arbejdsmarked_velfærd
Liberal Alliance,Liberal Alliance,70,788,655.0,0.8312182741116751,arbejdsmarked_velfærd
Liberal Alliance,Moderaterne,70,5,2.0,0.4,arbejdsmarked_velfærd
Liberal Alliance,Radikale Venstre,70,4606,2811.0,0.6102909248805906,arbejdsmarked_velfærd
Liberal Alliance,Sambandsflokkurin,70,1,1.0,1.0,arbejdsmarked_velfærd
Liberal Alliance,Socialdemokratiet,70,11875,8178.0,0.6886736842105263,arbejdsmarked_velfærd
Liberal Alliance,Socialistisk Folkeparti,70,3478,1649.0,0.4741230592294422,arbejdsmarked_velfærd
Liberal Alliance,Uden for folketingsgrupperne,70,1601,1230.0,0.7682698313554028,arbejdsmarked_velfærd
Liberal Alliance,Venstre,70,9030,7522.0,0.8330011074197121,arbejdsmarked_velfærd
Moderaterne,Alternativet,70,4,0.0,0.0,arbejdsmarked_velfærd
Moderaterne,Danmarksdemokraterne,70,10,4.0,0.4,arbejdsmarked_velfærd
Moderaterne,Dansk Folkeparti,70,7,2.0,0.2857142857142857,arbejdsmarked_velfærd
Moderaterne,Det Konservative Folkeparti,70,19,10.0,0.5263157894736842,arbejdsmarked_velfærd
Moderaterne,Enhedslisten,70,18,4.0,0.2222222222222222,arbejdsmarked_velfærd
Moderaterne,Frie Grønne,70,6,2.0,0.3333333333333333,arbejdsmarked_velfærd
Moderaterne,Liberal Alliance,70,4,2.0,0.5,arbejdsmarked_velfærd
Moderaterne,Radikale Venstre,70,16,3.0,0.1875,arbejdsmarked_velfærd
Moderaterne,Socialdemokratiet,70,39,10.0,0.2564102564102564,arbejdsmarked_velfærd
Moderaterne,Socialistisk Folkeparti,70,6,1.0,0.16666666666666666,arbejdsmarked_velfærd
Moderaterne,Uden for folketingsgrupperne,70,6,2.0,0.3333333333333333,arbejdsmarked_velfærd
Moderaterne,Venstre,70,34,16.0,0.47058823529411764,arbejdsmarked_velfærd
Naleraq,Alternativet,70,1,0.0,0.0,arbejdsmarked_velfærd
Naleraq,Danmarksdemokraterne,70,7,0.0,0.0,arbejdsmarked_velfærd
Naleraq,Dansk Folkeparti,70,3,0.0,0.0,arbejdsmarked_velfærd
Naleraq,Det Konservative Folkeparti,70,7,0.0,0.0,arbejdsmarked_velfærd
Naleraq,Enhedslisten,70,8,8.0,1.0,arbejdsmarked_velfærd
Naleraq,Frie Grønne,70,2,0.0,0.0,arbejdsmarked_velfærd
Naleraq,Liberal Alliance,70,2,0.0,0.0,arbejdsmarked_velfærd
Naleraq,Radikale Venstre,70,10,10.0,1.0,arbejdsmarked_velfærd
Naleraq,Socialdemokratiet,70,29,29.0,1.0,arbejdsmarked_velfærd
Naleraq,Socialistisk Folkeparti,70,9,9.0,1.0,arbejdsmarked_velfærd
Naleraq,Uden for folketingsgrupperne,70,6,1.0,0.16666666666666666,arbejdsmarked_velfærd
Naleraq,Venstre,70,25,0.0,0.0,arbejdsmarked_velfærd
Radikale Venstre,Alternativet,70,2744,2030.0,0.7397959183673469,arbejdsmarked_velfærd
Radikale Venstre,Borgernes Parti,70,549,253.0,0.46083788706739526,arbejdsmarked_velfærd
Radikale Venstre,Danmarksdemokraterne,70,4260,2421.0,0.5683098591549296,arbejdsmarked_velfærd
Radikale Venstre,Dansk Folkeparti,70,4185,2275.0,0.5436081242532855,arbejdsmarked_velfærd
Radikale Venstre,Det Konservative Folkeparti,70,8094,5597.0,0.6914998764516926,arbejdsmarked_velfærd
Radikale Venstre,Enhedslisten,70,10030,7239.0,0.7217347956131606,arbejdsmarked_velfærd
Radikale Venstre,Frie Grønne,70,3149,2299.0,0.7300730390600191,arbejdsmarked_velfærd
Radikale Venstre,Liberal Alliance,70,2674,1471.0,0.550112191473448,arbejdsmarked_velfærd
Radikale Venstre,Moderaterne,70,14,4.0,0.2857142857142857,arbejdsmarked_velfærd
Radikale Venstre,Radikale Venstre,70,10510,10486.0,0.9977164605137964,arbejdsmarked_velfærd
Radikale Venstre,Sambandsflokkurin,70,11,8.0,0.7272727272727273,arbejdsmarked_velfærd
Radikale Venstre,Socialdemokratiet,70,27896,23412.0,0.8392601089761973,arbejdsmarked_velfærd
Radikale Venstre,Socialistisk Folkeparti,70,7620,6382.0,0.8375328083989502,arbejdsmarked_velfærd
Radikale Venstre,Uden for folketingsgrupperne,70,4359,2496.0,0.5726083964211975,arbejdsmarked_velfærd
Radikale Venstre,Venstre,70,24248,17439.0,0.7191933355328275,arbejdsmarked_velfærd
Sambandsflokkurin,Alternativet,70,9,5.0,0.5555555555555556,arbejdsmarked_velfærd
Sambandsflokkurin,Borgernes Parti,70,2,1.0,0.5,arbejdsmarked_velfærd
Sambandsflokkurin,Danmarksdemokraterne,70,26,20.0,0.7692307692307693,arbejdsmarked_velfærd
Sambandsflokkurin,Dansk Folkeparti,70,21,18.0,0.8571428571428571,arbejdsmarked_velfærd
Sambandsflokkurin,Det Konservative Folkeparti,70,27,27.0,1.0,arbejdsmarked_velfærd
Sambandsflokkurin,Enhedslisten,70,44,22.0,0.5,arbejdsmarked_velfærd
Sambandsflokkurin,Frie Grønne,70,9,6.0,0.6666666666666666,arbejdsmarked_velfærd
Sambandsflokkurin,Liberal Alliance,70,14,14.0,1.0,arbejdsmarked_velfærd
Sambandsflokkurin,Moderaterne,70,1,0.0,0.0,arbejdsmarked_velfærd
Sambandsflokkurin,Radikale Venstre,70,41,26.0,0.6341463414634146,arbejdsmarked_velfærd
Sambandsflokkurin,Socialdemokratiet,70,111,93.0,0.8378378378378378,arbejdsmarked_velfærd
Sambandsflokkurin,Socialistisk Folkeparti,70,32,16.0,0.5,arbejdsmarked_velfærd
Sambandsflokkurin,Uden for folketingsgrupperne,70,14,10.0,0.7142857142857143,arbejdsmarked_velfærd
Sambandsflokkurin,Venstre,70,93,93.0,1.0,arbejdsmarked_velfærd
Socialdemokratiet,Alternativet,70,10012,6217.0,0.62095485417499,arbejdsmarked_velfærd
Socialdemokratiet,Borgernes Parti,70,2759,1591.0,0.5766582094961943,arbejdsmarked_velfærd
Socialdemokratiet,Danmarksdemokraterne,70,25021,16967.0,0.6781103872746893,arbejdsmarked_velfærd
Socialdemokratiet,Dansk Folkeparti,70,18618,12016.0,0.6453969277043721,arbejdsmarked_velfærd
Socialdemokratiet,Det Konservative Folkeparti,70,40159,30292.0,0.7543016509375233,arbejdsmarked_velfærd
Socialdemokratiet,Enhedslisten,70,46037,30112.0,0.6540825857462476,arbejdsmarked_velfærd
Socialdemokratiet,Frie Grønne,70,11348,7593.0,0.6691046880507578,arbejdsmarked_velfærd
Socialdemokratiet,Liberal Alliance,70,13354,8353.0,0.6255054665268833,arbejdsmarked_velfærd
Socialdemokratiet,Moderaterne,70,78,20.0,0.2564102564102564,arbejdsmarked_velfærd
Socialdemokratiet,Radikale Venstre,70,53495,45297.0,0.846752032900271,arbejdsmarked_velfærd
Socialdemokratiet,Sambandsflokkurin,70,55,43.0,0.7818181818181819,arbejdsmarked_velfærd
Socialdemokratiet,Socialdemokratiet,70,137092,136810.0,0.9979429871910833,arbejdsmarked_velfærd
Socialdemokratiet,Socialistisk Folkeparti,70,39051,30560.0,0.7825663875444931,arbejdsmarked_velfærd
Socialdemokratiet,Uden for folketingsgrupperne,70,20748,13409.0,0.6462791594370542,arbejdsmarked_velfærd
Socialdemokratiet,Venstre,70,115842,91374.0,0.7887812710415911,arbejdsmarked_velfærd
Socialistisk Folkeparti,Alternativet,70,2907,2365.0,0.8135534915720675,arbejdsmarked_velfærd
Socialistisk Folkeparti,Borgernes Parti,70,1005,432.0,0.4298507462686567,arbejdsmarked_velfærd
Socialistisk Folkeparti,Danmarksdemokraterne,70,8944,4681.0,0.5233676207513417,arbejdsmarked_velfærd
Socialistisk Folkeparti,Dansk Folkeparti,70,5833,2906.0,0.49819989713697926,arbejdsmarked_velfærd
Socialistisk Folkeparti,Det Konservative Folkeparti,70,12758,7205.0,0.564743690233579,arbejdsmarked_velfærd
Socialistisk Folkeparti,Enhedslisten,70,14546,11991.0,0.8243503368623677,arbejdsmarked_velfærd
Socialistisk Folkeparti,Frie Grønne,70,3394,2749.0,0.809958750736594,arbejdsmarked_velfærd
Socialistisk Folkeparti,Liberal Alliance,70,4183,2026.0,0.484341381783409,arbejdsmarked_velfærd
Socialistisk Folkeparti,Moderaterne,70,28,8.0,0.2857142857142857,arbejdsmarked_velfærd
Socialistisk Folkeparti,Radikale Venstre,70,17077,14203.0,0.8317034607952216,arbejdsmarked_velfærd
Socialistisk Folkeparti,Sambandsflokkurin,70,21,11.0,0.5238095238095238,arbejdsmarked_velfærd
Socialistisk Folkeparti,Socialdemokratiet,70,46413,35824.0,0.771852713679357,arbejdsmarked_velfærd
Socialistisk Folkeparti,Socialistisk Folkeparti,70,11499,11387.0,0.9902600226106618,arbejdsmarked_velfærd
Socialistisk Folkeparti,Uden for folketingsgrupperne,70,7144,3698.0,0.5176371780515118,arbejdsmarked_velfærd
Socialistisk Folkeparti,Venstre,70,38518,23027.0,0.5978243937899164,arbejdsmarked_velfærd
Uden for folketingsgrupperne,Alternativet,70,1093,539.0,0.4931381518755718,arbejdsmarked_velfærd
Uden for folketingsgrupperne,Borgernes Parti,70,109,76.0,0.6972477064220184,arbejdsmarked_velfærd
Uden for folketingsgrupperne,Danmarksdemokraterne,70,1147,934.0,0.8142981691368788,arbejdsmarked_velfærd
Uden for folketingsgrupperne,Dansk Folkeparti,70,1949,1701.0,0.8727552591072345,arbejdsmarked_velfærd
Uden for folketingsgrupperne,Det Konservative Folkeparti,70,3387,2561.0,0.7561263655152052,arbejdsmarked_velfærd
Uden for folketingsgrupperne,Enhedslisten,70,4145,1995.0,0.4813027744270205,arbejdsmarked_velfærd
Uden for folketingsgrupperne,Frie Grønne,70,1449,708.0,0.4886128364389234,arbejdsmarked_velfærd
Uden for folketingsgrupperne,Liberal Alliance,70,1216,887.0,0.7294407894736842,arbejdsmarked_velfærd
Uden for folketingsgrupperne,Moderaterne,70,6,1.0,0.16666666666666666,arbejdsmarked_velfærd
Uden for folketingsgrupperne,Radikale Venstre,70,4681,2817.0,0.6017944883571886,arbejdsmarked_velfærd
Uden for folketingsgrupperne,Socialdemokratiet,70,10334,6820.0,0.6599574221017999,arbejdsmarked_velfærd
Uden for folketingsgrupperne,Socialistisk Folkeparti,70,2361,1191.0,0.5044472681067345,arbejdsmarked_velfærd
Uden for folketingsgrupperne,Uden for folketingsgrupperne,70,1362,1093.0,0.802496328928047,arbejdsmarked_velfærd
Uden for folketingsgrupperne,Venstre,70,8288,6456.0,0.778957528957529,arbejdsmarked_velfærd
Venstre,Alternativet,70,7770,3745.0,0.481981981981982,arbejdsmarked_velfærd
Venstre,Borgernes Parti,70,2045,1513.0,0.7398533007334963,arbejdsmarked_velfærd
Venstre,Danmarksdemokraterne,70,19339,15326.0,0.7924918558353586,arbejdsmarked_velfærd
Venstre,Dansk Folkeparti,70,14466,10773.0,0.7447117378681045,arbejdsmarked_velfærd
Venstre,Det Konservative Folkeparti,70,30397,27972.0,0.9202223903674704,arbejdsmarked_velfærd
Venstre,Enhedslisten,70,35282,17593.0,0.4986395329062978,arbejdsmarked_velfærd
Venstre,Frie Grønne,70,8658,4595.0,0.5307230307230307,arbejdsmarked_velfærd
Venstre,Liberal Alliance,70,10955,8570.0,0.7822911912368782,arbejdsmarked_velfærd
Venstre,Moderaterne,70,53,27.0,0.5094339622641509,arbejdsmarked_velfærd
Venstre,Radikale Venstre,70,40250,28896.0,0.7179130434782609,arbejdsmarked_velfærd
Venstre,Sambandsflokkurin,70,37,37.0,1.0,arbejdsmarked_velfærd
Venstre,Socialdemokratiet,70,108396,85599.0,0.7896878113583528,arbejdsmarked_velfærd
Venstre,Socialistisk Folkeparti,70,29088,17509.0,0.6019320682068207,arbejdsmarked_velfærd
Venstre,Uden for folketingsgrupperne,70,16312,12932.0,0.7927905836194212,arbejdsmarked_velfærd
Venstre,Venstre,70,85012,84954.0,0.9993177433774055,arbejdsmarked_velfærd
Alternativet,Alternativet,71,928,799.0,0.8609913793103449,arbejdsmarked_velfærd
Alternativet,Borgernes Parti,71,250,125.0,0.5,arbejdsmarked_velfærd
Alternativet,Danmarksdemokraterne,71,3639,2465.0,0.6773838966749107,arbejdsmarked_velfærd
Alternativet,Dansk Folkeparti,71,1533,1050.0,0.684931506849315,arbejdsmarked_velfærd
Alternativet,Det Konservative Folkeparti,71,2100,1389.0,0.6614285714285715,arbejdsmarked_velfærd
Alternativet,Enhedslisten,71,2762,2026.0,0.7335264301230991,arbejdsmarked_velfærd
Alternativet,Javnaðarflokkurin,71,4,2.0,0.5,arbejdsmarked_velfærd
Alternativet,Liberal Alliance,71,3600,2290.0,0.6361111111111111,arbejdsmarked_velfærd
Alternativet,Moderaterne,71,2595,1704.0,0.6566473988439306,arbejdsmarked_velfærd
Alternativet,Radikale Venstre,71,1998,1443.0,0.7222222222222222,arbejdsmarked_velfærd
Alternativet,Socialdemokratiet,71,11797,7763.0,0.6580486564380775,arbejdsmarked_velfærd
Alternativet,Socialistisk Folkeparti,71,3550,2742.0,0.772394366197183,arbejdsmarked_velfærd
Alternativet,Uden for folketingsgrupperne,71,1094,649.0,0.593235831809872,arbejdsmarked_velfærd
Alternativet,Venstre,71,5692,3709.0,0.6516163035839775,arbejdsmarked_velfærd
Borgernes Parti,Alternativet,71,115,53.0,0.4608695652173913,arbejdsmarked_velfærd
Borgernes Parti,Danmarksdemokraterne,71,389,257.0,0.6606683804627249,arbejdsmarked_velfærd
Borgernes Parti,Dansk Folkeparti,71,345,244.0,0.7072463768115942,arbejdsmarked_velfærd
Borgernes Parti,Det Konservative Folkeparti,71,389,249.0,0.6401028277634961,arbejdsmarked_velfærd
Borgernes Parti,Enhedslisten,71,482,230.0,0.47717842323651455,arbejdsmarked_velfærd
Borgernes Parti,Javnaðarflokkurin,71,1,0.0,0.0,arbejdsmarked_velfærd
Borgernes Parti,Liberal Alliance,71,575,372.0,0.6469565217391304,arbejdsmarked_velfærd
Borgernes Parti,Moderaterne,71,425,201.0,0.47294117647058825,arbejdsmarked_velfærd
Borgernes Parti,Radikale Venstre,71,317,153.0,0.48264984227129337,arbejdsmarked_velfærd
Borgernes Parti,Socialdemokratiet,71,1823,864.0,0.473944048272079,arbejdsmarked_velfærd
Borgernes Parti,Socialistisk Folkeparti,71,504,235.0,0.4662698412698413,arbejdsmarked_velfærd
Borgernes Parti,Uden for folketingsgrupperne,71,95,54.0,0.5684210526315789,arbejdsmarked_velfærd
Borgernes Parti,Venstre,71,889,414.0,0.46569178852643417,arbejdsmarked_velfærd
Danmarksdemokraterne,Alternativet,71,3505,2347.0,0.6696148359486448,arbejdsmarked_velfærd
Danmarksdemokraterne,Borgernes Parti,71,695,467.0,0.6719424460431654,arbejdsmarked_velfærd
Danmarksdemokraterne,Danmarksdemokraterne,71,9190,8967.0,0.9757344940152339,arbejdsmarked_velfærd
Danmarksdemokraterne,Dansk Folkeparti,71,5567,4722.0,0.8482126818753368,arbejdsmarked_velfærd
Danmarksdemokraterne,Det Konservative Folkeparti,71,7026,6081.0,0.8654995730145175,arbejdsmarked_velfærd
Danmarksdemokraterne,Enhedslisten,71,8338,4842.0,0.5807147997121612,arbejdsmarked_velfærd
Danmarksdemokraterne,Javnaðarflokkurin,71,18,0.0,0.0,arbejdsmarked_velfærd
Danmarksdemokraterne,Liberal Alliance,71,10673,8686.0,0.8138292888597395,arbejdsmarked_velfærd
Danmarksdemokraterne,Moderaterne,71,8505,6228.0,0.7322751322751323,arbejdsmarked_velfærd
Danmarksdemokraterne,Radikale Venstre,71,5771,3991.0,0.6915612545486051,arbejdsmarked_velfærd
Danmarksdemokraterne,Socialdemokratiet,71,36193,26274.0,0.7259414803967618,arbejdsmarked_velfærd
Danmarksdemokraterne,Socialistisk Folkeparti,71,10398,6833.0,0.6571456049240239,arbejdsmarked_velfærd
Danmarksdemokraterne,Uden for folketingsgrupperne,71,3242,2101.0,0.6480567550894509,arbejdsmarked_velfærd
Danmarksdemokraterne,Venstre,71,16918,12222.0,0.7224258186546874,arbejdsmarked_velfærd
Dansk Folkeparti,Alternativet,71,1327,915.0,0.6895252449133383,arbejdsmarked_velfærd
Dansk Folkeparti,Borgernes Parti,71,84,60.0,0.7142857142857143,arbejdsmarked_velfærd
Dansk Folkeparti,Danmarksdemokraterne,71,2588,2222.0,0.8585780525502318,arbejdsmarked_velfærd
Dansk Folkeparti,Dansk Folkeparti,71,1238,1222.0,0.9870759289176091,arbejdsmarked_velfærd
Dansk Folkeparti,Det Konservative Folkeparti,71,1887,1451.0,0.7689454160042395,arbejdsmarked_velfærd
Dansk Folkeparti,Enhedslisten,71,3192,1982.0,0.6209273182957393,arbejdsmarked_velfærd
Dansk Folkeparti,Javnaðarflokkurin,71,9,0.0,0.0,arbejdsmarked_velfærd
Dansk Folkeparti,Liberal Alliance,71,3762,2769.0,0.7360446570972887,arbejdsmarked_velfærd
Dansk Folkeparti,Moderaterne,71,2722,1903.0,0.6991182953710507,arbejdsmarked_velfærd
Dansk Folkeparti,Radikale Venstre,71,1831,1175.0,0.6417258328782086,arbejdsmarked_velfærd
Dansk Folkeparti,Sambandsflokkurin,71,7,6.0,0.8571428571428571,arbejdsmarked_velfærd
Dansk Folkeparti,Socialdemokratiet,71,11072,7678.0,0.6934609826589595,arbejdsmarked_velfærd
Dansk Folkeparti,Socialistisk Folkeparti,71,3337,2396.0,0.7180101887923285,arbejdsmarked_velfærd
Dansk Folkeparti,Uden for folketingsgrupperne,71,816,471.0,0.5772058823529411,arbejdsmarked_velfærd
Dansk Folkeparti,Venstre,71,5212,3585.0,0.6878357636224098,arbejdsmarked_velfærd
Det Konservative Folkeparti,Alternativet,71,2177,1375.0,0.6316031235645384,arbejdsmarked_velfærd
Det Konservative Folkeparti,Borgernes Parti,71,265,179.0,0.6754716981132075,arbejdsmarked_velfærd
Det Konservative Folkeparti,Danmarksdemokraterne,71,5182,4501.0,0.8685835584716326,arbejdsmarked_velfærd
Det Konservative Folkeparti,Dansk Folkeparti,71,3008,2291.0,0.7616356382978723,arbejdsmarked_velfærd
Det Konservative Folkeparti,Det Konservative Folkeparti,71,3077,3072.0,0.9983750406239844,arbejdsmarked_velfærd
Det Konservative Folkeparti,Enhedslisten,71,4962,2816.0,0.5675130995566304,arbejdsmarked_velfærd
Det Konservative Folkeparti,Javnaðarflokkurin,71,12,0.0,0.0,arbejdsmarked_velfærd
Det Konservative Folkeparti,Liberal Alliance,71,6331,5585.0,0.8821671141999684,arbejdsmarked_velfærd
Det Konservative Folkeparti,Moderaterne,71,5038,3721.0,0.7385867407701469,arbejdsmarked_velfærd
Det Konservative Folkeparti,Radikale Venstre,71,3286,2446.0,0.7443700547778455,arbejdsmarked_velfærd
Det Konservative Folkeparti,Socialdemokratiet,71,20346,15039.0,0.7391624889413152,arbejdsmarked_velfærd
Det Konservative Folkeparti,Socialistisk Folkeparti,71,5771,3847.0,0.6666089066019754,arbejdsmarked_velfærd
Det Konservative Folkeparti,Uden for folketingsgrupperne,71,1827,1184.0,0.6480569239189928,arbejdsmarked_velfærd
Det Konservative Folkeparti,Venstre,71,9459,6981.0,0.7380272756105296,arbejdsmarked_velfærd
Enhedslisten,Alternativet,71,851,649.0,0.7626321974148061,arbejdsmarked_velfærd
Enhedslisten,Borgernes Parti,71,71,29.0,0.4084507042253521,arbejdsmarked_velfærd
Enhedslisten,Danmarksdemokraterne,71,1980,1175.0,0.5934343434343434,arbejdsmarked_velfærd
Enhedslisten,Dansk Folkeparti,71,950,613.0,0.6452631578947369,arbejdsmarked_velfærd
Enhedslisten,Det Konservative Folkeparti,71,1221,706.0,0.5782145782145782,arbejdsmarked_velfærd
Enhedslisten,Enhedslisten,71,2114,2085.0,0.9862819299905392,arbejdsmarked_velfærd
Enhedslisten,Javnaðarflokkurin,71,6,3.0,0.5,arbejdsmarked_velfærd
Enhedslisten,Liberal Alliance,71,2309,1304.0,0.5647466435686445,arbejdsmarked_velfærd
Enhedslisten,Moderaterne,71,1576,829.0,0.5260152284263959,arbejdsmarked_velfærd
Enhedslisten,Radikale Venstre,71,1769,1121.0,0.6336913510457886,arbejdsmarked_velfærd
Enhedslisten,Socialdemokratiet,71,7934,4131.0,0.5206705318880767,arbejdsmarked_velfærd
Enhedslisten,Socialistisk Folkeparti,71,2524,2036.0,0.8066561014263075,arbejdsmarked_velfærd
Enhedslisten,Uden for folketingsgrupperne,71,638,318.0,0.49843260188087773,arbejdsmarked_velfærd
Enhedslisten,Venstre,71,3661,1890.0,0.5162523900573613,arbejdsmarked_velfærd
Javnaðarflokkurin,Alternativet,71,2,1.0,0.5,arbejdsmarked_velfærd
Javnaðarflokkurin,Danmarksdemokraterne,71,2,0.0,0.0,arbejdsmarked_velfærd
Javnaðarflokkurin,Enhedslisten,71,5,3.0,0.6,arbejdsmarked_velfærd
Javnaðarflokkurin,Liberal Alliance,71,5,0.0,0.0,arbejdsmarked_velfærd
Javnaðarflokkurin,Radikale Venstre,71,3,2.0,0.6666666666666666,arbejdsmarked_velfærd
Javnaðarflokkurin,Socialdemokratiet,71,10,10.0,1.0,arbejdsmarked_velfærd
Javnaðarflokkurin,Socialistisk Folkeparti,71,3,1.0,0.3333333333333333,arbejdsmarked_velfærd
Javnaðarflokkurin,Venstre,71,7,7.0,1.0,arbejdsmarked_velfærd
Liberal Alliance,Alternativet,71,3004,1863.0,0.62017310252996,arbejdsmarked_velfærd
Liberal Alliance,Borgernes Parti,71,433,275.0,0.6351039260969977,arbejdsmarked_velfærd
Liberal Alliance,Danmarksdemokraterne,71,8205,6536.0,0.7965874466788544,arbejdsmarked_velfærd
Liberal Alliance,Dansk Folkeparti,71,3817,2726.0,0.7141734346345298,arbejdsmarked_velfærd
Liberal Alliance,Det Konservative Folkeparti,71,5066,4435.0,0.8754441373864982,arbejdsmarked_velfærd
Liberal Alliance,Enhedslisten,71,7258,4009.0,0.5523560209424084,arbejdsmarked_velfærd
Liberal Alliance,Javnaðarflokkurin,71,13,0.0,0.0,arbejdsmarked_velfærd
Liberal Alliance,Liberal Alliance,71,7869,7794.0,0.9904689287075867,arbejdsmarked_velfærd
Liberal Alliance,Moderaterne,71,6394,4394.0,0.6872067563340631,arbejdsmarked_velfærd
Liberal Alliance,Radikale Venstre,71,4831,3382.0,0.7000620989443179,arbejdsmarked_velfærd
Liberal Alliance,Sambandsflokkurin,71,11,6.0,0.5454545454545454,arbejdsmarked_velfærd
Liberal Alliance,Socialdemokratiet,71,29058,19711.0,0.6783329891940257,arbejdsmarked_velfærd
Liberal Alliance,Socialistisk Folkeparti,71,8523,5292.0,0.6209081309398099,arbejdsmarked_velfærd
Liberal Alliance,Uden for folketingsgrupperne,71,2576,1532.0,0.59472049689441,arbejdsmarked_velfærd
Liberal Alliance,Venstre,71,13521,9120.0,0.6745063234967827,arbejdsmarked_velfærd
Moderaterne,Alternativet,71,2431,1514.0,0.6227889757301522,arbejdsmarked_velfærd
Moderaterne,Borgernes Parti,71,327,157.0,0.4801223241590214,arbejdsmarked_velfærd
Moderaterne,Danmarksdemokraterne,71,5929,4341.0,0.7321639399561477,arbejdsmarked_velfærd
Moderaterne,Dansk Folkeparti,71,3079,2021.0,0.6563819421890225,arbejdsmarked_velfærd
Moderaterne,Det Konservative Folkeparti,71,3624,2636.0,0.7273730684326711,arbejdsmarked_velfærd
Moderaterne,Enhedslisten,71,5731,3050.0,0.5321933344965974,arbejdsmarked_velfærd
Moderaterne,Javnaðarflokkurin,71,15,15.0,1.0,arbejdsmarked_velfærd
Moderaterne,Liberal Alliance,71,7017,4695.0,0.669089354424968,arbejdsmarked_velfærd
Moderaterne,Moderaterne,71,4448,4441.0,0.9984262589928058,arbejdsmarked_velfærd
Moderaterne,Radikale Venstre,71,3805,2930.0,0.7700394218134035,arbejdsmarked_velfærd
Moderaterne,Sambandsflokkurin,71,1,1.0,1.0,arbejdsmarked_velfærd
Moderaterne,Socialdemokratiet,71,21648,21550.0,0.9954730229120473,arbejdsmarked_velfærd
Moderaterne,Socialistisk Folkeparti,71,6540,4611.0,0.705045871559633,arbejdsmarked_velfærd
Moderaterne,Uden for folketingsgrupperne,71,1982,1421.0,0.7169525731584259,arbejdsmarked_velfærd
Moderaterne,Venstre,71,10110,10049.0,0.9939663699307616,arbejdsmarked_velfærd
Naleraq,Alternativet,71,3,3.0,1.0,arbejdsmarked_velfærd
Naleraq,Borgernes Parti,71,1,1.0,1.0,arbejdsmarked_velfærd
Naleraq,Danmarksdemokraterne,71,10,10.0,1.0,arbejdsmarked_velfærd
Naleraq,Dansk Folkeparti,71,4,4.0,1.0,arbejdsmarked_velfærd
Naleraq,Det Konservative Folkeparti,71,6,6.0,1.0,arbejdsmarked_velfærd
Naleraq,Enhedslisten,71,5,5.0,1.0,arbejdsmarked_velfærd
Naleraq,Liberal Alliance,71,9,9.0,1.0,arbejdsmarked_velfærd
Naleraq,Moderaterne,71,7,7.0,1.0,arbejdsmarked_velfærd
Naleraq,Radikale Venstre,71,4,4.0,1.0,arbejdsmarked_velfærd
Naleraq,Socialdemokratiet,71,31,31.0,1.0,arbejdsmarked_velfærd
Naleraq,Socialistisk Folkeparti,71,9,9.0,1.0,arbejdsmarked_velfærd
Naleraq,Uden for folketingsgrupperne,71,3,3.0,1.0,arbejdsmarked_velfærd
Naleraq,Venstre,71,15,15.0,1.0,arbejdsmarked_velfærd
Radikale Venstre,Alternativet,71,648,460.0,0.7098765432098766,arbejdsmarked_velfærd
Radikale Venstre,Borgernes Parti,71,101,49.0,0.48514851485148514,arbejdsmarked_velfærd
Radikale Venstre,Danmarksdemokraterne,71,1783,1269.0,0.7117218171620864,arbejdsmarked_velfærd
Radikale Venstre,Dansk Folkeparti,71,1217,793.0,0.6516023007395234,arbejdsmarked_velfærd
Radikale Venstre,Det Konservative Folkeparti,71,1269,976.0,0.7691095350669819,arbejdsmarked_velfærd
Radikale Venstre,Enhedslisten,71,2075,1340.0,0.6457831325301204,arbejdsmarked_velfærd
Radikale Venstre,Javnaðarflokkurin,71,5,2.0,0.4,arbejdsmarked_velfærd
Radikale Venstre,Liberal Alliance,71,2208,1566.0,0.7092391304347826,arbejdsmarked_velfærd
Radikale Venstre,Moderaterne,71,1581,1188.0,0.7514231499051234,arbejdsmarked_velfærd
Radikale Venstre,Radikale Venstre,71,1062,1055.0,0.9934086629001884,arbejdsmarked_velfærd
Radikale Venstre,Socialdemokratiet,71,6988,5327.0,0.7623068116771609,arbejdsmarked_velfærd
Radikale Venstre,Socialistisk Folkeparti,71,2191,1578.0,0.720219078046554,arbejdsmarked_velfærd
Radikale Venstre,Uden for folketingsgrupperne,71,507,284.0,0.5601577909270217,arbejdsmarked_velfærd
Radikale Venstre,Venstre,71,3282,2510.0,0.7647775746496039,arbejdsmarked_velfærd
Sambandsflokkurin,Alternativet,71,38,29.0,0.7631578947368421,arbejdsmarked_velfærd
Sambandsflokkurin,Borgernes Parti,71,1,0.0,0.0,arbejdsmarked_velfærd
Sambandsflokkurin,Danmarksdemokraterne,71,115,76.0,0.6608695652173913,arbejdsmarked_velfærd
Sambandsflokkurin,Dansk Folkeparti,71,41,18.0,0.43902439024390244,arbejdsmarked_velfærd
Sambandsflokkurin,Det Konservative Folkeparti,71,71,41.0,0.5774647887323944,arbejdsmarked_velfærd
Sambandsflokkurin,Enhedslisten,71,58,39.0,0.6724137931034483,arbejdsmarked_velfærd
Sambandsflokkurin,Liberal Alliance,71,100,49.0,0.49,arbejdsmarked_velfærd
Sambandsflokkurin,Moderaterne,71,89,89.0,1.0,arbejdsmarked_velfærd
Sambandsflokkurin,Radikale Venstre,71,46,35.0,0.7608695652173914,arbejdsmarked_velfærd
Sambandsflokkurin,Socialdemokratiet,71,377,377.0,1.0,arbejdsmarked_velfærd
Sambandsflokkurin,Socialistisk Folkeparti,71,108,82.0,0.7592592592592593,arbejdsmarked_velfærd
Sambandsflokkurin,Uden for folketingsgrupperne,71,32,27.0,0.84375,arbejdsmarked_velfærd
Sambandsflokkurin,Venstre,71,169,169.0,1.0,arbejdsmarked_velfærd
Socialdemokratiet,Alternativet,71,12476,7870.0,0.6308111574222507,arbejdsmarked_velfærd
Socialdemokratiet,Borgernes Parti,71,1873,890.0,0.4751735184196476,arbejdsmarked_velfærd
Socialdemokratiet,Danmarksdemokraterne,71,32996,24048.0,0.7288156140138199,arbejdsmarked_velfærd
Socialdemokratiet,Dansk Folkeparti,71,16726,11001.0,0.6577185220614612,arbejdsmarked_velfærd
Socialdemokratiet,Det Konservative Folkeparti,71,21288,15664.0,0.7358136039083052,arbejdsmarked_velfærd
Socialdemokratiet,Enhedslisten,71,27194,14122.0,0.5193057292049716,arbejdsmarked_velfærd
Socialdemokratiet,Javnaðarflokkurin,71,61,61.0,1.0,arbejdsmarked_velfærd
Socialdemokratiet,Liberal Alliance,71,35326,23803.0,0.6738096586083904,arbejdsmarked_velfærd
Socialdemokratiet,Moderaterne,71,27413,27242.0,0.9937620836829242,arbejdsmarked_velfærd
Socialdemokratiet,Radikale Venstre,71,18835,14443.0,0.7668170958322272,arbejdsmarked_velfærd
Socialdemokratiet,Sambandsflokkurin,71,23,23.0,1.0,arbejdsmarked_velfærd
Socialdemokratiet,Socialdemokratiet,71,114599,114566.0,0.9997120393720713,arbejdsmarked_velfærd
Socialdemokratiet,Socialistisk Folkeparti,71,33920,23811.0,0.7019752358490566,arbejdsmarked_velfærd
Socialdemokratiet,Uden for folketingsgrupperne,71,10220,7589.0,0.7425636007827788,arbejdsmarked_velfærd
Socialdemokratiet,Venstre,71,55389,55290.0,0.9982126414992146,arbejdsmarked_velfærd
Socialistisk Folkeparti,Alternativet,71,3037,2400.0,0.7902535396773132,arbejdsmarked_velfærd
Socialistisk Folkeparti,Borgernes Parti,71,509,225.0,0.44204322200392926,arbejdsmarked_velfærd
Socialistisk Folkeparti,Danmarksdemokraterne,71,8428,5510.0,0.6537731371618415,arbejdsmarked_velfærd
Socialistisk Folkeparti,Dansk Folkeparti,71,4231,2904.0,0.6863625620420705,arbejdsmarked_velfærd
Socialistisk Folkeparti,Det Konservative Folkeparti,71,5543,3653.0,0.6590294064585964,arbejdsmarked_velfærd
Socialistisk Folkeparti,Enhedslisten,71,7028,5545.0,0.7889869095048377,arbejdsmarked_velfærd
Socialistisk Folkeparti,Javnaðarflokkurin,71,15,8.0,0.5333333333333333,arbejdsmarked_velfærd
Socialistisk Folkeparti,Liberal Alliance,71,8970,5549.0,0.6186176142697882,arbejdsmarked_velfærd
Socialistisk Folkeparti,Moderaterne,71,6822,4980.0,0.7299912049252418,arbejdsmarked_velfærd
Socialistisk Folkeparti,Radikale Venstre,71,4840,3479.0,0.718801652892562,arbejdsmarked_velfærd
Socialistisk Folkeparti,Socialdemokratiet,71,30232,21662.0,0.7165255358560466,arbejdsmarked_velfærd
Socialistisk Folkeparti,Socialistisk Folkeparti,71,7794,7721.0,0.9906338208878624,arbejdsmarked_velfærd
Socialistisk Folkeparti,Uden for folketingsgrupperne,71,2562,1606.0,0.6268540202966433,arbejdsmarked_velfærd
Socialistisk Folkeparti,Venstre,71,14677,10548.0,0.7186754786400491,arbejdsmarked_velfærd
Uden for folketingsgrupperne,Alternativet,71,793,496.0,0.6254728877679697,arbejdsmarked_velfærd
Uden for folketingsgrupperne,Borgernes Parti,71,178,96.0,0.5393258426966292,arbejdsmarked_velfærd
Uden for folketingsgrupperne,Danmarksdemokraterne,71,2154,1617.0,0.7506963788300836,arbejdsmarked_velfærd
Uden for folketingsgrupperne,Dansk Folkeparti,71,1348,897.0,0.6654302670623146,arbejdsmarked_velfærd
Uden for folketingsgrupperne,Det Konservative Folkeparti,71,1411,1122.0,0.7951807228915663,arbejdsmarked_velfærd
Uden for folketingsgrupperne,Enhedslisten,71,2110,1118.0,0.5298578199052133,arbejdsmarked_velfærd
Uden for folketingsgrupperne,Javnaðarflokkurin,71,6,3.0,0.5,arbejdsmarked_velfærd
Uden for folketingsgrupperne,Liberal Alliance,71,2429,1762.0,0.7254013997529848,arbejdsmarked_velfærd
Uden for folketingsgrupperne,Moderaterne,71,1810,1647.0,0.9099447513812154,arbejdsmarked_velfærd
Uden for folketingsgrupperne,Radikale Venstre,71,1489,1075.0,0.7219610476830087,arbejdsmarked_velfærd
Uden for folketingsgrupperne,Socialdemokratiet,71,8177,7272.0,0.8893237128531246,arbejdsmarked_velfærd
Uden for folketingsgrupperne,Socialistisk Folkeparti,71,2439,1670.0,0.6847068470684707,arbejdsmarked_velfærd
Uden for folketingsgrupperne,Uden for folketingsgrupperne,71,491,319.0,0.6496945010183299,arbejdsmarked_velfærd
Uden for folketingsgrupperne,Venstre,71,3557,3149.0,0.8852965982569581,arbejdsmarked_velfærd
Venstre,Alternativet,71,5392,3409.0,0.63223293768546,arbejdsmarked_velfærd
Venstre,Borgernes Parti,71,836,398.0,0.47607655502392343,arbejdsmarked_velfærd
Venstre,Danmarksdemokraterne,71,14784,10780.0,0.7291666666666666,arbejdsmarked_velfærd
Venstre,Dansk Folkeparti,71,7519,4986.0,0.6631200957574146,arbejdsmarked_velfærd
Venstre,Det Konservative Folkeparti,71,9629,7105.0,0.7378751687610344,arbejdsmarked_velfærd
Venstre,Enhedslisten,71,12434,6434.0,0.5174521473379443,arbejdsmarked_velfærd
Venstre,Javnaðarflokkurin,71,23,23.0,1.0,arbejdsmarked_velfærd
Venstre,Liberal Alliance,71,15976,10783.0,0.674949924887331,arbejdsmarked_velfærd
Venstre,Moderaterne,71,12319,12170.0,0.987904862407663,arbejdsmarked_velfærd
Venstre,Radikale Venstre,71,8538,6518.0,0.7634106348090888,arbejdsmarked_velfærd
Venstre,Socialdemokratiet,71,52698,52355.0,0.9934912140878212,arbejdsmarked_velfærd
Venstre,Socialistisk Folkeparti,71,14714,10341.0,0.7028000543699877,arbejdsmarked_velfærd
Venstre,Uden for folketingsgrupperne,71,4861,3608.0,0.7422341082081876,arbejdsmarked_velfærd
Venstre,Venstre,71,23316,23123.0,0.9917224223709041,arbejdsmarked_velfærd
