source,target,Period,total_votes_shared,total_votes_agreed,weight,topic
Danmarksdemokraterne,Danmarksdemokraterne,65,90,89.0,0.9888888888888888,finans_budget
Danmarksdemokraterne,Dansk Folkeparti,65,4238,4196.0,0.9900896649362908,finans_budget
Danmarksdemokraterne,Det Konservative Folkeparti,65,2098,2091.0,0.9966634890371784,finans_budget
Danmarksdemokraterne,Enhedslisten,65,299,90.0,0.3010033444816054,finans_budget
Danmarksdemokraterne,Inuit Ataqatigiit,65,19,2.0,0.1052631578947368,finans_budget
Danmarksdemokraterne,Kristendemokraterne,65,588,263.0,0.4472789115646258,finans_budget
Danmarksdemokraterne,Radikale Venstre,65,1421,588.0,0.4137931034482758,finans_budget
Danmarksdemokraterne,Socialdemokratiet,65,9665,2982.0,0.3085359544749094,finans_budget
Danmarksdemokraterne,Socialistisk Folkeparti,65,2056,584.0,0.2840466926070039,finans_budget
Danmarksdemokraterne,Tjóðveldi,65,16,0.0,0.0,finans_budget
Danmarksdemokraterne,Venstre,65,10279,10241.0,0.9963031423290204,finans_budget
Dansk Folkeparti,Dansk Folkeparti,65,20222,20196.0,0.998714271585402,finans_budget
Dansk Folkeparti,Det Konservative Folkeparti,65,21258,20971.0,0.9864992003010632,finans_budget
Dansk Folkeparti,Enhedslisten,65,3021,813.0,0.2691161866931479,finans_budget
Dansk Folkeparti,Inuit Ataqatigiit,65,155,14.0,0.0903225806451612,finans_budget
Dansk Folkeparti,Kristendemokraterne,65,5964,2761.0,0.4629443326626425,finans_budget
Dansk Folkeparti,Radikale Venstre,65,14489,5659.0,0.3905721581889709,finans_budget
Dansk Folkeparti,Socialdemokratiet,65,97944,28096.0,0.2868577962917585,finans_budget
Dansk Folkeparti,Socialistisk Folkeparti,65,20816,5216.0,0.250576479631053,finans_budget
Dansk Folkeparti,Tjóðveldi,65,128,0.0,0.0,finans_budget
Dansk Folkeparti,Venstre,65,104000,102536.0,0.9859230769230768,finans_budget
Det Konservative Folkeparti,Det Konservative Folkeparti,65,4527,4527.0,1.0,finans_budget
Det Konservative Folkeparti,Enhedslisten,65,1493,408.0,0.2732752846617549,finans_budget
Det Konservative Folkeparti,Inuit Ataqatigiit,65,81,7.0,0.0864197530864197,finans_budget
Det Konservative Folkeparti,Kristendemokraterne,65,2925,1411.0,0.4823931623931624,finans_budget
Det Konservative Folkeparti,Radikale Venstre,65,7086,2937.0,0.4144792548687553,finans_budget
Det Konservative Folkeparti,Socialdemokratiet,65,48022,14866.0,0.3095664487110074,finans_budget
Det Konservative Folkeparti,Socialistisk Folkeparti,65,10214,2760.0,0.2702173487370276,finans_budget
Det Konservative Folkeparti,Tjóðveldi,65,63,0.0,0.0,finans_budget
Det Konservative Folkeparti,Venstre,65,51017,51000.0,0.9996667777407532,finans_budget
Enhedslisten,Enhedslisten,65,3,3.0,1.0,finans_budget
Enhedslisten,Inuit Ataqatigiit,65,12,11.0,0.9166666666666666,finans_budget
Enhedslisten,Kristendemokraterne,65,416,215.0,0.5168269230769231,finans_budget
Enhedslisten,Radikale Venstre,65,1008,603.0,0.5982142857142857,finans_budget
Enhedslisten,Socialdemokratiet,65,6827,4576.0,0.6702797714955324,finans_budget
Enhedslisten,Socialistisk Folkeparti,65,1455,1233.0,0.8474226804123711,finans_budget
Enhedslisten,Tjóðveldi,65,9,9.0,1.0,finans_budget
Enhedslisten,Venstre,65,7249,1987.0,0.274106773348048,finans_budget
Inuit Ataqatigiit,Kristendemokraterne,65,22,15.0,0.6818181818181818,finans_budget
Inuit Ataqatigiit,Radikale Venstre,65,54,49.0,0.9074074074074074,finans_budget
Inuit Ataqatigiit,Socialdemokratiet,65,355,290.0,0.8169014084507042,finans_budget
Inuit Ataqatigiit,Socialistisk Folkeparti,65,79,72.0,0.9113924050632912,finans_budget
Inuit Ataqatigiit,Tjóðveldi,65,5,5.0,1.0,finans_budget
Inuit Ataqatigiit,Venstre,65,375,34.0,0.0906666666666666,finans_budget
Kristendemokraterne,Kristendemokraterne,65,205,199.0,0.9707317073170731,finans_budget
Kristendemokraterne,Radikale Venstre,65,1991,1076.0,0.5404319437468609,finans_budget
Kristendemokraterne,Socialdemokratiet,65,13469,7629.0,0.5664117603385552,finans_budget
Kristendemokraterne,Socialistisk Folkeparti,65,2864,1585.0,0.5534217877094972,finans_budget
Kristendemokraterne,Tjóðveldi,65,18,14.0,0.7777777777777778,finans_budget
Kristendemokraterne,Venstre,65,14303,6815.0,0.4764734671048032,finans_budget
Radikale Venstre,Radikale Venstre,65,1933,1925.0,0.9958613554061044,finans_budget
Radikale Venstre,Socialdemokratiet,65,32712,21133.0,0.6460320371729029,finans_budget
Radikale Venstre,Socialistisk Folkeparti,65,6953,4595.0,0.6608658133179922,finans_budget
Radikale Venstre,Tjóðveldi,65,45,45.0,1.0,finans_budget
Radikale Venstre,Venstre,65,34663,14162.0,0.4085624441046649,finans_budget
Socialdemokratiet,Socialdemokratiet,65,107269,107079.0,0.9982287520159598,finans_budget
Socialdemokratiet,Socialistisk Folkeparti,65,46989,35178.0,0.7486432994956267,finans_budget
Socialdemokratiet,Tjóðveldi,65,296,231.0,0.7804054054054054,finans_budget
Socialdemokratiet,Venstre,65,234837,71552.0,0.3046879324808271,finans_budget
Socialistisk Folkeparti,Socialistisk Folkeparti,65,4296,4284.0,0.9972067039106144,finans_budget
Socialistisk Folkeparti,Tjóðveldi,65,63,63.0,1.0,finans_budget
Socialistisk Folkeparti,Venstre,65,49879,13449.0,0.2696325106758355,finans_budget
Tjóðveldi,Venstre,65,305,0.0,0.0,finans_budget
Venstre,Venstre,65,121294,121224.0,0.9994228898379144,finans_budget
Danmarksdemokraterne,Danmarksdemokraterne,66,67,64.0,0.9552238805970148,finans_budget
Danmarksdemokraterne,Dansk Folkeparti,66,6990,6902.0,0.9874105865522176,finans_budget
Danmarksdemokraterne,Det Konservative Folkeparti,66,4738,4649.0,0.9812157028281976,finans_budget
Danmarksdemokraterne,Enhedslisten,66,1124,232.0,0.2064056939501779,finans_budget
Danmarksdemokraterne,Fólkaflokkurin,66,1,1.0,1.0,finans_budget
Danmarksdemokraterne,Inuit Ataqatigiit,66,1,1.0,1.0,finans_budget
Danmarksdemokraterne,Radikale Venstre,66,3983,2070.0,0.5197087622395179,finans_budget
Danmarksdemokraterne,Siumut,66,12,8.0,0.6666666666666666,finans_budget
Danmarksdemokraterne,Socialdemokratiet,66,12405,7245.0,0.5840386940749698,finans_budget
Danmarksdemokraterne,Socialistisk Folkeparti,66,3300,1279.0,0.3875757575757576,finans_budget
Danmarksdemokraterne,Tjóðveldi,66,4,0.0,0.0,finans_budget
Danmarksdemokraterne,Venstre,66,14158,13910.0,0.9824834016103968,finans_budget
Dansk Folkeparti,Dansk Folkeparti,66,48410,48360.0,0.9989671555463748,finans_budget
Dansk Folkeparti,Det Konservative Folkeparti,66,69012,67738.0,0.9815394424158116,finans_budget
Dansk Folkeparti,Enhedslisten,66,16322,3232.0,0.1980149491483886,finans_budget
Dansk Folkeparti,Fólkaflokkurin,66,16,16.0,1.0,finans_budget
Dansk Folkeparti,Inuit Ataqatigiit,66,16,0.0,0.0,finans_budget
Dansk Folkeparti,Radikale Venstre,66,57557,29890.0,0.5193112914154664,finans_budget
Dansk Folkeparti,Siumut,66,112,82.0,0.7321428571428571,finans_budget
Dansk Folkeparti,Socialdemokratiet,66,181599,101112.0,0.556787206978012,finans_budget
Dansk Folkeparti,Socialistisk Folkeparti,66,47941,18342.0,0.3825952733568344,finans_budget
Dansk Folkeparti,Tjóðveldi,66,64,0.0,0.0,finans_budget
Dansk Folkeparti,Venstre,66,206263,201881.0,0.9787552784551762,finans_budget
Det Konservative Folkeparti,Det Konservative Folkeparti,66,21529,21309.0,0.9897812253239816,finans_budget
Det Konservative Folkeparti,Enhedslisten,66,11133,2221.0,0.1994969909278721,finans_budget
Det Konservative Folkeparti,Fólkaflokkurin,66,11,11.0,1.0,finans_budget
Det Konservative Folkeparti,Inuit Ataqatigiit,66,10,10.0,1.0,finans_budget
Det Konservative Folkeparti,Radikale Venstre,66,38769,20662.0,0.532951585029276,finans_budget
Det Konservative Folkeparti,Siumut,66,84,61.0,0.7261904761904762,finans_budget
Det Konservative Folkeparti,Socialdemokratiet,66,122083,70523.0,0.577664375875429,finans_budget
Det Konservative Folkeparti,Socialistisk Folkeparti,66,32451,12798.0,0.3943792178977535,finans_budget
Det Konservative Folkeparti,Tjóðveldi,66,42,0.0,0.0,finans_budget
Det Konservative Folkeparti,Venstre,66,139463,137688.0,0.987272609939554,finans_budget
Enhedslisten,Enhedslisten,66,874,871.0,0.9965675057208238,finans_budget
Enhedslisten,Fólkaflokkurin,66,3,0.0,0.0,finans_budget
Enhedslisten,Inuit Ataqatigiit,66,1,1.0,1.0,finans_budget
Enhedslisten,Radikale Venstre,66,9196,5265.0,0.5725315354501957,finans_budget
Enhedslisten,Siumut,66,17,8.0,0.4705882352941176,finans_budget
Enhedslisten,Socialdemokratiet,66,28800,16784.0,0.5827777777777777,finans_budget
Enhedslisten,Socialistisk Folkeparti,66,7655,5843.0,0.763291966035271,finans_budget
Enhedslisten,Tjóðveldi,66,12,12.0,1.0,finans_budget
Enhedslisten,Venstre,66,32888,6869.0,0.208860374604719,finans_budget
Fólkaflokkurin,Radikale Venstre,66,8,8.0,1.0,finans_budget
Fólkaflokkurin,Socialdemokratiet,66,30,30.0,1.0,finans_budget
Fólkaflokkurin,Socialistisk Folkeparti,66,7,7.0,1.0,finans_budget
Fólkaflokkurin,Venstre,66,33,33.0,1.0,finans_budget
Inuit Ataqatigiit,Radikale Venstre,66,8,8.0,1.0,finans_budget
Inuit Ataqatigiit,Socialdemokratiet,66,30,30.0,1.0,finans_budget
Inuit Ataqatigiit,Socialistisk Folkeparti,66,8,8.0,1.0,finans_budget
Inuit Ataqatigiit,Venstre,66,35,35.0,1.0,finans_budget
Radikale Venstre,Radikale Venstre,66,14506,14377.0,0.9911071280849304,finans_budget
Radikale Venstre,Siumut,66,69,49.0,0.7101449275362319,finans_budget
Radikale Venstre,Socialdemokratiet,66,101632,78157.0,0.7690196001259446,finans_budget
Radikale Venstre,Socialistisk Folkeparti,66,26908,19984.0,0.7426787572469155,finans_budget
Radikale Venstre,Tjóðveldi,66,36,36.0,1.0,finans_budget
Radikale Venstre,Venstre,66,115617,61749.0,0.5340823581307247,finans_budget
Siumut,Socialdemokratiet,66,203,144.0,0.7093596059113301,finans_budget
Siumut,Socialistisk Folkeparti,66,54,31.0,0.5740740740740741,finans_budget
Siumut,Venstre,66,234,167.0,0.7136752136752137,finans_budget
Socialdemokratiet,Socialdemokratiet,66,155363,154174.0,0.9923469551952524,finans_budget
Socialdemokratiet,Socialistisk Folkeparti,66,84845,64832.0,0.7641228121869291,finans_budget
Socialdemokratiet,Tjóðveldi,66,116,116.0,1.0,finans_budget
Socialdemokratiet,Venstre,66,364893,211034.0,0.5783448846648196,finans_budget
Socialistisk Folkeparti,Socialistisk Folkeparti,66,9911,9431.0,0.9515689637776208,finans_budget
Socialistisk Folkeparti,Tjóðveldi,66,28,28.0,1.0,finans_budget
Socialistisk Folkeparti,Venstre,66,96674,38604.0,0.3993214307880092,finans_budget
Tjóðveldi,Venstre,66,124,0.0,0.0,finans_budget
Venstre,Venstre,66,202057,199546.0,0.9875728136120006,finans_budget
Danmarksdemokraterne,Danmarksdemokraterne,67,255,247.0,0.9686274509803922,finans_budget
Danmarksdemokraterne,Dansk Folkeparti,67,13678,13325.0,0.9741921333528294,finans_budget
Danmarksdemokraterne,Det Konservative Folkeparti,67,8456,8248.0,0.9754020813623464,finans_budget
Danmarksdemokraterne,Enhedslisten,67,1678,514.0,0.3063170441001192,finans_budget
Danmarksdemokraterne,Inuit Ataqatigiit,67,2,2.0,1.0,finans_budget
Danmarksdemokraterne,Liberal Alliance,67,2199,1935.0,0.8799454297407913,finans_budget
Danmarksdemokraterne,Radikale Venstre,67,3653,1789.0,0.4897344648234328,finans_budget
Danmarksdemokraterne,Sambandsflokkurin,67,9,9.0,1.0,finans_budget
Danmarksdemokraterne,Siumut,67,21,20.0,0.9523809523809524,finans_budget
Danmarksdemokraterne,Socialdemokratiet,67,23200,11019.0,0.4749568965517241,finans_budget
Danmarksdemokraterne,Socialistisk Folkeparti,67,10924,4932.0,0.4514829732698645,finans_budget
Danmarksdemokraterne,Tjóðveldi,67,2,1.0,0.5,finans_budget
Danmarksdemokraterne,Venstre,67,23254,22995.0,0.9888621312462372,finans_budget
Dansk Folkeparti,Dansk Folkeparti,67,101186,100240.0,0.9906508805565988,finans_budget
Dansk Folkeparti,Det Konservative Folkeparti,67,130814,123646.0,0.9452046417050164,finans_budget
Dansk Folkeparti,Enhedslisten,67,25347,7927.0,0.3127391801791139,finans_budget
Dansk Folkeparti,Inuit Ataqatigiit,67,53,35.0,0.660377358490566,finans_budget
Dansk Folkeparti,Liberal Alliance,67,35258,29485.0,0.8362641102728459,finans_budget
Dansk Folkeparti,Radikale Venstre,67,54891,26839.0,0.4889508298263832,finans_budget
Dansk Folkeparti,Sambandsflokkurin,67,279,224.0,0.8028673835125448,finans_budget
Dansk Folkeparti,Siumut,67,211,177.0,0.8388625592417062,finans_budget
Dansk Folkeparti,Socialdemokratiet,67,362338,171112.0,0.472244147729468,finans_budget
Dansk Folkeparti,Socialistisk Folkeparti,67,169955,77387.0,0.4553381777529346,finans_budget
Dansk Folkeparti,Tjóðveldi,67,72,19.0,0.2638888888888889,finans_budget
Dansk Folkeparti,Venstre,67,364637,347743.0,0.9536689913530444,finans_budget
Det Konservative Folkeparti,Det Konservative Folkeparti,67,36590,36014.0,0.9842579939874284,finans_budget
Det Konservative Folkeparti,Enhedslisten,67,15446,5256.0,0.340282273727826,finans_budget
Det Konservative Folkeparti,Inuit Ataqatigiit,67,34,34.0,1.0,finans_budget
Det Konservative Folkeparti,Liberal Alliance,67,21267,18407.0,0.8655193492265012,finans_budget
Det Konservative Folkeparti,Radikale Venstre,67,33656,18170.0,0.539874019491324,finans_budget
Det Konservative Folkeparti,Sambandsflokkurin,67,170,170.0,1.0,finans_budget
Det Konservative Folkeparti,Siumut,67,134,134.0,1.0,finans_budget
Det Konservative Folkeparti,Socialdemokratiet,67,221311,116328.0,0.5256313513562363,finans_budget
Det Konservative Folkeparti,Socialistisk Folkeparti,67,103680,52163.0,0.5031153549382716,finans_budget
Det Konservative Folkeparti,Tjóðveldi,67,44,20.0,0.4545454545454545,finans_budget
Det Konservative Folkeparti,Venstre,67,222919,221158.0,0.9921002696046546,finans_budget
Enhedslisten,Enhedslisten,67,848,791.0,0.9327830188679244,finans_budget
Enhedslisten,Inuit Ataqatigiit,67,7,3.0,0.4285714285714285,finans_budget
Enhedslisten,Liberal Alliance,67,4059,1643.0,0.4047795023404779,finans_budget
Enhedslisten,Radikale Venstre,67,6592,4483.0,0.6800667475728155,finans_budget
Enhedslisten,Sambandsflokkurin,67,35,10.0,0.2857142857142857,finans_budget
Enhedslisten,Siumut,67,25,14.0,0.56,finans_budget
Enhedslisten,Socialdemokratiet,67,42670,32748.0,0.7674712913053667,finans_budget
Enhedslisten,Socialistisk Folkeparti,67,20048,16047.0,0.8004289704708699,finans_budget
Enhedslisten,Tjóðveldi,67,9,5.0,0.5555555555555556,finans_budget
Enhedslisten,Venstre,67,42996,14206.0,0.3304028281700623,finans_budget
Inuit Ataqatigiit,Liberal Alliance,67,9,8.0,0.8888888888888888,finans_budget
Inuit Ataqatigiit,Radikale Venstre,67,16,16.0,1.0,finans_budget
Inuit Ataqatigiit,Sambandsflokkurin,67,2,2.0,1.0,finans_budget
Inuit Ataqatigiit,Siumut,67,1,1.0,1.0,finans_budget
Inuit Ataqatigiit,Socialdemokratiet,67,88,88.0,1.0,finans_budget
Inuit Ataqatigiit,Socialistisk Folkeparti,67,41,41.0,1.0,finans_budget
Inuit Ataqatigiit,Tjóðveldi,67,3,2.0,0.6666666666666666,finans_budget
Inuit Ataqatigiit,Venstre,67,94,94.0,1.0,finans_budget
Liberal Alliance,Liberal Alliance,67,2170,1617.0,0.7451612903225806,finans_budget
Liberal Alliance,Radikale Venstre,67,8705,5209.0,0.5983917288914417,finans_budget
Liberal Alliance,Sambandsflokkurin,67,49,44.0,0.8979591836734694,finans_budget
Liberal Alliance,Siumut,67,36,36.0,1.0,finans_budget
Liberal Alliance,Socialdemokratiet,67,59520,33280.0,0.5591397849462365,finans_budget
Liberal Alliance,Socialistisk Folkeparti,67,27901,15332.0,0.5495143543242178,finans_budget
Liberal Alliance,Tjóðveldi,67,12,6.0,0.5,finans_budget
Liberal Alliance,Venstre,67,59691,51915.0,0.8697291048901844,finans_budget
Radikale Venstre,Radikale Venstre,67,5645,5387.0,0.954295837023915,finans_budget
Radikale Venstre,Sambandsflokkurin,67,66,52.0,0.7878787878787878,finans_budget
Radikale Venstre,Siumut,67,57,57.0,1.0,finans_budget
Radikale Venstre,Socialdemokratiet,67,92662,72944.0,0.7872051110487579,finans_budget
Radikale Venstre,Socialistisk Folkeparti,67,43568,35169.0,0.8072208960705105,finans_budget
Radikale Venstre,Tjóðveldi,67,20,11.0,0.55,finans_budget
Radikale Venstre,Venstre,67,93295,49529.0,0.5308858995658932,finans_budget
Sambandsflokkurin,Siumut,67,1,1.0,1.0,finans_budget
Sambandsflokkurin,Socialdemokratiet,67,468,411.0,0.8782051282051282,finans_budget
Sambandsflokkurin,Socialistisk Folkeparti,67,222,172.0,0.7747747747747747,finans_budget
Sambandsflokkurin,Tjóðveldi,67,3,1.0,0.3333333333333333,finans_budget
Sambandsflokkurin,Venstre,67,473,473.0,1.0,finans_budget
Siumut,Socialdemokratiet,67,391,391.0,1.0,finans_budget
Siumut,Socialistisk Folkeparti,67,174,174.0,1.0,finans_budget
Siumut,Tjóðveldi,67,1,1.0,1.0,finans_budget
Siumut,Venstre,67,387,387.0,1.0,finans_budget
Socialdemokratiet,Socialdemokratiet,67,295934,294628.0,0.9955868538255152,finans_budget
Socialdemokratiet,Socialistisk Folkeparti,67,286873,270559.0,0.9431316296758496,finans_budget
Socialdemokratiet,Tjóðveldi,67,116,59.0,0.5086206896551724,finans_budget
Socialdemokratiet,Venstre,67,616423,318224.0,0.516242904628802,finans_budget
Socialistisk Folkeparti,Socialistisk Folkeparti,67,62685,62533.0,0.997575177474675,finans_budget
Socialistisk Folkeparti,Tjóðveldi,67,56,26.0,0.4642857142857143,finans_budget
Socialistisk Folkeparti,Venstre,67,288426,142427.0,0.4938077704506528,finans_budget
Tjóðveldi,Venstre,67,125,66.0,0.528,finans_budget
Venstre,Venstre,67,300472,300414.0,0.9998069703666232,finans_budget
Danmarksdemokraterne,Danmarksdemokraterne,68,454,335.0,0.737885462555066,finans_budget
Danmarksdemokraterne,Dansk Folkeparti,68,12313,10857.0,0.8817509948834565,finans_budget
Danmarksdemokraterne,Det Konservative Folkeparti,68,4734,3385.0,0.7150401351922264,finans_budget
Danmarksdemokraterne,Enhedslisten,68,8274,3885.0,0.4695431472081218,finans_budget
Danmarksdemokraterne,Inuit Ataqatigiit,68,2,0.0,0.0,finans_budget
Danmarksdemokraterne,Liberal Alliance,68,5072,2697.0,0.5317429022082019,finans_budget
Danmarksdemokraterne,Radikale Venstre,68,10971,5954.0,0.5427034910217847,finans_budget
Danmarksdemokraterne,Sambandsflokkurin,68,17,17.0,1.0,finans_budget
Danmarksdemokraterne,Siumut,68,2,0.0,0.0,finans_budget
Danmarksdemokraterne,Socialdemokratiet,68,29553,16006.0,0.5416032213311678,finans_budget
Danmarksdemokraterne,Socialistisk Folkeparti,68,9454,5015.0,0.5304632959593822,finans_budget
Danmarksdemokraterne,Venstre,68,28234,22001.0,0.7792377983990932,finans_budget
Dansk Folkeparti,Dansk Folkeparti,68,46412,46352.0,0.9987072308885632,finans_budget
Dansk Folkeparti,Det Konservative Folkeparti,68,38954,24096.0,0.618575756019921,finans_budget
Dansk Folkeparti,Enhedslisten,68,66372,31801.0,0.4791327668293859,finans_budget
Dansk Folkeparti,Inuit Ataqatigiit,68,12,1.0,0.0833333333333333,finans_budget
Dansk Folkeparti,Liberal Alliance,68,40831,21105.0,0.5168866792388136,finans_budget
Dansk Folkeparti,Radikale Venstre,68,87684,43850.0,0.5000912367136535,finans_budget
Dansk Folkeparti,Sambandsflokkurin,68,136,97.0,0.7132352941176471,finans_budget
Dansk Folkeparti,Siumut,68,12,1.0,0.0833333333333333,finans_budget
Dansk Folkeparti,Socialdemokratiet,68,234969,116766.0,0.4969421498155075,finans_budget
Dansk Folkeparti,Socialistisk Folkeparti,68,75719,37351.0,0.4932843804065029,finans_budget
Dansk Folkeparti,Venstre,68,224556,148175.0,0.6598576747002974,finans_budget
Det Konservative Folkeparti,Det Konservative Folkeparti,68,6121,6101.0,0.9967325600392092,finans_budget
Det Konservative Folkeparti,Enhedslisten,68,25764,10476.0,0.4066138798323241,finans_budget
Det Konservative Folkeparti,Inuit Ataqatigiit,68,5,0.0,0.0,finans_budget
Det Konservative Folkeparti,Liberal Alliance,68,15795,9609.0,0.6083570750237417,finans_budget
Det Konservative Folkeparti,Radikale Venstre,68,34084,20339.0,0.596731604271799,finans_budget
Det Konservative Folkeparti,Sambandsflokkurin,68,55,55.0,1.0,finans_budget
Det Konservative Folkeparti,Siumut,68,5,0.0,0.0,finans_budget
Det Konservative Folkeparti,Socialdemokratiet,68,91156,54623.0,0.599225503532406,finans_budget
Det Konservative Folkeparti,Socialistisk Folkeparti,68,29439,17181.0,0.5836135738306328,finans_budget
Det Konservative Folkeparti,Venstre,68,87185,73214.0,0.839754544933188,finans_budget
Enhedslisten,Enhedslisten,68,19375,18988.0,0.9800258064516127,finans_budget
Enhedslisten,Inuit Ataqatigiit,68,8,8.0,1.0,finans_budget
Enhedslisten,Liberal Alliance,68,26971,9625.0,0.3568647806903711,finans_budget
Enhedslisten,Radikale Venstre,68,57970,45103.0,0.7780403657063999,finans_budget
Enhedslisten,Sambandsflokkurin,68,92,9.0,0.0978260869565217,finans_budget
Enhedslisten,Siumut,68,8,8.0,1.0,finans_budget
Enhedslisten,Socialdemokratiet,68,155332,119868.0,0.7716890273736255,finans_budget
Enhedslisten,Socialistisk Folkeparti,68,50100,39215.0,0.7827345309381237,finans_budget
Enhedslisten,Venstre,68,148489,64999.0,0.4377361286021187,finans_budget
Inuit Ataqatigiit,Liberal Alliance,68,5,0.0,0.0,finans_budget
Inuit Ataqatigiit,Radikale Venstre,68,11,11.0,1.0,finans_budget
Inuit Ataqatigiit,Siumut,68,1,1.0,1.0,finans_budget
Inuit Ataqatigiit,Socialdemokratiet,68,29,29.0,1.0,finans_budget
Inuit Ataqatigiit,Socialistisk Folkeparti,68,9,9.0,1.0,finans_budget
Inuit Ataqatigiit,Venstre,68,28,0.0,0.0,finans_budget
Liberal Alliance,Liberal Alliance,68,6675,6643.0,0.9952059925093631,finans_budget
Liberal Alliance,Radikale Venstre,68,35609,14948.0,0.4197815159088994,finans_budget
Liberal Alliance,Sambandsflokkurin,68,55,40.0,0.7272727272727273,finans_budget
Liberal Alliance,Siumut,68,5,0.0,0.0,finans_budget
Liberal Alliance,Socialdemokratiet,68,95516,39846.0,0.4171657104568868,finans_budget
Liberal Alliance,Socialistisk Folkeparti,68,30791,12583.0,0.4086583742002533,finans_budget
Liberal Alliance,Venstre,68,91247,54825.0,0.6008416715070084,finans_budget
Radikale Venstre,Radikale Venstre,68,35100,34768.0,0.9905413105413106,finans_budget
Radikale Venstre,Sambandsflokkurin,68,119,73.0,0.6134453781512605,finans_budget
Radikale Venstre,Siumut,68,11,11.0,1.0,finans_budget
Radikale Venstre,Socialdemokratiet,68,205813,204819.0,0.9951703731056832,finans_budget
Radikale Venstre,Socialistisk Folkeparti,68,66275,64766.0,0.9772312334967936,finans_budget
Radikale Venstre,Venstre,68,196998,124377.0,0.6313617397130935,finans_budget
Sambandsflokkurin,Socialdemokratiet,68,322,206.0,0.639751552795031,finans_budget
Sambandsflokkurin,Socialistisk Folkeparti,68,96,54.0,0.5625,finans_budget
Sambandsflokkurin,Venstre,68,297,296.0,0.9966329966329966,finans_budget
Siumut,Socialdemokratiet,68,29,29.0,1.0,finans_budget
Siumut,Socialistisk Folkeparti,68,9,9.0,1.0,finans_budget
Siumut,Venstre,68,28,0.0,0.0,finans_budget
Socialdemokratiet,Socialdemokratiet,68,266916,266774.0,0.99946799742241,finans_budget
Socialdemokratiet,Socialistisk Folkeparti,68,177553,173764.0,0.9786598931023412,finans_budget
Socialdemokratiet,Venstre,68,527600,335265.0,0.6354529946929492,finans_budget
Socialistisk Folkeparti,Socialistisk Folkeparti,68,25893,25571.0,0.9875642065423088,finans_budget
Socialistisk Folkeparti,Venstre,68,169782,104271.0,0.6141463759409125,finans_budget
Venstre,Venstre,68,243933,243750.0,0.9992497940008116,finans_budget
Alternativet,Alternativet,69,9163,9163.0,1.0,finans_budget
Alternativet,Danmarksdemokraterne,69,5887,1940.0,0.3295396636657041,finans_budget
Alternativet,Dansk Folkeparti,69,90360,28963.0,0.3205289951305887,finans_budget
Alternativet,Det Konservative Folkeparti,69,15972,5782.0,0.3620085149010769,finans_budget
Alternativet,Enhedslisten,69,36449,30224.0,0.8292134214930451,finans_budget
Alternativet,Inuit Ataqatigiit,69,521,71.0,0.1362763915547025,finans_budget
Alternativet,Liberal Alliance,69,32954,11494.0,0.3487892213388359,finans_budget
Alternativet,Radikale Venstre,69,19815,14446.0,0.729043653797628,finans_budget
Alternativet,Socialdemokratiet,69,119909,59918.0,0.4996956024985614,finans_budget
Alternativet,Socialistisk Folkeparti,69,16238,13192.0,0.8124153220840005,finans_budget
Alternativet,Tjóðveldi,69,40,10.0,0.25,finans_budget
Alternativet,Venstre,69,78834,27681.0,0.3511302230002283,finans_budget
Danmarksdemokraterne,Danmarksdemokraterne,69,434,384.0,0.8847926267281107,finans_budget
Danmarksdemokraterne,Dansk Folkeparti,69,23913,22446.0,0.9386526157320286,finans_budget
Danmarksdemokraterne,Det Konservative Folkeparti,69,4258,3999.0,0.9391733208078912,finans_budget
Danmarksdemokraterne,Enhedslisten,69,9642,2449.0,0.2539929475212611,finans_budget
Danmarksdemokraterne,Inuit Ataqatigiit,69,97,6.0,0.0618556701030927,finans_budget
Danmarksdemokraterne,Liberal Alliance,69,8754,8092.0,0.9243774274617318,finans_budget
Danmarksdemokraterne,Radikale Venstre,69,5272,2619.0,0.4967754172989377,finans_budget
Danmarksdemokraterne,Socialdemokratiet,69,31869,20812.0,0.6530484169569174,finans_budget
Danmarksdemokraterne,Socialistisk Folkeparti,69,4329,1592.0,0.3677523677523677,finans_budget
Danmarksdemokraterne,Tjóðveldi,69,12,1.0,0.0833333333333333,finans_budget
Danmarksdemokraterne,Venstre,69,20695,19549.0,0.9446243053877748,finans_budget
Dansk Folkeparti,Dansk Folkeparti,69,176437,176333.0,0.9994105544755352,finans_budget
Dansk Folkeparti,Det Konservative Folkeparti,69,65318,58029.0,0.8884074833889586,finans_budget
Dansk Folkeparti,Enhedslisten,69,149041,39595.0,0.2656651525419179,finans_budget
Dansk Folkeparti,Inuit Ataqatigiit,69,1994,88.0,0.0441323971915747,finans_budget
Dansk Folkeparti,Liberal Alliance,69,134698,118769.0,0.881742861809381,finans_budget
Dansk Folkeparti,Radikale Venstre,69,81004,37299.0,0.4604587427781344,finans_budget
Dansk Folkeparti,Socialdemokratiet,69,490089,297841.0,0.60772839218999,finans_budget
Dansk Folkeparti,Socialistisk Folkeparti,69,66355,23668.0,0.356687514128551,finans_budget
Dansk Folkeparti,Tjóðveldi,69,178,23.0,0.1292134831460674,finans_budget
Dansk Folkeparti,Venstre,69,320815,285951.0,0.8913267771145365,finans_budget
Det Konservative Folkeparti,Det Konservative Folkeparti,69,4410,4407.0,0.9993197278911564,finans_budget
Det Konservative Folkeparti,Enhedslisten,69,26386,6802.0,0.2577882210263018,finans_budget
Det Konservative Folkeparti,Inuit Ataqatigiit,69,349,16.0,0.0458452722063037,finans_budget
Det Konservative Folkeparti,Liberal Alliance,69,23835,23123.0,0.9701279630795048,finans_budget
Det Konservative Folkeparti,Radikale Venstre,69,14330,7683.0,0.5361479413817167,finans_budget
Det Konservative Folkeparti,Socialdemokratiet,69,86784,60421.0,0.6962228060471977,finans_budget
Det Konservative Folkeparti,Socialistisk Folkeparti,69,11739,4467.0,0.3805264502938921,finans_budget
Det Konservative Folkeparti,Tjóðveldi,69,31,3.0,0.0967741935483871,finans_budget
Det Konservative Folkeparti,Venstre,69,56641,55924.0,0.9873413251884676,finans_budget
Enhedslisten,Enhedslisten,69,26758,26742.0,0.9994020479856492,finans_budget
Enhedslisten,Inuit Ataqatigiit,69,789,107.0,0.1356147021546261,finans_budget
Enhedslisten,Liberal Alliance,69,54398,13771.0,0.2531526894371116,finans_budget
Enhedslisten,Radikale Venstre,69,32678,20942.0,0.6408592937144256,finans_budget
Enhedslisten,Socialdemokratiet,69,197996,83777.0,0.4231247095900927,finans_budget
Enhedslisten,Socialistisk Folkeparti,69,26788,21374.0,0.7978945796625355,finans_budget
Enhedslisten,Tjóðveldi,69,72,18.0,0.25,finans_budget
Enhedslisten,Venstre,69,129563,31681.0,0.2445219700068692,finans_budget
Inuit Ataqatigiit,Liberal Alliance,69,704,33.0,0.046875,finans_budget
Inuit Ataqatigiit,Radikale Venstre,69,428,78.0,0.1822429906542056,finans_budget
Inuit Ataqatigiit,Socialdemokratiet,69,2548,1067.0,0.4187598116169544,finans_budget
Inuit Ataqatigiit,Socialistisk Folkeparti,69,352,89.0,0.2528409090909091,finans_budget
Inuit Ataqatigiit,Tjóðveldi,69,4,4.0,1.0,finans_budget
Inuit Ataqatigiit,Venstre,69,1775,85.0,0.0478873239436619,finans_budget
Liberal Alliance,Liberal Alliance,69,21581,21506.0,0.9965247208192392,finans_budget
Liberal Alliance,Radikale Venstre,69,29541,15632.0,0.5291628584001896,finans_budget
Liberal Alliance,Socialdemokratiet,69,178924,120750.0,0.674867541526011,finans_budget
Liberal Alliance,Socialistisk Folkeparti,69,24218,8886.0,0.3669171690478157,finans_budget
Liberal Alliance,Tjóðveldi,69,64,8.0,0.125,finans_budget
Liberal Alliance,Venstre,69,117113,113314.0,0.9675612442683562,finans_budget
Radikale Venstre,Radikale Venstre,69,7109,7079.0,0.9957799971866648,finans_budget
Radikale Venstre,Socialdemokratiet,69,107450,70260.0,0.6538855281526291,finans_budget
Radikale Venstre,Socialistisk Folkeparti,69,14556,10658.0,0.7322066501786205,finans_budget
Radikale Venstre,Tjóðveldi,69,38,10.0,0.2631578947368421,finans_budget
Radikale Venstre,Venstre,69,70340,38129.0,0.5420671026442991,finans_budget
Socialdemokratiet,Socialdemokratiet,69,315060,310834.0,0.98658668190186,finans_budget
Socialdemokratiet,Socialistisk Folkeparti,69,88098,47852.0,0.5431678358192014,finans_budget
Socialdemokratiet,Tjóðveldi,69,238,58.0,0.2436974789915966,finans_budget
Socialdemokratiet,Venstre,69,427048,296125.0,0.6934232217455649,finans_budget
Socialistisk Folkeparti,Socialistisk Folkeparti,69,4481,4473.0,0.9982146842222718,finans_budget
Socialistisk Folkeparti,Tjóðveldi,69,32,12.0,0.375,finans_budget
Socialistisk Folkeparti,Venstre,69,57691,21461.0,0.371999098646236,finans_budget
Tjóðveldi,Venstre,69,157,19.0,0.1210191082802547,finans_budget
Venstre,Venstre,69,133153,133139.0,0.999894857795168,finans_budget
Alternativet,Alternativet,70,1900,1660.0,0.8736842105263158,finans_budget
Alternativet,Danmarksdemokraterne,70,2696,1114.0,0.4132047477744807,finans_budget
Alternativet,Dansk Folkeparti,70,13624,6033.0,0.4428214914856136,finans_budget
Alternativet,Det Konservative Folkeparti,70,10516,5158.0,0.4904906808672499,finans_budget
Alternativet,Enhedslisten,70,12402,10862.0,0.8758264796000645,finans_budget
Alternativet,Inuit Ataqatigiit,70,388,332.0,0.8556701030927835,finans_budget
Alternativet,Liberal Alliance,70,3504,1690.0,0.4823059360730594,finans_budget
Alternativet,Nye Borgerlige,70,3571,1191.0,0.3335200224026883,finans_budget
Alternativet,Radikale Venstre,70,15441,12887.0,0.8345962049090084,finans_budget
Alternativet,Sambandsflokkurin,70,16,13.0,0.8125,finans_budget
Alternativet,Siumut,70,147,147.0,1.0,finans_budget
Alternativet,Socialdemokratiet,70,47515,36741.0,0.7732505524571188,finans_budget
Alternativet,Socialistisk Folkeparti,70,13519,11655.0,0.8621199792884089,finans_budget
Alternativet,Venstre,70,41281,20914.0,0.5066253239989341,finans_budget
Danmarksdemokraterne,Danmarksdemokraterne,70,335,298.0,0.8895522388059701,finans_budget
Danmarksdemokraterne,Dansk Folkeparti,70,6892,6458.0,0.937028438769588,finans_budget
Danmarksdemokraterne,Det Konservative Folkeparti,70,5500,3568.0,0.6487272727272727,finans_budget
Danmarksdemokraterne,Enhedslisten,70,6330,2657.0,0.4197472353870458,finans_budget
Danmarksdemokraterne,Inuit Ataqatigiit,70,193,22.0,0.1139896373056994,finans_budget
Danmarksdemokraterne,Liberal Alliance,70,1780,1050.0,0.5898876404494382,finans_budget
Danmarksdemokraterne,Nye Borgerlige,70,1848,1244.0,0.6731601731601732,finans_budget
Danmarksdemokraterne,Radikale Venstre,70,7886,3438.0,0.435962465128075,finans_budget
Danmarksdemokraterne,Sambandsflokkurin,70,7,6.0,0.8571428571428571,finans_budget
Danmarksdemokraterne,Siumut,70,96,43.0,0.4479166666666667,finans_budget
Danmarksdemokraterne,Socialdemokratiet,70,24089,11818.0,0.4905973680933206,finans_budget
Danmarksdemokraterne,Socialistisk Folkeparti,70,6973,3192.0,0.4577656675749318,finans_budget
Danmarksdemokraterne,Venstre,70,20828,14626.0,0.7022277703091991,finans_budget
Dansk Folkeparti,Dansk Folkeparti,70,15767,15558.0,0.9867444662903532,finans_budget
Dansk Folkeparti,Det Konservative Folkeparti,70,28055,17097.0,0.6094100873284619,finans_budget
Dansk Folkeparti,Enhedslisten,70,32535,15002.0,0.4611034270785308,finans_budget
Dansk Folkeparti,Inuit Ataqatigiit,70,775,88.0,0.1135483870967742,finans_budget
Dansk Folkeparti,Liberal Alliance,70,9218,5356.0,0.5810371013234975,finans_budget
Dansk Folkeparti,Nye Borgerlige,70,9368,6604.0,0.7049530315969257,finans_budget
Dansk Folkeparti,Radikale Venstre,70,40444,18542.0,0.458461081989912,finans_budget
Dansk Folkeparti,Sambandsflokkurin,70,41,35.0,0.8536585365853658,finans_budget
Dansk Folkeparti,Siumut,70,487,268.0,0.5503080082135524,finans_budget
Dansk Folkeparti,Socialdemokratiet,70,124431,61657.0,0.4955115686605428,finans_budget
Dansk Folkeparti,Socialistisk Folkeparti,70,35959,17392.0,0.4836619483300425,finans_budget
Dansk Folkeparti,Venstre,70,107742,71911.0,0.667437025486811,finans_budget
Det Konservative Folkeparti,Det Konservative Folkeparti,70,9694,9642.0,0.9946358572312772,finans_budget
Det Konservative Folkeparti,Enhedslisten,70,25734,12081.0,0.4694567498251341,finans_budget
Det Konservative Folkeparti,Inuit Ataqatigiit,70,483,304.0,0.629399585921325,finans_budget
Det Konservative Folkeparti,Liberal Alliance,70,7225,5141.0,0.7115570934256056,finans_budget
Det Konservative Folkeparti,Nye Borgerlige,70,7371,4143.0,0.562067562067562,finans_budget
Det Konservative Folkeparti,Radikale Venstre,70,31899,18870.0,0.5915545941879056,finans_budget
Det Konservative Folkeparti,Sambandsflokkurin,70,31,31.0,1.0,finans_budget
Det Konservative Folkeparti,Siumut,70,390,142.0,0.3641025641025641,finans_budget
Det Konservative Folkeparti,Socialdemokratiet,70,97695,64597.0,0.6612109115103127,finans_budget
Det Konservative Folkeparti,Socialistisk Folkeparti,70,28553,15718.0,0.5504850628655483,finans_budget
Det Konservative Folkeparti,Venstre,70,84117,72390.0,0.8605870394807232,finans_budget
Enhedslisten,Enhedslisten,70,12953,12912.0,0.996834710105767,finans_budget
Enhedslisten,Inuit Ataqatigiit,70,679,672.0,0.9896907216494846,finans_budget
Enhedslisten,Liberal Alliance,70,8349,3909.0,0.468199784405318,finans_budget
Enhedslisten,Nye Borgerlige,70,8600,2883.0,0.3352325581395349,finans_budget
Enhedslisten,Radikale Venstre,70,37144,31865.0,0.8578774499246177,finans_budget
Enhedslisten,Sambandsflokkurin,70,40,32.0,0.8,finans_budget
Enhedslisten,Siumut,70,390,390.0,1.0,finans_budget
Enhedslisten,Socialdemokratiet,70,114134,90246.0,0.7907021571135683,finans_budget
Enhedslisten,Socialistisk Folkeparti,70,33032,29724.0,0.8998546863647372,finans_budget
Enhedslisten,Venstre,70,98934,47647.0,0.4816038975478602,finans_budget
Inuit Ataqatigiit,Liberal Alliance,70,194,88.0,0.4536082474226804,finans_budget
Inuit Ataqatigiit,Nye Borgerlige,70,194,26.0,0.134020618556701,finans_budget
Inuit Ataqatigiit,Radikale Venstre,70,870,870.0,1.0,finans_budget
Inuit Ataqatigiit,Socialdemokratiet,70,2705,2705.0,1.0,finans_budget
Inuit Ataqatigiit,Socialistisk Folkeparti,70,677,677.0,1.0,finans_budget
Inuit Ataqatigiit,Venstre,70,2407,1283.0,0.5330286663896967,finans_budget
Liberal Alliance,Liberal Alliance,70,668,654.0,0.9790419161676648,finans_budget
Liberal Alliance,Nye Borgerlige,70,2380,1580.0,0.6638655462184874,finans_budget
Liberal Alliance,Radikale Venstre,70,10419,5999.0,0.5757750263940877,finans_budget
Liberal Alliance,Sambandsflokkurin,70,10,10.0,1.0,finans_budget
Liberal Alliance,Siumut,70,143,70.0,0.4895104895104895,finans_budget
Liberal Alliance,Socialdemokratiet,70,31957,19257.0,0.6025909816315674,finans_budget
Liberal Alliance,Socialistisk Folkeparti,70,9267,4852.0,0.5235782885507716,finans_budget
Liberal Alliance,Venstre,70,27650,19793.0,0.7158408679927667,finans_budget
Nye Borgerlige,Nye Borgerlige,70,706,705.0,0.9985835694050992,finans_budget
Nye Borgerlige,Radikale Venstre,70,10694,3901.0,0.3647839910230036,finans_budget
Nye Borgerlige,Sambandsflokkurin,70,10,8.0,0.8,finans_budget
Nye Borgerlige,Siumut,70,97,42.0,0.4329896907216495,finans_budget
Nye Borgerlige,Socialdemokratiet,70,32981,13096.0,0.3970771049998484,finans_budget
Nye Borgerlige,Socialistisk Folkeparti,70,9488,3276.0,0.3452782462057335,finans_budget
Nye Borgerlige,Venstre,70,28510,16007.0,0.5614521220624342,finans_budget
Radikale Venstre,Radikale Venstre,70,20659,20211.0,0.9783145360375624,finans_budget
Radikale Venstre,Sambandsflokkurin,70,48,37.0,0.7708333333333334,finans_budget
Radikale Venstre,Siumut,70,488,488.0,1.0,finans_budget
Radikale Venstre,Socialdemokratiet,70,141697,125877.0,0.8883533172897098,finans_budget
Radikale Venstre,Socialistisk Folkeparti,70,41033,37275.0,0.9084151780274412,finans_budget
Radikale Venstre,Venstre,70,122892,72447.0,0.589517625231911,finans_budget
Sambandsflokkurin,Socialdemokratiet,70,137,108.0,0.7883211678832117,finans_budget
Sambandsflokkurin,Socialistisk Folkeparti,70,42,34.0,0.8095238095238095,finans_budget
Sambandsflokkurin,Venstre,70,116,115.0,0.9913793103448276,finans_budget
Siumut,Socialdemokratiet,70,1417,1417.0,1.0,finans_budget
Siumut,Socialistisk Folkeparti,70,486,486.0,1.0,finans_budget
Siumut,Venstre,70,1219,450.0,0.36915504511895,finans_budget
Socialdemokratiet,Socialdemokratiet,70,211245,211112.0,0.9993703992993918,finans_budget
Socialdemokratiet,Socialistisk Folkeparti,70,125759,111688.0,0.8881113876541639,finans_budget
Socialdemokratiet,Venstre,70,379315,248253.0,0.6544771495986186,finans_budget
Socialistisk Folkeparti,Socialistisk Folkeparti,70,16106,16067.0,0.997578542158202,finans_budget
Socialistisk Folkeparti,Venstre,70,109049,60280.0,0.5527790259424662,finans_budget
Venstre,Venstre,70,158172,155655.0,0.9840869433275168,finans_budget
Alternativet,Alternativet,71,1249,1167.0,0.934347477982386,finans_budget
Alternativet,Danmarksdemokraterne,71,9600,5085.0,0.5296875,finans_budget
Alternativet,Dansk Folkeparti,71,2824,1561.0,0.5527620396600567,finans_budget
Alternativet,Det Konservative Folkeparti,71,6651,3749.0,0.563674635393174,finans_budget
Alternativet,Enhedslisten,71,5516,4273.0,0.7746555474981871,finans_budget
Alternativet,Liberal Alliance,71,9553,5517.0,0.577514916780069,finans_budget
Alternativet,Moderaterne,71,10849,6416.0,0.5913909116047562,finans_budget
Alternativet,Nye Borgerlige,71,3515,1718.0,0.4887624466571835,finans_budget
Alternativet,Radikale Venstre,71,4708,3093.0,0.6569668649107901,finans_budget
Alternativet,Sambandsflokkurin,71,178,128.0,0.7191011235955056,finans_budget
Alternativet,Siumut,71,3,0.0,0.0,finans_budget
Alternativet,Socialdemokratiet,71,36764,21798.0,0.5929169840060929,finans_budget
Alternativet,Socialistisk Folkeparti,71,9911,7416.0,0.7482595096357583,finans_budget
Alternativet,Venstre,71,16687,9805.0,0.5875831485587583,finans_budget
Danmarksdemokraterne,Danmarksdemokraterne,71,11920,11898.0,0.9981543624161072,finans_budget
Danmarksdemokraterne,Dansk Folkeparti,71,7918,5154.0,0.6509219499873705,finans_budget
Danmarksdemokraterne,Det Konservative Folkeparti,71,18560,13849.0,0.7461745689655173,finans_budget
Danmarksdemokraterne,Enhedslisten,71,15365,7734.0,0.5033517735112268,finans_budget
Danmarksdemokraterne,Liberal Alliance,71,26588,17911.0,0.6736497668120957,finans_budget
Danmarksdemokraterne,Moderaterne,71,30267,18235.0,0.602471338421383,finans_budget
Danmarksdemokraterne,Nye Borgerlige,71,9872,7500.0,0.7597244732576985,finans_budget
Danmarksdemokraterne,Radikale Venstre,71,13256,7428.0,0.5603500301750151,finans_budget
Danmarksdemokraterne,Sambandsflokkurin,71,509,151.0,0.2966601178781925,finans_budget
Danmarksdemokraterne,Siumut,71,9,0.0,0.0,finans_budget
Danmarksdemokraterne,Socialdemokratiet,71,102528,60776.0,0.5927746566791511,finans_budget
Danmarksdemokraterne,Socialistisk Folkeparti,71,27753,15822.0,0.5701005296724678,finans_budget
Danmarksdemokraterne,Venstre,71,46432,27928.0,0.6014817367332874,finans_budget
Dansk Folkeparti,Dansk Folkeparti,71,803,790.0,0.9838107098381071,finans_budget
Dansk Folkeparti,Det Konservative Folkeparti,71,5479,3558.0,0.649388574557401,finans_budget
Dansk Folkeparti,Enhedslisten,71,4535,2666.0,0.58787210584344,finans_budget
Dansk Folkeparti,Liberal Alliance,71,7880,5643.0,0.7161167512690355,finans_budget
Dansk Folkeparti,Moderaterne,71,8954,5780.0,0.6455215546124637,finans_budget
Dansk Folkeparti,Nye Borgerlige,71,2733,2035.0,0.7446030003658983,finans_budget
Dansk Folkeparti,Radikale Venstre,71,3902,2380.0,0.6099436186570989,finans_budget
Dansk Folkeparti,Sambandsflokkurin,71,198,183.0,0.9242424242424242,finans_budget
Dansk Folkeparti,Siumut,71,3,0.0,0.0,finans_budget
Dansk Folkeparti,Socialdemokratiet,71,30188,19136.0,0.633894262620909,finans_budget
Dansk Folkeparti,Socialistisk Folkeparti,71,8195,5201.0,0.6346552776082978,finans_budget
Dansk Folkeparti,Venstre,71,13669,8683.0,0.6352330089984637,finans_budget
Det Konservative Folkeparti,Det Konservative Folkeparti,71,5370,5345.0,0.9953445065176908,finans_budget
Det Konservative Folkeparti,Enhedslisten,71,10653,5672.0,0.5324321787289965,finans_budget
Det Konservative Folkeparti,Liberal Alliance,71,18407,13956.0,0.7581898190905634,finans_budget
Det Konservative Folkeparti,Moderaterne,71,20997,14259.0,0.6790970138591227,finans_budget
Det Konservative Folkeparti,Nye Borgerlige,71,6872,4692.0,0.6827706635622818,finans_budget
Det Konservative Folkeparti,Radikale Venstre,71,9208,6141.0,0.6669200695047784,finans_budget
Det Konservative Folkeparti,Sambandsflokkurin,71,342,174.0,0.5087719298245614,finans_budget
Det Konservative Folkeparti,Siumut,71,6,0.0,0.0,finans_budget
Det Konservative Folkeparti,Socialdemokratiet,71,71074,48206.0,0.6782508371556406,finans_budget
Det Konservative Folkeparti,Socialistisk Folkeparti,71,19238,12682.0,0.6592161347333403,finans_budget
Det Konservative Folkeparti,Venstre,71,32192,22001.0,0.6834306660039762,finans_budget
Enhedslisten,Enhedslisten,71,3550,3524.0,0.992676056338028,finans_budget
Enhedslisten,Liberal Alliance,71,15229,9262.0,0.608181758487097,finans_budget
Enhedslisten,Moderaterne,71,17376,10469.0,0.6024976979742173,finans_budget
Enhedslisten,Nye Borgerlige,71,5711,2680.0,0.4692698301523376,finans_budget
Enhedslisten,Radikale Venstre,71,7632,5147.0,0.6743972746331237,finans_budget
Enhedslisten,Sambandsflokkurin,71,283,242.0,0.8551236749116607,finans_budget
Enhedslisten,Siumut,71,6,0.0,0.0,finans_budget
Enhedslisten,Socialdemokratiet,71,58888,35624.0,0.6049449803015895,finans_budget
Enhedslisten,Socialistisk Folkeparti,71,15927,12777.0,0.8022226407986438,finans_budget
Enhedslisten,Venstre,71,26670,15961.0,0.5984626921634796,finans_budget
Liberal Alliance,Liberal Alliance,71,11689,11646.0,0.9963213277440328,finans_budget
Liberal Alliance,Moderaterne,71,30027,20978.0,0.6986378925633596,finans_budget
Liberal Alliance,Nye Borgerlige,71,9699,6687.0,0.6894525208784411,finans_budget
Liberal Alliance,Radikale Venstre,71,13135,9014.0,0.6862580890749905,finans_budget
Liberal Alliance,Sambandsflokkurin,71,506,426.0,0.841897233201581,finans_budget
Liberal Alliance,Siumut,71,9,0.0,0.0,finans_budget
Liberal Alliance,Socialdemokratiet,71,101633,69585.0,0.6846693495223009,finans_budget
Liberal Alliance,Socialistisk Folkeparti,71,27508,19501.0,0.708921041151665,finans_budget
Liberal Alliance,Venstre,71,46008,31545.0,0.685641627543036,finans_budget
Moderaterne,Moderaterne,71,15449,14415.0,0.9330701016247006,finans_budget
Moderaterne,Nye Borgerlige,71,11208,5817.0,0.5190042826552462,finans_budget
Moderaterne,Radikale Venstre,71,15054,12964.0,0.861166467384084,finans_budget
Moderaterne,Sambandsflokkurin,71,568,565.0,0.9947183098591548,finans_budget
Moderaterne,Siumut,71,10,10.0,1.0,finans_budget
Moderaterne,Socialdemokratiet,71,115988,111815.0,0.9640221402214022,finans_budget
Moderaterne,Socialistisk Folkeparti,71,31400,24151.0,0.769140127388535,finans_budget
Moderaterne,Venstre,71,52514,50430.0,0.9603153444795672,finans_budget
Nye Borgerlige,Nye Borgerlige,71,1489,1016.0,0.6823371390194761,finans_budget
Nye Borgerlige,Radikale Venstre,71,4989,2444.0,0.4898777310082181,finans_budget
Nye Borgerlige,Sambandsflokkurin,71,94,40.0,0.425531914893617,finans_budget
Nye Borgerlige,Siumut,71,3,0.0,0.0,finans_budget
Nye Borgerlige,Socialdemokratiet,71,38208,19321.0,0.5056794388609716,finans_budget
Nye Borgerlige,Socialistisk Folkeparti,71,10276,5344.0,0.5200467107824056,finans_budget
Nye Borgerlige,Venstre,71,17363,8859.0,0.5102228877498128,finans_budget
Radikale Venstre,Radikale Venstre,71,2583,2524.0,0.9771583430120016,finans_budget
Radikale Venstre,Sambandsflokkurin,71,228,205.0,0.8991228070175439,finans_budget
Radikale Venstre,Siumut,71,4,0.0,0.0,finans_budget
Radikale Venstre,Socialdemokratiet,71,51000,45134.0,0.8849803921568627,finans_budget
Radikale Venstre,Socialistisk Folkeparti,71,13778,11788.0,0.8555668456960371,finans_budget
Radikale Venstre,Venstre,71,23083,20309.0,0.8798249794220855,finans_budget
Sambandsflokkurin,Siumut,71,1,1.0,1.0,finans_budget
Sambandsflokkurin,Socialdemokratiet,71,1842,1842.0,1.0,finans_budget
Sambandsflokkurin,Socialistisk Folkeparti,71,511,466.0,0.9119373776908024,finans_budget
Sambandsflokkurin,Venstre,71,793,791.0,0.9974779319041616,finans_budget
Siumut,Socialdemokratiet,71,32,32.0,1.0,finans_budget
Siumut,Socialistisk Folkeparti,71,9,0.0,0.0,finans_budget
Siumut,Venstre,71,14,14.0,1.0,finans_budget
Socialdemokratiet,Socialdemokratiet,71,190787,190787.0,1.0,finans_budget
Socialdemokratiet,Socialistisk Folkeparti,71,106313,83344.0,0.7839492818375927,finans_budget
Socialdemokratiet,Venstre,71,178037,177308.0,0.9959053455180664,finans_budget
Socialistisk Folkeparti,Socialistisk Folkeparti,71,12819,12805.0,0.9989078711287932,finans_budget
Socialistisk Folkeparti,Venstre,71,48155,37482.0,0.7783615408576472,finans_budget
Venstre,Venstre,71,37783,37475.0,0.991848185691978,finans_budget
Danmarksdemokraterne,Danmarksdemokraterne,65,7,6.0,0.8571428571428571,klima_miljø
Danmarksdemokraterne,Dansk Folkeparti,65,332,303.0,0.9126506024096386,klima_miljø
Danmarksdemokraterne,Det Konservative Folkeparti,65,189,180.0,0.9523809523809524,klima_miljø
Danmarksdemokraterne,Enhedslisten,65,28,9.0,0.3214285714285714,klima_miljø
Danmarksdemokraterne,Kristendemokraterne,65,48,28.0,0.5833333333333334,klima_miljø
Danmarksdemokraterne,Radikale Venstre,65,99,63.0,0.6363636363636364,klima_miljø
Danmarksdemokraterne,Socialdemokratiet,65,810,407.0,0.5024691358024691,klima_miljø
Danmarksdemokraterne,Socialistisk Folkeparti,65,162,77.0,0.4753086419753086,klima_miljø
Danmarksdemokraterne,Venstre,65,861,827.0,0.9605110336817654,klima_miljø
Dansk Folkeparti,Dansk Folkeparti,65,1542,1542.0,1.0,klima_miljø
Dansk Folkeparti,Det Konservative Folkeparti,65,1859,1628.0,0.8757396449704142,klima_miljø
Dansk Folkeparti,Enhedslisten,65,277,85.0,0.3068592057761732,klima_miljø
Dansk Folkeparti,Kristendemokraterne,65,474,270.0,0.569620253164557,klima_miljø
Dansk Folkeparti,Radikale Venstre,65,988,610.0,0.6174089068825911,klima_miljø
Dansk Folkeparti,Socialdemokratiet,65,7911,3874.0,0.4896978890152951,klima_miljø
Dansk Folkeparti,Socialistisk Folkeparti,65,1634,738.0,0.4516523867809057,klima_miljø
Dansk Folkeparti,Venstre,65,8459,7428.0,0.8781179808488001,klima_miljø
Det Konservative Folkeparti,Det Konservative Folkeparti,65,490,490.0,1.0,klima_miljø
Det Konservative Folkeparti,Enhedslisten,65,158,64.0,0.4050632911392405,klima_miljø
Det Konservative Folkeparti,Kristendemokraterne,65,268,180.0,0.6716417910447762,klima_miljø
Det Konservative Folkeparti,Radikale Venstre,65,560,408.0,0.7285714285714285,klima_miljø
Det Konservative Folkeparti,Socialdemokratiet,65,4444,2645.0,0.5951845184518452,klima_miljø
Det Konservative Folkeparti,Socialistisk Folkeparti,65,901,475.0,0.5271920088790233,klima_miljø
Det Konservative Folkeparti,Venstre,65,4754,4754.0,1.0,klima_miljø
Enhedslisten,Enhedslisten,65,3,3.0,1.0,klima_miljø
Enhedslisten,Kristendemokraterne,65,40,29.0,0.725,klima_miljø
Enhedslisten,Radikale Venstre,65,84,58.0,0.6904761904761905,klima_miljø
Enhedslisten,Socialdemokratiet,65,664,502.0,0.7560240963855421,klima_miljø
Enhedslisten,Socialistisk Folkeparti,65,139,119.0,0.8561151079136691,klima_miljø
Enhedslisten,Venstre,65,717,292.0,0.4072524407252441,klima_miljø
Kristendemokraterne,Kristendemokraterne,65,17,16.0,0.9411764705882352,klima_miljø
Kristendemokraterne,Radikale Venstre,65,142,112.0,0.7887323943661971,klima_miljø
Kristendemokraterne,Socialdemokratiet,65,1134,1042.0,0.9188712522045857,klima_miljø
Kristendemokraterne,Socialistisk Folkeparti,65,234,200.0,0.8547008547008547,klima_miljø
Kristendemokraterne,Venstre,65,1210,821.0,0.6785123966942149,klima_miljø
Radikale Venstre,Radikale Venstre,65,116,116.0,1.0,klima_miljø
Radikale Venstre,Socialdemokratiet,65,2361,1945.0,0.8238034731046167,klima_miljø
Radikale Venstre,Socialistisk Folkeparti,65,494,401.0,0.8117408906882592,klima_miljø
Radikale Venstre,Venstre,65,2524,1778.0,0.7044374009508716,klima_miljø
Socialdemokratiet,Socialdemokratiet,65,9208,9208.0,1.0,klima_miljø
Socialdemokratiet,Socialistisk Folkeparti,65,3906,3479.0,0.8906810035842294,klima_miljø
Socialdemokratiet,Venstre,65,20198,12198.0,0.6039211803148826,klima_miljø
Socialistisk Folkeparti,Socialistisk Folkeparti,65,355,355.0,1.0,klima_miljø
Socialistisk Folkeparti,Venstre,65,4163,2290.0,0.550084073985107,klima_miljø
Venstre,Venstre,65,10538,10538.0,1.0,klima_miljø
Danmarksdemokraterne,Danmarksdemokraterne,66,51,47.0,0.9215686274509804,klima_miljø
Danmarksdemokraterne,Dansk Folkeparti,66,4280,4130.0,0.9649532710280374,klima_miljø
Danmarksdemokraterne,Det Konservative Folkeparti,66,3133,3067.0,0.978933929141398,klima_miljø
Danmarksdemokraterne,Enhedslisten,66,717,155.0,0.2161785216178521,klima_miljø
Danmarksdemokraterne,Fólkaflokkurin,66,3,3.0,1.0,klima_miljø
Danmarksdemokraterne,Inuit Ataqatigiit,66,6,3.0,0.5,klima_miljø
Danmarksdemokraterne,Radikale Venstre,66,2452,1407.0,0.5738172920065253,klima_miljø
Danmarksdemokraterne,Siumut,66,10,8.0,0.8,klima_miljø
Danmarksdemokraterne,Socialdemokratiet,66,7604,3893.0,0.5119673855865334,klima_miljø
Danmarksdemokraterne,Socialistisk Folkeparti,66,2099,908.0,0.4325869461648404,klima_miljø
Danmarksdemokraterne,Tjóðveldi,66,4,1.0,0.25,klima_miljø
Danmarksdemokraterne,Venstre,66,8918,8737.0,0.979703969499888,klima_miljø
Dansk Folkeparti,Dansk Folkeparti,66,29132,29106.0,0.9991075106412192,klima_miljø
Dansk Folkeparti,Det Konservative Folkeparti,66,44466,42493.0,0.9556290199253362,klima_miljø
Dansk Folkeparti,Enhedslisten,66,10287,2205.0,0.2143482064741907,klima_miljø
Dansk Folkeparti,Fólkaflokkurin,66,49,35.0,0.7142857142857143,klima_miljø
Dansk Folkeparti,Inuit Ataqatigiit,66,113,64.0,0.5663716814159292,klima_miljø
Dansk Folkeparti,Radikale Venstre,66,35067,19362.0,0.5521430404653949,klima_miljø
Dansk Folkeparti,Siumut,66,128,112.0,0.875,klima_miljø
Dansk Folkeparti,Socialdemokratiet,66,109218,53327.0,0.4882620080939039,klima_miljø
Dansk Folkeparti,Socialistisk Folkeparti,66,30262,12579.0,0.4156698169321261,klima_miljø
Dansk Folkeparti,Tjóðveldi,66,82,46.0,0.5609756097560976,klima_miljø
Dansk Folkeparti,Venstre,66,127992,122430.0,0.9565441590099382,klima_miljø
Det Konservative Folkeparti,Det Konservative Folkeparti,66,14789,14768.0,0.9985800256947732,klima_miljø
Det Konservative Folkeparti,Enhedslisten,66,7414,1582.0,0.2133800917183706,klima_miljø
Det Konservative Folkeparti,Fólkaflokkurin,66,41,41.0,1.0,klima_miljø
Det Konservative Folkeparti,Inuit Ataqatigiit,66,85,47.0,0.5529411764705883,klima_miljø
Det Konservative Folkeparti,Radikale Venstre,66,25187,15148.0,0.6014213681661175,klima_miljø
Det Konservative Folkeparti,Siumut,66,102,77.0,0.7549019607843137,klima_miljø
Det Konservative Folkeparti,Socialdemokratiet,66,78520,42681.0,0.5435685175751401,klima_miljø
Det Konservative Folkeparti,Socialistisk Folkeparti,66,21771,9879.0,0.4537687749758853,klima_miljø
Det Konservative Folkeparti,Tjóðveldi,66,65,28.0,0.4307692307692308,klima_miljø
Det Konservative Folkeparti,Venstre,66,92041,91906.0,0.9985332623504742,klima_miljø
Enhedslisten,Enhedslisten,66,564,562.0,0.99645390070922,klima_miljø
Enhedslisten,Fólkaflokkurin,66,9,3.0,0.3333333333333333,klima_miljø
Enhedslisten,Inuit Ataqatigiit,66,18,9.0,0.5,klima_miljø
Enhedslisten,Radikale Venstre,66,5830,3255.0,0.5583190394511149,klima_miljø
Enhedslisten,Siumut,66,20,18.0,0.9,klima_miljø
Enhedslisten,Socialdemokratiet,66,18118,11198.0,0.6180593884534716,klima_miljø
Enhedslisten,Socialistisk Folkeparti,66,5003,3626.0,0.7247651409154507,klima_miljø
Enhedslisten,Tjóðveldi,66,15,12.0,0.8,klima_miljø
Enhedslisten,Venstre,66,21261,4439.0,0.2087860401674427,klima_miljø
Fólkaflokkurin,Inuit Ataqatigiit,66,2,0.0,0.0,klima_miljø
Fólkaflokkurin,Radikale Venstre,66,31,31.0,1.0,klima_miljø
Fólkaflokkurin,Siumut,66,2,1.0,0.5,klima_miljø
Fólkaflokkurin,Socialdemokratiet,66,93,93.0,1.0,klima_miljø
Fólkaflokkurin,Socialistisk Folkeparti,66,24,19.0,0.7916666666666666,klima_miljø
Fólkaflokkurin,Tjóðveldi,66,3,1.0,0.3333333333333333,klima_miljø
Fólkaflokkurin,Venstre,66,109,109.0,1.0,klima_miljø
Inuit Ataqatigiit,Radikale Venstre,66,56,42.0,0.75,klima_miljø
Inuit Ataqatigiit,Siumut,66,1,1.0,1.0,klima_miljø
Inuit Ataqatigiit,Socialdemokratiet,66,199,143.0,0.7185929648241206,klima_miljø
Inuit Ataqatigiit,Socialistisk Folkeparti,66,57,47.0,0.8245614035087719,klima_miljø
Inuit Ataqatigiit,Tjóðveldi,66,4,3.0,0.75,klima_miljø
Inuit Ataqatigiit,Venstre,66,229,132.0,0.5764192139737991,klima_miljø
Radikale Venstre,Radikale Venstre,66,8952,8805.0,0.9835790884718498,klima_miljø
Radikale Venstre,Siumut,66,81,73.0,0.9012345679012346,klima_miljø
Radikale Venstre,Socialdemokratiet,66,61896,53929.0,0.8712840894403515,klima_miljø
Radikale Venstre,Socialistisk Folkeparti,66,17109,13932.0,0.814308258811152,klima_miljø
Radikale Venstre,Tjóðveldi,66,47,25.0,0.5319148936170213,klima_miljø
Radikale Venstre,Venstre,66,72566,43046.0,0.5931979163795718,klima_miljø
Siumut,Socialdemokratiet,66,246,217.0,0.8821138211382114,klima_miljø
Siumut,Socialistisk Folkeparti,66,62,60.0,0.967741935483871,klima_miljø
Siumut,Tjóðveldi,66,2,2.0,1.0,klima_miljø
Siumut,Venstre,66,282,210.0,0.7446808510638298,klima_miljø
Socialdemokratiet,Socialdemokratiet,66,93432,93301.0,0.9985979107800326,klima_miljø
Socialdemokratiet,Socialistisk Folkeparti,66,53355,47422.0,0.8888014244213288,klima_miljø
Socialdemokratiet,Tjóðveldi,66,151,66.0,0.4370860927152318,klima_miljø
Socialdemokratiet,Venstre,66,226305,121170.0,0.5354278517929343,klima_miljø
Socialistisk Folkeparti,Socialistisk Folkeparti,66,6572,6366.0,0.96865489957395,klima_miljø
Socialistisk Folkeparti,Tjóðveldi,66,42,24.0,0.5714285714285714,klima_miljø
Socialistisk Folkeparti,Venstre,66,62616,27855.0,0.4448543503257953,klima_miljø
Tjóðveldi,Venstre,66,176,78.0,0.4431818181818182,klima_miljø
Venstre,Venstre,66,128939,128743.0,0.9984799013486998,klima_miljø
Danmarksdemokraterne,Danmarksdemokraterne,67,44,38.0,0.8636363636363636,klima_miljø
Danmarksdemokraterne,Dansk Folkeparti,67,3817,3637.0,0.9528425465024888,klima_miljø
Danmarksdemokraterne,Det Konservative Folkeparti,67,2316,2246.0,0.969775474956822,klima_miljø
Danmarksdemokraterne,Enhedslisten,67,499,171.0,0.342685370741483,klima_miljø
Danmarksdemokraterne,Inuit Ataqatigiit,67,3,1.0,0.3333333333333333,klima_miljø
Danmarksdemokraterne,Liberal Alliance,67,601,486.0,0.8086522462562395,klima_miljø
Danmarksdemokraterne,Radikale Venstre,67,981,522.0,0.5321100917431193,klima_miljø
Danmarksdemokraterne,Sambandsflokkurin,67,9,8.0,0.8888888888888888,klima_miljø
Danmarksdemokraterne,Siumut,67,20,14.0,0.7,klima_miljø
Danmarksdemokraterne,Socialdemokratiet,67,6505,3481.0,0.5351268255188316,klima_miljø
Danmarksdemokraterne,Socialistisk Folkeparti,67,3063,1512.0,0.4936336924583741,klima_miljø
Danmarksdemokraterne,Tjóðveldi,67,1,0.0,0.0,klima_miljø
Danmarksdemokraterne,Venstre,67,6520,6330.0,0.9708588957055214,klima_miljø
Dansk Folkeparti,Dansk Folkeparti,67,38193,37780.0,0.9891865001440054,klima_miljø
Dansk Folkeparti,Det Konservative Folkeparti,67,49076,45339.0,0.92385279973918,klima_miljø
Dansk Folkeparti,Enhedslisten,67,10410,3385.0,0.3251681075888569,klima_miljø
Dansk Folkeparti,Inuit Ataqatigiit,67,139,17.0,0.1223021582733813,klima_miljø
Dansk Folkeparti,Javnaðarflokkurin,67,17,0.0,0.0,klima_miljø
Dansk Folkeparti,Liberal Alliance,67,11902,9261.0,0.7781045202486977,klima_miljø
Dansk Folkeparti,Radikale Venstre,67,20507,11018.0,0.5372799531867167,klima_miljø
Dansk Folkeparti,Sambandsflokkurin,67,235,196.0,0.8340425531914893,klima_miljø
Dansk Folkeparti,Siumut,67,287,117.0,0.4076655052264808,klima_miljø
Dansk Folkeparti,Socialdemokratiet,67,135936,71473.0,0.5257841925612052,klima_miljø
Dansk Folkeparti,Socialistisk Folkeparti,67,63769,31105.0,0.4877761921936991,klima_miljø
Dansk Folkeparti,Tjóðveldi,67,71,0.0,0.0,klima_miljø
Dansk Folkeparti,Venstre,67,136992,127019.0,0.9272001284746556,klima_miljø
Det Konservative Folkeparti,Det Konservative Folkeparti,67,13707,13677.0,0.9978113372729264,klima_miljø
Det Konservative Folkeparti,Enhedslisten,67,6302,2402.0,0.3811488416375754,klima_miljø
Det Konservative Folkeparti,Inuit Ataqatigiit,67,92,68.0,0.7391304347826086,klima_miljø
Det Konservative Folkeparti,Javnaðarflokkurin,67,12,12.0,1.0,klima_miljø
Det Konservative Folkeparti,Liberal Alliance,67,7171,6031.0,0.8410263561567425,klima_miljø
Det Konservative Folkeparti,Radikale Venstre,67,12550,7679.0,0.6118725099601594,klima_miljø
Det Konservative Folkeparti,Sambandsflokkurin,67,141,141.0,1.0,klima_miljø
Det Konservative Folkeparti,Siumut,67,180,147.0,0.8166666666666667,klima_miljø
Det Konservative Folkeparti,Socialdemokratiet,67,82677,49560.0,0.5994411988823978,klima_miljø
Det Konservative Folkeparti,Socialistisk Folkeparti,67,38773,21460.0,0.5534779356768885,klima_miljø
Det Konservative Folkeparti,Tjóðveldi,67,48,35.0,0.7291666666666666,klima_miljø
Det Konservative Folkeparti,Venstre,67,83307,83209.0,0.9988236282665324,klima_miljø
Enhedslisten,Enhedslisten,67,408,382.0,0.9362745098039216,klima_miljø
Enhedslisten,Inuit Ataqatigiit,67,20,15.0,0.75,klima_miljø
Enhedslisten,Javnaðarflokkurin,67,2,2.0,1.0,klima_miljø
Enhedslisten,Liberal Alliance,67,1547,721.0,0.4660633484162896,klima_miljø
Enhedslisten,Radikale Venstre,67,2653,1825.0,0.6879004900113079,klima_miljø
Enhedslisten,Sambandsflokkurin,67,31,11.0,0.3548387096774194,klima_miljø
Enhedslisten,Siumut,67,38,26.0,0.6842105263157895,klima_miljø
Enhedslisten,Socialdemokratiet,67,17483,13199.0,0.7549619630498198,klima_miljø
Enhedslisten,Socialistisk Folkeparti,67,8171,6493.0,0.7946395789988986,klima_miljø
Enhedslisten,Tjóðveldi,67,12,9.0,0.75,klima_miljø
Enhedslisten,Venstre,67,17667,6640.0,0.3758419652459387,klima_miljø
Inuit Ataqatigiit,Javnaðarflokkurin,67,1,1.0,1.0,klima_miljø
Inuit Ataqatigiit,Liberal Alliance,67,22,17.0,0.7727272727272727,klima_miljø
Inuit Ataqatigiit,Radikale Venstre,67,35,26.0,0.7428571428571429,klima_miljø
Inuit Ataqatigiit,Sambandsflokkurin,67,1,1.0,1.0,klima_miljø
Inuit Ataqatigiit,Siumut,67,5,5.0,1.0,klima_miljø
Inuit Ataqatigiit,Socialdemokratiet,67,227,170.0,0.748898678414097,klima_miljø
Inuit Ataqatigiit,Socialistisk Folkeparti,67,111,81.0,0.7297297297297297,klima_miljø
Inuit Ataqatigiit,Tjóðveldi,67,4,4.0,1.0,klima_miljø
Inuit Ataqatigiit,Venstre,67,239,178.0,0.7447698744769874,klima_miljø
Javnaðarflokkurin,Liberal Alliance,67,2,2.0,1.0,klima_miljø
Javnaðarflokkurin,Radikale Venstre,67,4,4.0,1.0,klima_miljø
Javnaðarflokkurin,Sambandsflokkurin,67,1,1.0,1.0,klima_miljø
Javnaðarflokkurin,Siumut,67,1,1.0,1.0,klima_miljø
Javnaðarflokkurin,Socialdemokratiet,67,27,27.0,1.0,klima_miljø
Javnaðarflokkurin,Socialistisk Folkeparti,67,14,14.0,1.0,klima_miljø
Javnaðarflokkurin,Venstre,67,29,29.0,1.0,klima_miljø
Liberal Alliance,Liberal Alliance,67,676,489.0,0.7233727810650887,klima_miljø
Liberal Alliance,Radikale Venstre,67,2918,1982.0,0.6792323509252913,klima_miljø
Liberal Alliance,Sambandsflokkurin,67,45,37.0,0.8222222222222222,klima_miljø
Liberal Alliance,Siumut,67,47,39.0,0.8297872340425532,klima_miljø
Liberal Alliance,Socialdemokratiet,67,19974,13158.0,0.6587563832982878,klima_miljø
Liberal Alliance,Socialistisk Folkeparti,67,9465,5927.0,0.626201796090861,klima_miljø
Liberal Alliance,Tjóðveldi,67,16,12.0,0.75,klima_miljø
Liberal Alliance,Venstre,67,20063,16859.0,0.8403030454069681,klima_miljø
Radikale Venstre,Radikale Venstre,67,2096,1966.0,0.9379770992366412,klima_miljø
Radikale Venstre,Sambandsflokkurin,67,51,37.0,0.7254901960784313,klima_miljø
Radikale Venstre,Siumut,67,76,67.0,0.881578947368421,klima_miljø
Radikale Venstre,Socialdemokratiet,67,34541,29741.0,0.8610347123708058,klima_miljø
Radikale Venstre,Socialistisk Folkeparti,67,16152,13443.0,0.8322808320950966,klima_miljø
Radikale Venstre,Tjóðveldi,67,20,15.0,0.75,klima_miljø
Radikale Venstre,Venstre,67,34842,21224.0,0.6091498765857298,klima_miljø
Sambandsflokkurin,Siumut,67,2,1.0,0.5,klima_miljø
Sambandsflokkurin,Socialdemokratiet,67,391,270.0,0.690537084398977,klima_miljø
Sambandsflokkurin,Socialistisk Folkeparti,67,181,84.0,0.4640883977900552,klima_miljø
Sambandsflokkurin,Venstre,67,366,366.0,1.0,klima_miljø
Siumut,Socialdemokratiet,67,498,439.0,0.8815261044176707,klima_miljø
Siumut,Socialistisk Folkeparti,67,225,198.0,0.88,klima_miljø
Siumut,Tjóðveldi,67,3,3.0,1.0,klima_miljø
Siumut,Venstre,67,499,410.0,0.8216432865731463,klima_miljø
Socialdemokratiet,Socialdemokratiet,67,110599,110013.0,0.9947015795802856,klima_miljø
Socialdemokratiet,Socialistisk Folkeparti,67,107123,101624.0,0.9486664861887736,klima_miljø
Socialdemokratiet,Tjóðveldi,67,116,87.0,0.75,klima_miljø
Socialdemokratiet,Venstre,67,230491,136561.0,0.5924786651105683,klima_miljø
Socialistisk Folkeparti,Socialistisk Folkeparti,67,23512,23420.0,0.9960871044572984,klima_miljø
Socialistisk Folkeparti,Tjóðveldi,67,53,39.0,0.7358490566037735,klima_miljø
Socialistisk Folkeparti,Venstre,67,108004,59158.0,0.5477389726306433,klima_miljø
Tjóðveldi,Venstre,67,124,92.0,0.7419354838709677,klima_miljø
Venstre,Venstre,67,112522,112494.0,0.9997511597732,klima_miljø
Danmarksdemokraterne,Danmarksdemokraterne,68,110,84.0,0.7636363636363637,klima_miljø
Danmarksdemokraterne,Dansk Folkeparti,68,3988,3645.0,0.9139919759277834,klima_miljø
Danmarksdemokraterne,Det Konservative Folkeparti,68,1633,1309.0,0.8015921616656461,klima_miljø
Danmarksdemokraterne,Enhedslisten,68,2700,1230.0,0.4555555555555555,klima_miljø
Danmarksdemokraterne,Inuit Ataqatigiit,68,3,0.0,0.0,klima_miljø
Danmarksdemokraterne,Javnaðarflokkurin,68,6,2.0,0.3333333333333333,klima_miljø
Danmarksdemokraterne,Liberal Alliance,68,1644,1023.0,0.6222627737226277,klima_miljø
Danmarksdemokraterne,Radikale Venstre,68,3532,2132.0,0.6036240090600227,klima_miljø
Danmarksdemokraterne,Sambandsflokkurin,68,12,12.0,1.0,klima_miljø
Danmarksdemokraterne,Siumut,68,3,0.0,0.0,klima_miljø
Danmarksdemokraterne,Socialdemokratiet,68,9470,5719.0,0.6039070749736009,klima_miljø
Danmarksdemokraterne,Socialistisk Folkeparti,68,3139,1829.0,0.5826696400127429,klima_miljø
Danmarksdemokraterne,Venstre,68,9038,7591.0,0.839898207568046,klima_miljø
Dansk Folkeparti,Dansk Folkeparti,68,16200,16167.0,0.9979629629629628,klima_miljø
Dansk Folkeparti,Det Konservative Folkeparti,68,14310,10700.0,0.7477288609364081,klima_miljø
Dansk Folkeparti,Enhedslisten,68,23585,11289.0,0.4786516853932584,klima_miljø
Dansk Folkeparti,Inuit Ataqatigiit,68,24,1.0,0.0416666666666666,klima_miljø
Dansk Folkeparti,Javnaðarflokkurin,68,26,0.0,0.0,klima_miljø
Dansk Folkeparti,Liberal Alliance,68,14428,9098.0,0.6305794288882728,klima_miljø
Dansk Folkeparti,Radikale Venstre,68,31173,18002.0,0.5774869277900747,klima_miljø
Dansk Folkeparti,Sambandsflokkurin,68,86,86.0,1.0,klima_miljø
Dansk Folkeparti,Siumut,68,24,1.0,0.0416666666666666,klima_miljø
Dansk Folkeparti,Socialdemokratiet,68,82654,47516.0,0.5748784087884434,klima_miljø
Dansk Folkeparti,Socialistisk Folkeparti,68,27651,15297.0,0.5532168818487577,klima_miljø
Dansk Folkeparti,Venstre,68,79121,60702.0,0.7672046612151009,klima_miljø
Det Konservative Folkeparti,Det Konservative Folkeparti,68,2367,2359.0,0.9966201943388256,klima_miljø
Det Konservative Folkeparti,Enhedslisten,68,9605,5082.0,0.5290994273815721,klima_miljø
Det Konservative Folkeparti,Inuit Ataqatigiit,68,10,5.0,0.5,klima_miljø
Det Konservative Folkeparti,Javnaðarflokkurin,68,6,6.0,1.0,klima_miljø
Det Konservative Folkeparti,Liberal Alliance,68,5872,3729.0,0.6350476839237057,klima_miljø
Det Konservative Folkeparti,Radikale Venstre,68,12680,9245.0,0.7291009463722398,klima_miljø
Det Konservative Folkeparti,Sambandsflokkurin,68,34,34.0,1.0,klima_miljø
Det Konservative Folkeparti,Siumut,68,10,5.0,0.5,klima_miljø
Det Konservative Folkeparti,Socialdemokratiet,68,33662,24516.0,0.7282989721347514,klima_miljø
Det Konservative Folkeparti,Socialistisk Folkeparti,68,11230,7814.0,0.6958147818343722,klima_miljø
Det Konservative Folkeparti,Venstre,68,32187,29588.0,0.9192531146114892,klima_miljø
Enhedslisten,Enhedslisten,68,6982,6831.0,0.9783729590375252,klima_miljø
Enhedslisten,Inuit Ataqatigiit,68,16,16.0,1.0,klima_miljø
Enhedslisten,Javnaðarflokkurin,68,16,16.0,1.0,klima_miljø
Enhedslisten,Liberal Alliance,68,9664,3310.0,0.3425082781456953,klima_miljø
Enhedslisten,Radikale Venstre,68,20867,16276.0,0.7799875401351416,klima_miljø
Enhedslisten,Sambandsflokkurin,68,56,31.0,0.5535714285714286,klima_miljø
Enhedslisten,Siumut,68,16,16.0,1.0,klima_miljø
Enhedslisten,Socialdemokratiet,68,55364,43074.0,0.7780145943212196,klima_miljø
Enhedslisten,Socialistisk Folkeparti,68,18507,14945.0,0.8075322850813206,klima_miljø
Enhedslisten,Venstre,68,53069,25513.0,0.4807514744954682,klima_miljø
Inuit Ataqatigiit,Liberal Alliance,68,10,5.0,0.5,klima_miljø
Inuit Ataqatigiit,Radikale Venstre,68,21,21.0,1.0,klima_miljø
Inuit Ataqatigiit,Siumut,68,2,2.0,1.0,klima_miljø
Inuit Ataqatigiit,Socialdemokratiet,68,58,58.0,1.0,klima_miljø
Inuit Ataqatigiit,Socialistisk Folkeparti,68,17,17.0,1.0,klima_miljø
Inuit Ataqatigiit,Venstre,68,54,26.0,0.4814814814814814,klima_miljø
Javnaðarflokkurin,Liberal Alliance,68,8,0.0,0.0,klima_miljø
Javnaðarflokkurin,Radikale Venstre,68,22,22.0,1.0,klima_miljø
Javnaðarflokkurin,Socialdemokratiet,68,55,55.0,1.0,klima_miljø
Javnaðarflokkurin,Socialistisk Folkeparti,68,17,17.0,1.0,klima_miljø
Javnaðarflokkurin,Venstre,68,54,54.0,1.0,klima_miljø
Liberal Alliance,Liberal Alliance,68,2377,2365.0,0.9949516196886832,klima_miljø
Liberal Alliance,Radikale Venstre,68,12777,5634.0,0.4409485794787509,klima_miljø
Liberal Alliance,Sambandsflokkurin,68,35,15.0,0.4285714285714285,klima_miljø
Liberal Alliance,Siumut,68,10,5.0,0.5,klima_miljø
Liberal Alliance,Socialdemokratiet,68,33919,14649.0,0.4318818361390371,klima_miljø
Liberal Alliance,Socialistisk Folkeparti,68,11326,4668.0,0.4121490376125728,klima_miljø
Liberal Alliance,Venstre,68,32454,22329.0,0.6880199667221298,klima_miljø
Radikale Venstre,Radikale Venstre,68,12618,12477.0,0.988825487398954,klima_miljø
Radikale Venstre,Sambandsflokkurin,68,77,55.0,0.7142857142857143,klima_miljø
Radikale Venstre,Siumut,68,21,21.0,1.0,klima_miljø
Radikale Venstre,Socialdemokratiet,68,73189,72794.0,0.9946030141141428,klima_miljø
Radikale Venstre,Socialistisk Folkeparti,68,24440,23644.0,0.967430441898527,klima_miljø
Radikale Venstre,Venstre,68,70116,48181.0,0.6871612756004336,klima_miljø
Sambandsflokkurin,Socialdemokratiet,68,205,147.0,0.7170731707317073,klima_miljø
Sambandsflokkurin,Socialistisk Folkeparti,68,65,49.0,0.7538461538461538,klima_miljø
Sambandsflokkurin,Venstre,68,183,183.0,1.0,klima_miljø
Siumut,Socialdemokratiet,68,58,58.0,1.0,klima_miljø
Siumut,Socialistisk Folkeparti,68,17,17.0,1.0,klima_miljø
Siumut,Venstre,68,54,26.0,0.4814814814814814,klima_miljø
Socialdemokratiet,Socialdemokratiet,68,94072,94043.0,0.9996917254868612,klima_miljø
Socialdemokratiet,Socialistisk Folkeparti,68,64896,62922.0,0.969582100591716,klima_miljø
Socialdemokratiet,Venstre,68,186091,127415.0,0.6846918980498788,klima_miljø
Socialistisk Folkeparti,Socialistisk Folkeparti,68,9851,9658.0,0.9804080803979291,klima_miljø
Socialistisk Folkeparti,Venstre,68,62201,40529.0,0.6515811642899632,klima_miljø
Venstre,Venstre,68,86032,85874.0,0.9981634740561652,klima_miljø
Alternativet,Alternativet,69,3663,3663.0,1.0,klima_miljø
Alternativet,Danmarksdemokraterne,69,2304,947.0,0.4110243055555556,klima_miljø
Alternativet,Dansk Folkeparti,69,36585,14603.0,0.3991526581932486,klima_miljø
Alternativet,Det Konservative Folkeparti,69,6555,2862.0,0.4366132723112128,klima_miljø
Alternativet,Enhedslisten,69,15009,12811.0,0.8535545339462989,klima_miljø
Alternativet,Inuit Ataqatigiit,69,103,70.0,0.6796116504854369,klima_miljø
Alternativet,Liberal Alliance,69,13483,5341.0,0.3961284580582956,klima_miljø
Alternativet,Radikale Venstre,69,7993,6024.0,0.753659452020518,klima_miljø
Alternativet,Siumut,69,12,12.0,1.0,klima_miljø
Alternativet,Socialdemokratiet,69,49770,28263.0,0.5678722121760097,klima_miljø
Alternativet,Socialistisk Folkeparti,69,6603,5630.0,0.8526427381493261,klima_miljø
Alternativet,Tjóðveldi,69,20,5.0,0.25,klima_miljø
Alternativet,Venstre,69,32804,14267.0,0.4349164736007804,klima_miljø
Danmarksdemokraterne,Danmarksdemokraterne,69,149,144.0,0.9664429530201344,klima_miljø
Danmarksdemokraterne,Dansk Folkeparti,69,9457,9262.0,0.9793803531775404,klima_miljø
Danmarksdemokraterne,Det Konservative Folkeparti,69,1701,1637.0,0.9623750734861846,klima_miljø
Danmarksdemokraterne,Enhedslisten,69,3903,1460.0,0.3740712272610812,klima_miljø
Danmarksdemokraterne,Inuit Ataqatigiit,69,31,17.0,0.5483870967741935,klima_miljø
Danmarksdemokraterne,Liberal Alliance,69,3493,3222.0,0.922416261093616,klima_miljø
Danmarksdemokraterne,Radikale Venstre,69,2086,1275.0,0.6112176414189837,klima_miljø
Danmarksdemokraterne,Siumut,69,3,2.0,0.6666666666666666,klima_miljø
Danmarksdemokraterne,Socialdemokratiet,69,12876,10321.0,0.8015688101894999,klima_miljø
Danmarksdemokraterne,Socialistisk Folkeparti,69,1720,886.0,0.5151162790697674,klima_miljø
Danmarksdemokraterne,Tjóðveldi,69,8,0.0,0.0,klima_miljø
Danmarksdemokraterne,Venstre,69,8413,8106.0,0.9635088553429216,klima_miljø
Dansk Folkeparti,Dansk Folkeparti,69,72331,72331.0,1.0,klima_miljø
Dansk Folkeparti,Det Konservative Folkeparti,69,27122,24998.0,0.9216871912100878,klima_miljø
Dansk Folkeparti,Enhedslisten,69,62088,22968.0,0.3699265558562041,klima_miljø
Dansk Folkeparti,Inuit Ataqatigiit,69,393,217.0,0.5521628498727735,klima_miljø
Dansk Folkeparti,Liberal Alliance,69,55769,49908.0,0.8949057720238842,klima_miljø
Dansk Folkeparti,Radikale Venstre,69,33076,19415.0,0.5869814971580603,klima_miljø
Dansk Folkeparti,Siumut,69,45,0.0,0.0,klima_miljø
Dansk Folkeparti,Socialdemokratiet,69,205849,156083.0,0.7582402634941147,klima_miljø
Dansk Folkeparti,Socialistisk Folkeparti,69,27307,13483.0,0.4937561797341341,klima_miljø
Dansk Folkeparti,Tjóðveldi,69,89,0.0,0.0,klima_miljø
Dansk Folkeparti,Venstre,69,135122,124264.0,0.9196429892985598,klima_miljø
Det Konservative Folkeparti,Det Konservative Folkeparti,69,1851,1848.0,0.9983792544570502,klima_miljø
Det Konservative Folkeparti,Enhedslisten,69,11126,4345.0,0.3905266942297322,klima_miljø
Det Konservative Folkeparti,Inuit Ataqatigiit,69,73,45.0,0.6164383561643836,klima_miljø
Det Konservative Folkeparti,Liberal Alliance,69,9988,9548.0,0.9559471365638766,klima_miljø
Det Konservative Folkeparti,Radikale Venstre,69,5923,3695.0,0.6238392706398784,klima_miljø
Det Konservative Folkeparti,Siumut,69,8,8.0,1.0,klima_miljø
Det Konservative Folkeparti,Socialdemokratiet,69,36833,29487.0,0.8005592810794668,klima_miljø
Det Konservative Folkeparti,Socialistisk Folkeparti,69,4891,2598.0,0.5311797178491107,klima_miljø
Det Konservative Folkeparti,Tjóðveldi,69,16,0.0,0.0,klima_miljø
Det Konservative Folkeparti,Venstre,69,24111,23632.0,0.98013354900253,klima_miljø
Enhedslisten,Enhedslisten,69,11317,11295.0,0.9980560219139348,klima_miljø
Enhedslisten,Inuit Ataqatigiit,69,159,123.0,0.7735849056603774,klima_miljø
Enhedslisten,Liberal Alliance,69,22855,8224.0,0.3598337344126012,klima_miljø
Enhedslisten,Radikale Venstre,69,13553,9560.0,0.7053788829041541,klima_miljø
Enhedslisten,Siumut,69,17,17.0,1.0,klima_miljø
Enhedslisten,Socialdemokratiet,69,84395,44866.0,0.531619171751881,klima_miljø
Enhedslisten,Socialistisk Folkeparti,69,11192,9066.0,0.8100428877769835,klima_miljø
Enhedslisten,Tjóðveldi,69,36,9.0,0.25,klima_miljø
Enhedslisten,Venstre,69,55383,20817.0,0.3758734629760035,klima_miljø
Inuit Ataqatigiit,Liberal Alliance,69,143,80.0,0.5594405594405595,klima_miljø
Inuit Ataqatigiit,Radikale Venstre,69,80,53.0,0.6625,klima_miljø
Inuit Ataqatigiit,Siumut,69,1,1.0,1.0,klima_miljø
Inuit Ataqatigiit,Socialdemokratiet,69,523,347.0,0.6634799235181644,klima_miljø
Inuit Ataqatigiit,Socialistisk Folkeparti,69,74,54.0,0.7297297297297297,klima_miljø
Inuit Ataqatigiit,Tjóðveldi,69,4,4.0,1.0,klima_miljø
Inuit Ataqatigiit,Venstre,69,351,214.0,0.6096866096866097,klima_miljø
Liberal Alliance,Liberal Alliance,69,9015,8977.0,0.9957848031059344,klima_miljø
Liberal Alliance,Radikale Venstre,69,12182,7286.0,0.5980955508126744,klima_miljø
Liberal Alliance,Siumut,69,16,16.0,1.0,klima_miljø
Liberal Alliance,Socialdemokratiet,69,75800,58974.0,0.7780211081794195,klima_miljø
Liberal Alliance,Socialistisk Folkeparti,69,10056,4912.0,0.4884645982498011,klima_miljø
Liberal Alliance,Tjóðveldi,69,32,0.0,0.0,klima_miljø
Liberal Alliance,Venstre,69,49753,46718.0,0.9389986533475368,klima_miljø
Radikale Venstre,Radikale Venstre,69,2893,2885.0,0.9972347044590392,klima_miljø
Radikale Venstre,Siumut,69,9,9.0,1.0,klima_miljø
Radikale Venstre,Socialdemokratiet,69,44906,33733.0,0.7511913775442034,klima_miljø
Radikale Venstre,Socialistisk Folkeparti,69,5974,5035.0,0.8428188818212253,klima_miljø
Radikale Venstre,Tjóðveldi,69,18,5.0,0.2777777777777778,klima_miljø
Radikale Venstre,Venstre,69,29516,18781.0,0.6362989564981705,klima_miljø
Siumut,Socialdemokratiet,69,59,59.0,1.0,klima_miljø
Siumut,Socialistisk Folkeparti,69,8,8.0,1.0,klima_miljø
Siumut,Venstre,69,41,41.0,1.0,klima_miljø
Socialdemokratiet,Socialdemokratiet,69,135461,132777.0,0.980186179047844,klima_miljø
Socialdemokratiet,Socialistisk Folkeparti,69,37094,24857.0,0.670108373321831,klima_miljø
Socialdemokratiet,Tjóðveldi,69,121,29.0,0.2396694214876033,klima_miljø
Socialdemokratiet,Venstre,69,184112,151033.0,0.8203321891022856,klima_miljø
Socialistisk Folkeparti,Socialistisk Folkeparti,69,1862,1862.0,1.0,klima_miljø
Socialistisk Folkeparti,Tjóðveldi,69,16,8.0,0.5,klima_miljø
Socialistisk Folkeparti,Venstre,69,24368,12934.0,0.5307780695994747,klima_miljø
Tjóðveldi,Venstre,69,81,0.0,0.0,klima_miljø
Venstre,Venstre,69,57677,57677.0,1.0,klima_miljø
Alternativet,Alternativet,70,716,610.0,0.8519553072625698,klima_miljø
Alternativet,Danmarksdemokraterne,70,962,498.0,0.5176715176715176,klima_miljø
Alternativet,Dansk Folkeparti,70,5773,2960.0,0.5127316819677811,klima_miljø
Alternativet,Det Konservative Folkeparti,70,4599,2365.0,0.5142422265709937,klima_miljø
Alternativet,Enhedslisten,70,5292,4285.0,0.8097127739984883,klima_miljø
Alternativet,Inuit Ataqatigiit,70,15,12.0,0.8,klima_miljø
Alternativet,Liberal Alliance,70,1446,701.0,0.4847856154910097,klima_miljø
Alternativet,Nye Borgerlige,70,1593,715.0,0.4488386691776522,klima_miljø
Alternativet,Radikale Venstre,70,6488,4599.0,0.7088471023427867,klima_miljø
Alternativet,Sambandsflokkurin,70,13,10.0,0.7692307692307693,klima_miljø
Alternativet,Siumut,70,18,15.0,0.8333333333333334,klima_miljø
Alternativet,Socialdemokratiet,70,20232,13013.0,0.6431890075128509,klima_miljø
Alternativet,Socialistisk Folkeparti,70,5829,4577.0,0.7852118716761023,klima_miljø
Alternativet,Venstre,70,17484,9258.0,0.529512697323267,klima_miljø
Danmarksdemokraterne,Danmarksdemokraterne,70,126,117.0,0.9285714285714286,klima_miljø
Danmarksdemokraterne,Dansk Folkeparti,70,2697,2578.0,0.9558769002595476,klima_miljø
Danmarksdemokraterne,Det Konservative Folkeparti,70,2266,1915.0,0.8451015004413063,klima_miljø
Danmarksdemokraterne,Enhedslisten,70,2540,1201.0,0.4728346456692913,klima_miljø
Danmarksdemokraterne,Inuit Ataqatigiit,70,8,6.0,0.75,klima_miljø
Danmarksdemokraterne,Liberal Alliance,70,694,555.0,0.7997118155619597,klima_miljø
Danmarksdemokraterne,Nye Borgerlige,70,779,579.0,0.7432605905006419,klima_miljø
Danmarksdemokraterne,Radikale Venstre,70,3154,2025.0,0.6420418516169943,klima_miljø
Danmarksdemokraterne,Sambandsflokkurin,70,9,9.0,1.0,klima_miljø
Danmarksdemokraterne,Siumut,70,10,7.0,0.7,klima_miljø
Danmarksdemokraterne,Socialdemokratiet,70,9692,7050.0,0.7274040445728436,klima_miljø
Danmarksdemokraterne,Socialistisk Folkeparti,70,2838,1648.0,0.5806906272022551,klima_miljø
Danmarksdemokraterne,Venstre,70,8329,7323.0,0.879217192940329,klima_miljø
Dansk Folkeparti,Dansk Folkeparti,70,7443,7242.0,0.972994760177348,klima_miljø
Dansk Folkeparti,Det Konservative Folkeparti,70,13453,10714.0,0.7964022894521668,klima_miljø
Dansk Folkeparti,Enhedslisten,70,15381,7180.0,0.4668097002795657,klima_miljø
Dansk Folkeparti,Inuit Ataqatigiit,70,38,30.0,0.7894736842105263,klima_miljø
Dansk Folkeparti,Liberal Alliance,70,4210,3375.0,0.8016627078384798,klima_miljø
Dansk Folkeparti,Nye Borgerlige,70,4644,3592.0,0.7734711455641688,klima_miljø
Dansk Folkeparti,Radikale Venstre,70,18886,11289.0,0.5977443609022557,klima_miljø
Dansk Folkeparti,Sambandsflokkurin,70,35,35.0,1.0,klima_miljø
Dansk Folkeparti,Siumut,70,45,37.0,0.8222222222222222,klima_miljø
Dansk Folkeparti,Socialdemokratiet,70,58928,40444.0,0.6863290795547108,klima_miljø
Dansk Folkeparti,Socialistisk Folkeparti,70,17098,9450.0,0.5526962217803252,klima_miljø
Dansk Folkeparti,Venstre,70,50764,41474.0,0.8169962965881333,klima_miljø
Det Konservative Folkeparti,Det Konservative Folkeparti,70,4734,4701.0,0.9930291508238276,klima_miljø
Det Konservative Folkeparti,Enhedslisten,70,12404,6025.0,0.4857304095453079,klima_miljø
Det Konservative Folkeparti,Inuit Ataqatigiit,70,32,32.0,1.0,klima_miljø
Det Konservative Folkeparti,Liberal Alliance,70,3384,2808.0,0.8297872340425532,klima_miljø
Det Konservative Folkeparti,Nye Borgerlige,70,3711,2637.0,0.7105901374292644,klima_miljø
Det Konservative Folkeparti,Radikale Venstre,70,15210,10709.0,0.7040762656147271,klima_miljø
Det Konservative Folkeparti,Sambandsflokkurin,70,30,30.0,1.0,klima_miljø
Det Konservative Folkeparti,Siumut,70,40,33.0,0.825,klima_miljø
Det Konservative Folkeparti,Socialdemokratiet,70,47313,37119.0,0.7845412465918458,klima_miljø
Det Konservative Folkeparti,Socialistisk Folkeparti,70,13804,8613.0,0.6239495798319328,klima_miljø
Det Konservative Folkeparti,Venstre,70,40593,38704.0,0.953464883107925,klima_miljø
Enhedslisten,Enhedslisten,70,6164,6135.0,0.995295262816353,klima_miljø
Enhedslisten,Inuit Ataqatigiit,70,38,31.0,0.8157894736842105,klima_miljø
Enhedslisten,Liberal Alliance,70,3843,1642.0,0.4272703616965912,klima_miljø
Enhedslisten,Nye Borgerlige,70,4260,1703.0,0.3997652582159624,klima_miljø
Enhedslisten,Radikale Venstre,70,17409,12729.0,0.7311735309322764,klima_miljø
Enhedslisten,Sambandsflokkurin,70,33,25.0,0.7575757575757576,klima_miljø
Enhedslisten,Siumut,70,46,39.0,0.8478260869565217,klima_miljø
Enhedslisten,Socialdemokratiet,70,54334,35643.0,0.6559980859130563,klima_miljø
Enhedslisten,Socialistisk Folkeparti,70,15782,12746.0,0.8076289443670004,klima_miljø
Enhedslisten,Venstre,70,46823,23169.0,0.4948209213420754,klima_miljø
Inuit Ataqatigiit,Liberal Alliance,70,10,8.0,0.8,klima_miljø
Inuit Ataqatigiit,Nye Borgerlige,70,12,6.0,0.5,klima_miljø
Inuit Ataqatigiit,Radikale Venstre,70,44,44.0,1.0,klima_miljø
Inuit Ataqatigiit,Sambandsflokkurin,70,1,1.0,1.0,klima_miljø
Inuit Ataqatigiit,Siumut,70,4,4.0,1.0,klima_miljø
Inuit Ataqatigiit,Socialdemokratiet,70,155,155.0,1.0,klima_miljø
Inuit Ataqatigiit,Socialistisk Folkeparti,70,45,45.0,1.0,klima_miljø
Inuit Ataqatigiit,Venstre,70,128,128.0,1.0,klima_miljø
Liberal Alliance,Liberal Alliance,70,293,285.0,0.9726962457337884,klima_miljø
Liberal Alliance,Nye Borgerlige,70,1157,876.0,0.7571305099394987,klima_miljø
Liberal Alliance,Radikale Venstre,70,4737,3045.0,0.642811906269791,klima_miljø
Liberal Alliance,Sambandsflokkurin,70,8,8.0,1.0,klima_miljø
Liberal Alliance,Siumut,70,11,8.0,0.7272727272727273,klima_miljø
Liberal Alliance,Socialdemokratiet,70,14814,11007.0,0.7430133657351154,klima_miljø
Liberal Alliance,Socialistisk Folkeparti,70,4295,2383.0,0.5548311990686845,klima_miljø
Liberal Alliance,Venstre,70,12750,10839.0,0.8501176470588235,klima_miljø
Nye Borgerlige,Nye Borgerlige,70,388,386.0,0.9948453608247424,klima_miljø
Nye Borgerlige,Radikale Venstre,70,5245,2514.0,0.4793136320305052,klima_miljø
Nye Borgerlige,Sambandsflokkurin,70,11,11.0,1.0,klima_miljø
Nye Borgerlige,Siumut,70,15,8.0,0.5333333333333333,klima_miljø
Nye Borgerlige,Socialdemokratiet,70,16392,9327.0,0.5689970717423133,klima_miljø
Nye Borgerlige,Socialistisk Folkeparti,70,4756,2297.0,0.4829688814129521,klima_miljø
Nye Borgerlige,Venstre,70,14067,9937.0,0.7064050614914339,klima_miljø
Radikale Venstre,Radikale Venstre,70,9607,9410.0,0.979494118871656,klima_miljø
Radikale Venstre,Sambandsflokkurin,70,44,33.0,0.75,klima_miljø
Radikale Venstre,Siumut,70,54,54.0,1.0,klima_miljø
Radikale Venstre,Socialdemokratiet,70,66614,56950.0,0.8549253910589366,klima_miljø
Radikale Venstre,Socialistisk Folkeparti,70,19385,16808.0,0.8670621614650503,klima_miljø
Radikale Venstre,Venstre,70,57423,41037.0,0.714643957995925,klima_miljø
Sambandsflokkurin,Siumut,70,1,1.0,1.0,klima_miljø
Sambandsflokkurin,Socialdemokratiet,70,127,98.0,0.7716535433070866,klima_miljø
Sambandsflokkurin,Socialistisk Folkeparti,70,40,32.0,0.8,klima_miljø
Sambandsflokkurin,Venstre,70,103,102.0,0.9902912621359224,klima_miljø
Siumut,Socialdemokratiet,70,183,183.0,1.0,klima_miljø
Siumut,Socialistisk Folkeparti,70,53,53.0,1.0,klima_miljø
Siumut,Venstre,70,155,128.0,0.8258064516129032,klima_miljø
Socialdemokratiet,Socialdemokratiet,70,101102,101023.0,0.999218610907796,klima_miljø
Socialdemokratiet,Socialistisk Folkeparti,70,60450,48141.0,0.7963771712158809,klima_miljø
Socialdemokratiet,Venstre,70,180181,144508.0,0.8020157508283338,klima_miljø
Socialistisk Folkeparti,Socialistisk Folkeparti,70,7746,7739.0,0.9990963077717532,klima_miljø
Socialistisk Folkeparti,Venstre,70,52054,32621.0,0.6266761440043033,klima_miljø
Venstre,Venstre,70,74640,74176.0,0.9937834941050376,klima_miljø
Alternativet,Alternativet,71,925,874.0,0.9448648648648648,klima_miljø
Alternativet,Danmarksdemokraterne,71,6996,4134.0,0.5909090909090909,klima_miljø
Alternativet,Dansk Folkeparti,71,1876,1024.0,0.5458422174840085,klima_miljø
Alternativet,Det Konservative Folkeparti,71,4848,3085.0,0.6363448844884488,klima_miljø
Alternativet,Enhedslisten,71,4007,3465.0,0.8647367107561766,klima_miljø
Alternativet,Inuit Ataqatigiit,71,18,7.0,0.3888888888888889,klima_miljø
Alternativet,Javnaðarflokkurin,71,18,5.0,0.2777777777777778,klima_miljø
Alternativet,Liberal Alliance,71,6977,4012.0,0.5750322488175433,klima_miljø
Alternativet,Moderaterne,71,7880,4422.0,0.5611675126903554,klima_miljø
Alternativet,Nye Borgerlige,71,2715,1408.0,0.5186003683241253,klima_miljø
Alternativet,Radikale Venstre,71,3356,2505.0,0.7464243146603099,klima_miljø
Alternativet,Sambandsflokkurin,71,77,34.0,0.4415584415584415,klima_miljø
Alternativet,Siumut,71,7,4.0,0.5714285714285714,klima_miljø
Alternativet,Socialdemokratiet,71,26750,14797.0,0.5531588785046729,klima_miljø
Alternativet,Socialistisk Folkeparti,71,7289,5844.0,0.8017560707916038,klima_miljø
Alternativet,Venstre,71,12303,6769.0,0.5501910103226855,klima_miljø
Danmarksdemokraterne,Danmarksdemokraterne,71,8707,8681.0,0.9970138968645916,klima_miljø
Danmarksdemokraterne,Dansk Folkeparti,71,5273,4311.0,0.8175611606296226,klima_miljø
Danmarksdemokraterne,Det Konservative Folkeparti,71,13553,10979.0,0.8100789493101158,klima_miljø
Danmarksdemokraterne,Enhedslisten,71,11192,6576.0,0.5875625446747677,klima_miljø
Danmarksdemokraterne,Inuit Ataqatigiit,71,44,18.0,0.4090909090909091,klima_miljø
Danmarksdemokraterne,Javnaðarflokkurin,71,44,9.0,0.2045454545454545,klima_miljø
Danmarksdemokraterne,Liberal Alliance,71,19429,15400.0,0.7926295743476247,klima_miljø
Danmarksdemokraterne,Moderaterne,71,22090,15706.0,0.7110004526935265,klima_miljø
Danmarksdemokraterne,Nye Borgerlige,71,7723,6127.0,0.7933445552246536,klima_miljø
Danmarksdemokraterne,Radikale Venstre,71,9476,6144.0,0.6483748417053609,klima_miljø
Danmarksdemokraterne,Sambandsflokkurin,71,183,105.0,0.5737704918032787,klima_miljø
Danmarksdemokraterne,Siumut,71,28,19.0,0.6785714285714286,klima_miljø
Danmarksdemokraterne,Socialdemokratiet,71,74712,52356.0,0.700770960488275,klima_miljø
Danmarksdemokraterne,Socialistisk Folkeparti,71,20524,13297.0,0.6478756577665172,klima_miljø
Danmarksdemokraterne,Venstre,71,34416,24376.0,0.708275220827522,klima_miljø
Dansk Folkeparti,Dansk Folkeparti,71,446,442.0,0.9910313901345292,klima_miljø
Dansk Folkeparti,Det Konservative Folkeparti,71,3662,2689.0,0.7342981977061714,klima_miljø
Dansk Folkeparti,Enhedslisten,71,3028,1694.0,0.559445178335535,klima_miljø
Dansk Folkeparti,Inuit Ataqatigiit,71,15,3.0,0.2,klima_miljø
Dansk Folkeparti,Javnaðarflokkurin,71,15,3.0,0.2,klima_miljø
Dansk Folkeparti,Liberal Alliance,71,5247,3748.0,0.7143129407280351,klima_miljø
Dansk Folkeparti,Moderaterne,71,5965,3790.0,0.6353730092204526,klima_miljø
Dansk Folkeparti,Nye Borgerlige,71,2037,1677.0,0.8232695139911634,klima_miljø
Dansk Folkeparti,Radikale Venstre,71,2572,1574.0,0.6119751166407466,klima_miljø
Dansk Folkeparti,Sambandsflokkurin,71,52,25.0,0.4807692307692308,klima_miljø
Dansk Folkeparti,Siumut,71,7,2.0,0.2857142857142857,klima_miljø
Dansk Folkeparti,Socialdemokratiet,71,20192,12721.0,0.6300019809825673,klima_miljø
Dansk Folkeparti,Socialistisk Folkeparti,71,5539,3365.0,0.6075103809351868,klima_miljø
Dansk Folkeparti,Venstre,71,9274,5919.0,0.6382359284019841,klima_miljø
Det Konservative Folkeparti,Det Konservative Folkeparti,71,3921,3921.0,1.0,klima_miljø
Det Konservative Folkeparti,Enhedslisten,71,7755,5204.0,0.6710509348807221,klima_miljø
Det Konservative Folkeparti,Inuit Ataqatigiit,71,31,11.0,0.3548387096774194,klima_miljø
Det Konservative Folkeparti,Javnaðarflokkurin,71,31,5.0,0.1612903225806451,klima_miljø
Det Konservative Folkeparti,Liberal Alliance,71,13460,11567.0,0.8593610698365527,klima_miljø
Det Konservative Folkeparti,Moderaterne,71,15303,11689.0,0.7638371561131804,klima_miljø
Det Konservative Folkeparti,Nye Borgerlige,71,5348,3883.0,0.7260658189977561,klima_miljø
Det Konservative Folkeparti,Radikale Venstre,71,6565,5092.0,0.7756283320639756,klima_miljø
Det Konservative Folkeparti,Sambandsflokkurin,71,127,59.0,0.4645669291338583,klima_miljø
Det Konservative Folkeparti,Siumut,71,18,12.0,0.6666666666666666,klima_miljø
Det Konservative Folkeparti,Socialdemokratiet,71,51775,39278.0,0.7586286817962337,klima_miljø
Det Konservative Folkeparti,Socialistisk Folkeparti,71,14214,10616.0,0.7468692838046996,klima_miljø
Det Konservative Folkeparti,Venstre,71,23833,18244.0,0.7654932236814501,klima_miljø
Enhedslisten,Enhedslisten,71,2578,2570.0,0.9968968192397208,klima_miljø
Enhedslisten,Inuit Ataqatigiit,71,28,10.0,0.3571428571428571,klima_miljø
Enhedslisten,Javnaðarflokkurin,71,28,5.0,0.1785714285714285,klima_miljø
Enhedslisten,Liberal Alliance,71,11106,6965.0,0.6271384837025031,klima_miljø
Enhedslisten,Moderaterne,71,12636,7678.0,0.6076289965178854,klima_miljø
Enhedslisten,Nye Borgerlige,71,4420,2255.0,0.5101809954751131,klima_miljø
Enhedslisten,Radikale Venstre,71,5423,4338.0,0.7999262400885119,klima_miljø
Enhedslisten,Sambandsflokkurin,71,107,48.0,0.4485981308411215,klima_miljø
Enhedslisten,Siumut,71,16,10.0,0.625,klima_miljø
Enhedslisten,Socialdemokratiet,71,42750,25802.0,0.6035555555555555,klima_miljø
Enhedslisten,Socialistisk Folkeparti,71,11731,10076.0,0.8589208081152502,klima_miljø
Enhedslisten,Venstre,71,19678,11826.0,0.6009757089135075,klima_miljø
Inuit Ataqatigiit,Javnaðarflokkurin,71,3,3.0,1.0,klima_miljø
Inuit Ataqatigiit,Liberal Alliance,71,44,16.0,0.3636363636363636,klima_miljø
Inuit Ataqatigiit,Moderaterne,71,52,46.0,0.8846153846153846,klima_miljø
Inuit Ataqatigiit,Nye Borgerlige,71,16,3.0,0.1875,klima_miljø
Inuit Ataqatigiit,Radikale Venstre,71,23,11.0,0.4782608695652174,klima_miljø
Inuit Ataqatigiit,Sambandsflokkurin,71,3,3.0,1.0,klima_miljø
Inuit Ataqatigiit,Siumut,71,1,1.0,1.0,klima_miljø
Inuit Ataqatigiit,Socialdemokratiet,71,161,161.0,1.0,klima_miljø
Inuit Ataqatigiit,Socialistisk Folkeparti,71,47,17.0,0.3617021276595745,klima_miljø
Inuit Ataqatigiit,Venstre,71,73,73.0,1.0,klima_miljø
Javnaðarflokkurin,Liberal Alliance,71,43,7.0,0.1627906976744186,klima_miljø
Javnaðarflokkurin,Moderaterne,71,52,44.0,0.8461538461538461,klima_miljø
Javnaðarflokkurin,Nye Borgerlige,71,17,3.0,0.1764705882352941,klima_miljø
Javnaðarflokkurin,Radikale Venstre,71,22,6.0,0.2727272727272727,klima_miljø
Javnaðarflokkurin,Sambandsflokkurin,71,3,3.0,1.0,klima_miljø
Javnaðarflokkurin,Socialdemokratiet,71,165,165.0,1.0,klima_miljø
Javnaðarflokkurin,Socialistisk Folkeparti,71,47,8.0,0.1702127659574468,klima_miljø
Javnaðarflokkurin,Venstre,71,74,74.0,1.0,klima_miljø
Liberal Alliance,Liberal Alliance,71,8563,8538.0,0.9970804624547472,klima_miljø
Liberal Alliance,Moderaterne,71,21932,16771.0,0.7646817435710378,klima_miljø
Liberal Alliance,Nye Borgerlige,71,7605,5531.0,0.727284681130835,klima_miljø
Liberal Alliance,Radikale Venstre,71,9404,6914.0,0.7352190557209698,klima_miljø
Liberal Alliance,Sambandsflokkurin,71,184,94.0,0.5108695652173914,klima_miljø
Liberal Alliance,Siumut,71,27,18.0,0.6666666666666666,klima_miljø
Liberal Alliance,Socialdemokratiet,71,74178,56101.0,0.7563024077219661,klima_miljø
Liberal Alliance,Socialistisk Folkeparti,71,20354,14274.0,0.7012872162719859,klima_miljø
Liberal Alliance,Venstre,71,34112,25974.0,0.7614329268292683,klima_miljø
Moderaterne,Moderaterne,71,11263,10509.0,0.9330551362869572,klima_miljø
Moderaterne,Nye Borgerlige,71,8720,5327.0,0.610894495412844,klima_miljø
Moderaterne,Radikale Venstre,71,10704,8023.0,0.7495328849028401,klima_miljø
Moderaterne,Sambandsflokkurin,71,209,198.0,0.9473684210526316,klima_miljø
Moderaterne,Siumut,71,32,32.0,1.0,klima_miljø
Moderaterne,Socialdemokratiet,71,84349,81315.0,0.964030397515086,klima_miljø
Moderaterne,Socialistisk Folkeparti,71,23166,16666.0,0.7194163860830527,klima_miljø
Moderaterne,Venstre,71,38780,37268.0,0.9610108303249096,klima_miljø
Nye Borgerlige,Nye Borgerlige,71,1170,861.0,0.735897435897436,klima_miljø
Nye Borgerlige,Radikale Venstre,71,3728,2141.0,0.5743025751072961,klima_miljø
Nye Borgerlige,Sambandsflokkurin,71,67,33.0,0.4925373134328358,klima_miljø
Nye Borgerlige,Siumut,71,9,3.0,0.3333333333333333,klima_miljø
Nye Borgerlige,Socialdemokratiet,71,29476,17809.0,0.604186456778396,klima_miljø
Nye Borgerlige,Socialistisk Folkeparti,71,8102,4477.0,0.5525796099728462,klima_miljø
Nye Borgerlige,Venstre,71,13608,8312.0,0.6108171663727219,klima_miljø
Radikale Venstre,Radikale Venstre,71,1782,1707.0,0.957912457912458,klima_miljø
Radikale Venstre,Sambandsflokkurin,71,87,48.0,0.5517241379310345,klima_miljø
Radikale Venstre,Siumut,71,14,10.0,0.7142857142857143,klima_miljø
Radikale Venstre,Socialdemokratiet,71,36241,27439.0,0.7571259071217682,klima_miljø
Radikale Venstre,Socialistisk Folkeparti,71,9946,8833.0,0.888095716871104,klima_miljø
Radikale Venstre,Venstre,71,16643,12555.0,0.754371207114102,klima_miljø
Sambandsflokkurin,Siumut,71,1,1.0,1.0,klima_miljø
Sambandsflokkurin,Socialdemokratiet,71,697,697.0,1.0,klima_miljø
Sambandsflokkurin,Socialistisk Folkeparti,71,189,97.0,0.5132275132275133,klima_miljø
Sambandsflokkurin,Venstre,71,295,293.0,0.9932203389830508,klima_miljø
Siumut,Socialdemokratiet,71,93,93.0,1.0,klima_miljø
Siumut,Socialistisk Folkeparti,71,27,18.0,0.6666666666666666,klima_miljø
Siumut,Venstre,71,42,42.0,1.0,klima_miljø
Socialdemokratiet,Socialdemokratiet,71,138628,138595.0,0.9997619528522376,klima_miljø
Socialdemokratiet,Socialistisk Folkeparti,71,78338,56484.0,0.721029385483418,klima_miljø
Socialdemokratiet,Venstre,71,131346,130768.0,0.9955994091940372,klima_miljø
Socialistisk Folkeparti,Socialistisk Folkeparti,71,9604,9556.0,0.9950020824656394,klima_miljø
Socialistisk Folkeparti,Venstre,71,36048,25941.0,0.7196238348868176,klima_miljø
Venstre,Venstre,71,28410,28169.0,0.9915170714537136,klima_miljø
Danmarksdemokraterne,Danmarksdemokraterne,65,15,14.0,0.9333333333333332,erhverv
Danmarksdemokraterne,Dansk Folkeparti,65,905,876.0,0.9679558011049724,erhverv
Danmarksdemokraterne,Det Konservative Folkeparti,65,496,487.0,0.9818548387096774,erhverv
Danmarksdemokraterne,Enhedslisten,65,66,22.0,0.3333333333333333,erhverv
Danmarksdemokraterne,Kristendemokraterne,65,126,74.0,0.5873015873015873,erhverv
Danmarksdemokraterne,Radikale Venstre,65,258,160.0,0.6201550387596899,erhverv
Danmarksdemokraterne,Socialdemokratiet,65,2116,1183.0,0.5590737240075614,erhverv
Danmarksdemokraterne,Socialistisk Folkeparti,65,428,217.0,0.5070093457943925,erhverv
Danmarksdemokraterne,Venstre,65,2315,2280.0,0.9848812095032398,erhverv
Dansk Folkeparti,Dansk Folkeparti,65,4609,4609.0,1.0,erhverv
Dansk Folkeparti,Det Konservative Folkeparti,65,5478,5247.0,0.9578313253012049,erhverv
Dansk Folkeparti,Enhedslisten,65,726,212.0,0.2920110192837465,erhverv
Dansk Folkeparti,Kristendemokraterne,65,1379,767.0,0.5562001450326324,erhverv
Dansk Folkeparti,Radikale Venstre,65,2860,1696.0,0.593006993006993,erhverv
Dansk Folkeparti,Socialdemokratiet,65,23025,12102.0,0.5256026058631922,erhverv
Dansk Folkeparti,Socialistisk Folkeparti,65,4718,2278.0,0.4828317083509962,erhverv
Dansk Folkeparti,Venstre,65,25116,24070.0,0.9583532409619366,erhverv
Det Konservative Folkeparti,Det Konservative Folkeparti,65,1377,1377.0,1.0,erhverv
Det Konservative Folkeparti,Enhedslisten,65,403,132.0,0.3275434243176178,erhverv
Det Konservative Folkeparti,Kristendemokraterne,65,766,464.0,0.6057441253263708,erhverv
Det Konservative Folkeparti,Radikale Venstre,65,1592,1021.0,0.6413316582914573,erhverv
Det Konservative Folkeparti,Socialdemokratiet,65,12735,7177.0,0.5635649784059678,erhverv
Det Konservative Folkeparti,Socialistisk Folkeparti,65,2565,1297.0,0.5056530214424951,erhverv
Det Konservative Folkeparti,Venstre,65,13946,13936.0,0.9992829485157034,erhverv
Enhedslisten,Enhedslisten,65,2,2.0,1.0,erhverv
Enhedslisten,Kristendemokraterne,65,101,66.0,0.6534653465346535,erhverv
Enhedslisten,Radikale Venstre,65,210,123.0,0.5857142857142857,erhverv
Enhedslisten,Socialdemokratiet,65,1684,1217.0,0.7226840855106889,erhverv
Enhedslisten,Socialistisk Folkeparti,65,347,284.0,0.8184438040345822,erhverv
Enhedslisten,Venstre,65,1840,613.0,0.3331521739130434,erhverv
Kristendemokraterne,Kristendemokraterne,65,48,47.0,0.9791666666666666,erhverv
Kristendemokraterne,Radikale Venstre,65,399,317.0,0.7944862155388471,erhverv
Kristendemokraterne,Socialdemokratiet,65,3210,2594.0,0.8080996884735202,erhverv
Kristendemokraterne,Socialistisk Folkeparti,65,656,478.0,0.7286585365853658,erhverv
Kristendemokraterne,Venstre,65,3503,2108.0,0.6017699115044248,erhverv
Radikale Venstre,Radikale Venstre,65,319,319.0,1.0,erhverv
Radikale Venstre,Socialdemokratiet,65,6646,5887.0,0.8857959674992477,erhverv
Radikale Venstre,Socialistisk Folkeparti,65,1363,1056.0,0.7747615553925165,erhverv
Radikale Venstre,Venstre,65,7245,4559.0,0.6292615596963423,erhverv
Socialdemokratiet,Socialdemokratiet,65,26040,26040.0,1.0,erhverv
Socialdemokratiet,Socialistisk Folkeparti,65,10973,9752.0,0.888726875056958,erhverv
Socialdemokratiet,Venstre,65,58419,33587.0,0.5749328129546895,erhverv
Socialistisk Folkeparti,Socialistisk Folkeparti,65,988,988.0,1.0,erhverv
Socialistisk Folkeparti,Venstre,65,11913,6195.0,0.5200201460589272,erhverv
Venstre,Venstre,65,31089,31053.0,0.9988420341599924,erhverv
Danmarksdemokraterne,Danmarksdemokraterne,66,78,72.0,0.9230769230769232,erhverv
Danmarksdemokraterne,Dansk Folkeparti,66,6414,6121.0,0.954318677892111,erhverv
Danmarksdemokraterne,Det Konservative Folkeparti,66,4582,4493.0,0.9805761676123964,erhverv
Danmarksdemokraterne,Enhedslisten,66,1055,305.0,0.2890995260663507,erhverv
Danmarksdemokraterne,Fólkaflokkurin,66,1,1.0,1.0,erhverv
Danmarksdemokraterne,Inuit Ataqatigiit,66,4,1.0,0.25,erhverv
Danmarksdemokraterne,Radikale Venstre,66,3654,2288.0,0.6261631089217297,erhverv
Danmarksdemokraterne,Siumut,66,8,4.0,0.5,erhverv
Danmarksdemokraterne,Socialdemokratiet,66,11637,7089.0,0.6091776230987368,erhverv
Danmarksdemokraterne,Socialistisk Folkeparti,66,3174,1482.0,0.4669187145557656,erhverv
Danmarksdemokraterne,Tjóðveldi,66,4,0.0,0.0,erhverv
Danmarksdemokraterne,Venstre,66,13768,13484.0,0.9793724578733296,erhverv
Dansk Folkeparti,Dansk Folkeparti,66,44987,44898.0,0.9980216506990908,erhverv
Dansk Folkeparti,Det Konservative Folkeparti,66,67935,63893.0,0.9405019503937588,erhverv
Dansk Folkeparti,Enhedslisten,66,15587,4322.0,0.2772823506768461,erhverv
Dansk Folkeparti,Fólkaflokkurin,66,15,1.0,0.0666666666666666,erhverv
Dansk Folkeparti,Inuit Ataqatigiit,66,62,14.0,0.2258064516129032,erhverv
Dansk Folkeparti,Radikale Venstre,66,53724,33337.0,0.6205234159779615,erhverv
Dansk Folkeparti,Siumut,66,78,48.0,0.6153846153846154,erhverv
Dansk Folkeparti,Socialdemokratiet,66,172166,99169.0,0.5760080387532962,erhverv
Dansk Folkeparti,Socialistisk Folkeparti,66,47245,21489.0,0.4548417821991745,erhverv
Dansk Folkeparti,Tjóðveldi,66,63,14.0,0.2222222222222222,erhverv
Dansk Folkeparti,Venstre,66,202677,189933.0,0.9371216270223064,erhverv
Det Konservative Folkeparti,Det Konservative Folkeparti,66,22319,22319.0,1.0,erhverv
Det Konservative Folkeparti,Enhedslisten,66,11149,2905.0,0.2605614853350076,erhverv
Det Konservative Folkeparti,Fólkaflokkurin,66,13,13.0,1.0,erhverv
Det Konservative Folkeparti,Inuit Ataqatigiit,66,44,10.0,0.2272727272727272,erhverv
Det Konservative Folkeparti,Radikale Venstre,66,38047,25253.0,0.6637317002654611,erhverv
Det Konservative Folkeparti,Siumut,66,61,26.0,0.4262295081967213,erhverv
Det Konservative Folkeparti,Socialdemokratiet,66,122364,77160.0,0.630577620868883,erhverv
Det Konservative Folkeparti,Socialistisk Folkeparti,66,33587,16331.0,0.4862297912882961,erhverv
Det Konservative Folkeparti,Tjóðveldi,66,46,0.0,0.0,erhverv
Det Konservative Folkeparti,Venstre,66,144145,144017.0,0.9991120052724688,erhverv
Enhedslisten,Enhedslisten,66,837,832.0,0.994026284348865,erhverv
Enhedslisten,Fólkaflokkurin,66,3,0.0,0.0,erhverv
Enhedslisten,Inuit Ataqatigiit,66,8,6.0,0.75,erhverv
Enhedslisten,Radikale Venstre,66,8745,4386.0,0.5015437392795883,erhverv
Enhedslisten,Siumut,66,12,3.0,0.25,erhverv
Enhedslisten,Socialdemokratiet,66,27991,15990.0,0.5712550462648709,erhverv
Enhedslisten,Socialistisk Folkeparti,66,7663,5449.0,0.7110792117969463,erhverv
Enhedslisten,Tjóðveldi,66,10,10.0,1.0,erhverv
Enhedslisten,Venstre,66,33003,8615.0,0.2610368754355665,erhverv
Fólkaflokkurin,Inuit Ataqatigiit,66,1,0.0,0.0,erhverv
Fólkaflokkurin,Radikale Venstre,66,7,7.0,1.0,erhverv
Fólkaflokkurin,Siumut,66,1,0.0,0.0,erhverv
Fólkaflokkurin,Socialdemokratiet,66,29,29.0,1.0,erhverv
Fólkaflokkurin,Socialistisk Folkeparti,66,7,2.0,0.2857142857142857,erhverv
Fólkaflokkurin,Tjóðveldi,66,1,0.0,0.0,erhverv
Fólkaflokkurin,Venstre,66,34,34.0,1.0,erhverv
Inuit Ataqatigiit,Radikale Venstre,66,30,9.0,0.3,erhverv
Inuit Ataqatigiit,Siumut,66,2,2.0,1.0,erhverv
Inuit Ataqatigiit,Socialdemokratiet,66,118,30.0,0.2542372881355932,erhverv
Inuit Ataqatigiit,Socialistisk Folkeparti,66,34,21.0,0.6176470588235294,erhverv
Inuit Ataqatigiit,Tjóðveldi,66,1,1.0,1.0,erhverv
Inuit Ataqatigiit,Venstre,66,135,35.0,0.2592592592592592,erhverv
Radikale Venstre,Radikale Venstre,66,13572,13473.0,0.9927055702917772,erhverv
Radikale Venstre,Siumut,66,45,22.0,0.4888888888888889,erhverv
Radikale Venstre,Socialdemokratiet,66,96651,80147.0,0.8292412908298932,erhverv
Radikale Venstre,Socialistisk Folkeparti,66,26483,19807.0,0.7479137559944115,erhverv
Radikale Venstre,Tjóðveldi,66,36,9.0,0.25,erhverv
Radikale Venstre,Venstre,66,113882,74272.0,0.6521838394127255,erhverv
Siumut,Socialdemokratiet,66,147,62.0,0.4217687074829932,erhverv
Siumut,Socialistisk Folkeparti,66,41,14.0,0.3414634146341463,erhverv
Siumut,Tjóðveldi,66,1,1.0,1.0,erhverv
Siumut,Venstre,66,165,67.0,0.406060606060606,erhverv
Socialdemokratiet,Socialdemokratiet,66,150407,150099.0,0.9979522229683458,erhverv
Socialdemokratiet,Socialistisk Folkeparti,66,85194,71083.0,0.8343662699251121,erhverv
Socialdemokratiet,Tjóðveldi,66,117,88.0,0.7521367521367521,erhverv
Socialdemokratiet,Venstre,66,365713,227823.0,0.6229557057036529,erhverv
Socialistisk Folkeparti,Socialistisk Folkeparti,66,10411,9924.0,0.9532225530688696,erhverv
Socialistisk Folkeparti,Tjóðveldi,66,25,23.0,0.92,erhverv
Socialistisk Folkeparti,Venstre,66,100248,48327.0,0.4820744553507302,erhverv
Tjóðveldi,Venstre,66,144,0.0,0.0,erhverv
Venstre,Venstre,66,209662,209310.0,0.998321107306045,erhverv
Danmarksdemokraterne,Danmarksdemokraterne,67,100,93.0,0.93,erhverv
Danmarksdemokraterne,Dansk Folkeparti,67,8051,7671.0,0.9528008942988448,erhverv
Danmarksdemokraterne,Det Konservative Folkeparti,67,4996,4886.0,0.977982385908727,erhverv
Danmarksdemokraterne,Enhedslisten,67,1042,409.0,0.3925143953934741,erhverv
Danmarksdemokraterne,Inuit Ataqatigiit,67,3,2.0,0.6666666666666666,erhverv
Danmarksdemokraterne,Liberal Alliance,67,1224,1060.0,0.8660130718954249,erhverv
Danmarksdemokraterne,Radikale Venstre,67,2147,1306.0,0.608290638099674,erhverv
Danmarksdemokraterne,Sambandsflokkurin,67,15,15.0,1.0,erhverv
Danmarksdemokraterne,Siumut,67,25,22.0,0.88,erhverv
Danmarksdemokraterne,Socialdemokratiet,67,13789,8308.0,0.602509246500834,erhverv
Danmarksdemokraterne,Socialistisk Folkeparti,67,6499,3723.0,0.5728573626711801,erhverv
Danmarksdemokraterne,Tjóðveldi,67,5,3.0,0.6,erhverv
Danmarksdemokraterne,Venstre,67,13691,13429.0,0.9808633408808708,erhverv
Dansk Folkeparti,Dansk Folkeparti,67,77502,76517.0,0.9872906505638565,erhverv
Dansk Folkeparti,Det Konservative Folkeparti,67,101295,93018.0,0.9182881682215313,erhverv
Dansk Folkeparti,Enhedslisten,67,21150,8356.0,0.3950827423167848,erhverv
Dansk Folkeparti,Inuit Ataqatigiit,67,52,35.0,0.6730769230769231,erhverv
Dansk Folkeparti,Liberal Alliance,67,24827,20424.0,0.8226527570789866,erhverv
Dansk Folkeparti,Radikale Venstre,67,42997,25223.0,0.5866223224876154,erhverv
Dansk Folkeparti,Sambandsflokkurin,67,387,333.0,0.8604651162790697,erhverv
Dansk Folkeparti,Siumut,67,277,210.0,0.7581227436823105,erhverv
Dansk Folkeparti,Socialdemokratiet,67,277497,154669.0,0.557371791406754,erhverv
Dansk Folkeparti,Socialistisk Folkeparti,67,130653,70428.0,0.5390461757479736,erhverv
Dansk Folkeparti,Tjóðveldi,67,69,35.0,0.5072463768115942,erhverv
Dansk Folkeparti,Venstre,67,277444,255495.0,0.9208885396692664,erhverv
Det Konservative Folkeparti,Det Konservative Folkeparti,67,28830,28732.0,0.9966007630939993,erhverv
Det Konservative Folkeparti,Enhedslisten,67,13010,5151.0,0.3959262106072252,erhverv
Det Konservative Folkeparti,Inuit Ataqatigiit,67,36,23.0,0.6388888888888888,erhverv
Det Konservative Folkeparti,Liberal Alliance,67,15113,13355.0,0.8836763051677364,erhverv
Det Konservative Folkeparti,Radikale Venstre,67,26792,17467.0,0.6519483427888922,erhverv
Det Konservative Folkeparti,Sambandsflokkurin,67,231,231.0,1.0,erhverv
Det Konservative Folkeparti,Siumut,67,177,153.0,0.864406779661017,erhverv
Det Konservative Folkeparti,Socialdemokratiet,67,171631,105748.0,0.6161357796668434,erhverv
Det Konservative Folkeparti,Socialistisk Folkeparti,67,80713,46980.0,0.5820623691350836,erhverv
Det Konservative Folkeparti,Tjóðveldi,67,46,19.0,0.4130434782608695,erhverv
Det Konservative Folkeparti,Venstre,67,171690,171392.0,0.9982643135884444,erhverv
Enhedslisten,Enhedslisten,67,829,752.0,0.9071170084439084,erhverv
Enhedslisten,Inuit Ataqatigiit,67,7,0.0,0.0,erhverv
Enhedslisten,Liberal Alliance,67,3238,1526.0,0.471278567016677,erhverv
Enhedslisten,Radikale Venstre,67,5561,3775.0,0.6788347419528862,erhverv
Enhedslisten,Sambandsflokkurin,67,49,16.0,0.3265306122448979,erhverv
Enhedslisten,Siumut,67,34,17.0,0.5,erhverv
Enhedslisten,Socialdemokratiet,67,35682,25580.0,0.7168880668123984,erhverv
Enhedslisten,Socialistisk Folkeparti,67,16753,13016.0,0.7769354742434191,erhverv
Enhedslisten,Tjóðveldi,67,10,5.0,0.5,erhverv
Enhedslisten,Venstre,67,35740,13997.0,0.3916340235030778,erhverv
Inuit Ataqatigiit,Liberal Alliance,67,9,4.0,0.4444444444444444,erhverv
Inuit Ataqatigiit,Radikale Venstre,67,16,11.0,0.6875,erhverv
Inuit Ataqatigiit,Sambandsflokkurin,67,2,2.0,1.0,erhverv
Inuit Ataqatigiit,Siumut,67,1,1.0,1.0,erhverv
Inuit Ataqatigiit,Socialdemokratiet,67,88,59.0,0.6704545454545454,erhverv
Inuit Ataqatigiit,Socialistisk Folkeparti,67,42,28.0,0.6666666666666666,erhverv
Inuit Ataqatigiit,Tjóðveldi,67,3,2.0,0.6666666666666666,erhverv
Inuit Ataqatigiit,Venstre,67,95,63.0,0.6631578947368421,erhverv
Liberal Alliance,Liberal Alliance,67,1435,1099.0,0.7658536585365854,erhverv
Liberal Alliance,Radikale Venstre,67,6293,4419.0,0.7022088034323852,erhverv
Liberal Alliance,Sambandsflokkurin,67,70,61.0,0.8714285714285714,erhverv
Liberal Alliance,Siumut,67,50,42.0,0.84,erhverv
Liberal Alliance,Socialdemokratiet,67,41834,27179.0,0.6496868575799589,erhverv
Liberal Alliance,Socialistisk Folkeparti,67,19871,12360.0,0.6220119772532837,erhverv
Liberal Alliance,Tjóðveldi,67,13,6.0,0.4615384615384615,erhverv
Liberal Alliance,Venstre,67,41650,36789.0,0.8832893157262905,erhverv
Radikale Venstre,Radikale Venstre,67,4563,4367.0,0.9570458031996494,erhverv
Radikale Venstre,Sambandsflokkurin,67,85,63.0,0.7411764705882353,erhverv
Radikale Venstre,Siumut,67,71,63.0,0.8873239436619719,erhverv
Radikale Venstre,Socialdemokratiet,67,72809,61930.0,0.8505816588608551,erhverv
Radikale Venstre,Socialistisk Folkeparti,67,34260,28625.0,0.8355224751897257,erhverv
Radikale Venstre,Tjóðveldi,67,21,11.0,0.5238095238095238,erhverv
Radikale Venstre,Venstre,67,72931,47223.0,0.6475024338072973,erhverv
Sambandsflokkurin,Siumut,67,2,1.0,0.5,erhverv
Sambandsflokkurin,Socialdemokratiet,67,650,560.0,0.8615384615384616,erhverv
Sambandsflokkurin,Socialistisk Folkeparti,67,306,227.0,0.7418300653594772,erhverv
Sambandsflokkurin,Tjóðveldi,67,2,1.0,0.5,erhverv
Sambandsflokkurin,Venstre,67,622,622.0,1.0,erhverv
Siumut,Socialdemokratiet,67,513,453.0,0.8830409356725146,erhverv
Siumut,Socialistisk Folkeparti,67,225,185.0,0.8222222222222222,erhverv
Siumut,Tjóðveldi,67,1,1.0,1.0,erhverv
Siumut,Venstre,67,497,438.0,0.8812877263581489,erhverv
Socialdemokratiet,Socialdemokratiet,67,226921,225647.0,0.9943857113268494,erhverv
Socialdemokratiet,Socialistisk Folkeparti,67,220780,203158.0,0.9201829875894556,erhverv
Socialdemokratiet,Tjóðveldi,67,116,58.0,0.5,erhverv
Socialdemokratiet,Venstre,67,469383,285727.0,0.6087289058189155,erhverv
Socialistisk Folkeparti,Socialistisk Folkeparti,67,48571,48380.0,0.9960676123612856,erhverv
Socialistisk Folkeparti,Tjóðveldi,67,56,27.0,0.4821428571428571,erhverv
Socialistisk Folkeparti,Venstre,67,220654,126719.0,0.5742882521957454,erhverv
Tjóðveldi,Venstre,67,121,61.0,0.5041322314049587,erhverv
Venstre,Venstre,67,227602,227574.0,0.9998769782339346,erhverv
Danmarksdemokraterne,Danmarksdemokraterne,68,273,217.0,0.7948717948717948,erhverv
Danmarksdemokraterne,Dansk Folkeparti,68,11023,10200.0,0.9253379297831806,erhverv
Danmarksdemokraterne,Det Konservative Folkeparti,68,4556,3707.0,0.8136523266022827,erhverv
Danmarksdemokraterne,Enhedslisten,68,7519,3325.0,0.4422130602473733,erhverv
Danmarksdemokraterne,Inuit Ataqatigiit,68,2,0.0,0.0,erhverv
Danmarksdemokraterne,Javnaðarflokkurin,68,9,3.0,0.3333333333333333,erhverv
Danmarksdemokraterne,Liberal Alliance,68,4538,3043.0,0.6705597179374173,erhverv
Danmarksdemokraterne,Radikale Venstre,68,9853,6744.0,0.6844615853039684,erhverv
Danmarksdemokraterne,Sambandsflokkurin,68,19,19.0,1.0,erhverv
Danmarksdemokraterne,Siumut,68,2,0.0,0.0,erhverv
Danmarksdemokraterne,Socialdemokratiet,68,26229,18076.0,0.689160852491517,erhverv
Danmarksdemokraterne,Socialistisk Folkeparti,68,8704,5640.0,0.6479779411764706,erhverv
Danmarksdemokraterne,Venstre,68,25131,21057.0,0.8378894592336159,erhverv
Dansk Folkeparti,Dansk Folkeparti,68,47381,47232.0,0.9968552795424326,erhverv
Dansk Folkeparti,Det Konservative Folkeparti,68,42351,32235.0,0.7611390522065594,erhverv
Dansk Folkeparti,Enhedslisten,68,69325,32077.0,0.4627046520014425,erhverv
Dansk Folkeparti,Inuit Ataqatigiit,68,12,1.0,0.0833333333333333,erhverv
Dansk Folkeparti,Javnaðarflokkurin,68,39,0.0,0.0,erhverv
Dansk Folkeparti,Liberal Alliance,68,42020,27160.0,0.6463588767253688,erhverv
Dansk Folkeparti,Radikale Venstre,68,91134,60282.0,0.6614655342682204,erhverv
Dansk Folkeparti,Sambandsflokkurin,68,175,162.0,0.9257142857142856,erhverv
Dansk Folkeparti,Siumut,68,12,1.0,0.0833333333333333,erhverv
Dansk Folkeparti,Socialdemokratiet,68,241594,161327.0,0.6677607887613103,erhverv
Dansk Folkeparti,Socialistisk Folkeparti,68,80412,50668.0,0.6301049594587872,erhverv
Dansk Folkeparti,Venstre,68,231507,176718.0,0.7633376096619109,erhverv
Det Konservative Folkeparti,Det Konservative Folkeparti,68,7098,7098.0,1.0,erhverv
Det Konservative Folkeparti,Enhedslisten,68,28551,11896.0,0.4166579104059402,erhverv
Det Konservative Folkeparti,Inuit Ataqatigiit,68,5,0.0,0.0,erhverv
Det Konservative Folkeparti,Javnaðarflokkurin,68,9,9.0,1.0,erhverv
Det Konservative Folkeparti,Liberal Alliance,68,17291,12752.0,0.7374934937250592,erhverv
Det Konservative Folkeparti,Radikale Venstre,68,37478,29713.0,0.7928117829126421,erhverv
Det Konservative Folkeparti,Sambandsflokkurin,68,68,68.0,1.0,erhverv
Det Konservative Folkeparti,Siumut,68,5,0.0,0.0,erhverv
Det Konservative Folkeparti,Socialdemokratiet,68,99469,79582.0,0.8000683630075702,erhverv
Det Konservative Folkeparti,Socialistisk Folkeparti,68,33064,24333.0,0.7359363658359546,erhverv
Det Konservative Folkeparti,Venstre,68,95238,89652.0,0.9413469413469412,erhverv
Enhedslisten,Enhedslisten,68,20642,20047.0,0.9711752737137874,erhverv
Enhedslisten,Inuit Ataqatigiit,68,8,8.0,1.0,erhverv
Enhedslisten,Javnaðarflokkurin,68,24,24.0,1.0,erhverv
Enhedslisten,Liberal Alliance,68,28318,9016.0,0.3183840666713751,erhverv
Enhedslisten,Radikale Venstre,68,61341,36862.0,0.6009357525961428,erhverv
Enhedslisten,Sambandsflokkurin,68,114,32.0,0.2807017543859649,erhverv
Enhedslisten,Siumut,68,8,8.0,1.0,erhverv
Enhedslisten,Socialdemokratiet,68,162944,96114.0,0.5898590926944226,erhverv
Enhedslisten,Socialistisk Folkeparti,68,54115,35432.0,0.6547537651298161,erhverv
Enhedslisten,Venstre,68,156065,64020.0,0.4102136930125268,erhverv
Inuit Ataqatigiit,Liberal Alliance,68,5,0.0,0.0,erhverv
Inuit Ataqatigiit,Radikale Venstre,68,11,11.0,1.0,erhverv
Inuit Ataqatigiit,Siumut,68,1,1.0,1.0,erhverv
Inuit Ataqatigiit,Socialdemokratiet,68,29,29.0,1.0,erhverv
Inuit Ataqatigiit,Socialistisk Folkeparti,68,9,9.0,1.0,erhverv
Inuit Ataqatigiit,Venstre,68,28,0.0,0.0,erhverv
Javnaðarflokkurin,Liberal Alliance,68,13,0.0,0.0,erhverv
Javnaðarflokkurin,Radikale Venstre,68,33,33.0,1.0,erhverv
Javnaðarflokkurin,Socialdemokratiet,68,83,83.0,1.0,erhverv
Javnaðarflokkurin,Socialistisk Folkeparti,68,27,27.0,1.0,erhverv
Javnaðarflokkurin,Venstre,68,81,81.0,1.0,erhverv
Liberal Alliance,Liberal Alliance,68,6883,6840.0,0.993752724102862,erhverv
Liberal Alliance,Radikale Venstre,68,37212,22600.0,0.6073309685047834,erhverv
Liberal Alliance,Sambandsflokkurin,68,70,45.0,0.6428571428571429,erhverv
Liberal Alliance,Siumut,68,5,0.0,0.0,erhverv
Liberal Alliance,Socialdemokratiet,68,98740,60431.0,0.6120214705286612,erhverv
Liberal Alliance,Socialistisk Folkeparti,68,32816,18169.0,0.5536628473915164,erhverv
Liberal Alliance,Venstre,68,94582,71553.0,0.756518153559874,erhverv
Radikale Venstre,Radikale Venstre,68,36914,36447.0,0.987348973289267,erhverv
Radikale Venstre,Sambandsflokkurin,68,154,119.0,0.7727272727272727,erhverv
Radikale Venstre,Siumut,68,11,11.0,1.0,erhverv
Radikale Venstre,Socialdemokratiet,68,213942,212563.0,0.9935543278084714,erhverv
Radikale Venstre,Socialistisk Folkeparti,68,71167,66975.0,0.9410962946309384,erhverv
Radikale Venstre,Venstre,68,205164,162538.0,0.7922345050788637,erhverv
Sambandsflokkurin,Socialdemokratiet,68,409,321.0,0.784841075794621,erhverv
Sambandsflokkurin,Socialistisk Folkeparti,68,124,90.0,0.7258064516129032,erhverv
Sambandsflokkurin,Venstre,68,370,369.0,0.9972972972972972,erhverv
Siumut,Socialdemokratiet,68,29,29.0,1.0,erhverv
Siumut,Socialistisk Folkeparti,68,9,9.0,1.0,erhverv
Siumut,Venstre,68,28,0.0,0.0,erhverv
Socialdemokratiet,Socialdemokratiet,68,274779,274665.0,0.9995851211337112,erhverv
Socialdemokratiet,Socialistisk Folkeparti,68,188787,176983.0,0.9374745083083053,erhverv
Socialdemokratiet,Venstre,68,544137,433879.0,0.7973708827004964,erhverv
Socialistisk Folkeparti,Socialistisk Folkeparti,68,28507,27664.0,0.9704283158522468,erhverv
Socialistisk Folkeparti,Venstre,68,181172,133281.0,0.7356600357671164,erhverv
Venstre,Venstre,68,252085,251829.0,0.9989844695241684,erhverv
Alternativet,Alternativet,69,7789,7779.0,0.9987161381435358,erhverv
Alternativet,Danmarksdemokraterne,69,4668,2277.0,0.4877892030848329,erhverv
Alternativet,Dansk Folkeparti,69,77822,37028.0,0.4758037572922824,erhverv
Alternativet,Det Konservative Folkeparti,69,14107,6816.0,0.4831643864747997,erhverv
Alternativet,Enhedslisten,69,31897,24628.0,0.7721102298021758,erhverv
Alternativet,Inuit Ataqatigiit,69,99,12.0,0.1212121212121212,erhverv
Alternativet,Liberal Alliance,69,28706,13495.0,0.4701107782345154,erhverv
Alternativet,Radikale Venstre,69,17087,12565.0,0.7353543629659975,erhverv
Alternativet,Socialdemokratiet,69,104223,64158.0,0.6155838922310815,erhverv
Alternativet,Socialistisk Folkeparti,69,14002,11038.0,0.788315954863591,erhverv
Alternativet,Tjóðveldi,69,45,0.0,0.0,erhverv
Alternativet,Venstre,69,68343,33154.0,0.4851118622243682,erhverv
Danmarksdemokraterne,Danmarksdemokraterne,69,281,250.0,0.8896797153024911,erhverv
Danmarksdemokraterne,Dansk Folkeparti,69,19268,18310.0,0.9502802574216316,erhverv
Danmarksdemokraterne,Det Konservative Folkeparti,69,3492,3259.0,0.9332760595647194,erhverv
Danmarksdemokraterne,Enhedslisten,69,7936,2750.0,0.3465221774193548,erhverv
Danmarksdemokraterne,Inuit Ataqatigiit,69,27,10.0,0.3703703703703703,erhverv
Danmarksdemokraterne,Liberal Alliance,69,7134,6468.0,0.9066442388561816,erhverv
Danmarksdemokraterne,Radikale Venstre,69,4243,2885.0,0.6799434362479377,erhverv
Danmarksdemokraterne,Socialdemokratiet,69,25902,20118.0,0.7766967801714153,erhverv
Danmarksdemokraterne,Socialistisk Folkeparti,69,3497,1840.0,0.5261652845295968,erhverv
Danmarksdemokraterne,Tjóðveldi,69,12,2.0,0.1666666666666666,erhverv
Danmarksdemokraterne,Venstre,69,16808,15802.0,0.9401475487862924,erhverv
Dansk Folkeparti,Dansk Folkeparti,69,153790,153770.0,0.9998699525326744,erhverv
Dansk Folkeparti,Det Konservative Folkeparti,69,58298,51700.0,0.8868228755703454,erhverv
Dansk Folkeparti,Enhedslisten,69,131931,47361.0,0.3589831048047843,erhverv
Dansk Folkeparti,Inuit Ataqatigiit,69,364,107.0,0.2939560439560439,erhverv
Dansk Folkeparti,Liberal Alliance,69,118743,103996.0,0.875807416016102,erhverv
Dansk Folkeparti,Radikale Venstre,69,70708,44359.0,0.6273547547660803,erhverv
Dansk Folkeparti,Socialdemokratiet,69,431177,316980.0,0.7351505298288173,erhverv
Dansk Folkeparti,Socialistisk Folkeparti,69,57950,28911.0,0.4988955996548749,erhverv
Dansk Folkeparti,Tjóðveldi,69,199,44.0,0.2211055276381909,erhverv
Dansk Folkeparti,Venstre,69,281674,251639.0,0.8933696400803766,erhverv
Det Konservative Folkeparti,Det Konservative Folkeparti,69,4027,4027.0,1.0,erhverv
Det Konservative Folkeparti,Enhedslisten,69,23911,7647.0,0.3198109656643386,erhverv
Det Konservative Folkeparti,Inuit Ataqatigiit,69,68,20.0,0.2941176470588235,erhverv
Det Konservative Folkeparti,Liberal Alliance,69,21505,20640.0,0.9597767960939316,erhverv
Det Konservative Folkeparti,Radikale Venstre,69,12793,8998.0,0.70335339638865,erhverv
Det Konservative Folkeparti,Socialdemokratiet,69,78022,62771.0,0.8045294916818333,erhverv
Det Konservative Folkeparti,Socialistisk Folkeparti,69,10489,5419.0,0.5166364763085137,erhverv
Det Konservative Folkeparti,Tjóðveldi,69,35,0.0,0.0,erhverv
Det Konservative Folkeparti,Venstre,69,50858,50355.0,0.9901097172519564,erhverv
Enhedslisten,Enhedslisten,69,24047,24019.0,0.9988356135900528,erhverv
Enhedslisten,Inuit Ataqatigiit,69,151,35.0,0.2317880794701986,erhverv
Enhedslisten,Liberal Alliance,69,48671,15528.0,0.3190400854718415,erhverv
Enhedslisten,Radikale Venstre,69,28961,16576.0,0.5723559269362246,erhverv
Enhedslisten,Socialdemokratiet,69,176799,82739.0,0.467983416195793,erhverv
Enhedslisten,Socialistisk Folkeparti,69,23747,17711.0,0.7458205246978565,erhverv
Enhedslisten,Tjóðveldi,69,81,0.0,0.0,erhverv
Enhedslisten,Venstre,69,115473,36866.0,0.319260779576178,erhverv
Inuit Ataqatigiit,Liberal Alliance,69,136,40.0,0.2941176470588235,erhverv
Inuit Ataqatigiit,Radikale Venstre,69,75,20.0,0.2666666666666666,erhverv
Inuit Ataqatigiit,Socialdemokratiet,69,502,147.0,0.2928286852589641,erhverv
Inuit Ataqatigiit,Socialistisk Folkeparti,69,66,8.0,0.1212121212121212,erhverv
Inuit Ataqatigiit,Tjóðveldi,69,3,3.0,1.0,erhverv
Inuit Ataqatigiit,Venstre,69,340,96.0,0.2823529411764706,erhverv
Liberal Alliance,Liberal Alliance,69,19247,19205.0,0.99781784174157,erhverv
Liberal Alliance,Radikale Venstre,69,26069,17904.0,0.6867927423376424,erhverv
Liberal Alliance,Socialdemokratiet,69,159164,123397.0,0.7752820989671031,erhverv
Liberal Alliance,Socialistisk Folkeparti,69,21385,10764.0,0.5033434650455927,erhverv
Liberal Alliance,Tjóðveldi,69,72,0.0,0.0,erhverv
Liberal Alliance,Venstre,69,103999,99687.0,0.9585380628659892,erhverv
Radikale Venstre,Radikale Venstre,69,6208,6188.0,0.996778350515464,erhverv
Radikale Venstre,Socialdemokratiet,69,94653,75601.0,0.7987174204726739,erhverv
Radikale Venstre,Socialistisk Folkeparti,69,12736,9732.0,0.7641331658291457,erhverv
Radikale Venstre,Tjóðveldi,69,45,0.0,0.0,erhverv
Radikale Venstre,Venstre,69,61900,43408.0,0.7012600969305331,erhverv
Socialdemokratiet,Socialdemokratiet,69,279785,275174.0,0.9835194881784228,erhverv
Socialdemokratiet,Socialistisk Folkeparti,69,77605,51930.0,0.6691579150827911,erhverv
Socialdemokratiet,Tjóðveldi,69,266,0.0,0.0,erhverv
Socialdemokratiet,Venstre,69,378723,306253.0,0.8086464249596671,erhverv
Socialistisk Folkeparti,Socialistisk Folkeparti,69,3923,3914.0,0.99770583736936,erhverv
Socialistisk Folkeparti,Tjóðveldi,69,36,0.0,0.0,erhverv
Socialistisk Folkeparti,Venstre,69,50731,26091.0,0.5143009205416806,erhverv
Tjóðveldi,Venstre,69,174,0.0,0.0,erhverv
Venstre,Venstre,69,117954,117922.0,0.9997287078013464,erhverv
Alternativet,Alternativet,70,1437,1308.0,0.9102296450939458,erhverv
Alternativet,Danmarksdemokraterne,70,2080,1133.0,0.5447115384615384,erhverv
Alternativet,Dansk Folkeparti,70,11318,6174.0,0.5455027389998233,erhverv
Alternativet,Det Konservative Folkeparti,70,9534,5112.0,0.5361862806796728,erhverv
Alternativet,Enhedslisten,70,10564,9366.0,0.8865959863687997,erhverv
Alternativet,Inuit Ataqatigiit,70,4,1.0,0.25,erhverv
Alternativet,Liberal Alliance,70,2846,1497.0,0.5260014054813774,erhverv
Alternativet,Nye Borgerlige,70,3121,1298.0,0.4158923421980134,erhverv
Alternativet,Radikale Venstre,70,12848,10110.0,0.786892901618929,erhverv
Alternativet,Sambandsflokkurin,70,13,6.0,0.4615384615384615,erhverv
Alternativet,Socialdemokratiet,70,40322,29577.0,0.7335201626903427,erhverv
Alternativet,Socialistisk Folkeparti,70,11618,9856.0,0.8483387846445172,erhverv
Alternativet,Venstre,70,34498,19276.0,0.5587570293930083,erhverv
Danmarksdemokraterne,Danmarksdemokraterne,70,270,253.0,0.937037037037037,erhverv
Danmarksdemokraterne,Dansk Folkeparti,70,5647,5375.0,0.9518328315919956,erhverv
Danmarksdemokraterne,Det Konservative Folkeparti,70,4968,3994.0,0.8039452495974235,erhverv
Danmarksdemokraterne,Enhedslisten,70,5402,2822.0,0.5223991114402073,erhverv
Danmarksdemokraterne,Inuit Ataqatigiit,70,2,0.0,0.0,erhverv
Danmarksdemokraterne,Liberal Alliance,70,1441,1099.0,0.7626648160999306,erhverv
Danmarksdemokraterne,Nye Borgerlige,70,1625,1127.0,0.6935384615384615,erhverv
Danmarksdemokraterne,Radikale Venstre,70,6612,4203.0,0.6356624319419237,erhverv
Danmarksdemokraterne,Sambandsflokkurin,70,5,5.0,1.0,erhverv
Danmarksdemokraterne,Socialdemokratiet,70,20403,14118.0,0.6919570651374798,erhverv
Danmarksdemokraterne,Socialistisk Folkeparti,70,6009,3487.0,0.5802962223331669,erhverv
Danmarksdemokraterne,Venstre,70,17412,14354.0,0.8243739949460143,erhverv
Dansk Folkeparti,Dansk Folkeparti,70,13905,13491.0,0.9702265372168284,erhverv
Dansk Folkeparti,Det Konservative Folkeparti,70,26537,20069.0,0.7562648377736745,erhverv
Dansk Folkeparti,Enhedslisten,70,29387,15361.0,0.5227141252934971,erhverv
Dansk Folkeparti,Inuit Ataqatigiit,70,8,0.0,0.0,erhverv
Dansk Folkeparti,Liberal Alliance,70,7937,5753.0,0.7248330603502583,erhverv
Dansk Folkeparti,Nye Borgerlige,70,8717,6166.0,0.7073534472869106,erhverv
Dansk Folkeparti,Radikale Venstre,70,35764,22475.0,0.6284252320769489,erhverv
Dansk Folkeparti,Sambandsflokkurin,70,34,34.0,1.0,erhverv
Dansk Folkeparti,Socialdemokratiet,70,112315,75206.0,0.6695988959622491,erhverv
Dansk Folkeparti,Socialistisk Folkeparti,70,32580,18698.0,0.5739103744628606,erhverv
Dansk Folkeparti,Venstre,70,95968,73986.0,0.7709444814938313,erhverv
Det Konservative Folkeparti,Det Konservative Folkeparti,70,9941,9878.0,0.993662609395433,erhverv
Det Konservative Folkeparti,Enhedslisten,70,24954,12412.0,0.4973952071812134,erhverv
Det Konservative Folkeparti,Inuit Ataqatigiit,70,5,5.0,1.0,erhverv
Det Konservative Folkeparti,Liberal Alliance,70,6703,5593.0,0.8344025063404445,erhverv
Det Konservative Folkeparti,Nye Borgerlige,70,7322,5002.0,0.6831466812346354,erhverv
Det Konservative Folkeparti,Radikale Venstre,70,30427,21048.0,0.6917540342459,erhverv
Det Konservative Folkeparti,Sambandsflokkurin,70,25,25.0,1.0,erhverv
Det Konservative Folkeparti,Socialdemokratiet,70,94584,69669.0,0.7365833544785587,erhverv
Det Konservative Folkeparti,Socialistisk Folkeparti,70,27749,16830.0,0.6065083426429781,erhverv
Det Konservative Folkeparti,Venstre,70,80406,75106.0,0.9340845210556428,erhverv
Enhedslisten,Enhedslisten,70,11981,11920.0,0.994908605291712,erhverv
Enhedslisten,Inuit Ataqatigiit,70,7,7.0,1.0,erhverv
Enhedslisten,Liberal Alliance,70,7357,3449.0,0.4688052195188256,erhverv
Enhedslisten,Nye Borgerlige,70,8175,3067.0,0.3751681957186544,erhverv
Enhedslisten,Radikale Venstre,70,33622,25981.0,0.7727380881565642,erhverv
Enhedslisten,Sambandsflokkurin,70,32,24.0,0.75,erhverv
Enhedslisten,Socialdemokratiet,70,105366,75955.0,0.7208682117571134,erhverv
Enhedslisten,Socialistisk Folkeparti,70,30660,25925.0,0.8455642530984997,erhverv
Enhedslisten,Venstre,70,90083,46945.0,0.5211305129713708,erhverv
Inuit Ataqatigiit,Liberal Alliance,70,2,2.0,1.0,erhverv
Inuit Ataqatigiit,Nye Borgerlige,70,2,0.0,0.0,erhverv
Inuit Ataqatigiit,Radikale Venstre,70,10,10.0,1.0,erhverv
Inuit Ataqatigiit,Socialdemokratiet,70,28,28.0,1.0,erhverv
Inuit Ataqatigiit,Socialistisk Folkeparti,70,7,7.0,1.0,erhverv
Inuit Ataqatigiit,Venstre,70,24,24.0,1.0,erhverv
Liberal Alliance,Liberal Alliance,70,562,557.0,0.9911032028469752,erhverv
Liberal Alliance,Nye Borgerlige,70,2153,1507.0,0.699953553181607,erhverv
Liberal Alliance,Radikale Venstre,70,8991,5998.0,0.6671115560004449,erhverv
Liberal Alliance,Sambandsflokkurin,70,8,8.0,1.0,erhverv
Liberal Alliance,Socialdemokratiet,70,28260,19566.0,0.6923566878980891,erhverv
Liberal Alliance,Socialistisk Folkeparti,70,8182,4602.0,0.5624541676851625,erhverv
Liberal Alliance,Venstre,70,24076,20365.0,0.8458631001827546,erhverv
Nye Borgerlige,Nye Borgerlige,70,722,720.0,0.997229916897507,erhverv
Nye Borgerlige,Radikale Venstre,70,9942,4373.0,0.4398511365922349,erhverv
Nye Borgerlige,Sambandsflokkurin,70,9,9.0,1.0,erhverv
Nye Borgerlige,Socialdemokratiet,70,31318,14423.0,0.4605338782808608,erhverv
Nye Borgerlige,Socialistisk Folkeparti,70,9068,3641.0,0.4015218350242611,erhverv
Nye Borgerlige,Venstre,70,26716,17623.0,0.6596421620002995,erhverv
Radikale Venstre,Radikale Venstre,70,18321,17864.0,0.9750559467277988,erhverv
Radikale Venstre,Sambandsflokkurin,70,40,30.0,0.75,erhverv
Radikale Venstre,Socialdemokratiet,70,127930,112651.0,0.8805674978503869,erhverv
Radikale Venstre,Socialistisk Folkeparti,70,37347,32018.0,0.857311162877875,erhverv
Radikale Venstre,Venstre,70,109464,78496.0,0.7170942044873201,erhverv
Sambandsflokkurin,Socialdemokratiet,70,105,105.0,1.0,erhverv
Sambandsflokkurin,Socialistisk Folkeparti,70,34,25.0,0.7352941176470589,erhverv
Sambandsflokkurin,Venstre,70,91,91.0,1.0,erhverv
Socialdemokratiet,Socialdemokratiet,70,195352,195242.0,0.9994369138785372,erhverv
Socialdemokratiet,Socialistisk Folkeparti,70,116715,98976.0,0.8480143940367562,erhverv
Socialdemokratiet,Venstre,70,345657,264596.0,0.7654871737010968,erhverv
Socialistisk Folkeparti,Socialistisk Folkeparti,70,14987,14934.0,0.9964636017882164,erhverv
Socialistisk Folkeparti,Venstre,70,99806,62627.0,0.6274873254112979,erhverv
Venstre,Venstre,70,141972,141189.0,0.9944848279942524,erhverv
Alternativet,Alternativet,71,1301,1165.0,0.8954650269023828,erhverv
Alternativet,Danmarksdemokraterne,71,9599,6264.0,0.6525679758308157,erhverv
Alternativet,Dansk Folkeparti,71,2588,1546.0,0.5973724884080371,erhverv
Alternativet,Det Konservative Folkeparti,71,6632,4175.0,0.6295235223160435,erhverv
Alternativet,Enhedslisten,71,5482,4228.0,0.7712513681138271,erhverv
Alternativet,Javnaðarflokkurin,71,2,2.0,1.0,erhverv
Alternativet,Liberal Alliance,71,9614,5664.0,0.5891408362804244,erhverv
Alternativet,Moderaterne,71,10615,6311.0,0.5945360339142722,erhverv
Alternativet,Nye Borgerlige,71,3566,2043.0,0.5729108244531688,erhverv
Alternativet,Radikale Venstre,71,4577,3314.0,0.7240550578981866,erhverv
Alternativet,Sambandsflokkurin,71,71,58.0,0.8169014084507042,erhverv
Alternativet,Siumut,71,9,6.0,0.6666666666666666,erhverv
Alternativet,Socialdemokratiet,71,36742,21626.0,0.5885907136247346,erhverv
Alternativet,Socialistisk Folkeparti,71,9956,7403.0,0.7435717155484131,erhverv
Alternativet,Venstre,71,16856,9815.0,0.5822852396772663,erhverv
Danmarksdemokraterne,Danmarksdemokraterne,71,11651,11636.0,0.998712556862072,erhverv
Danmarksdemokraterne,Dansk Folkeparti,71,7149,5594.0,0.7824870611274304,erhverv
Danmarksdemokraterne,Det Konservative Folkeparti,71,18133,15242.0,0.8405669221860695,erhverv
Danmarksdemokraterne,Enhedslisten,71,14975,9429.0,0.6296494156928214,erhverv
Danmarksdemokraterne,Javnaðarflokkurin,71,10,10.0,1.0,erhverv
Danmarksdemokraterne,Liberal Alliance,71,26164,20838.0,0.7964378535392141,erhverv
Danmarksdemokraterne,Moderaterne,71,29102,21981.0,0.755308913476737,erhverv
Danmarksdemokraterne,Nye Borgerlige,71,9949,7954.0,0.7994773344054679,erhverv
Danmarksdemokraterne,Radikale Venstre,71,12679,9409.0,0.7420932250177459,erhverv
Danmarksdemokraterne,Sambandsflokkurin,71,167,141.0,0.844311377245509,erhverv
Danmarksdemokraterne,Siumut,71,28,10.0,0.3571428571428571,erhverv
Danmarksdemokraterne,Socialdemokratiet,71,100459,75364.0,0.7501965976169382,erhverv
Danmarksdemokraterne,Socialistisk Folkeparti,71,27364,18123.0,0.662293524338547,erhverv
Danmarksdemokraterne,Venstre,71,46018,34598.0,0.7518362379938285,erhverv
Dansk Folkeparti,Dansk Folkeparti,71,619,611.0,0.9870759289176092,erhverv
Dansk Folkeparti,Det Konservative Folkeparti,71,4964,3503.0,0.7056809024979855,erhverv
Dansk Folkeparti,Enhedslisten,71,4093,2380.0,0.5814805765941852,erhverv
Dansk Folkeparti,Javnaðarflokkurin,71,2,2.0,1.0,erhverv
Dansk Folkeparti,Liberal Alliance,71,7157,4866.0,0.6798938102556937,erhverv
Dansk Folkeparti,Moderaterne,71,7973,5052.0,0.6336385300388813,erhverv
Dansk Folkeparti,Nye Borgerlige,71,2652,2140.0,0.8069381598793364,erhverv
Dansk Folkeparti,Radikale Venstre,71,3497,2234.0,0.6388332856734343,erhverv
Dansk Folkeparti,Sambandsflokkurin,71,41,27.0,0.6585365853658537,erhverv
Dansk Folkeparti,Siumut,71,8,2.0,0.25,erhverv
Dansk Folkeparti,Socialdemokratiet,71,27475,17346.0,0.6313375796178344,erhverv
Dansk Folkeparti,Socialistisk Folkeparti,71,7490,4517.0,0.6030707610146863,erhverv
Dansk Folkeparti,Venstre,71,12599,7970.0,0.6325898880863561,erhverv
Det Konservative Folkeparti,Det Konservative Folkeparti,71,5243,5223.0,0.996185390043868,erhverv
Det Konservative Folkeparti,Enhedslisten,71,10377,6154.0,0.5930423050978124,erhverv
Det Konservative Folkeparti,Javnaðarflokkurin,71,6,6.0,1.0,erhverv
Det Konservative Folkeparti,Liberal Alliance,71,18127,15216.0,0.8394108236332543,erhverv
Det Konservative Folkeparti,Moderaterne,71,20191,15607.0,0.7729681541280768,erhverv
Det Konservative Folkeparti,Nye Borgerlige,71,6900,5035.0,0.7297101449275363,erhverv
Det Konservative Folkeparti,Radikale Venstre,71,8796,6847.0,0.7784220100045475,erhverv
Det Konservative Folkeparti,Sambandsflokkurin,71,113,89.0,0.7876106194690266,erhverv
Det Konservative Folkeparti,Siumut,71,17,6.0,0.3529411764705882,erhverv
Det Konservative Folkeparti,Socialdemokratiet,71,69619,54236.0,0.7790402045418636,erhverv
Det Konservative Folkeparti,Socialistisk Folkeparti,71,18963,12423.0,0.6551178610979276,erhverv
Det Konservative Folkeparti,Venstre,71,31873,24878.0,0.7805352492705425,erhverv
Enhedslisten,Enhedslisten,71,3448,3416.0,0.9907192575406032,erhverv
Enhedslisten,Javnaðarflokkurin,71,5,5.0,1.0,erhverv
Enhedslisten,Liberal Alliance,71,14950,8503.0,0.56876254180602,erhverv
Enhedslisten,Moderaterne,71,16663,9482.0,0.5690451899417872,erhverv
Enhedslisten,Nye Borgerlige,71,5721,3105.0,0.5427372836916623,erhverv
Enhedslisten,Radikale Venstre,71,7263,5079.0,0.6992978108219744,erhverv
Enhedslisten,Sambandsflokkurin,71,93,73.0,0.7849462365591398,erhverv
Enhedslisten,Siumut,71,16,10.0,0.625,erhverv
Enhedslisten,Socialdemokratiet,71,57484,32018.0,0.5569897710667316,erhverv
Enhedslisten,Socialistisk Folkeparti,71,15645,12700.0,0.811760945989134,erhverv
Enhedslisten,Venstre,71,26327,14599.0,0.554525772021119,erhverv
Javnaðarflokkurin,Liberal Alliance,71,9,9.0,1.0,erhverv
Javnaðarflokkurin,Moderaterne,71,12,12.0,1.0,erhverv
Javnaðarflokkurin,Nye Borgerlige,71,3,2.0,0.6666666666666666,erhverv
Javnaðarflokkurin,Radikale Venstre,71,5,5.0,1.0,erhverv
Javnaðarflokkurin,Socialdemokratiet,71,36,36.0,1.0,erhverv
Javnaðarflokkurin,Socialistisk Folkeparti,71,9,9.0,1.0,erhverv
Javnaðarflokkurin,Venstre,71,14,14.0,1.0,erhverv
Liberal Alliance,Liberal Alliance,71,11609,11554.0,0.9952622964940994,erhverv
Liberal Alliance,Moderaterne,71,29114,20893.0,0.7176272583636738,erhverv
Liberal Alliance,Nye Borgerlige,71,9836,7065.0,0.7182797885319235,erhverv
Liberal Alliance,Radikale Venstre,71,12665,9126.0,0.7205684958547177,erhverv
Liberal Alliance,Sambandsflokkurin,71,170,99.0,0.5823529411764706,erhverv
Liberal Alliance,Siumut,71,25,9.0,0.36,erhverv
Liberal Alliance,Socialdemokratiet,71,100335,71722.0,0.7148253351273235,erhverv
Liberal Alliance,Socialistisk Folkeparti,71,27330,16230.0,0.5938529088913282,erhverv
Liberal Alliance,Venstre,71,45911,33010.0,0.7189998039685478,erhverv
Moderaterne,Moderaterne,71,14637,13820.0,0.944182551069208,erhverv
Moderaterne,Nye Borgerlige,71,11081,6998.0,0.6315314502301236,erhverv
Moderaterne,Radikale Venstre,71,14146,10970.0,0.775484235826382,erhverv
Moderaterne,Sambandsflokkurin,71,187,184.0,0.983957219251337,erhverv
Moderaterne,Siumut,71,30,22.0,0.7333333333333333,erhverv
Moderaterne,Socialdemokratiet,71,111796,108262.0,0.968388851121686,erhverv
Moderaterne,Socialistisk Folkeparti,71,30452,21870.0,0.718179429922501,erhverv
Moderaterne,Venstre,71,51093,49281.0,0.9645352592331632,erhverv
Nye Borgerlige,Nye Borgerlige,71,1463,1076.0,0.735475051264525,erhverv
Nye Borgerlige,Radikale Venstre,71,4845,3023.0,0.6239422084623323,erhverv
Nye Borgerlige,Sambandsflokkurin,71,58,38.0,0.6551724137931034,erhverv
Nye Borgerlige,Siumut,71,9,3.0,0.3333333333333333,erhverv
Nye Borgerlige,Socialdemokratiet,71,38309,23995.0,0.6263541204416717,erhverv
Nye Borgerlige,Socialistisk Folkeparti,71,10419,5809.0,0.5575391112390824,erhverv
Nye Borgerlige,Venstre,71,17539,11034.0,0.6291122640971549,erhverv
Radikale Venstre,Radikale Venstre,71,2392,2310.0,0.9657190635451504,erhverv
Radikale Venstre,Sambandsflokkurin,71,77,65.0,0.8441558441558441,erhverv
Radikale Venstre,Siumut,71,14,9.0,0.6428571428571429,erhverv
Radikale Venstre,Socialdemokratiet,71,48824,38583.0,0.7902466000327708,erhverv
Radikale Venstre,Socialistisk Folkeparti,71,13290,10360.0,0.7795334838224228,erhverv
Radikale Venstre,Venstre,71,22311,17540.0,0.7861592936219802,erhverv
Sambandsflokkurin,Siumut,71,1,1.0,1.0,erhverv
Sambandsflokkurin,Socialdemokratiet,71,636,636.0,1.0,erhverv
Sambandsflokkurin,Socialistisk Folkeparti,71,170,144.0,0.8470588235294118,erhverv
Sambandsflokkurin,Venstre,71,264,263.0,0.9962121212121212,erhverv
Siumut,Socialdemokratiet,71,96,63.0,0.65625,erhverv
Siumut,Socialistisk Folkeparti,71,26,9.0,0.3461538461538461,erhverv
Siumut,Venstre,71,43,28.0,0.6511627906976745,erhverv
Socialdemokratiet,Socialdemokratiet,71,187316,187193.0,0.9993433556129748,erhverv
Socialdemokratiet,Socialistisk Folkeparti,71,105037,75389.0,0.7177375591458248,erhverv
Socialdemokratiet,Venstre,71,176489,175678.0,0.9954048127645349,erhverv
Socialistisk Folkeparti,Socialistisk Folkeparti,71,12755,12712.0,0.9966287730301844,erhverv
Socialistisk Folkeparti,Venstre,71,48067,34195.0,0.7114028335448437,erhverv
Venstre,Venstre,71,37929,37588.0,0.9910095177832264,erhverv
Danmarksdemokraterne,Danmarksdemokraterne,65,11,9.0,0.8181818181818182,retspolitik
Danmarksdemokraterne,Dansk Folkeparti,65,465,437.0,0.9397849462365592,retspolitik
Danmarksdemokraterne,Det Konservative Folkeparti,65,265,247.0,0.9320754716981132,retspolitik
Danmarksdemokraterne,Enhedslisten,65,35,11.0,0.3142857142857143,retspolitik
Danmarksdemokraterne,Kristendemokraterne,65,66,38.0,0.5757575757575758,retspolitik
Danmarksdemokraterne,Radikale Venstre,65,133,89.0,0.6691729323308271,retspolitik
Danmarksdemokraterne,Socialdemokratiet,65,1082,624.0,0.5767097966728281,retspolitik
Danmarksdemokraterne,Socialistisk Folkeparti,65,219,113.0,0.5159817351598174,retspolitik
Danmarksdemokraterne,Venstre,65,1208,1137.0,0.941225165562914,retspolitik
Dansk Folkeparti,Dansk Folkeparti,65,2061,2061.0,1.0,retspolitik
Dansk Folkeparti,Det Konservative Folkeparti,65,2535,2283.0,0.9005917159763314,retspolitik
Dansk Folkeparti,Enhedslisten,65,341,98.0,0.2873900293255132,retspolitik
Dansk Folkeparti,Kristendemokraterne,65,624,342.0,0.5480769230769231,retspolitik
Dansk Folkeparti,Radikale Venstre,65,1277,741.0,0.5802662490211433,retspolitik
Dansk Folkeparti,Socialdemokratiet,65,10249,5163.0,0.5037564640452727,retspolitik
Dansk Folkeparti,Socialistisk Folkeparti,65,2083,1050.0,0.5040806529044647,retspolitik
Dansk Folkeparti,Venstre,65,11410,10416.0,0.912883435582822,retspolitik
Det Konservative Folkeparti,Det Konservative Folkeparti,65,650,650.0,1.0,retspolitik
Det Konservative Folkeparti,Enhedslisten,65,197,59.0,0.299492385786802,retspolitik
Det Konservative Folkeparti,Kristendemokraterne,65,358,234.0,0.6536312849162011,retspolitik
Det Konservative Folkeparti,Radikale Venstre,65,737,512.0,0.694708276797829,retspolitik
Det Konservative Folkeparti,Socialdemokratiet,65,5877,3481.0,0.5923090011910839,retspolitik
Det Konservative Folkeparti,Socialistisk Folkeparti,65,1196,612.0,0.5117056856187291,retspolitik
Det Konservative Folkeparti,Venstre,65,6537,6537.0,1.0,retspolitik
Enhedslisten,Enhedslisten,65,2,2.0,1.0,retspolitik
Enhedslisten,Kristendemokraterne,65,48,28.0,0.5833333333333334,retspolitik
Enhedslisten,Radikale Venstre,65,100,60.0,0.6,retspolitik
Enhedslisten,Socialdemokratiet,65,787,514.0,0.6531130876747141,retspolitik
Enhedslisten,Socialistisk Folkeparti,65,163,122.0,0.7484662576687117,retspolitik
Enhedslisten,Venstre,65,885,264.0,0.2983050847457627,retspolitik
Kristendemokraterne,Kristendemokraterne,65,22,22.0,1.0,retspolitik
Kristendemokraterne,Radikale Venstre,65,180,152.0,0.8444444444444444,retspolitik
Kristendemokraterne,Socialdemokratiet,65,1446,1250.0,0.8644536652835408,retspolitik
Kristendemokraterne,Socialistisk Folkeparti,65,294,254.0,0.8639455782312925,retspolitik
Kristendemokraterne,Venstre,65,1608,1042.0,0.6480099502487562,retspolitik
Radikale Venstre,Radikale Venstre,65,144,144.0,1.0,retspolitik
Radikale Venstre,Socialdemokratiet,65,2954,2680.0,0.9072444143534192,retspolitik
Radikale Venstre,Socialistisk Folkeparti,65,608,508.0,0.8355263157894737,retspolitik
Radikale Venstre,Venstre,65,3284,2231.0,0.6793544457978076,retspolitik
Socialdemokratiet,Socialdemokratiet,65,11560,11560.0,1.0,retspolitik
Socialdemokratiet,Socialistisk Folkeparti,65,4833,4425.0,0.9155803848541278,retspolitik
Socialdemokratiet,Venstre,65,26423,15978.0,0.6047004503652121,retspolitik
Socialistisk Folkeparti,Socialistisk Folkeparti,65,426,426.0,1.0,retspolitik
Socialistisk Folkeparti,Venstre,65,5367,2786.0,0.519098192658841,retspolitik
Venstre,Venstre,65,14362,14362.0,1.0,retspolitik
Danmarksdemokraterne,Danmarksdemokraterne,66,63,52.0,0.8253968253968254,retspolitik
Danmarksdemokraterne,Dansk Folkeparti,66,4330,3947.0,0.9115473441108544,retspolitik
Danmarksdemokraterne,Det Konservative Folkeparti,66,3184,3040.0,0.9547738693467336,retspolitik
Danmarksdemokraterne,Enhedslisten,66,728,217.0,0.2980769230769231,retspolitik
Danmarksdemokraterne,Fólkaflokkurin,66,2,2.0,1.0,retspolitik
Danmarksdemokraterne,Inuit Ataqatigiit,66,11,1.0,0.0909090909090909,retspolitik
Danmarksdemokraterne,Radikale Venstre,66,2503,1471.0,0.5876947662804635,retspolitik
Danmarksdemokraterne,Siumut,66,13,3.0,0.2307692307692307,retspolitik
Danmarksdemokraterne,Socialdemokratiet,66,7887,5567.0,0.705845061493597,retspolitik
Danmarksdemokraterne,Socialistisk Folkeparti,66,2209,1120.0,0.5070167496604798,retspolitik
Danmarksdemokraterne,Tjóðveldi,66,13,0.0,0.0,retspolitik
Danmarksdemokraterne,Venstre,66,9266,8826.0,0.9525145693934816,retspolitik
Dansk Folkeparti,Dansk Folkeparti,66,28821,28738.0,0.9971201554422124,retspolitik
Dansk Folkeparti,Det Konservative Folkeparti,66,44397,39220.0,0.8833930220510395,retspolitik
Dansk Folkeparti,Enhedslisten,66,10289,2840.0,0.2760229371173097,retspolitik
Dansk Folkeparti,Fólkaflokkurin,66,32,18.0,0.5625,retspolitik
Dansk Folkeparti,Inuit Ataqatigiit,66,138,47.0,0.3405797101449275,retspolitik
Dansk Folkeparti,Radikale Venstre,66,34794,17724.0,0.5093981720986377,retspolitik
Dansk Folkeparti,Siumut,66,137,65.0,0.4744525547445255,retspolitik
Dansk Folkeparti,Socialdemokratiet,66,111163,67133.0,0.6039149717082123,retspolitik
Dansk Folkeparti,Socialistisk Folkeparti,66,30835,13490.0,0.4374898654126804,retspolitik
Dansk Folkeparti,Tjóðveldi,66,153,29.0,0.1895424836601307,retspolitik
Dansk Folkeparti,Venstre,66,129970,114207.0,0.8787181657305532,retspolitik
Det Konservative Folkeparti,Det Konservative Folkeparti,66,14928,14918.0,0.9993301178992496,retspolitik
Det Konservative Folkeparti,Enhedslisten,66,7500,1932.0,0.2576,retspolitik
Det Konservative Folkeparti,Fólkaflokkurin,66,26,26.0,1.0,retspolitik
Det Konservative Folkeparti,Inuit Ataqatigiit,66,105,24.0,0.2285714285714285,retspolitik
Det Konservative Folkeparti,Radikale Venstre,66,25225,15670.0,0.621209117938553,retspolitik
Det Konservative Folkeparti,Siumut,66,103,34.0,0.3300970873786408,retspolitik
Det Konservative Folkeparti,Socialdemokratiet,66,80539,57864.0,0.7184593799277369,retspolitik
Det Konservative Folkeparti,Socialistisk Folkeparti,66,22380,11525.0,0.5149687220732797,retspolitik
Det Konservative Folkeparti,Tjóðveldi,66,116,13.0,0.1120689655172413,retspolitik
Det Konservative Folkeparti,Venstre,66,94332,94106.0,0.9976042064198788,retspolitik
Enhedslisten,Enhedslisten,66,570,570.0,1.0,retspolitik
Enhedslisten,Fólkaflokkurin,66,6,0.0,0.0,retspolitik
Enhedslisten,Inuit Ataqatigiit,66,25,14.0,0.56,retspolitik
Enhedslisten,Radikale Venstre,66,5852,3442.0,0.588174982911825,retspolitik
Enhedslisten,Siumut,66,24,16.0,0.6666666666666666,retspolitik
Enhedslisten,Socialdemokratiet,66,18589,9359.0,0.5034697939641724,retspolitik
Enhedslisten,Socialistisk Folkeparti,66,5159,3522.0,0.6826904438844738,retspolitik
Enhedslisten,Tjóðveldi,66,30,27.0,0.9,retspolitik
Enhedslisten,Venstre,66,21812,5543.0,0.2541261690812397,retspolitik
Fólkaflokkurin,Inuit Ataqatigiit,66,2,0.0,0.0,retspolitik
Fólkaflokkurin,Radikale Venstre,66,15,15.0,1.0,retspolitik
Fólkaflokkurin,Siumut,66,1,0.0,0.0,retspolitik
Fólkaflokkurin,Socialdemokratiet,66,57,57.0,1.0,retspolitik
Fólkaflokkurin,Socialistisk Folkeparti,66,15,10.0,0.6666666666666666,retspolitik
Fólkaflokkurin,Tjóðveldi,66,2,0.0,0.0,retspolitik
Fólkaflokkurin,Venstre,66,65,65.0,1.0,retspolitik
Inuit Ataqatigiit,Radikale Venstre,66,73,35.0,0.4794520547945205,retspolitik
Inuit Ataqatigiit,Siumut,66,5,5.0,1.0,retspolitik
Inuit Ataqatigiit,Socialdemokratiet,66,255,58.0,0.2274509803921568,retspolitik
Inuit Ataqatigiit,Socialistisk Folkeparti,66,73,43.0,0.589041095890411,retspolitik
Inuit Ataqatigiit,Tjóðveldi,66,7,5.0,0.7142857142857143,retspolitik
Inuit Ataqatigiit,Venstre,66,296,68.0,0.2297297297297297,retspolitik
Radikale Venstre,Radikale Venstre,66,8886,8766.0,0.986495611073599,retspolitik
Radikale Venstre,Siumut,66,79,48.0,0.6075949367088608,retspolitik
Radikale Venstre,Socialdemokratiet,66,63017,53232.0,0.8447244394369773,retspolitik
Radikale Venstre,Socialistisk Folkeparti,66,17502,14137.0,0.8077362587132899,retspolitik
Radikale Venstre,Tjóðveldi,66,83,44.0,0.5301204819277109,retspolitik
Radikale Venstre,Venstre,66,73730,44910.0,0.6091143360911434,retspolitik
Siumut,Socialdemokratiet,66,251,85.0,0.3386454183266932,retspolitik
Siumut,Socialistisk Folkeparti,66,68,40.0,0.5882352941176471,retspolitik
Siumut,Tjóðveldi,66,5,3.0,0.6,retspolitik
Siumut,Venstre,66,299,103.0,0.3444816053511705,retspolitik
Socialdemokratiet,Socialdemokratiet,66,97887,97398.0,0.9950044438995984,retspolitik
Socialdemokratiet,Socialistisk Folkeparti,66,56117,43502.0,0.7752018105030561,retspolitik
Socialdemokratiet,Tjóðveldi,66,282,87.0,0.3085106382978723,retspolitik
Socialdemokratiet,Venstre,66,236201,166761.0,0.7060130990131287,retspolitik
Socialistisk Folkeparti,Socialistisk Folkeparti,66,6925,6432.0,0.9288086642599278,retspolitik
Socialistisk Folkeparti,Tjóðveldi,66,75,53.0,0.7066666666666667,retspolitik
Socialistisk Folkeparti,Venstre,66,65567,33168.0,0.5058642304817973,retspolitik
Tjóðveldi,Venstre,66,332,36.0,0.108433734939759,retspolitik
Venstre,Venstre,66,134394,133890.0,0.9962498325818115,retspolitik
Danmarksdemokraterne,Danmarksdemokraterne,67,81,66.0,0.8148148148148148,retspolitik
Danmarksdemokraterne,Dansk Folkeparti,67,5700,5154.0,0.9042105263157896,retspolitik
Danmarksdemokraterne,Det Konservative Folkeparti,67,3538,3308.0,0.934991520633126,retspolitik
Danmarksdemokraterne,Enhedslisten,67,757,232.0,0.3064729194187582,retspolitik
Danmarksdemokraterne,Inuit Ataqatigiit,67,6,4.0,0.6666666666666666,retspolitik
Danmarksdemokraterne,Javnaðarflokkurin,67,1,1.0,1.0,retspolitik
Danmarksdemokraterne,Liberal Alliance,67,858,683.0,0.796037296037296,retspolitik
Danmarksdemokraterne,Radikale Venstre,67,1527,768.0,0.5029469548133595,retspolitik
Danmarksdemokraterne,Sambandsflokkurin,67,10,9.0,0.9,retspolitik
Danmarksdemokraterne,Siumut,67,20,17.0,0.85,retspolitik
Danmarksdemokraterne,Socialdemokratiet,67,9745,5507.0,0.5651103129810159,retspolitik
Danmarksdemokraterne,Socialistisk Folkeparti,67,4539,2116.0,0.4661819784093413,retspolitik
Danmarksdemokraterne,Tjóðveldi,67,7,2.0,0.2857142857142857,retspolitik
Danmarksdemokraterne,Venstre,67,9680,9133.0,0.94349173553719,retspolitik
Dansk Folkeparti,Dansk Folkeparti,67,52267,51688.0,0.9889222645263742,retspolitik
Dansk Folkeparti,Det Konservative Folkeparti,67,68376,57699.0,0.8438487188487188,retspolitik
Dansk Folkeparti,Enhedslisten,67,14463,4459.0,0.3083039480052548,retspolitik
Dansk Folkeparti,Inuit Ataqatigiit,67,83,49.0,0.5903614457831325,retspolitik
Dansk Folkeparti,Javnaðarflokkurin,67,16,16.0,1.0,retspolitik
Dansk Folkeparti,Liberal Alliance,67,15886,11617.0,0.7312728188341936,retspolitik
Dansk Folkeparti,Radikale Venstre,67,29223,13343.0,0.4565924100879444,retspolitik
Dansk Folkeparti,Sambandsflokkurin,67,192,152.0,0.7916666666666666,retspolitik
Dansk Folkeparti,Siumut,67,194,126.0,0.6494845360824743,retspolitik
Dansk Folkeparti,Socialdemokratiet,67,186849,91106.0,0.4875915846485665,retspolitik
Dansk Folkeparti,Socialistisk Folkeparti,67,87813,37328.0,0.4250851240704679,retspolitik
Dansk Folkeparti,Tjóðveldi,67,86,17.0,0.1976744186046511,retspolitik
Dansk Folkeparti,Venstre,67,187214,158786.0,0.8481523817663209,retspolitik
Det Konservative Folkeparti,Det Konservative Folkeparti,67,19456,19231.0,0.9884354440789472,retspolitik
Det Konservative Folkeparti,Enhedslisten,67,8916,3142.0,0.3524001794526694,retspolitik
Det Konservative Folkeparti,Inuit Ataqatigiit,67,59,46.0,0.7796610169491526,retspolitik
Det Konservative Folkeparti,Javnaðarflokkurin,67,10,10.0,1.0,retspolitik
Det Konservative Folkeparti,Liberal Alliance,67,9740,8294.0,0.8515400410677618,retspolitik
Det Konservative Folkeparti,Radikale Venstre,67,18147,11094.0,0.6113407174739627,retspolitik
Det Konservative Folkeparti,Sambandsflokkurin,67,126,126.0,1.0,retspolitik
Det Konservative Folkeparti,Siumut,67,127,103.0,0.8110236220472441,retspolitik
Det Konservative Folkeparti,Socialdemokratiet,67,115581,73730.0,0.6379076145733296,retspolitik
Det Konservative Folkeparti,Socialistisk Folkeparti,67,54327,30349.0,0.558635669188433,retspolitik
Det Konservative Folkeparti,Tjóðveldi,67,54,11.0,0.2037037037037037,retspolitik
Det Konservative Folkeparti,Venstre,67,115948,115283.0,0.994264670369476,retspolitik
Enhedslisten,Enhedslisten,67,575,537.0,0.9339130434782608,retspolitik
Enhedslisten,Inuit Ataqatigiit,67,11,2.0,0.1818181818181818,retspolitik
Enhedslisten,Javnaðarflokkurin,67,2,2.0,1.0,retspolitik
Enhedslisten,Liberal Alliance,67,2091,902.0,0.4313725490196078,retspolitik
Enhedslisten,Radikale Venstre,67,3844,2602.0,0.6768990634755463,retspolitik
Enhedslisten,Sambandsflokkurin,67,24,9.0,0.375,retspolitik
Enhedslisten,Siumut,67,25,9.0,0.36,retspolitik
Enhedslisten,Socialdemokratiet,67,24364,16627.0,0.6824413068461664,retspolitik
Enhedslisten,Socialistisk Folkeparti,67,11412,8414.0,0.7372940764107957,retspolitik
Enhedslisten,Tjóðveldi,67,13,10.0,0.7692307692307693,retspolitik
Enhedslisten,Venstre,67,24435,8426.0,0.3448332310210763,retspolitik
Inuit Ataqatigiit,Liberal Alliance,67,12,8.0,0.6666666666666666,retspolitik
Inuit Ataqatigiit,Radikale Venstre,67,20,15.0,0.75,retspolitik
Inuit Ataqatigiit,Sambandsflokkurin,67,1,1.0,1.0,retspolitik
Inuit Ataqatigiit,Siumut,67,3,3.0,1.0,retspolitik
Inuit Ataqatigiit,Socialdemokratiet,67,144,114.0,0.7916666666666666,retspolitik
Inuit Ataqatigiit,Socialistisk Folkeparti,67,71,43.0,0.6056338028169014,retspolitik
Inuit Ataqatigiit,Tjóðveldi,67,2,1.0,0.5,retspolitik
Inuit Ataqatigiit,Venstre,67,144,112.0,0.7777777777777778,retspolitik
Javnaðarflokkurin,Liberal Alliance,67,2,2.0,1.0,retspolitik
Javnaðarflokkurin,Radikale Venstre,67,5,5.0,1.0,retspolitik
Javnaðarflokkurin,Siumut,67,1,1.0,1.0,retspolitik
Javnaðarflokkurin,Socialdemokratiet,67,30,30.0,1.0,retspolitik
Javnaðarflokkurin,Socialistisk Folkeparti,67,15,15.0,1.0,retspolitik
Javnaðarflokkurin,Venstre,67,31,31.0,1.0,retspolitik
Liberal Alliance,Liberal Alliance,67,890,664.0,0.7460674157303371,retspolitik
Liberal Alliance,Radikale Venstre,67,4047,2727.0,0.6738324684951816,retspolitik
Liberal Alliance,Sambandsflokkurin,67,33,22.0,0.6666666666666666,retspolitik
Liberal Alliance,Siumut,67,35,27.0,0.7714285714285715,retspolitik
Liberal Alliance,Socialdemokratiet,67,26803,17611.0,0.6570533149274335,retspolitik
Liberal Alliance,Socialistisk Folkeparti,67,12669,7796.0,0.6153603283605652,retspolitik
Liberal Alliance,Tjóðveldi,67,15,6.0,0.4,retspolitik
Liberal Alliance,Venstre,67,26714,22837.0,0.8548701055626263,retspolitik
Radikale Venstre,Radikale Venstre,67,3124,2978.0,0.9532650448143406,retspolitik
Radikale Venstre,Sambandsflokkurin,67,49,27.0,0.5510204081632653,retspolitik
Radikale Venstre,Siumut,67,47,39.0,0.8297872340425532,retspolitik
Radikale Venstre,Socialdemokratiet,67,49371,41570.0,0.8419922626643171,retspolitik
Radikale Venstre,Socialistisk Folkeparti,67,23190,19420.0,0.8374299266925399,retspolitik
Radikale Venstre,Tjóðveldi,67,25,10.0,0.4,retspolitik
Radikale Venstre,Venstre,67,49527,29996.0,0.6056494437377592,retspolitik
Sambandsflokkurin,Siumut,67,1,0.0,0.0,retspolitik
Sambandsflokkurin,Socialdemokratiet,67,336,218.0,0.6488095238095238,retspolitik
Sambandsflokkurin,Socialistisk Folkeparti,67,153,73.0,0.477124183006536,retspolitik
Sambandsflokkurin,Tjóðveldi,67,1,0.0,0.0,retspolitik
Sambandsflokkurin,Venstre,67,318,318.0,1.0,retspolitik
Siumut,Socialdemokratiet,67,357,297.0,0.8319327731092437,retspolitik
Siumut,Socialistisk Folkeparti,67,159,118.0,0.7421383647798742,retspolitik
Siumut,Tjóðveldi,67,1,1.0,1.0,retspolitik
Siumut,Venstre,67,349,290.0,0.830945558739255,retspolitik
Socialdemokratiet,Socialdemokratiet,67,152600,151134.0,0.9903931847968546,retspolitik
Socialdemokratiet,Socialistisk Folkeparti,67,148225,132688.0,0.8951796255692359,retspolitik
Socialdemokratiet,Tjóðveldi,67,140,32.0,0.2285714285714285,retspolitik
Socialdemokratiet,Venstre,67,316243,201511.0,0.6372030369051647,retspolitik
Socialistisk Folkeparti,Socialistisk Folkeparti,67,32564,32431.0,0.9959157351676698,retspolitik
Socialistisk Folkeparti,Tjóðveldi,67,69,29.0,0.4202898550724637,retspolitik
Socialistisk Folkeparti,Venstre,67,148504,82657.0,0.5565978020794052,retspolitik
Tjóðveldi,Venstre,67,142,26.0,0.1830985915492957,retspolitik
Venstre,Venstre,67,153551,153521.0,0.9998046251733952,retspolitik
Danmarksdemokraterne,Danmarksdemokraterne,68,281,221.0,0.7864768683274022,retspolitik
Danmarksdemokraterne,Dansk Folkeparti,68,9681,8930.0,0.922425369280033,retspolitik
Danmarksdemokraterne,Det Konservative Folkeparti,68,3816,2911.0,0.7628406708595388,retspolitik
Danmarksdemokraterne,Enhedslisten,68,6529,2705.0,0.414305406647266,retspolitik
Danmarksdemokraterne,Javnaðarflokkurin,68,2,0.0,0.0,retspolitik
Danmarksdemokraterne,Liberal Alliance,68,3970,2436.0,0.6136020151133501,retspolitik
Danmarksdemokraterne,Radikale Venstre,68,8429,4392.0,0.5210582512753589,retspolitik
Danmarksdemokraterne,Sambandsflokkurin,68,12,12.0,1.0,retspolitik
Danmarksdemokraterne,Socialdemokratiet,68,22729,11867.0,0.5221083197676977,retspolitik
Danmarksdemokraterne,Socialistisk Folkeparti,68,7452,3798.0,0.5096618357487923,retspolitik
Danmarksdemokraterne,Venstre,68,21859,17143.0,0.7842536255089437,retspolitik
Dansk Folkeparti,Dansk Folkeparti,68,37173,37151.0,0.9994081725983912,retspolitik
Dansk Folkeparti,Det Konservative Folkeparti,68,31894,22137.0,0.6940803912961686,retspolitik
Dansk Folkeparti,Enhedslisten,68,54208,22841.0,0.4213584710743802,retspolitik
Dansk Folkeparti,Javnaðarflokkurin,68,13,0.0,0.0,retspolitik
Dansk Folkeparti,Liberal Alliance,68,32994,19286.0,0.5845305207007334,retspolitik
Dansk Folkeparti,Radikale Venstre,68,70193,34047.0,0.4850483666462468,retspolitik
Dansk Folkeparti,Sambandsflokkurin,68,113,113.0,1.0,retspolitik
Dansk Folkeparti,Socialdemokratiet,68,188275,91502.0,0.4860018589828708,retspolitik
Dansk Folkeparti,Socialistisk Folkeparti,68,61979,29341.0,0.4734022814178996,retspolitik
Dansk Folkeparti,Venstre,68,180679,125551.0,0.6948842975664022,retspolitik
Det Konservative Folkeparti,Det Konservative Folkeparti,68,5156,5134.0,0.995733126454616,retspolitik
Det Konservative Folkeparti,Enhedslisten,68,21526,8352.0,0.3879959119204683,retspolitik
Det Konservative Folkeparti,Javnaðarflokkurin,68,4,4.0,1.0,retspolitik
Det Konservative Folkeparti,Liberal Alliance,68,13056,8686.0,0.6652879901960784,retspolitik
Det Konservative Folkeparti,Radikale Venstre,68,27880,20540.0,0.736728837876614,retspolitik
Det Konservative Folkeparti,Sambandsflokkurin,68,44,44.0,1.0,retspolitik
Det Konservative Folkeparti,Socialdemokratiet,68,74720,55578.0,0.7438169164882227,retspolitik
Det Konservative Folkeparti,Socialistisk Folkeparti,68,24634,17502.0,0.710481448404644,retspolitik
Det Konservative Folkeparti,Venstre,68,71762,67270.0,0.9374041972074356,retspolitik
Enhedslisten,Enhedslisten,68,16119,15661.0,0.9715863266952044,retspolitik
Enhedslisten,Javnaðarflokkurin,68,8,0.0,0.0,retspolitik
Enhedslisten,Liberal Alliance,68,22178,9237.0,0.4164938227071873,retspolitik
Enhedslisten,Radikale Venstre,68,47156,30262.0,0.6417423021460684,retspolitik
Enhedslisten,Sambandsflokkurin,68,72,24.0,0.3333333333333333,retspolitik
Enhedslisten,Socialdemokratiet,68,126651,79970.0,0.6314202019723492,retspolitik
Enhedslisten,Socialistisk Folkeparti,68,41675,27969.0,0.6711217756448711,retspolitik
Enhedslisten,Venstre,68,121520,44607.0,0.3670753785385122,retspolitik
Javnaðarflokkurin,Liberal Alliance,68,5,0.0,0.0,retspolitik
Javnaðarflokkurin,Radikale Venstre,68,11,11.0,1.0,retspolitik
Javnaðarflokkurin,Socialdemokratiet,68,27,27.0,1.0,retspolitik
Javnaðarflokkurin,Socialistisk Folkeparti,68,9,9.0,1.0,retspolitik
Javnaðarflokkurin,Venstre,68,27,27.0,1.0,retspolitik
Liberal Alliance,Liberal Alliance,68,5433,5378.0,0.9898766795508926,retspolitik
Liberal Alliance,Radikale Venstre,68,28695,15452.0,0.538491026311204,retspolitik
Liberal Alliance,Sambandsflokkurin,68,45,35.0,0.7777777777777778,retspolitik
Liberal Alliance,Socialdemokratiet,68,77013,40553.0,0.5265734356537208,retspolitik
Liberal Alliance,Socialistisk Folkeparti,68,25333,12869.0,0.5079935262306083,retspolitik
Liberal Alliance,Venstre,68,73845,50145.0,0.6790574852732074,retspolitik
Radikale Venstre,Radikale Venstre,68,28035,27628.0,0.985482432673444,retspolitik
Radikale Venstre,Sambandsflokkurin,68,99,88.0,0.8888888888888888,retspolitik
Radikale Venstre,Socialdemokratiet,68,164159,162973.0,0.9927752971204746,retspolitik
Radikale Venstre,Socialistisk Folkeparti,68,54046,52285.0,0.9674166450801168,retspolitik
Radikale Venstre,Venstre,68,157933,111432.0,0.7055650180772859,retspolitik
Sambandsflokkurin,Socialdemokratiet,68,266,236.0,0.8872180451127819,retspolitik
Sambandsflokkurin,Socialistisk Folkeparti,68,84,74.0,0.8809523809523809,retspolitik
Sambandsflokkurin,Venstre,68,233,232.0,0.9957081545064378,retspolitik
Socialdemokratiet,Socialdemokratiet,68,213096,212986.0,0.9994838007283102,retspolitik
Socialdemokratiet,Socialistisk Folkeparti,68,144769,140238.0,0.9687018629679006,retspolitik
Socialdemokratiet,Venstre,68,423012,300386.0,0.7101122426786947,retspolitik
Socialistisk Folkeparti,Socialistisk Folkeparti,68,21661,21221.0,0.9796869950602464,retspolitik
Socialistisk Folkeparti,Venstre,68,139312,94372.0,0.67741472378546,retspolitik
Venstre,Venstre,68,196556,196080.0,0.9975782982966688,retspolitik
Alternativet,Alternativet,69,6325,6317.0,0.9987351778656126,retspolitik
Alternativet,Danmarksdemokraterne,69,4258,1752.0,0.4114607797087835,retspolitik
Alternativet,Dansk Folkeparti,69,62890,25225.0,0.4010971537605343,retspolitik
Alternativet,Det Konservative Folkeparti,69,11256,5166.0,0.458955223880597,retspolitik
Alternativet,Enhedslisten,69,25784,21941.0,0.8509540800496432,retspolitik
Alternativet,Inuit Ataqatigiit,69,82,16.0,0.1951219512195122,retspolitik
Alternativet,Liberal Alliance,69,23039,10472.0,0.4545336169104562,retspolitik
Alternativet,Radikale Venstre,69,13781,10479.0,0.7603947463899572,retspolitik
Alternativet,Siumut,69,6,6.0,1.0,retspolitik
Alternativet,Socialdemokratiet,69,84450,47428.0,0.5616104203670811,retspolitik
Alternativet,Socialistisk Folkeparti,69,11394,9613.0,0.8436896612252063,retspolitik
Alternativet,Tjóðveldi,69,55,10.0,0.1818181818181818,retspolitik
Alternativet,Venstre,69,55301,25449.0,0.4601905932984937,retspolitik
Danmarksdemokraterne,Danmarksdemokraterne,69,301,245.0,0.813953488372093,retspolitik
Danmarksdemokraterne,Dansk Folkeparti,69,17529,15989.0,0.9121455873124537,retspolitik
Danmarksdemokraterne,Det Konservative Folkeparti,69,3145,2825.0,0.8982511923688394,retspolitik
Danmarksdemokraterne,Enhedslisten,69,7229,2583.0,0.3573108313736339,retspolitik
Danmarksdemokraterne,Inuit Ataqatigiit,69,19,5.0,0.2631578947368421,retspolitik
Danmarksdemokraterne,Liberal Alliance,69,6453,5629.0,0.872307453897412,retspolitik
Danmarksdemokraterne,Radikale Venstre,69,3854,2145.0,0.5565646081992734,retspolitik
Danmarksdemokraterne,Siumut,69,2,1.0,0.5,retspolitik
Danmarksdemokraterne,Socialdemokratiet,69,23649,17331.0,0.7328428263351516,retspolitik
Danmarksdemokraterne,Socialistisk Folkeparti,69,3202,1544.0,0.4821986258588382,retspolitik
Danmarksdemokraterne,Tjóðveldi,69,12,2.0,0.1666666666666666,retspolitik
Danmarksdemokraterne,Venstre,69,15316,13750.0,0.8977539827631236,retspolitik
Dansk Folkeparti,Dansk Folkeparti,69,123571,123551.0,0.9998381497276868,retspolitik
Dansk Folkeparti,Det Konservative Folkeparti,69,46261,37545.0,0.811590756792979,retspolitik
Dansk Folkeparti,Enhedslisten,69,106020,38861.0,0.3665440482927749,retspolitik
Dansk Folkeparti,Inuit Ataqatigiit,69,300,66.0,0.22,retspolitik
Dansk Folkeparti,Liberal Alliance,69,94817,75557.0,0.7968718689686448,retspolitik
Dansk Folkeparti,Radikale Venstre,69,56757,29220.0,0.5148263650298641,retspolitik
Dansk Folkeparti,Siumut,69,22,0.0,0.0,retspolitik
Dansk Folkeparti,Socialdemokratiet,69,347243,233542.0,0.6725607139668762,retspolitik
Dansk Folkeparti,Socialistisk Folkeparti,69,46882,22523.0,0.4804189241073333,retspolitik
Dansk Folkeparti,Tjóðveldi,69,241,45.0,0.1867219917012448,retspolitik
Dansk Folkeparti,Venstre,69,226607,183395.0,0.8093086268297096,retspolitik
Det Konservative Folkeparti,Det Konservative Folkeparti,69,3154,3154.0,1.0,retspolitik
Det Konservative Folkeparti,Enhedslisten,69,18974,7004.0,0.3691367133972805,retspolitik
Det Konservative Folkeparti,Inuit Ataqatigiit,69,56,12.0,0.2142857142857142,retspolitik
Det Konservative Folkeparti,Liberal Alliance,69,16952,16284.0,0.9605946201038226,retspolitik
Det Konservative Folkeparti,Radikale Venstre,69,10159,6517.0,0.641500147652328,retspolitik
Det Konservative Folkeparti,Siumut,69,4,4.0,1.0,retspolitik
Det Konservative Folkeparti,Socialdemokratiet,69,62044,51415.0,0.8286860937399265,retspolitik
Det Konservative Folkeparti,Socialistisk Folkeparti,69,8379,4279.0,0.5106814655686837,retspolitik
Det Konservative Folkeparti,Tjóðveldi,69,41,8.0,0.1951219512195122,retspolitik
Det Konservative Folkeparti,Venstre,69,40386,40226.0,0.9960382310701728,retspolitik
Enhedslisten,Enhedslisten,69,19332,19316.0,0.9991723567142562,retspolitik
Enhedslisten,Inuit Ataqatigiit,69,125,44.0,0.352,retspolitik
Enhedslisten,Liberal Alliance,69,38874,14433.0,0.3712764315480784,retspolitik
Enhedslisten,Radikale Venstre,69,23247,15831.0,0.680991095625242,retspolitik
Enhedslisten,Siumut,69,9,9.0,1.0,retspolitik
Enhedslisten,Socialdemokratiet,69,142442,67277.0,0.4723115373274736,retspolitik
Enhedslisten,Socialistisk Folkeparti,69,19216,15837.0,0.8241569525395503,retspolitik
Enhedslisten,Tjóðveldi,69,99,9.0,0.0909090909090909,retspolitik
Enhedslisten,Venstre,69,92914,34302.0,0.369180102029834,retspolitik
Inuit Ataqatigiit,Liberal Alliance,69,112,24.0,0.2142857142857142,retspolitik
Inuit Ataqatigiit,Radikale Venstre,69,65,14.0,0.2153846153846154,retspolitik
Inuit Ataqatigiit,Socialdemokratiet,69,408,87.0,0.213235294117647,retspolitik
Inuit Ataqatigiit,Socialistisk Folkeparti,69,55,19.0,0.3454545454545454,retspolitik
Inuit Ataqatigiit,Tjóðveldi,69,1,1.0,1.0,retspolitik
Inuit Ataqatigiit,Venstre,69,284,59.0,0.2077464788732394,retspolitik
Liberal Alliance,Liberal Alliance,69,15278,15215.0,0.9958764236156564,retspolitik
Liberal Alliance,Radikale Venstre,69,20821,13212.0,0.634551654579511,retspolitik
Liberal Alliance,Siumut,69,8,8.0,1.0,retspolitik
Liberal Alliance,Socialdemokratiet,69,127383,101514.0,0.7969195261534113,retspolitik
Liberal Alliance,Socialistisk Folkeparti,69,17193,8742.0,0.5084627464665853,retspolitik
Liberal Alliance,Tjóðveldi,69,86,16.0,0.1860465116279069,retspolitik
Liberal Alliance,Venstre,69,83101,79689.0,0.958941528982804,retspolitik
Radikale Venstre,Radikale Venstre,69,4987,4963.0,0.9951874874674153,retspolitik
Radikale Venstre,Siumut,69,5,5.0,1.0,retspolitik
Radikale Venstre,Socialdemokratiet,69,76184,55184.0,0.7243515698834401,retspolitik
Radikale Venstre,Socialistisk Folkeparti,69,10301,8141.0,0.7903116202310455,retspolitik
Radikale Venstre,Tjóðveldi,69,53,10.0,0.1886792452830188,retspolitik
Radikale Venstre,Venstre,69,49779,32348.0,0.6498322585829366,retspolitik
Siumut,Socialdemokratiet,69,30,30.0,1.0,retspolitik
Siumut,Socialistisk Folkeparti,69,4,4.0,1.0,retspolitik
Siumut,Venstre,69,21,21.0,1.0,retspolitik
Socialdemokratiet,Socialdemokratiet,69,225852,221823.0,0.9821608841188034,retspolitik
Socialdemokratiet,Socialistisk Folkeparti,69,62944,39098.0,0.6211553126588714,retspolitik
Socialdemokratiet,Tjóðveldi,69,319,58.0,0.1818181818181818,retspolitik
Socialdemokratiet,Venstre,69,305304,252887.0,0.8283121085868511,retspolitik
Socialistisk Folkeparti,Socialistisk Folkeparti,69,3199,3196.0,0.9990622069396686,retspolitik
Socialistisk Folkeparti,Tjóðveldi,69,44,8.0,0.1818181818181818,retspolitik
Socialistisk Folkeparti,Venstre,69,41092,21078.0,0.5129465589409131,retspolitik
Tjóðveldi,Venstre,69,210,38.0,0.1809523809523809,retspolitik
Venstre,Venstre,69,94993,94993.0,1.0,retspolitik
Alternativet,Alternativet,70,1350,1182.0,0.8755555555555555,retspolitik
Alternativet,Danmarksdemokraterne,70,1927,800.0,0.4151530877010898,retspolitik
Alternativet,Dansk Folkeparti,70,10226,4287.0,0.419225503618228,retspolitik
Alternativet,Det Konservative Folkeparti,70,8483,4171.0,0.4916892608746905,retspolitik
Alternativet,Enhedslisten,70,9699,8314.0,0.8572017733786989,retspolitik
Alternativet,Liberal Alliance,70,2584,1317.0,0.5096749226006192,retspolitik
Alternativet,Nye Borgerlige,70,2823,1063.0,0.3765497697484945,retspolitik
Alternativet,Radikale Venstre,70,11714,9449.0,0.8066416254054977,retspolitik
Alternativet,Sambandsflokkurin,70,24,16.0,0.6666666666666666,retspolitik
Alternativet,Siumut,70,4,1.0,0.25,retspolitik
Alternativet,Socialdemokratiet,70,36787,22624.0,0.6149998640824205,retspolitik
Alternativet,Socialistisk Folkeparti,70,10535,8783.0,0.8336971998101567,retspolitik
Alternativet,Venstre,70,31833,15480.0,0.4862878145320893,retspolitik
Danmarksdemokraterne,Danmarksdemokraterne,70,240,210.0,0.875,retspolitik
Danmarksdemokraterne,Dansk Folkeparti,70,5072,4767.0,0.9398659305993692,retspolitik
Danmarksdemokraterne,Det Konservative Folkeparti,70,4365,3204.0,0.734020618556701,retspolitik
Danmarksdemokraterne,Enhedslisten,70,4929,1936.0,0.3927774396429296,retspolitik
Danmarksdemokraterne,Liberal Alliance,70,1290,868.0,0.6728682170542636,retspolitik
Danmarksdemokraterne,Nye Borgerlige,70,1453,1123.0,0.7728836889194769,retspolitik
Danmarksdemokraterne,Radikale Venstre,70,5971,2822.0,0.4726176519845922,retspolitik
Danmarksdemokraterne,Sambandsflokkurin,70,12,11.0,0.9166666666666666,retspolitik
Danmarksdemokraterne,Siumut,70,3,0.0,0.0,retspolitik
Danmarksdemokraterne,Socialdemokratiet,70,18466,11526.0,0.624174157911838,retspolitik
Danmarksdemokraterne,Socialistisk Folkeparti,70,5392,2375.0,0.4404673590504451,retspolitik
Danmarksdemokraterne,Venstre,70,15965,11749.0,0.7359223300970874,retspolitik
Dansk Folkeparti,Dansk Folkeparti,70,12184,11987.0,0.9838312541037426,retspolitik
Dansk Folkeparti,Det Konservative Folkeparti,70,22906,16029.0,0.6997729852440409,retspolitik
Dansk Folkeparti,Enhedslisten,70,25961,10542.0,0.4060706444281807,retspolitik
Dansk Folkeparti,Liberal Alliance,70,6935,4740.0,0.6834895457822638,retspolitik
Dansk Folkeparti,Nye Borgerlige,70,7625,6160.0,0.8078688524590164,retspolitik
Dansk Folkeparti,Radikale Venstre,70,31468,14940.0,0.4747680183043091,retspolitik
Dansk Folkeparti,Sambandsflokkurin,70,62,56.0,0.9032258064516128,retspolitik
Dansk Folkeparti,Siumut,70,8,0.0,0.0,retspolitik
Dansk Folkeparti,Socialdemokratiet,70,98845,57629.0,0.5830239263493349,retspolitik
Dansk Folkeparti,Socialistisk Folkeparti,70,28513,12609.0,0.4422193385473293,retspolitik
Dansk Folkeparti,Venstre,70,85211,58310.0,0.684301322599195,retspolitik
Det Konservative Folkeparti,Det Konservative Folkeparti,70,8340,8294.0,0.994484412470024,retspolitik
Det Konservative Folkeparti,Enhedslisten,70,21762,9746.0,0.4478448671997059,retspolitik
Det Konservative Folkeparti,Liberal Alliance,70,5735,4441.0,0.7743679163034002,retspolitik
Det Konservative Folkeparti,Nye Borgerlige,70,6338,4033.0,0.6363206058693595,retspolitik
Det Konservative Folkeparti,Radikale Venstre,70,26312,15841.0,0.6020446944359987,retspolitik
Det Konservative Folkeparti,Sambandsflokkurin,70,47,47.0,1.0,retspolitik
Det Konservative Folkeparti,Siumut,70,7,0.0,0.0,retspolitik
Det Konservative Folkeparti,Socialdemokratiet,70,82254,64119.0,0.7795244000291779,retspolitik
Det Konservative Folkeparti,Socialistisk Folkeparti,70,23891,13620.0,0.5700891549118915,retspolitik
Det Konservative Folkeparti,Venstre,70,70677,63681.0,0.9010144742985696,retspolitik
Enhedslisten,Enhedslisten,70,10765,10708.0,0.9947050627032048,retspolitik
Enhedslisten,Liberal Alliance,70,6506,3133.0,0.4815554872425453,retspolitik
Enhedslisten,Nye Borgerlige,70,7195,2686.0,0.3733148019457957,retspolitik
Enhedslisten,Radikale Venstre,70,29960,24232.0,0.8088117489986649,retspolitik
Enhedslisten,Sambandsflokkurin,70,56,24.0,0.4285714285714285,retspolitik
Enhedslisten,Siumut,70,8,8.0,1.0,retspolitik
Enhedslisten,Socialdemokratiet,70,93944,58176.0,0.6192625393851656,retspolitik
Enhedslisten,Socialistisk Folkeparti,70,27149,22856.0,0.8418726288261078,retspolitik
Enhedslisten,Venstre,70,81234,36324.0,0.4471526700642588,retspolitik
Liberal Alliance,Liberal Alliance,70,483,479.0,0.9917184265010353,retspolitik
Liberal Alliance,Nye Borgerlige,70,1880,1226.0,0.652127659574468,retspolitik
Liberal Alliance,Radikale Venstre,70,7901,4842.0,0.6128338185039869,retspolitik
Liberal Alliance,Sambandsflokkurin,70,14,14.0,1.0,retspolitik
Liberal Alliance,Siumut,70,1,0.0,0.0,retspolitik
Liberal Alliance,Socialdemokratiet,70,24824,16747.0,0.6746293909120207,retspolitik
Liberal Alliance,Socialistisk Folkeparti,70,7161,4013.0,0.5603965926546571,retspolitik
Liberal Alliance,Venstre,70,21432,16829.0,0.785227696901829,retspolitik
Nye Borgerlige,Nye Borgerlige,70,617,617.0,1.0,retspolitik
Nye Borgerlige,Radikale Venstre,70,8700,3384.0,0.3889655172413793,retspolitik
Nye Borgerlige,Sambandsflokkurin,70,17,15.0,0.8823529411764706,retspolitik
Nye Borgerlige,Siumut,70,3,0.0,0.0,retspolitik
Nye Borgerlige,Socialdemokratiet,70,27430,12915.0,0.47083485235144,retspolitik
Nye Borgerlige,Socialistisk Folkeparti,70,7897,2997.0,0.3795112067873876,retspolitik
Nye Borgerlige,Venstre,70,23557,14261.0,0.6053826887973851,retspolitik
Radikale Venstre,Radikale Venstre,70,16202,15505.0,0.9569806196765832,retspolitik
Radikale Venstre,Sambandsflokkurin,70,70,39.0,0.5571428571428572,retspolitik
Radikale Venstre,Siumut,70,11,11.0,1.0,retspolitik
Radikale Venstre,Socialdemokratiet,70,113340,85753.0,0.7565996117875419,retspolitik
Radikale Venstre,Socialistisk Folkeparti,70,32849,28309.0,0.8617918353678955,retspolitik
Radikale Venstre,Venstre,70,98100,59308.0,0.6045667686034658,retspolitik
Sambandsflokkurin,Socialdemokratiet,70,185,131.0,0.7081081081081081,retspolitik
Sambandsflokkurin,Socialistisk Folkeparti,70,59,34.0,0.576271186440678,retspolitik
Sambandsflokkurin,Venstre,70,157,156.0,0.9936305732484076,retspolitik
Siumut,Socialdemokratiet,70,29,29.0,1.0,retspolitik
Siumut,Socialistisk Folkeparti,70,8,8.0,1.0,retspolitik
Siumut,Venstre,70,27,0.0,0.0,retspolitik
Socialdemokratiet,Socialdemokratiet,70,173252,173196.0,0.9996767714081224,retspolitik
Socialdemokratiet,Socialistisk Folkeparti,70,102867,75724.0,0.7361350092838326,retspolitik
Socialdemokratiet,Venstre,70,309673,244595.0,0.789849292640947,retspolitik
Socialistisk Folkeparti,Socialistisk Folkeparti,70,13119,13108.0,0.9991615214574282,retspolitik
Socialistisk Folkeparti,Venstre,70,88898,50696.0,0.5702715471664155,retspolitik
Venstre,Venstre,70,128737,127469.0,0.9901504617942006,retspolitik
Alternativet,Alternativet,71,1160,1032.0,0.8896551724137931,retspolitik
Alternativet,Danmarksdemokraterne,71,8825,4646.0,0.5264589235127479,retspolitik
Alternativet,Dansk Folkeparti,71,2340,1149.0,0.491025641025641,retspolitik
Alternativet,Det Konservative Folkeparti,71,6010,3328.0,0.5537437603993345,retspolitik
Alternativet,Enhedslisten,71,5004,3893.0,0.7779776179056754,retspolitik
Alternativet,Inuit Ataqatigiit,71,2,2.0,1.0,retspolitik
Alternativet,Javnaðarflokkurin,71,4,2.0,0.5,retspolitik
Alternativet,Liberal Alliance,71,8672,4843.0,0.5584640221402214,retspolitik
Alternativet,Moderaterne,71,9714,4818.0,0.4959851760345892,retspolitik
Alternativet,Nye Borgerlige,71,3416,1687.0,0.4938524590163934,retspolitik
Alternativet,Radikale Venstre,71,4233,2919.0,0.6895818568391212,retspolitik
Alternativet,Sambandsflokkurin,71,44,20.0,0.4545454545454545,retspolitik
Alternativet,Siumut,71,2,2.0,1.0,retspolitik
Alternativet,Socialdemokratiet,71,33762,16798.0,0.4975416148332445,retspolitik
Alternativet,Socialistisk Folkeparti,71,9097,6545.0,0.7194679564691656,retspolitik
Alternativet,Venstre,71,15465,7719.0,0.4991270611057226,retspolitik
Danmarksdemokraterne,Danmarksdemokraterne,71,11046,10988.0,0.9947492304906752,retspolitik
Danmarksdemokraterne,Dansk Folkeparti,71,6588,5210.0,0.7908318154219793,retspolitik
Danmarksdemokraterne,Det Konservative Folkeparti,71,16894,14277.0,0.8450929324020362,retspolitik
Danmarksdemokraterne,Enhedslisten,71,14054,7461.0,0.5308808880034154,retspolitik
Danmarksdemokraterne,Inuit Ataqatigiit,71,9,9.0,1.0,retspolitik
Danmarksdemokraterne,Javnaðarflokkurin,71,19,0.0,0.0,retspolitik
Danmarksdemokraterne,Liberal Alliance,71,24239,18983.0,0.7831593712611906,retspolitik
Danmarksdemokraterne,Moderaterne,71,27403,17831.0,0.650695179359924,retspolitik
Danmarksdemokraterne,Nye Borgerlige,71,9820,8000.0,0.814663951120163,retspolitik
Danmarksdemokraterne,Radikale Venstre,71,12044,7025.0,0.5832779807372965,retspolitik
Danmarksdemokraterne,Sambandsflokkurin,71,105,44.0,0.419047619047619,retspolitik
Danmarksdemokraterne,Siumut,71,9,9.0,1.0,retspolitik
Danmarksdemokraterne,Socialdemokratiet,71,94875,60786.0,0.640695652173913,retspolitik
Danmarksdemokraterne,Socialistisk Folkeparti,71,25670,15346.0,0.5978184651343982,retspolitik
Danmarksdemokraterne,Venstre,71,43349,27956.0,0.644905303467208,retspolitik
Dansk Folkeparti,Dansk Folkeparti,71,548,543.0,0.9908759124087592,retspolitik
Dansk Folkeparti,Det Konservative Folkeparti,71,4485,3336.0,0.7438127090301003,retspolitik
Dansk Folkeparti,Enhedslisten,71,3742,1934.0,0.5168359166221272,retspolitik
Dansk Folkeparti,Inuit Ataqatigiit,71,2,0.0,0.0,retspolitik
Dansk Folkeparti,Javnaðarflokkurin,71,5,0.0,0.0,retspolitik
Dansk Folkeparti,Liberal Alliance,71,6444,4492.0,0.6970825574177529,retspolitik
Dansk Folkeparti,Moderaterne,71,7288,4022.0,0.5518660812294183,retspolitik
Dansk Folkeparti,Nye Borgerlige,71,2571,2226.0,0.8658109684947491,retspolitik
Dansk Folkeparti,Radikale Venstre,71,3221,1601.0,0.497050605402049,retspolitik
Dansk Folkeparti,Sambandsflokkurin,71,26,9.0,0.3461538461538461,retspolitik
Dansk Folkeparti,Siumut,71,2,0.0,0.0,retspolitik
Dansk Folkeparti,Socialdemokratiet,71,25240,13700.0,0.5427892234548336,retspolitik
Dansk Folkeparti,Socialistisk Folkeparti,71,6822,3725.0,0.5460275579009088,retspolitik
Dansk Folkeparti,Venstre,71,11541,6261.0,0.5425006498570315,retspolitik
Det Konservative Folkeparti,Det Konservative Folkeparti,71,4802,4787.0,0.9968763015410246,retspolitik
Det Konservative Folkeparti,Enhedslisten,71,9558,5218.0,0.5459301109018623,retspolitik
Det Konservative Folkeparti,Inuit Ataqatigiit,71,6,6.0,1.0,retspolitik
Det Konservative Folkeparti,Javnaðarflokkurin,71,12,0.0,0.0,retspolitik
Det Konservative Folkeparti,Liberal Alliance,71,16510,13855.0,0.8391883706844336,retspolitik
Det Konservative Folkeparti,Moderaterne,71,18660,13408.0,0.7185423365487674,retspolitik
Det Konservative Folkeparti,Nye Borgerlige,71,6682,5222.0,0.7815025441484585,retspolitik
Det Konservative Folkeparti,Radikale Venstre,71,8189,5285.0,0.6453779460251557,retspolitik
Det Konservative Folkeparti,Sambandsflokkurin,71,71,35.0,0.4929577464788732,retspolitik
Det Konservative Folkeparti,Siumut,71,6,6.0,1.0,retspolitik
Det Konservative Folkeparti,Socialdemokratiet,71,64557,45927.0,0.7114178168130489,retspolitik
Det Konservative Folkeparti,Socialistisk Folkeparti,71,17471,11399.0,0.6524526357964627,retspolitik
Det Konservative Folkeparti,Venstre,71,29506,21073.0,0.7141937233105131,retspolitik
Enhedslisten,Enhedslisten,71,3205,3137.0,0.9787831513260532,retspolitik
Enhedslisten,Inuit Ataqatigiit,71,5,5.0,1.0,retspolitik
Enhedslisten,Javnaðarflokkurin,71,11,6.0,0.5454545454545454,retspolitik
Enhedslisten,Liberal Alliance,71,13700,7616.0,0.5559124087591241,retspolitik
Enhedslisten,Moderaterne,71,15508,7754.0,0.5,retspolitik
Enhedslisten,Nye Borgerlige,71,5569,2772.0,0.4977554318549111,retspolitik
Enhedslisten,Radikale Venstre,71,6825,4788.0,0.7015384615384616,retspolitik
Enhedslisten,Sambandsflokkurin,71,59,27.0,0.4576271186440678,retspolitik
Enhedslisten,Siumut,71,5,5.0,1.0,retspolitik
Enhedslisten,Socialdemokratiet,71,53718,26130.0,0.486429129900592,retspolitik
Enhedslisten,Socialistisk Folkeparti,71,14524,10881.0,0.749173781327458,retspolitik
Enhedslisten,Venstre,71,24539,12042.0,0.4907290435633074,retspolitik
Inuit Ataqatigiit,Liberal Alliance,71,9,9.0,1.0,retspolitik
Inuit Ataqatigiit,Moderaterne,71,11,11.0,1.0,retspolitik
Inuit Ataqatigiit,Nye Borgerlige,71,3,0.0,0.0,retspolitik
Inuit Ataqatigiit,Radikale Venstre,71,5,5.0,1.0,retspolitik
Inuit Ataqatigiit,Siumut,71,1,1.0,1.0,retspolitik
Inuit Ataqatigiit,Socialdemokratiet,71,30,30.0,1.0,retspolitik
Inuit Ataqatigiit,Socialistisk Folkeparti,71,9,9.0,1.0,retspolitik
Inuit Ataqatigiit,Venstre,71,14,14.0,1.0,retspolitik
Javnaðarflokkurin,Liberal Alliance,71,17,0.0,0.0,retspolitik
Javnaðarflokkurin,Moderaterne,71,23,19.0,0.8260869565217391,retspolitik
Javnaðarflokkurin,Nye Borgerlige,71,7,0.0,0.0,retspolitik
Javnaðarflokkurin,Radikale Venstre,71,9,5.0,0.5555555555555556,retspolitik
Javnaðarflokkurin,Socialdemokratiet,71,71,71.0,1.0,retspolitik
Javnaðarflokkurin,Socialistisk Folkeparti,71,18,9.0,0.5,retspolitik
Javnaðarflokkurin,Venstre,71,29,29.0,1.0,retspolitik
Liberal Alliance,Liberal Alliance,71,10517,10475.0,0.996006465722164,retspolitik
Liberal Alliance,Moderaterne,71,26768,18587.0,0.6943738792588166,retspolitik
Liberal Alliance,Nye Borgerlige,71,9493,7217.0,0.7602443906036026,retspolitik
Liberal Alliance,Radikale Venstre,71,11746,7548.0,0.6426017367614507,retspolitik
Liberal Alliance,Sambandsflokkurin,71,106,62.0,0.5849056603773585,retspolitik
Liberal Alliance,Siumut,71,9,9.0,1.0,retspolitik
Liberal Alliance,Socialdemokratiet,71,92615,63617.0,0.6868973708362576,retspolitik
Liberal Alliance,Socialistisk Folkeparti,71,25048,16390.0,0.6543436601724688,retspolitik
Liberal Alliance,Venstre,71,42297,29079.0,0.6874955670614937,retspolitik
Moderaterne,Moderaterne,71,13680,12721.0,0.9298976608187136,retspolitik
Moderaterne,Nye Borgerlige,71,10862,6296.0,0.5796354262566746,retspolitik
Moderaterne,Radikale Venstre,71,13320,9382.0,0.7043543543543543,retspolitik
Moderaterne,Sambandsflokkurin,71,119,114.0,0.957983193277311,retspolitik
Moderaterne,Siumut,71,11,11.0,1.0,retspolitik
Moderaterne,Socialdemokratiet,71,104734,100435.0,0.9589531575228676,retspolitik
Moderaterne,Socialistisk Folkeparti,71,28357,19201.0,0.6771167612935077,retspolitik
Moderaterne,Venstre,71,47805,45672.0,0.9553812362723564,retspolitik
Nye Borgerlige,Nye Borgerlige,71,1514,1199.0,0.7919418758256275,retspolitik
Nye Borgerlige,Radikale Venstre,71,4787,2478.0,0.5176519740965114,retspolitik
Nye Borgerlige,Sambandsflokkurin,71,39,13.0,0.3333333333333333,retspolitik
Nye Borgerlige,Siumut,71,3,0.0,0.0,retspolitik
Nye Borgerlige,Socialdemokratiet,71,37576,21478.0,0.571588247817756,retspolitik
Nye Borgerlige,Socialistisk Folkeparti,71,10166,5643.0,0.5550855793822546,retspolitik
Nye Borgerlige,Venstre,71,17176,9858.0,0.573940381928272,retspolitik
Radikale Venstre,Radikale Venstre,71,2281,2167.0,0.950021920210434,retspolitik
Radikale Venstre,Sambandsflokkurin,71,49,18.0,0.3673469387755102,retspolitik
Radikale Venstre,Siumut,71,5,5.0,1.0,retspolitik
Radikale Venstre,Socialdemokratiet,71,46096,33300.0,0.7224054147865324,retspolitik
Radikale Venstre,Socialistisk Folkeparti,71,12461,9904.0,0.7947997752989326,retspolitik
Radikale Venstre,Venstre,71,21022,15144.0,0.7203881647797545,retspolitik
Sambandsflokkurin,Socialdemokratiet,71,400,400.0,1.0,retspolitik
Sambandsflokkurin,Socialistisk Folkeparti,71,107,54.0,0.5046728971962616,retspolitik
Sambandsflokkurin,Venstre,71,164,162.0,0.9878048780487804,retspolitik
Siumut,Socialdemokratiet,71,30,30.0,1.0,retspolitik
Siumut,Socialistisk Folkeparti,71,9,9.0,1.0,retspolitik
Siumut,Venstre,71,14,14.0,1.0,retspolitik
Socialdemokratiet,Socialdemokratiet,71,176286,176253.0,0.999812804193186,retspolitik
Socialdemokratiet,Socialistisk Folkeparti,71,98102,66550.0,0.6783755682860696,retspolitik
Socialdemokratiet,Venstre,71,165604,164802.0,0.995157121808652,retspolitik
Socialistisk Folkeparti,Socialistisk Folkeparti,71,11835,11754.0,0.9931558935361215,retspolitik
Socialistisk Folkeparti,Venstre,71,44811,30413.0,0.6786949632902636,retspolitik
Venstre,Venstre,71,35552,35210.0,0.9903802880288028,retspolitik
Danmarksdemokraterne,Danmarksdemokraterne,65,6,6.0,1.0,uddannelse
Danmarksdemokraterne,Dansk Folkeparti,65,334,334.0,1.0,uddannelse
Danmarksdemokraterne,Det Konservative Folkeparti,65,191,191.0,1.0,uddannelse
Danmarksdemokraterne,Enhedslisten,65,25,8.0,0.32,uddannelse
Danmarksdemokraterne,Inuit Ataqatigiit,65,1,0.0,0.0,uddannelse
Danmarksdemokraterne,Kristendemokraterne,65,44,24.0,0.5454545454545454,uddannelse
Danmarksdemokraterne,Radikale Venstre,65,99,61.0,0.6161616161616161,uddannelse
Danmarksdemokraterne,Socialdemokratiet,65,735,452.0,0.6149659863945578,uddannelse
Danmarksdemokraterne,Socialistisk Folkeparti,65,157,88.0,0.5605095541401274,uddannelse
Danmarksdemokraterne,Venstre,65,842,842.0,1.0,uddannelse
Dansk Folkeparti,Dansk Folkeparti,65,1629,1629.0,1.0,uddannelse
Dansk Folkeparti,Det Konservative Folkeparti,65,2063,2063.0,1.0,uddannelse
Dansk Folkeparti,Enhedslisten,65,264,84.0,0.3181818181818182,uddannelse
Dansk Folkeparti,Inuit Ataqatigiit,65,13,0.0,0.0,uddannelse
Dansk Folkeparti,Kristendemokraterne,65,475,249.0,0.5242105263157895,uddannelse
Dansk Folkeparti,Radikale Venstre,65,1047,576.0,0.5501432664756447,uddannelse
Dansk Folkeparti,Socialdemokratiet,65,7794,4286.0,0.5499101873235822,uddannelse
Dansk Folkeparti,Socialistisk Folkeparti,65,1642,784.0,0.4774665042630938,uddannelse
Dansk Folkeparti,Venstre,65,8825,8825.0,1.0,uddannelse
Det Konservative Folkeparti,Det Konservative Folkeparti,65,549,549.0,1.0,uddannelse
Det Konservative Folkeparti,Enhedslisten,65,159,52.0,0.3270440251572327,uddannelse
Det Konservative Folkeparti,Inuit Ataqatigiit,65,11,0.0,0.0,uddannelse
Det Konservative Folkeparti,Kristendemokraterne,65,282,152.0,0.5390070921985816,uddannelse
Det Konservative Folkeparti,Radikale Venstre,65,619,340.0,0.5492730210016155,uddannelse
Det Konservative Folkeparti,Socialdemokratiet,65,4591,2522.0,0.5493356567196689,uddannelse
Det Konservative Folkeparti,Socialistisk Folkeparti,65,973,458.0,0.4707091469681397,uddannelse
Det Konservative Folkeparti,Venstre,65,5209,5209.0,1.0,uddannelse
Enhedslisten,Enhedslisten,65,1,1.0,1.0,uddannelse
Enhedslisten,Inuit Ataqatigiit,65,2,2.0,1.0,uddannelse
Enhedslisten,Kristendemokraterne,65,36,28.0,0.7777777777777778,uddannelse
Enhedslisten,Radikale Venstre,65,79,62.0,0.7848101265822784,uddannelse
Enhedslisten,Socialdemokratiet,65,586,437.0,0.7457337883959044,uddannelse
Enhedslisten,Socialistisk Folkeparti,65,127,106.0,0.8346456692913385,uddannelse
Enhedslisten,Venstre,65,667,205.0,0.3073463268365817,uddannelse
Inuit Ataqatigiit,Kristendemokraterne,65,2,2.0,1.0,uddannelse
Inuit Ataqatigiit,Radikale Venstre,65,4,4.0,1.0,uddannelse
Inuit Ataqatigiit,Socialdemokratiet,65,28,28.0,1.0,uddannelse
Inuit Ataqatigiit,Socialistisk Folkeparti,65,9,9.0,1.0,uddannelse
Inuit Ataqatigiit,Venstre,65,35,0.0,0.0,uddannelse
Kristendemokraterne,Kristendemokraterne,65,16,16.0,1.0,uddannelse
Kristendemokraterne,Radikale Venstre,65,143,125.0,0.8741258741258742,uddannelse
Kristendemokraterne,Socialdemokratiet,65,1058,940.0,0.888468809073724,uddannelse
Kristendemokraterne,Socialistisk Folkeparti,65,225,183.0,0.8133333333333334,uddannelse
Kristendemokraterne,Venstre,65,1201,623.0,0.5187343880099917,uddannelse
Radikale Venstre,Radikale Venstre,65,121,121.0,1.0,uddannelse
Radikale Venstre,Socialdemokratiet,65,2325,2180.0,0.9376344086021504,uddannelse
Radikale Venstre,Socialistisk Folkeparti,65,493,465.0,0.9432048681541582,uddannelse
Radikale Venstre,Venstre,65,2631,1444.0,0.548840744963892,uddannelse
Socialdemokratiet,Socialdemokratiet,65,8399,8399.0,1.0,uddannelse
Socialdemokratiet,Socialistisk Folkeparti,65,3648,3221.0,0.8829495614035088,uddannelse
Socialdemokratiet,Venstre,65,19619,10754.0,0.5481421071410367,uddannelse
Socialistisk Folkeparti,Socialistisk Folkeparti,65,334,334.0,1.0,uddannelse
Socialistisk Folkeparti,Venstre,65,4148,1954.0,0.4710703953712633,uddannelse
Venstre,Venstre,65,10844,10844.0,1.0,uddannelse
Danmarksdemokraterne,Danmarksdemokraterne,66,67,62.0,0.9253731343283582,uddannelse
Danmarksdemokraterne,Dansk Folkeparti,66,4371,4154.0,0.950354609929078,uddannelse
Danmarksdemokraterne,Det Konservative Folkeparti,66,3116,2986.0,0.9582798459563544,uddannelse
Danmarksdemokraterne,Enhedslisten,66,745,149.0,0.2,uddannelse
Danmarksdemokraterne,Inuit Ataqatigiit,66,1,1.0,1.0,uddannelse
Danmarksdemokraterne,Radikale Venstre,66,2572,1252.0,0.4867807153965785,uddannelse
Danmarksdemokraterne,Siumut,66,3,2.0,0.6666666666666666,uddannelse
Danmarksdemokraterne,Socialdemokratiet,66,7859,5092.0,0.6479195826441023,uddannelse
Danmarksdemokraterne,Socialistisk Folkeparti,66,2194,752.0,0.3427529626253418,uddannelse
Danmarksdemokraterne,Tjóðveldi,66,2,0.0,0.0,uddannelse
Danmarksdemokraterne,Venstre,66,9210,8827.0,0.958414766558089,uddannelse
Dansk Folkeparti,Dansk Folkeparti,66,27357,27235.0,0.9955404466864056,uddannelse
Dansk Folkeparti,Det Konservative Folkeparti,66,41296,38273.0,0.9267967841921736,uddannelse
Dansk Folkeparti,Enhedslisten,66,9945,1907.0,0.19175465057818,uddannelse
Dansk Folkeparti,Inuit Ataqatigiit,66,16,0.0,0.0,uddannelse
Dansk Folkeparti,Radikale Venstre,66,33717,16237.0,0.4815671619657739,uddannelse
Dansk Folkeparti,Siumut,66,33,17.0,0.5151515151515151,uddannelse
Dansk Folkeparti,Socialdemokratiet,66,104926,64095.0,0.6108590816384881,uddannelse
Dansk Folkeparti,Socialistisk Folkeparti,66,28957,10530.0,0.363642642538937,uddannelse
Dansk Folkeparti,Tjóðveldi,66,32,0.0,0.0,uddannelse
Dansk Folkeparti,Venstre,66,121932,112540.0,0.9229734606173932,uddannelse
Det Konservative Folkeparti,Det Konservative Folkeparti,66,13528,13321.0,0.98469840331165,uddannelse
Det Konservative Folkeparti,Enhedslisten,66,7103,1390.0,0.1956919611431789,uddannelse
Det Konservative Folkeparti,Inuit Ataqatigiit,66,10,10.0,1.0,uddannelse
Det Konservative Folkeparti,Radikale Venstre,66,23933,12154.0,0.5078343709522417,uddannelse
Det Konservative Folkeparti,Siumut,66,24,13.0,0.5416666666666666,uddannelse
Det Konservative Folkeparti,Socialdemokratiet,66,74492,49715.0,0.6673871019706814,uddannelse
Det Konservative Folkeparti,Socialistisk Folkeparti,66,20623,7957.0,0.3858313533433545,uddannelse
Det Konservative Folkeparti,Tjóðveldi,66,21,0.0,0.0,uddannelse
Det Konservative Folkeparti,Venstre,66,86693,85055.0,0.9811057409479428,uddannelse
Enhedslisten,Enhedslisten,66,582,582.0,1.0,uddannelse
Enhedslisten,Inuit Ataqatigiit,66,1,1.0,1.0,uddannelse
Enhedslisten,Radikale Venstre,66,5799,3634.0,0.6266597689256769,uddannelse
Enhedslisten,Siumut,66,5,3.0,0.6,uddannelse
Enhedslisten,Socialdemokratiet,66,17929,8571.0,0.4780523174744827,uddannelse
Enhedslisten,Socialistisk Folkeparti,66,4953,3809.0,0.7690288713910761,uddannelse
Enhedslisten,Tjóðveldi,66,6,6.0,1.0,uddannelse
Enhedslisten,Venstre,66,20844,4136.0,0.1984264056802916,uddannelse
Inuit Ataqatigiit,Radikale Venstre,66,8,8.0,1.0,uddannelse
Inuit Ataqatigiit,Socialdemokratiet,66,30,30.0,1.0,uddannelse
Inuit Ataqatigiit,Socialistisk Folkeparti,66,8,8.0,1.0,uddannelse
Inuit Ataqatigiit,Venstre,66,35,35.0,1.0,uddannelse
Radikale Venstre,Radikale Venstre,66,8824,8773.0,0.9942203082502268,uddannelse
Radikale Venstre,Siumut,66,21,21.0,1.0,uddannelse
Radikale Venstre,Socialdemokratiet,66,60810,48607.0,0.7993257687880283,uddannelse
Radikale Venstre,Socialistisk Folkeparti,66,16782,13120.0,0.7817900131092838,uddannelse
Radikale Venstre,Tjóðveldi,66,19,19.0,1.0,uddannelse
Radikale Venstre,Venstre,66,70714,36766.0,0.5199253330316486,uddannelse
Siumut,Socialdemokratiet,66,59,59.0,1.0,uddannelse
Siumut,Socialistisk Folkeparti,66,16,8.0,0.5,uddannelse
Siumut,Tjóðveldi,66,1,1.0,1.0,uddannelse
Siumut,Venstre,66,69,34.0,0.4927536231884058,uddannelse
Socialdemokratiet,Socialdemokratiet,66,91788,90449.0,0.9854120364317775,uddannelse
Socialdemokratiet,Socialistisk Folkeparti,66,52289,36109.0,0.6905658934001415,uddannelse
Socialdemokratiet,Tjóðveldi,66,57,57.0,1.0,uddannelse
Socialdemokratiet,Venstre,66,220295,147675.0,0.6703511200889716,uddannelse
Socialistisk Folkeparti,Socialistisk Folkeparti,66,6420,5940.0,0.9252336448598132,uddannelse
Socialistisk Folkeparti,Tjóðveldi,66,14,14.0,1.0,uddannelse
Socialistisk Folkeparti,Venstre,66,60898,23823.0,0.3911951131400046,uddannelse
Tjóðveldi,Venstre,66,70,0.0,0.0,uddannelse
Venstre,Venstre,66,124661,122391.0,0.9817906161510016,uddannelse
Danmarksdemokraterne,Danmarksdemokraterne,67,43,41.0,0.9534883720930232,uddannelse
Danmarksdemokraterne,Dansk Folkeparti,67,3712,3565.0,0.9603987068965516,uddannelse
Danmarksdemokraterne,Det Konservative Folkeparti,67,2279,2241.0,0.9833260201842914,uddannelse
Danmarksdemokraterne,Enhedslisten,67,472,161.0,0.3411016949152542,uddannelse
Danmarksdemokraterne,Liberal Alliance,67,561,485.0,0.8645276292335116,uddannelse
Danmarksdemokraterne,Radikale Venstre,67,980,531.0,0.5418367346938775,uddannelse
Danmarksdemokraterne,Sambandsflokkurin,67,7,7.0,1.0,uddannelse
Danmarksdemokraterne,Siumut,67,10,9.0,0.9,uddannelse
Danmarksdemokraterne,Socialdemokratiet,67,6279,3799.0,0.6050326485109094,uddannelse
Danmarksdemokraterne,Socialistisk Folkeparti,67,2965,1525.0,0.5143338954468802,uddannelse
Danmarksdemokraterne,Venstre,67,6257,6170.0,0.9860955729582868,uddannelse
Dansk Folkeparti,Dansk Folkeparti,67,36506,35905.0,0.9835369528296718,uddannelse
Dansk Folkeparti,Det Konservative Folkeparti,67,46927,42933.0,0.9148890830438766,uddannelse
Dansk Folkeparti,Enhedslisten,67,9908,3468.0,0.3500201857085184,uddannelse
Dansk Folkeparti,Liberal Alliance,67,12048,9868.0,0.8190571049136787,uddannelse
Dansk Folkeparti,Radikale Venstre,67,19788,10554.0,0.5333535476046088,uddannelse
Dansk Folkeparti,Sambandsflokkurin,67,232,196.0,0.8448275862068966,uddannelse
Dansk Folkeparti,Siumut,67,80,64.0,0.8,uddannelse
Dansk Folkeparti,Socialdemokratiet,67,129376,73895.0,0.5711646673262429,uddannelse
Dansk Folkeparti,Socialistisk Folkeparti,67,61351,30341.0,0.4945477661325814,uddannelse
Dansk Folkeparti,Venstre,67,129904,119146.0,0.9171849981524818,uddannelse
Det Konservative Folkeparti,Det Konservative Folkeparti,67,13113,13047.0,0.9949668268130862,uddannelse
Det Konservative Folkeparti,Enhedslisten,67,6003,2316.0,0.3858070964517741,uddannelse
Det Konservative Folkeparti,Liberal Alliance,67,7235,6390.0,0.8832066344160332,uddannelse
Det Konservative Folkeparti,Radikale Venstre,67,12132,7273.0,0.5994889548302011,uddannelse
Det Konservative Folkeparti,Sambandsflokkurin,67,134,133.0,0.9925373134328358,uddannelse
Det Konservative Folkeparti,Siumut,67,52,51.0,0.9807692307692308,uddannelse
Det Konservative Folkeparti,Socialdemokratiet,67,78785,50815.0,0.6449831820778067,uddannelse
Det Konservative Folkeparti,Socialistisk Folkeparti,67,37362,20218.0,0.541138054707992,uddannelse
Det Konservative Folkeparti,Venstre,67,79231,79037.0,0.9975514634423396,uddannelse
Enhedslisten,Enhedslisten,67,386,360.0,0.932642487046632,uddannelse
Enhedslisten,Liberal Alliance,67,1557,735.0,0.4720616570327553,uddannelse
Enhedslisten,Radikale Venstre,67,2548,1918.0,0.7527472527472527,uddannelse
Enhedslisten,Sambandsflokkurin,67,36,4.0,0.1111111111111111,uddannelse
Enhedslisten,Siumut,67,6,2.0,0.3333333333333333,uddannelse
Enhedslisten,Socialdemokratiet,67,16561,11731.0,0.7083509449912445,uddannelse
Enhedslisten,Socialistisk Folkeparti,67,7830,6332.0,0.8086845466155811,uddannelse
Enhedslisten,Venstre,67,16629,6342.0,0.3813819231463106,uddannelse
Liberal Alliance,Liberal Alliance,67,719,559.0,0.7774687065368567,uddannelse
Liberal Alliance,Radikale Venstre,67,2975,2010.0,0.6756302521008404,uddannelse
Liberal Alliance,Sambandsflokkurin,67,51,44.0,0.8627450980392157,uddannelse
Liberal Alliance,Siumut,67,11,11.0,1.0,uddannelse
Liberal Alliance,Socialdemokratiet,67,20109,13832.0,0.6878512109005918,uddannelse
Liberal Alliance,Socialistisk Folkeparti,67,9575,5753.0,0.6008355091383812,uddannelse
Liberal Alliance,Venstre,67,20091,17799.0,0.8859190682395103,uddannelse
Radikale Venstre,Radikale Venstre,67,2067,1973.0,0.9545234639574264,uddannelse
Radikale Venstre,Sambandsflokkurin,67,46,23.0,0.5,uddannelse
Radikale Venstre,Siumut,67,23,19.0,0.8260869565217391,uddannelse
Radikale Venstre,Socialdemokratiet,67,33276,28931.0,0.869425411708138,uddannelse
Radikale Venstre,Socialistisk Folkeparti,67,15758,13280.0,0.842746541439269,uddannelse
Radikale Venstre,Venstre,67,33475,19927.0,0.5952800597460791,uddannelse
Sambandsflokkurin,Socialdemokratiet,67,400,290.0,0.725,uddannelse
Sambandsflokkurin,Socialistisk Folkeparti,67,185,55.0,0.2972972972972973,uddannelse
Sambandsflokkurin,Venstre,67,355,355.0,1.0,uddannelse
Siumut,Socialdemokratiet,67,150,150.0,1.0,uddannelse
Siumut,Socialistisk Folkeparti,67,66,65.0,0.9848484848484848,uddannelse
Siumut,Venstre,67,153,153.0,1.0,uddannelse
Socialdemokratiet,Socialdemokratiet,67,104868,103830.0,0.9901018423160544,uddannelse
Socialdemokratiet,Socialistisk Folkeparti,67,102818,89372.0,0.8692252329358673,uddannelse
Socialdemokratiet,Venstre,67,218033,140226.0,0.6431411758770461,uddannelse
Socialistisk Folkeparti,Socialistisk Folkeparti,67,22784,22603.0,0.9920558286516854,uddannelse
Socialistisk Folkeparti,Venstre,67,103271,55591.0,0.5383021370956028,uddannelse
Venstre,Venstre,67,106179,106151.0,0.9997362943708268,uddannelse
Danmarksdemokraterne,Danmarksdemokraterne,68,131,112.0,0.8549618320610687,uddannelse
Danmarksdemokraterne,Dansk Folkeparti,68,4682,4383.0,0.93613840239214,uddannelse
Danmarksdemokraterne,Det Konservative Folkeparti,68,1921,1634.0,0.8505986465382613,uddannelse
Danmarksdemokraterne,Enhedslisten,68,3179,1415.0,0.4451085246932997,uddannelse
Danmarksdemokraterne,Inuit Ataqatigiit,68,3,0.0,0.0,uddannelse
Danmarksdemokraterne,Liberal Alliance,68,1932,1408.0,0.7287784679089027,uddannelse
Danmarksdemokraterne,Radikale Venstre,68,4150,2900.0,0.6987951807228916,uddannelse
Danmarksdemokraterne,Sambandsflokkurin,68,9,9.0,1.0,uddannelse
Danmarksdemokraterne,Siumut,68,2,0.0,0.0,uddannelse
Danmarksdemokraterne,Socialdemokratiet,68,11148,7863.0,0.7053283100107642,uddannelse
Danmarksdemokraterne,Socialistisk Folkeparti,68,3662,2421.0,0.6611141452758056,uddannelse
Danmarksdemokraterne,Venstre,68,10695,9463.0,0.8848059841047219,uddannelse
Dansk Folkeparti,Dansk Folkeparti,68,19325,19243.0,0.9957567917205692,uddannelse
Dansk Folkeparti,Det Konservative Folkeparti,68,17149,13683.0,0.7978890897428421,uddannelse
Dansk Folkeparti,Enhedslisten,68,28169,12413.0,0.4406617203308601,uddannelse
Dansk Folkeparti,Inuit Ataqatigiit,68,24,1.0,0.0416666666666666,uddannelse
Dansk Folkeparti,Liberal Alliance,68,17170,12471.0,0.7263249854397205,uddannelse
Dansk Folkeparti,Radikale Venstre,68,36919,24955.0,0.6759392182886861,uddannelse
Dansk Folkeparti,Sambandsflokkurin,68,88,75.0,0.8522727272727273,uddannelse
Dansk Folkeparti,Siumut,68,12,1.0,0.0833333333333333,uddannelse
Dansk Folkeparti,Socialdemokratiet,68,98780,67163.0,0.6799250860498076,uddannelse
Dansk Folkeparti,Socialistisk Folkeparti,68,32776,20445.0,0.6237795948254821,uddannelse
Dansk Folkeparti,Venstre,68,94776,77672.0,0.8195323710644045,uddannelse
Det Konservative Folkeparti,Det Konservative Folkeparti,68,2848,2848.0,1.0,uddannelse
Det Konservative Folkeparti,Enhedslisten,68,11508,5361.0,0.4658498435870699,uddannelse
Det Konservative Folkeparti,Inuit Ataqatigiit,68,9,0.0,0.0,uddannelse
Det Konservative Folkeparti,Liberal Alliance,68,7013,5660.0,0.8070725794952232,uddannelse
Det Konservative Folkeparti,Radikale Venstre,68,15076,11658.0,0.7732820376757761,uddannelse
Det Konservative Folkeparti,Sambandsflokkurin,68,35,35.0,1.0,uddannelse
Det Konservative Folkeparti,Siumut,68,5,0.0,0.0,uddannelse
Det Konservative Folkeparti,Socialdemokratiet,68,40343,31202.0,0.7734179411545993,uddannelse
Det Konservative Folkeparti,Socialistisk Folkeparti,68,13342,9716.0,0.7282266526757608,uddannelse
Det Konservative Folkeparti,Venstre,68,38687,36669.0,0.947837774963166,uddannelse
Enhedslisten,Enhedslisten,68,8357,8144.0,0.974512384827091,uddannelse
Enhedslisten,Inuit Ataqatigiit,68,16,16.0,1.0,uddannelse
Enhedslisten,Liberal Alliance,68,11525,4929.0,0.4276789587852495,uddannelse
Enhedslisten,Radikale Venstre,68,24757,16418.0,0.6631659732600881,uddannelse
Enhedslisten,Sambandsflokkurin,68,55,8.0,0.1454545454545454,uddannelse
Enhedslisten,Siumut,68,8,8.0,1.0,uddannelse
Enhedslisten,Socialdemokratiet,68,66360,43725.0,0.6589059674502713,uddannelse
Enhedslisten,Socialistisk Folkeparti,68,21970,15852.0,0.7215293582157487,uddannelse
Enhedslisten,Venstre,68,63679,28474.0,0.4471489816108921,uddannelse
Inuit Ataqatigiit,Liberal Alliance,68,10,0.0,0.0,uddannelse
Inuit Ataqatigiit,Radikale Venstre,68,23,11.0,0.4782608695652174,uddannelse
Inuit Ataqatigiit,Siumut,68,1,1.0,1.0,uddannelse
Inuit Ataqatigiit,Socialdemokratiet,68,56,29.0,0.5178571428571429,uddannelse
Inuit Ataqatigiit,Socialistisk Folkeparti,68,21,9.0,0.4285714285714285,uddannelse
Inuit Ataqatigiit,Venstre,68,57,0.0,0.0,uddannelse
Liberal Alliance,Liberal Alliance,68,2823,2815.0,0.9971661353170386,uddannelse
Liberal Alliance,Radikale Venstre,68,15095,9840.0,0.6518714806227227,uddannelse
Liberal Alliance,Sambandsflokkurin,68,35,30.0,0.8571428571428571,uddannelse
Liberal Alliance,Siumut,68,5,0.0,0.0,uddannelse
Liberal Alliance,Socialdemokratiet,68,40448,26380.0,0.6521954113924051,uddannelse
Liberal Alliance,Socialistisk Folkeparti,68,13394,8066.0,0.6022099447513812,uddannelse
Liberal Alliance,Venstre,68,38788,30260.0,0.7801381870681654,uddannelse
Radikale Venstre,Radikale Venstre,68,14860,14747.0,0.9923956931359352,uddannelse
Radikale Venstre,Sambandsflokkurin,68,77,66.0,0.8571428571428571,uddannelse
Radikale Venstre,Siumut,68,11,11.0,1.0,uddannelse
Radikale Venstre,Socialdemokratiet,68,86884,86560.0,0.9962708899221951,uddannelse
Radikale Venstre,Socialistisk Folkeparti,68,28782,27291.0,0.9481967896602044,uddannelse
Radikale Venstre,Venstre,68,83451,63299.0,0.7585169740326658,uddannelse
Sambandsflokkurin,Socialdemokratiet,68,207,178.0,0.8599033816425121,uddannelse
Sambandsflokkurin,Socialistisk Folkeparti,68,66,57.0,0.8636363636363636,uddannelse
Sambandsflokkurin,Venstre,68,184,184.0,1.0,uddannelse
Siumut,Socialdemokratiet,68,29,29.0,1.0,uddannelse
Siumut,Socialistisk Folkeparti,68,9,9.0,1.0,uddannelse
Siumut,Venstre,68,28,0.0,0.0,uddannelse
Socialdemokratiet,Socialdemokratiet,68,112662,112605.0,0.99949406188422,uddannelse
Socialdemokratiet,Socialistisk Folkeparti,68,76978,72767.0,0.9452960586141494,uddannelse
Socialdemokratiet,Venstre,68,223366,169667.0,0.7595918805906002,uddannelse
Socialistisk Folkeparti,Socialistisk Folkeparti,68,11599,11386.0,0.9816363479610312,uddannelse
Socialistisk Folkeparti,Venstre,68,73966,52589.0,0.7109888327069194,uddannelse
Venstre,Venstre,68,103626,103475.0,0.9985428367398144,uddannelse
Alternativet,Alternativet,69,4203,4203.0,1.0,uddannelse
Alternativet,Danmarksdemokraterne,69,2452,1077.0,0.4392332789559543,uddannelse
Alternativet,Dansk Folkeparti,69,41905,15726.0,0.3752774131965159,uddannelse
Alternativet,Det Konservative Folkeparti,69,7492,3291.0,0.4392685531233316,uddannelse
Alternativet,Enhedslisten,69,17133,13995.0,0.8168446856942742,uddannelse
Alternativet,Inuit Ataqatigiit,69,60,6.0,0.1,uddannelse
Alternativet,Liberal Alliance,69,15298,6891.0,0.4504510393515492,uddannelse
Alternativet,Radikale Venstre,69,9142,6485.0,0.7093633778166704,uddannelse
Alternativet,Socialdemokratiet,69,55707,31836.0,0.5714901179384997,uddannelse
Alternativet,Socialistisk Folkeparti,69,7563,6096.0,0.8060293534311781,uddannelse
Alternativet,Tjóðveldi,69,15,0.0,0.0,uddannelse
Alternativet,Venstre,69,36420,15706.0,0.4312465678198792,uddannelse
Danmarksdemokraterne,Danmarksdemokraterne,69,158,132.0,0.8354430379746836,uddannelse
Danmarksdemokraterne,Dansk Folkeparti,69,10141,9221.0,0.9092791637905532,uddannelse
Danmarksdemokraterne,Det Konservative Folkeparti,69,1817,1648.0,0.906989543203082,uddannelse
Danmarksdemokraterne,Enhedslisten,69,4188,1346.0,0.3213944603629417,uddannelse
Danmarksdemokraterne,Inuit Ataqatigiit,69,14,2.0,0.1428571428571428,uddannelse
Danmarksdemokraterne,Liberal Alliance,69,3739,3285.0,0.8785771596683605,uddannelse
Danmarksdemokraterne,Radikale Venstre,69,2218,1395.0,0.6289449954914337,uddannelse
Danmarksdemokraterne,Socialdemokratiet,69,13570,9854.0,0.7261606484893147,uddannelse
Danmarksdemokraterne,Socialistisk Folkeparti,69,1852,968.0,0.5226781857451404,uddannelse
Danmarksdemokraterne,Tjóðveldi,69,4,1.0,0.25,uddannelse
Danmarksdemokraterne,Venstre,69,8756,8020.0,0.9159433531292828,uddannelse
Dansk Folkeparti,Dansk Folkeparti,69,82664,82602.0,0.9992499758056712,uddannelse
Dansk Folkeparti,Det Konservative Folkeparti,69,30925,25957.0,0.8393532740501213,uddannelse
Dansk Folkeparti,Enhedslisten,69,70772,21461.0,0.3032413949019386,uddannelse
Dansk Folkeparti,Inuit Ataqatigiit,69,214,22.0,0.102803738317757,uddannelse
Dansk Folkeparti,Liberal Alliance,69,63219,52533.0,0.8309685379395435,uddannelse
Dansk Folkeparti,Radikale Venstre,69,37789,22134.0,0.5857260049220673,uddannelse
Dansk Folkeparti,Socialdemokratiet,69,230129,155580.0,0.6760556035962438,uddannelse
Dansk Folkeparti,Socialistisk Folkeparti,69,31195,14323.0,0.4591440936047443,uddannelse
Dansk Folkeparti,Tjóðveldi,69,66,22.0,0.3333333333333333,uddannelse
Dansk Folkeparti,Venstre,69,149928,127274.0,0.848900805720079,uddannelse
Det Konservative Folkeparti,Det Konservative Folkeparti,69,2109,2109.0,1.0,uddannelse
Det Konservative Folkeparti,Enhedslisten,69,12670,3999.0,0.3156274664561957,uddannelse
Det Konservative Folkeparti,Inuit Ataqatigiit,69,40,4.0,0.1,uddannelse
Det Konservative Folkeparti,Liberal Alliance,69,11307,10919.0,0.9656849739099672,uddannelse
Det Konservative Folkeparti,Radikale Venstre,69,6759,4678.0,0.6921142180795976,uddannelse
Det Konservative Folkeparti,Socialdemokratiet,69,41124,32754.0,0.796469215056901,uddannelse
Det Konservative Folkeparti,Socialistisk Folkeparti,69,5574,2938.0,0.5270900609974883,uddannelse
Det Konservative Folkeparti,Tjóðveldi,69,11,0.0,0.0,uddannelse
Det Konservative Folkeparti,Venstre,69,26699,26551.0,0.994456721225514,uddannelse
Enhedslisten,Enhedslisten,69,12876,12847.0,0.9977477477477478,uddannelse
Enhedslisten,Inuit Ataqatigiit,69,90,27.0,0.3,uddannelse
Enhedslisten,Liberal Alliance,69,25869,8827.0,0.3412192199157292,uddannelse
Enhedslisten,Radikale Venstre,69,15453,8950.0,0.5791755646152851,uddannelse
Enhedslisten,Socialdemokratiet,69,94190,42596.0,0.4522348444633188,uddannelse
Enhedslisten,Socialistisk Folkeparti,69,12762,9365.0,0.7338191506033537,uddannelse
Enhedslisten,Tjóðveldi,69,27,0.0,0.0,uddannelse
Enhedslisten,Venstre,69,61331,19095.0,0.3113433663237188,uddannelse
Inuit Ataqatigiit,Liberal Alliance,69,80,8.0,0.1,uddannelse
Inuit Ataqatigiit,Radikale Venstre,69,42,5.0,0.119047619047619,uddannelse
Inuit Ataqatigiit,Socialdemokratiet,69,293,29.0,0.098976109215017,uddannelse
Inuit Ataqatigiit,Socialistisk Folkeparti,69,40,8.0,0.2,uddannelse
Inuit Ataqatigiit,Tjóðveldi,69,1,1.0,1.0,uddannelse
Inuit Ataqatigiit,Venstre,69,199,20.0,0.100502512562814,uddannelse
Liberal Alliance,Liberal Alliance,69,10137,10087.0,0.9950675742330078,uddannelse
Liberal Alliance,Radikale Venstre,69,13807,9541.0,0.6910262910118056,uddannelse
Liberal Alliance,Socialdemokratiet,69,84127,64651.0,0.7684928738692691,uddannelse
Liberal Alliance,Socialistisk Folkeparti,69,11410,6158.0,0.5397020157756354,uddannelse
Liberal Alliance,Tjóðveldi,69,24,0.0,0.0,uddannelse
Liberal Alliance,Venstre,69,54792,52716.0,0.9621112571178274,uddannelse
Radikale Venstre,Radikale Venstre,69,3302,3274.0,0.9915202907328892,uddannelse
Radikale Venstre,Socialdemokratiet,69,50231,40563.0,0.8075292150265773,uddannelse
Radikale Venstre,Socialistisk Folkeparti,69,6814,5329.0,0.7820663340181978,uddannelse
Radikale Venstre,Tjóðveldi,69,13,0.0,0.0,uddannelse
Radikale Venstre,Venstre,69,32731,22844.0,0.6979316244538817,uddannelse
Socialdemokratiet,Socialdemokratiet,69,148237,144929.0,0.9776843837908216,uddannelse
Socialdemokratiet,Socialistisk Folkeparti,69,41510,27834.0,0.6705372199470008,uddannelse
Socialdemokratiet,Tjóðveldi,69,89,0.0,0.0,uddannelse
Socialdemokratiet,Venstre,69,200109,159117.0,0.7951516423549165,uddannelse
Socialistisk Folkeparti,Socialistisk Folkeparti,69,2111,2102.0,0.995736617716722,uddannelse
Socialistisk Folkeparti,Tjóðveldi,69,12,4.0,0.3333333333333333,uddannelse
Socialistisk Folkeparti,Venstre,69,27058,13942.0,0.5152635080198092,uddannelse
Tjóðveldi,Venstre,69,58,0.0,0.0,uddannelse
Venstre,Venstre,69,62121,62090.0,0.9995009739057644,uddannelse
Alternativet,Alternativet,70,710,629.0,0.8859154929577465,uddannelse
Alternativet,Danmarksdemokraterne,70,1107,601.0,0.5429087624209575,uddannelse
Alternativet,Dansk Folkeparti,70,5665,3192.0,0.563459841129744,uddannelse
Alternativet,Det Konservative Folkeparti,70,4868,2682.0,0.5509449465899754,uddannelse
Alternativet,Enhedslisten,70,5356,4622.0,0.862957430918596,uddannelse
Alternativet,Liberal Alliance,70,1445,877.0,0.6069204152249135,uddannelse
Alternativet,Nye Borgerlige,70,1571,621.0,0.3952896244430299,uddannelse
Alternativet,Radikale Venstre,70,6593,5554.0,0.8424086151979372,uddannelse
Alternativet,Sambandsflokkurin,70,27,20.0,0.7407407407407407,uddannelse
Alternativet,Socialdemokratiet,70,20277,15325.0,0.7557824135720275,uddannelse
Alternativet,Socialistisk Folkeparti,70,5953,5036.0,0.8459600201579036,uddannelse
Alternativet,Venstre,70,17340,10240.0,0.5905420991926182,uddannelse
Danmarksdemokraterne,Danmarksdemokraterne,70,160,144.0,0.9,uddannelse
Danmarksdemokraterne,Dansk Folkeparti,70,3086,2836.0,0.9189889825016202,uddannelse
Danmarksdemokraterne,Det Konservative Folkeparti,70,2813,2272.0,0.8076786349093494,uddannelse
Danmarksdemokraterne,Enhedslisten,70,3011,1400.0,0.4649618067087346,uddannelse
Danmarksdemokraterne,Liberal Alliance,70,801,557.0,0.6953807740324595,uddannelse
Danmarksdemokraterne,Nye Borgerlige,70,885,663.0,0.7491525423728813,uddannelse
Danmarksdemokraterne,Radikale Venstre,70,3744,2025.0,0.5408653846153846,uddannelse
Danmarksdemokraterne,Sambandsflokkurin,70,13,11.0,0.8461538461538461,uddannelse
Danmarksdemokraterne,Socialdemokratiet,70,11268,6970.0,0.6185658501952431,uddannelse
Danmarksdemokraterne,Socialistisk Folkeparti,70,3391,1746.0,0.5148923621350634,uddannelse
Danmarksdemokraterne,Venstre,70,9602,7761.0,0.8082691106019579,uddannelse
Dansk Folkeparti,Dansk Folkeparti,70,7169,6934.0,0.9672199748918956,uddannelse
Dansk Folkeparti,Det Konservative Folkeparti,70,14026,10502.0,0.7487523171253386,uddannelse
Dansk Folkeparti,Enhedslisten,70,15398,7807.0,0.5070138979088193,uddannelse
Dansk Folkeparti,Liberal Alliance,70,4114,2787.0,0.6774428779776374,uddannelse
Dansk Folkeparti,Nye Borgerlige,70,4502,3361.0,0.7465570857396713,uddannelse
Dansk Folkeparti,Radikale Venstre,70,18978,11206.0,0.5904731794709663,uddannelse
Dansk Folkeparti,Sambandsflokkurin,70,77,61.0,0.7922077922077922,uddannelse
Dansk Folkeparti,Socialdemokratiet,70,58419,36916.0,0.6319176980092094,uddannelse
Dansk Folkeparti,Socialistisk Folkeparti,70,17270,9640.0,0.5581933989577301,uddannelse
Dansk Folkeparti,Venstre,70,49873,38001.0,0.7619553666312433,uddannelse
Det Konservative Folkeparti,Det Konservative Folkeparti,70,5468,5367.0,0.981528895391368,uddannelse
Det Konservative Folkeparti,Enhedslisten,70,13425,6623.0,0.4933333333333333,uddannelse
Det Konservative Folkeparti,Liberal Alliance,70,3555,2802.0,0.7881856540084389,uddannelse
Det Konservative Folkeparti,Nye Borgerlige,70,3883,2748.0,0.7077002317795519,uddannelse
Det Konservative Folkeparti,Radikale Venstre,70,16621,10250.0,0.6166897298598158,uddannelse
Det Konservative Folkeparti,Sambandsflokkurin,70,57,57.0,1.0,uddannelse
Det Konservative Folkeparti,Socialdemokratiet,70,50399,34103.0,0.6766602511954602,uddannelse
Det Konservative Folkeparti,Socialistisk Folkeparti,70,15157,8840.0,0.5832288711486442,uddannelse
Det Konservative Folkeparti,Venstre,70,42783,38950.0,0.91040833976112,uddannelse
Enhedslisten,Enhedslisten,70,6393,6374.0,0.9970279993743156,uddannelse
Enhedslisten,Liberal Alliance,70,3858,2132.0,0.5526179367547952,uddannelse
Enhedslisten,Nye Borgerlige,70,4283,1463.0,0.3415830025682932,uddannelse
Enhedslisten,Radikale Venstre,70,18142,15129.0,0.8339212876198876,uddannelse
Enhedslisten,Sambandsflokkurin,70,72,56.0,0.7777777777777778,uddannelse
Enhedslisten,Socialdemokratiet,70,55710,42023.0,0.7543169987434931,uddannelse
Enhedslisten,Socialistisk Folkeparti,70,16537,14260.0,0.8623087621696801,uddannelse
Enhedslisten,Venstre,70,47627,25437.0,0.5340878073361749,uddannelse
Liberal Alliance,Liberal Alliance,70,292,278.0,0.952054794520548,uddannelse
Liberal Alliance,Nye Borgerlige,70,1119,755.0,0.6747095621090259,uddannelse
Liberal Alliance,Radikale Venstre,70,4813,3201.0,0.6650737585705381,uddannelse
Liberal Alliance,Sambandsflokkurin,70,18,18.0,1.0,uddannelse
Liberal Alliance,Socialdemokratiet,70,14728,9770.0,0.6633623030961434,uddannelse
Liberal Alliance,Socialistisk Folkeparti,70,4356,2624.0,0.6023875114784206,uddannelse
Liberal Alliance,Venstre,70,12561,9990.0,0.7953188440410796,uddannelse
Nye Borgerlige,Nye Borgerlige,70,354,353.0,0.9971751412429378,uddannelse
Nye Borgerlige,Radikale Venstre,70,5275,2231.0,0.4229383886255924,uddannelse
Nye Borgerlige,Sambandsflokkurin,70,20,13.0,0.65,uddannelse
Nye Borgerlige,Socialdemokratiet,70,16240,7580.0,0.4667487684729064,uddannelse
Nye Borgerlige,Socialistisk Folkeparti,70,4800,1835.0,0.3822916666666666,uddannelse
Nye Borgerlige,Venstre,70,13845,9417.0,0.6801733477789815,uddannelse
Radikale Venstre,Radikale Venstre,70,10043,9718.0,0.967639151647914,uddannelse
Radikale Venstre,Sambandsflokkurin,70,85,65.0,0.7647058823529411,uddannelse
Radikale Venstre,Socialdemokratiet,70,68419,58452.0,0.8543240912611993,uddannelse
Radikale Venstre,Socialistisk Folkeparti,70,20397,18261.0,0.8952787174584498,uddannelse
Radikale Venstre,Venstre,70,58491,38467.0,0.6576567335145578,uddannelse
Sambandsflokkurin,Socialdemokratiet,70,244,188.0,0.7704918032786885,uddannelse
Sambandsflokkurin,Socialistisk Folkeparti,70,78,62.0,0.7948717948717948,uddannelse
Sambandsflokkurin,Venstre,70,209,208.0,0.9952153110047848,uddannelse
Socialdemokratiet,Socialdemokratiet,70,102356,102274.0,0.9991988745163938,uddannelse
Socialdemokratiet,Socialistisk Folkeparti,70,62391,53648.0,0.8598676091102884,uddannelse
Socialdemokratiet,Venstre,70,181253,127928.0,0.7057979729990675,uddannelse
Socialistisk Folkeparti,Socialistisk Folkeparti,70,8205,8164.0,0.9950030469226082,uddannelse
Socialistisk Folkeparti,Venstre,70,53344,32344.0,0.6063287342531494,uddannelse
Venstre,Venstre,70,74486,73906.0,0.9922133018285316,uddannelse
Alternativet,Alternativet,71,920,801.0,0.8706521739130435,uddannelse
Alternativet,Danmarksdemokraterne,71,6663,3550.0,0.5327930361698935,uddannelse
Alternativet,Dansk Folkeparti,71,1733,879.0,0.5072129255626082,uddannelse
Alternativet,Det Konservative Folkeparti,71,4605,2349.0,0.5100977198697069,uddannelse
Alternativet,Enhedslisten,71,3806,2866.0,0.7530215449290594,uddannelse
Alternativet,Javnaðarflokkurin,71,4,2.0,0.5,uddannelse
Alternativet,Liberal Alliance,71,6671,3559.0,0.5335032229051117,uddannelse
Alternativet,Moderaterne,71,7370,3681.0,0.4994572591587517,uddannelse
Alternativet,Nye Borgerlige,71,2515,1234.0,0.4906560636182903,uddannelse
Alternativet,Radikale Venstre,71,3173,2241.0,0.7062716671919319,uddannelse
Alternativet,Sambandsflokkurin,71,53,31.0,0.5849056603773585,uddannelse
Alternativet,Siumut,71,3,0.0,0.0,uddannelse
Alternativet,Socialdemokratiet,71,25609,12818.0,0.5005271584208677,uddannelse
Alternativet,Socialistisk Folkeparti,71,6945,5164.0,0.7435565154787617,uddannelse
Alternativet,Venstre,71,11677,5764.0,0.4936199366275584,uddannelse
Danmarksdemokraterne,Danmarksdemokraterne,71,7966,7927.0,0.9951041928194828,uddannelse
Danmarksdemokraterne,Dansk Folkeparti,71,4707,3935.0,0.8359889526237518,uddannelse
Danmarksdemokraterne,Det Konservative Folkeparti,71,12382,10768.0,0.8696494911968987,uddannelse
Danmarksdemokraterne,Enhedslisten,71,10197,5427.0,0.5322153574580759,uddannelse
Danmarksdemokraterne,Javnaðarflokkurin,71,19,10.0,0.5263157894736842,uddannelse
Danmarksdemokraterne,Liberal Alliance,71,17890,14584.0,0.8152040245947456,uddannelse
Danmarksdemokraterne,Moderaterne,71,19845,13891.0,0.6999748047367095,uddannelse
Danmarksdemokraterne,Nye Borgerlige,71,6833,5555.0,0.8129664861700571,uddannelse
Danmarksdemokraterne,Radikale Venstre,71,8625,5813.0,0.6739710144927537,uddannelse
Danmarksdemokraterne,Sambandsflokkurin,71,138,55.0,0.3985507246376811,uddannelse
Danmarksdemokraterne,Siumut,71,9,0.0,0.0,uddannelse
Danmarksdemokraterne,Socialdemokratiet,71,68813,48008.0,0.6976588725967477,uddannelse
Danmarksdemokraterne,Socialistisk Folkeparti,71,18762,11636.0,0.6201897452297196,uddannelse
Danmarksdemokraterne,Venstre,71,31342,22010.0,0.702252568438517,uddannelse
Dansk Folkeparti,Dansk Folkeparti,71,385,374.0,0.9714285714285714,uddannelse
Dansk Folkeparti,Det Konservative Folkeparti,71,3256,2604.0,0.7997542997542998,uddannelse
Dansk Folkeparti,Enhedslisten,71,2681,1436.0,0.53562103692652,uddannelse
Dansk Folkeparti,Javnaðarflokkurin,71,4,2.0,0.5,uddannelse
Dansk Folkeparti,Liberal Alliance,71,4705,3549.0,0.7543039319872477,uddannelse
Dansk Folkeparti,Moderaterne,71,5219,3351.0,0.6420770262502395,uddannelse
Dansk Folkeparti,Nye Borgerlige,71,1746,1476.0,0.845360824742268,uddannelse
Dansk Folkeparti,Radikale Venstre,71,2285,1400.0,0.612691466083151,uddannelse
Dansk Folkeparti,Sambandsflokkurin,71,34,14.0,0.4117647058823529,uddannelse
Dansk Folkeparti,Siumut,71,3,0.0,0.0,uddannelse
Dansk Folkeparti,Socialdemokratiet,71,18078,11574.0,0.6402256886823764,uddannelse
Dansk Folkeparti,Socialistisk Folkeparti,71,4941,2758.0,0.5581866019024488,uddannelse
Dansk Folkeparti,Venstre,71,8255,5311.0,0.6433676559660811,uddannelse
Det Konservative Folkeparti,Det Konservative Folkeparti,71,3571,3571.0,1.0,uddannelse
Det Konservative Folkeparti,Enhedslisten,71,7056,3562.0,0.5048185941043084,uddannelse
Det Konservative Folkeparti,Javnaðarflokkurin,71,12,6.0,0.5,uddannelse
Det Konservative Folkeparti,Liberal Alliance,71,12364,10897.0,0.8813490779682951,uddannelse
Det Konservative Folkeparti,Moderaterne,71,13748,10175.0,0.7401076520221123,uddannelse
Det Konservative Folkeparti,Nye Borgerlige,71,4751,3703.0,0.7794148600294675,uddannelse
Det Konservative Folkeparti,Radikale Venstre,71,5973,4230.0,0.7081868407835259,uddannelse
Det Konservative Folkeparti,Sambandsflokkurin,71,89,41.0,0.4606741573033708,uddannelse
Det Konservative Folkeparti,Siumut,71,6,0.0,0.0,uddannelse
Det Konservative Folkeparti,Socialdemokratiet,71,47608,35369.0,0.7429213577549991,uddannelse
Det Konservative Folkeparti,Socialistisk Folkeparti,71,12981,7920.0,0.6101224867113474,uddannelse
Det Konservative Folkeparti,Venstre,71,21688,16188.0,0.7464035411287347,uddannelse
Enhedslisten,Enhedslisten,71,2342,2306.0,0.9846285226302306,uddannelse
Enhedslisten,Javnaðarflokkurin,71,10,5.0,0.5,uddannelse
Enhedslisten,Liberal Alliance,71,10173,5308.0,0.521773321537403,uddannelse
Enhedslisten,Moderaterne,71,11314,5582.0,0.4933710447233516,uddannelse
Enhedslisten,Nye Borgerlige,71,3929,1913.0,0.4868923390175617,uddannelse
Enhedslisten,Radikale Venstre,71,4911,3333.0,0.6786805131337813,uddannelse
Enhedslisten,Sambandsflokkurin,71,76,50.0,0.6578947368421053,uddannelse
Enhedslisten,Siumut,71,6,0.0,0.0,uddannelse
Enhedslisten,Socialdemokratiet,71,39213,18868.0,0.4811669599367557,uddannelse
Enhedslisten,Socialistisk Folkeparti,71,10681,8429.0,0.7891583185095029,uddannelse
Enhedslisten,Venstre,71,17864,8596.0,0.4811912225705329,uddannelse
Javnaðarflokkurin,Liberal Alliance,71,17,9.0,0.5294117647058824,uddannelse
Javnaðarflokkurin,Moderaterne,71,23,21.0,0.9130434782608696,uddannelse
Javnaðarflokkurin,Nye Borgerlige,71,7,2.0,0.2857142857142857,uddannelse
Javnaðarflokkurin,Radikale Venstre,71,9,5.0,0.5555555555555556,uddannelse
Javnaðarflokkurin,Socialdemokratiet,71,70,70.0,1.0,uddannelse
Javnaðarflokkurin,Socialistisk Folkeparti,71,18,9.0,0.5,uddannelse
Javnaðarflokkurin,Venstre,71,29,29.0,1.0,uddannelse
Liberal Alliance,Liberal Alliance,71,7928,7891.0,0.9953329969727548,uddannelse
Liberal Alliance,Moderaterne,71,19838,14170.0,0.7142857142857143,uddannelse
Liberal Alliance,Nye Borgerlige,71,6782,5205.0,0.7674727219109407,uddannelse
Liberal Alliance,Radikale Venstre,71,8614,6059.0,0.7033898305084746,uddannelse
Liberal Alliance,Sambandsflokkurin,71,135,61.0,0.4518518518518518,uddannelse
Liberal Alliance,Siumut,71,9,0.0,0.0,uddannelse
Liberal Alliance,Socialdemokratiet,71,68699,49123.0,0.7150467983522322,uddannelse
Liberal Alliance,Socialistisk Folkeparti,71,18734,10881.0,0.5808156293370342,uddannelse
Liberal Alliance,Venstre,71,31263,22455.0,0.7182612033394108,uddannelse
Moderaterne,Moderaterne,71,9947,9505.0,0.9555644918065748,uddannelse
Moderaterne,Nye Borgerlige,71,7634,4788.0,0.6271941315168981,uddannelse
Moderaterne,Radikale Venstre,71,9593,6864.0,0.7155217345981445,uddannelse
Moderaterne,Sambandsflokkurin,71,138,133.0,0.9637681159420288,uddannelse
Moderaterne,Siumut,71,10,10.0,1.0,uddannelse
Moderaterne,Socialdemokratiet,71,76396,74543.0,0.9757448033928476,uddannelse
Moderaterne,Socialistisk Folkeparti,71,20834,13491.0,0.6475472784870884,uddannelse
Moderaterne,Venstre,71,34761,33717.0,0.9699663415897126,uddannelse
Nye Borgerlige,Nye Borgerlige,71,1020,781.0,0.765686274509804,uddannelse
Nye Borgerlige,Radikale Venstre,71,3299,1935.0,0.5865413761745983,uddannelse
Nye Borgerlige,Sambandsflokkurin,71,38,13.0,0.3421052631578947,uddannelse
Nye Borgerlige,Siumut,71,3,0.0,0.0,uddannelse
Nye Borgerlige,Socialdemokratiet,71,26409,16533.0,0.6260365784391685,uddannelse
Nye Borgerlige,Socialistisk Folkeparti,71,7187,3863.0,0.5374982607485738,uddannelse
Nye Borgerlige,Venstre,71,12043,7576.0,0.6290791331063689,uddannelse
Radikale Venstre,Radikale Venstre,71,1605,1549.0,0.9651090342679128,uddannelse
Radikale Venstre,Sambandsflokkurin,71,62,47.0,0.7580645161290323,uddannelse
Radikale Venstre,Siumut,71,4,0.0,0.0,uddannelse
Radikale Venstre,Socialdemokratiet,71,33224,24066.0,0.724355887310378,uddannelse
Radikale Venstre,Socialistisk Folkeparti,71,9055,6982.0,0.7710657095527333,uddannelse
Radikale Venstre,Venstre,71,15102,10862.0,0.7192424844391472,uddannelse
Sambandsflokkurin,Siumut,71,1,1.0,1.0,uddannelse
Sambandsflokkurin,Socialdemokratiet,71,493,493.0,1.0,uddannelse
Sambandsflokkurin,Socialistisk Folkeparti,71,134,90.0,0.6716417910447762,uddannelse
Sambandsflokkurin,Venstre,71,204,202.0,0.9901960784313726,uddannelse
Siumut,Socialdemokratiet,71,32,32.0,1.0,uddannelse
Siumut,Socialistisk Folkeparti,71,9,0.0,0.0,uddannelse
Siumut,Venstre,71,14,14.0,1.0,uddannelse
Socialdemokratiet,Socialdemokratiet,71,128495,128405.0,0.9992995836413868,uddannelse
Socialdemokratiet,Socialistisk Folkeparti,71,72128,46690.0,0.6473214285714286,uddannelse
Socialdemokratiet,Venstre,71,120434,119636.0,0.993373964162944,uddannelse
Socialistisk Folkeparti,Socialistisk Folkeparti,71,8767,8740.0,0.9969202691912856,uddannelse
Socialistisk Folkeparti,Venstre,71,32840,21179.0,0.6449147381242387,uddannelse
Venstre,Venstre,71,25757,25420.0,0.9869161781263346,uddannelse
Danmarksdemokraterne,Danmarksdemokraterne,65,14,13.0,0.9285714285714286,skat
Danmarksdemokraterne,Dansk Folkeparti,65,538,524.0,0.9739776951672864,skat
Danmarksdemokraterne,Det Konservative Folkeparti,65,282,274.0,0.9716312056737588,skat
Danmarksdemokraterne,Enhedslisten,65,41,11.0,0.2682926829268293,skat
Danmarksdemokraterne,Inuit Ataqatigiit,65,1,0.0,0.0,skat
Danmarksdemokraterne,Kristendemokraterne,65,76,42.0,0.5526315789473685,skat
Danmarksdemokraterne,Radikale Venstre,65,150,75.0,0.5,skat
Danmarksdemokraterne,Socialdemokratiet,65,1269,608.0,0.4791174152876281,skat
Danmarksdemokraterne,Socialistisk Folkeparti,65,259,110.0,0.4247104247104247,skat
Danmarksdemokraterne,Venstre,65,1398,1359.0,0.9721030042918456,skat
Dansk Folkeparti,Dansk Folkeparti,65,2272,2272.0,1.0,skat
Dansk Folkeparti,Det Konservative Folkeparti,65,2560,2448.0,0.95625,skat
Dansk Folkeparti,Enhedslisten,65,386,112.0,0.2901554404145077,skat
Dansk Folkeparti,Inuit Ataqatigiit,65,13,0.0,0.0,skat
Dansk Folkeparti,Kristendemokraterne,65,684,358.0,0.5233918128654971,skat
Dansk Folkeparti,Radikale Venstre,65,1386,710.0,0.5122655122655123,skat
Dansk Folkeparti,Socialdemokratiet,65,11445,5253.0,0.4589777195281782,skat
Dansk Folkeparti,Socialistisk Folkeparti,65,2450,1123.0,0.4583673469387755,skat
Dansk Folkeparti,Venstre,65,12528,11981.0,0.956337803320562,skat
Det Konservative Folkeparti,Det Konservative Folkeparti,65,621,621.0,1.0,skat
Det Konservative Folkeparti,Enhedslisten,65,210,49.0,0.2333333333333333,skat
Det Konservative Folkeparti,Inuit Ataqatigiit,65,11,0.0,0.0,skat
Det Konservative Folkeparti,Kristendemokraterne,65,360,196.0,0.5444444444444444,skat
Det Konservative Folkeparti,Radikale Venstre,65,734,388.0,0.5286103542234333,skat
Det Konservative Folkeparti,Socialdemokratiet,65,5968,2829.0,0.4740281501340482,skat
Det Konservative Folkeparti,Socialistisk Folkeparti,65,1261,473.0,0.3750991276764472,skat
Det Konservative Folkeparti,Venstre,65,6617,6607.0,0.998488741121354,skat
Enhedslisten,Enhedslisten,65,3,3.0,1.0,skat
Enhedslisten,Inuit Ataqatigiit,65,2,2.0,1.0,skat
Enhedslisten,Kristendemokraterne,65,54,31.0,0.5740740740740741,skat
Enhedslisten,Radikale Venstre,65,111,64.0,0.5765765765765766,skat
Enhedslisten,Socialdemokratiet,65,896,656.0,0.7321428571428571,skat
Enhedslisten,Socialistisk Folkeparti,65,196,167.0,0.8520408163265306,skat
Enhedslisten,Venstre,65,991,250.0,0.2522704339051463,skat
Inuit Ataqatigiit,Kristendemokraterne,65,2,2.0,1.0,skat
Inuit Ataqatigiit,Radikale Venstre,65,4,4.0,1.0,skat
Inuit Ataqatigiit,Socialdemokratiet,65,28,28.0,1.0,skat
Inuit Ataqatigiit,Socialistisk Folkeparti,65,9,9.0,1.0,skat
Inuit Ataqatigiit,Venstre,65,35,0.0,0.0,skat
Kristendemokraterne,Kristendemokraterne,65,24,23.0,0.9583333333333334,skat
Kristendemokraterne,Radikale Venstre,65,194,128.0,0.6597938144329897,skat
Kristendemokraterne,Socialdemokratiet,65,1604,1114.0,0.6945137157107232,skat
Kristendemokraterne,Socialistisk Folkeparti,65,342,214.0,0.6257309941520468,skat
Kristendemokraterne,Venstre,65,1758,985.0,0.5602957906712173,skat
Radikale Venstre,Radikale Venstre,65,151,151.0,1.0,skat
Radikale Venstre,Socialdemokratiet,65,3239,2754.0,0.8502624266748997,skat
Radikale Venstre,Socialistisk Folkeparti,65,694,507.0,0.7305475504322767,skat
Radikale Venstre,Venstre,65,3555,1876.0,0.5277074542897328,skat
Socialdemokratiet,Socialdemokratiet,65,13059,13059.0,1.0,skat
Socialdemokratiet,Socialistisk Folkeparti,65,5726,4948.0,0.8641285365001746,skat
Socialdemokratiet,Venstre,65,29382,14588.0,0.4964944523858144,skat
Socialistisk Folkeparti,Socialistisk Folkeparti,65,553,553.0,1.0,skat
Socialistisk Folkeparti,Venstre,65,6227,2570.0,0.4127188052031476,skat
Venstre,Venstre,65,15695,15659.0,0.9977062758840396,skat
Danmarksdemokraterne,Danmarksdemokraterne,66,44,37.0,0.8409090909090909,skat
Danmarksdemokraterne,Dansk Folkeparti,66,2920,2763.0,0.9462328767123288,skat
Danmarksdemokraterne,Det Konservative Folkeparti,66,2099,2016.0,0.9604573606479276,skat
Danmarksdemokraterne,Enhedslisten,66,503,139.0,0.2763419483101391,skat
Danmarksdemokraterne,Radikale Venstre,66,1691,1110.0,0.6564163217031342,skat
Danmarksdemokraterne,Siumut,66,3,1.0,0.3333333333333333,skat
Danmarksdemokraterne,Socialdemokratiet,66,5385,3153.0,0.5855153203342618,skat
Danmarksdemokraterne,Socialistisk Folkeparti,66,1460,640.0,0.4383561643835616,skat
Danmarksdemokraterne,Venstre,66,6420,6175.0,0.9618380062305296,skat
Dansk Folkeparti,Dansk Folkeparti,66,18370,18328.0,0.997713663581927,skat
Dansk Folkeparti,Det Konservative Folkeparti,66,27683,25837.0,0.9333164758154824,skat
Dansk Folkeparti,Enhedslisten,66,6643,1743.0,0.2623814541622761,skat
Dansk Folkeparti,Radikale Venstre,66,22115,13610.0,0.6154193985982365,skat
Dansk Folkeparti,Siumut,66,31,17.0,0.5483870967741935,skat
Dansk Folkeparti,Socialdemokratiet,66,70004,37257.0,0.5322124450031427,skat
Dansk Folkeparti,Socialistisk Folkeparti,66,19572,7476.0,0.3819742489270386,skat
Dansk Folkeparti,Venstre,66,83790,78399.0,0.9356605800214822,skat
Det Konservative Folkeparti,Det Konservative Folkeparti,66,9112,9112.0,1.0,skat
Det Konservative Folkeparti,Enhedslisten,66,4721,1234.0,0.2613852997246346,skat
Det Konservative Folkeparti,Radikale Venstre,66,15664,10531.0,0.672305924412666,skat
Det Konservative Folkeparti,Siumut,66,22,11.0,0.5,skat
Det Konservative Folkeparti,Socialdemokratiet,66,49787,28844.0,0.5793480225761745,skat
Det Konservative Folkeparti,Socialistisk Folkeparti,66,13869,6026.0,0.4344941956882255,skat
Det Konservative Folkeparti,Venstre,66,59679,59646.0,0.9994470416729504,skat
Enhedslisten,Enhedslisten,66,372,372.0,1.0,skat
Enhedslisten,Radikale Venstre,66,3744,1818.0,0.4855769230769231,skat
Enhedslisten,Siumut,66,5,2.0,0.4,skat
Enhedslisten,Socialdemokratiet,66,11897,7539.0,0.6336891653357989,skat
Enhedslisten,Socialistisk Folkeparti,66,3300,2524.0,0.7648484848484849,skat
Enhedslisten,Venstre,66,14248,3675.0,0.2579309376754632,skat
Radikale Venstre,Radikale Venstre,66,5621,5544.0,0.9863013698630136,skat
Radikale Venstre,Siumut,66,19,11.0,0.5789473684210527,skat
Radikale Venstre,Socialdemokratiet,66,39623,29968.0,0.7563283951240442,skat
Radikale Venstre,Socialistisk Folkeparti,66,11041,7684.0,0.6959514536726745,skat
Radikale Venstre,Venstre,66,47455,31774.0,0.6695606363923717,skat
Siumut,Socialdemokratiet,66,59,31.0,0.5254237288135594,skat
Siumut,Socialistisk Folkeparti,66,15,8.0,0.5333333333333333,skat
Siumut,Venstre,66,66,34.0,0.5151515151515151,skat
Socialdemokratiet,Socialdemokratiet,66,61050,60919.0,0.997854217854218,skat
Socialdemokratiet,Socialistisk Folkeparti,66,35148,28961.0,0.8239729145328326,skat
Socialdemokratiet,Venstre,66,150776,87215.0,0.5784408659203056,skat
Socialistisk Folkeparti,Socialistisk Folkeparti,66,4391,4192.0,0.9546800273286268,skat
Socialistisk Folkeparti,Venstre,66,42003,18106.0,0.4310644477775397,skat
Venstre,Venstre,66,87915,87814.0,0.9988511630552238,skat
Danmarksdemokraterne,Danmarksdemokraterne,67,43,43.0,1.0,skat
Danmarksdemokraterne,Dansk Folkeparti,67,3494,3455.0,0.988838008013738,skat
Danmarksdemokraterne,Det Konservative Folkeparti,67,2116,2112.0,0.998109640831758,skat
Danmarksdemokraterne,Enhedslisten,67,434,140.0,0.3225806451612903,skat
Danmarksdemokraterne,Inuit Ataqatigiit,67,1,1.0,1.0,skat
Danmarksdemokraterne,Javnaðarflokkurin,67,1,1.0,1.0,skat
Danmarksdemokraterne,Liberal Alliance,67,549,468.0,0.8524590163934426,skat
Danmarksdemokraterne,Radikale Venstre,67,872,534.0,0.6123853211009175,skat
Danmarksdemokraterne,Sambandsflokkurin,67,2,2.0,1.0,skat
Danmarksdemokraterne,Siumut,67,25,25.0,1.0,skat
Danmarksdemokraterne,Socialdemokratiet,67,5977,3564.0,0.596285762088004,skat
Danmarksdemokraterne,Socialistisk Folkeparti,67,2849,1638.0,0.5749385749385749,skat
Danmarksdemokraterne,Tjóðveldi,67,1,1.0,1.0,skat
Danmarksdemokraterne,Venstre,67,5970,5968.0,0.9996649916247906,skat
Dansk Folkeparti,Dansk Folkeparti,67,30622,30338.0,0.9907256221017569,skat
Dansk Folkeparti,Det Konservative Folkeparti,67,38712,37998.0,0.981556106633602,skat
Dansk Folkeparti,Enhedslisten,67,8044,2837.0,0.3526852312282446,skat
Dansk Folkeparti,Inuit Ataqatigiit,67,18,18.0,1.0,skat
Dansk Folkeparti,Javnaðarflokkurin,67,16,16.0,1.0,skat
Dansk Folkeparti,Liberal Alliance,67,9831,8303.0,0.8445732885769505,skat
Dansk Folkeparti,Radikale Venstre,67,15846,10057.0,0.634671210400101,skat
Dansk Folkeparti,Sambandsflokkurin,67,86,86.0,1.0,skat
Dansk Folkeparti,Siumut,67,242,224.0,0.9256198347107438,skat
Dansk Folkeparti,Socialdemokratiet,67,109256,67267.0,0.6156824339166728,skat
Dansk Folkeparti,Socialistisk Folkeparti,67,51702,31075.0,0.6010405787010173,skat
Dansk Folkeparti,Tjóðveldi,67,18,18.0,1.0,skat
Dansk Folkeparti,Venstre,67,110098,108084.0,0.9817072063071082,skat
Det Konservative Folkeparti,Det Konservative Folkeparti,67,10611,10592.0,0.9982094053340872,skat
Det Konservative Folkeparti,Enhedslisten,67,4768,1746.0,0.3661912751677852,skat
Det Konservative Folkeparti,Inuit Ataqatigiit,67,9,9.0,1.0,skat
Det Konservative Folkeparti,Javnaðarflokkurin,67,10,10.0,1.0,skat
Det Konservative Folkeparti,Liberal Alliance,67,5792,5002.0,0.8636049723756906,skat
Det Konservative Folkeparti,Radikale Venstre,67,9532,6206.0,0.6510700797314309,skat
Det Konservative Folkeparti,Sambandsflokkurin,67,50,50.0,1.0,skat
Det Konservative Folkeparti,Siumut,67,149,138.0,0.9261744966442952,skat
Det Konservative Folkeparti,Socialdemokratiet,67,65453,41287.0,0.6307885047285838,skat
Det Konservative Folkeparti,Socialistisk Folkeparti,67,30927,18844.0,0.6093057845895172,skat
Det Konservative Folkeparti,Tjóðveldi,67,9,9.0,1.0,skat
Det Konservative Folkeparti,Venstre,67,65833,65770.0,0.9990430331292816,skat
Enhedslisten,Enhedslisten,67,295,271.0,0.91864406779661,skat
Enhedslisten,Inuit Ataqatigiit,67,2,0.0,0.0,skat
Enhedslisten,Javnaðarflokkurin,67,2,2.0,1.0,skat
Enhedslisten,Liberal Alliance,67,1238,532.0,0.4297253634894992,skat
Enhedslisten,Radikale Venstre,67,1965,1234.0,0.6279898218829516,skat
Enhedslisten,Sambandsflokkurin,67,11,2.0,0.1818181818181818,skat
Enhedslisten,Siumut,67,29,7.0,0.2413793103448276,skat
Enhedslisten,Socialdemokratiet,67,13525,9041.0,0.6684658040665434,skat
Enhedslisten,Socialistisk Folkeparti,67,6399,4428.0,0.6919831223628692,skat
Enhedslisten,Tjóðveldi,67,2,0.0,0.0,skat
Enhedslisten,Venstre,67,13638,4976.0,0.3648628831206922,skat
Inuit Ataqatigiit,Liberal Alliance,67,3,2.0,0.6666666666666666,skat
Inuit Ataqatigiit,Radikale Venstre,67,6,6.0,1.0,skat
Inuit Ataqatigiit,Sambandsflokkurin,67,1,1.0,1.0,skat
Inuit Ataqatigiit,Socialdemokratiet,67,30,30.0,1.0,skat
Inuit Ataqatigiit,Socialistisk Folkeparti,67,13,13.0,1.0,skat
Inuit Ataqatigiit,Tjóðveldi,67,1,1.0,1.0,skat
Inuit Ataqatigiit,Venstre,67,35,35.0,1.0,skat
Javnaðarflokkurin,Liberal Alliance,67,2,2.0,1.0,skat
Javnaðarflokkurin,Radikale Venstre,67,5,5.0,1.0,skat
Javnaðarflokkurin,Siumut,67,1,1.0,1.0,skat
Javnaðarflokkurin,Socialdemokratiet,67,30,30.0,1.0,skat
Javnaðarflokkurin,Socialistisk Folkeparti,67,15,15.0,1.0,skat
Javnaðarflokkurin,Venstre,67,31,31.0,1.0,skat
Liberal Alliance,Liberal Alliance,67,557,396.0,0.7109515260323159,skat
Liberal Alliance,Radikale Venstre,67,2329,1634.0,0.7015886646629454,skat
Liberal Alliance,Sambandsflokkurin,67,16,12.0,0.75,skat
Liberal Alliance,Siumut,67,43,39.0,0.9069767441860463,skat
Liberal Alliance,Socialdemokratiet,67,16520,10840.0,0.6561743341404358,skat
Liberal Alliance,Socialistisk Folkeparti,67,7903,5161.0,0.6530431481715804,skat
Liberal Alliance,Tjóðveldi,67,3,2.0,0.6666666666666666,skat
Liberal Alliance,Venstre,67,16607,14290.0,0.8604805202625398,skat
Radikale Venstre,Radikale Venstre,67,1550,1493.0,0.9632258064516128,skat
Radikale Venstre,Sambandsflokkurin,67,19,13.0,0.6842105263157895,skat
Radikale Venstre,Siumut,67,62,59.0,0.9516129032258064,skat
Radikale Venstre,Socialdemokratiet,67,26724,22261.0,0.8329965574015866,skat
Radikale Venstre,Socialistisk Folkeparti,67,12643,10490.0,0.829708138891086,skat
Radikale Venstre,Tjóðveldi,67,6,6.0,1.0,skat
Radikale Venstre,Venstre,67,26988,17532.0,0.6496220542463317,skat
Sambandsflokkurin,Siumut,67,1,0.0,0.0,skat
Sambandsflokkurin,Socialdemokratiet,67,150,91.0,0.6066666666666667,skat
Sambandsflokkurin,Socialistisk Folkeparti,67,65,27.0,0.4153846153846154,skat
Sambandsflokkurin,Tjóðveldi,67,1,1.0,1.0,skat
Sambandsflokkurin,Venstre,67,154,154.0,1.0,skat
Siumut,Socialdemokratiet,67,454,423.0,0.9317180616740088,skat
Siumut,Socialistisk Folkeparti,67,198,172.0,0.8686868686868687,skat
Siumut,Venstre,67,443,416.0,0.9390519187358916,skat
Socialdemokratiet,Socialdemokratiet,67,89177,88956.0,0.9975217825223992,skat
Socialdemokratiet,Socialistisk Folkeparti,67,87157,83998.0,0.9637550627029384,skat
Socialdemokratiet,Tjóðveldi,67,30,30.0,1.0,skat
Socialdemokratiet,Venstre,67,185779,116021.0,0.6245108435291394,skat
Socialistisk Folkeparti,Socialistisk Folkeparti,67,19287,19275.0,0.999377819256494,skat
Socialistisk Folkeparti,Tjóðveldi,67,13,13.0,1.0,skat
Socialistisk Folkeparti,Venstre,67,87700,53046.0,0.6048574686431015,skat
Tjóðveldi,Venstre,67,35,35.0,1.0,skat
Venstre,Venstre,67,90767,90739.0,0.9996915178423876,skat
Danmarksdemokraterne,Danmarksdemokraterne,68,129,93.0,0.7209302325581395,skat
Danmarksdemokraterne,Dansk Folkeparti,68,4252,3889.0,0.9146284101599248,skat
Danmarksdemokraterne,Det Konservative Folkeparti,68,1688,1303.0,0.7719194312796208,skat
Danmarksdemokraterne,Enhedslisten,68,2858,1335.0,0.467109867039888,skat
Danmarksdemokraterne,Inuit Ataqatigiit,68,1,0.0,0.0,skat
Danmarksdemokraterne,Javnaðarflokkurin,68,20,6.0,0.3,skat
Danmarksdemokraterne,Liberal Alliance,68,1721,1051.0,0.610691458454387,skat
Danmarksdemokraterne,Radikale Venstre,68,3809,2359.0,0.619322656865319,skat
Danmarksdemokraterne,Sambandsflokkurin,68,1,1.0,1.0,skat
Danmarksdemokraterne,Siumut,68,1,0.0,0.0,skat
Danmarksdemokraterne,Socialdemokratiet,68,10073,6238.0,0.6192792613918395,skat
Danmarksdemokraterne,Socialistisk Folkeparti,68,3363,2022.0,0.6012488849241748,skat
Danmarksdemokraterne,Venstre,68,9659,7983.0,0.8264830727818615,skat
Dansk Folkeparti,Dansk Folkeparti,68,16704,16663.0,0.9975454980842912,skat
Dansk Folkeparti,Det Konservative Folkeparti,68,14345,10732.0,0.7481352387591496,skat
Dansk Folkeparti,Enhedslisten,68,24259,11263.0,0.4642812976627231,skat
Dansk Folkeparti,Inuit Ataqatigiit,68,12,0.0,0.0,skat
Dansk Folkeparti,Javnaðarflokkurin,68,91,0.0,0.0,skat
Dansk Folkeparti,Liberal Alliance,68,14749,9202.0,0.6239067055393586,skat
Dansk Folkeparti,Radikale Venstre,68,32419,19947.0,0.6152873315031309,skat
Dansk Folkeparti,Sambandsflokkurin,68,13,13.0,1.0,skat
Dansk Folkeparti,Siumut,68,12,0.0,0.0,skat
Dansk Folkeparti,Socialdemokratiet,68,85036,52040.0,0.611976104238205,skat
Dansk Folkeparti,Socialistisk Folkeparti,68,28496,17094.0,0.5998736664795059,skat
Dansk Folkeparti,Venstre,68,81871,64037.0,0.7821695105715089,skat
Det Konservative Folkeparti,Det Konservative Folkeparti,68,2313,2308.0,0.9978383052313012,skat
Det Konservative Folkeparti,Enhedslisten,68,9613,4505.0,0.4686362217830022,skat
Det Konservative Folkeparti,Inuit Ataqatigiit,68,5,5.0,1.0,skat
Det Konservative Folkeparti,Javnaðarflokkurin,68,23,23.0,1.0,skat
Det Konservative Folkeparti,Liberal Alliance,68,5840,3868.0,0.6623287671232877,skat
Det Konservative Folkeparti,Radikale Venstre,68,12838,8465.0,0.6593706184763982,skat
Det Konservative Folkeparti,Sambandsflokkurin,68,4,4.0,1.0,skat
Det Konservative Folkeparti,Siumut,68,5,5.0,1.0,skat
Det Konservative Folkeparti,Socialdemokratiet,68,33649,22120.0,0.657374661951321,skat
Det Konservative Folkeparti,Socialistisk Folkeparti,68,11267,7172.0,0.6365492145202805,skat
Det Konservative Folkeparti,Venstre,68,32386,30090.0,0.929105168900142,skat
Enhedslisten,Enhedslisten,68,7155,7043.0,0.9843466107617052,skat
Enhedslisten,Inuit Ataqatigiit,68,8,8.0,1.0,skat
Enhedslisten,Javnaðarflokkurin,68,56,40.0,0.7142857142857143,skat
Enhedslisten,Liberal Alliance,68,9862,2877.0,0.2917258162644494,skat
Enhedslisten,Radikale Venstre,68,21691,16896.0,0.778940574431792,skat
Enhedslisten,Sambandsflokkurin,68,8,8.0,1.0,skat
Enhedslisten,Siumut,68,8,8.0,1.0,skat
Enhedslisten,Socialdemokratiet,68,56863,44051.0,0.7746865272672916,skat
Enhedslisten,Socialistisk Folkeparti,68,19041,15015.0,0.7885615251299827,skat
Enhedslisten,Venstre,68,54761,25248.0,0.4610580522634722,skat
Inuit Ataqatigiit,Liberal Alliance,68,5,5.0,1.0,skat
Inuit Ataqatigiit,Radikale Venstre,68,10,10.0,1.0,skat
Inuit Ataqatigiit,Siumut,68,1,1.0,1.0,skat
Inuit Ataqatigiit,Socialdemokratiet,68,29,29.0,1.0,skat
Inuit Ataqatigiit,Socialistisk Folkeparti,68,8,8.0,1.0,skat
Inuit Ataqatigiit,Venstre,68,26,26.0,1.0,skat
Javnaðarflokkurin,Liberal Alliance,68,30,0.0,0.0,skat
Javnaðarflokkurin,Radikale Venstre,68,77,77.0,1.0,skat
Javnaðarflokkurin,Socialdemokratiet,68,193,193.0,1.0,skat
Javnaðarflokkurin,Socialistisk Folkeparti,68,61,61.0,1.0,skat
Javnaðarflokkurin,Venstre,68,189,189.0,1.0,skat
Liberal Alliance,Liberal Alliance,68,2408,2388.0,0.9916943521594684,skat
Liberal Alliance,Radikale Venstre,68,13172,5563.0,0.4223352566049195,skat
Liberal Alliance,Sambandsflokkurin,68,5,0.0,0.0,skat
Liberal Alliance,Siumut,68,5,5.0,1.0,skat
Liberal Alliance,Socialdemokratiet,68,34585,14507.0,0.4194593031661124,skat
Liberal Alliance,Socialistisk Folkeparti,68,11606,4699.0,0.4048767878683439,skat
Liberal Alliance,Venstre,68,33302,22326.0,0.67041018557444,skat
Radikale Venstre,Radikale Venstre,68,13243,13143.0,0.9924488408970776,skat
Radikale Venstre,Sambandsflokkurin,68,11,11.0,1.0,skat
Radikale Venstre,Siumut,68,10,10.0,1.0,skat
Radikale Venstre,Socialdemokratiet,68,75957,75588.0,0.9951419882301829,skat
Radikale Venstre,Socialistisk Folkeparti,68,25448,25138.0,0.9878182961332914,skat
Radikale Venstre,Venstre,68,73169,48822.0,0.6672497915784007,skat
Sambandsflokkurin,Socialdemokratiet,68,29,29.0,1.0,skat
Sambandsflokkurin,Socialistisk Folkeparti,68,9,9.0,1.0,skat
Sambandsflokkurin,Venstre,68,25,25.0,1.0,skat
Siumut,Socialdemokratiet,68,29,29.0,1.0,skat
Siumut,Socialistisk Folkeparti,68,8,8.0,1.0,skat
Siumut,Venstre,68,26,26.0,1.0,skat
Socialdemokratiet,Socialdemokratiet,68,96542,96278.0,0.997265438876344,skat
Socialdemokratiet,Socialistisk Folkeparti,68,66833,66022.0,0.9878652761360406,skat
Socialdemokratiet,Venstre,68,192075,127785.0,0.6652869972666927,skat
Socialistisk Folkeparti,Socialistisk Folkeparti,68,10151,10079.0,0.9929071027484976,skat
Socialistisk Folkeparti,Venstre,68,64369,41420.0,0.6434774503254672,skat
Venstre,Venstre,68,89448,89320.0,0.9985690009838118,skat
Alternativet,Alternativet,69,2792,2790.0,0.9992836676217765,skat
Alternativet,Danmarksdemokraterne,69,1793,872.0,0.4863357501394311,skat
Alternativet,Dansk Folkeparti,69,28004,14268.0,0.5094986430509927,skat
Alternativet,Det Konservative Folkeparti,69,5148,2634.0,0.5116550116550117,skat
Alternativet,Enhedslisten,69,11560,8634.0,0.7468858131487889,skat
Alternativet,Inuit Ataqatigiit,69,12,6.0,0.5,skat
Alternativet,Liberal Alliance,69,10368,5016.0,0.4837962962962963,skat
Alternativet,Radikale Venstre,69,6298,4395.0,0.6978405843124802,skat
Alternativet,Socialdemokratiet,69,37886,25605.0,0.6758433194319802,skat
Alternativet,Socialistisk Folkeparti,69,5095,4219.0,0.8280667320902846,skat
Alternativet,Venstre,69,24972,13251.0,0.530634310427679,skat
Danmarksdemokraterne,Danmarksdemokraterne,69,110,98.0,0.8909090909090909,skat
Danmarksdemokraterne,Dansk Folkeparti,69,7476,7154.0,0.9569288389513108,skat
Danmarksdemokraterne,Det Konservative Folkeparti,69,1369,1285.0,0.9386413440467496,skat
Danmarksdemokraterne,Enhedslisten,69,3101,1035.0,0.3337633021605933,skat
Danmarksdemokraterne,Inuit Ataqatigiit,69,3,2.0,0.6666666666666666,skat
Danmarksdemokraterne,Liberal Alliance,69,2776,2475.0,0.8915706051873199,skat
Danmarksdemokraterne,Radikale Venstre,69,1687,1178.0,0.6982809721398933,skat
Danmarksdemokraterne,Socialdemokratiet,69,10168,7204.0,0.7084972462627852,skat
Danmarksdemokraterne,Socialistisk Folkeparti,69,1370,643.0,0.4693430656934306,skat
Danmarksdemokraterne,Venstre,69,6618,6214.0,0.938954366878211,skat
Dansk Folkeparti,Dansk Folkeparti,69,55872,55852.0,0.9996420389461628,skat
Dansk Folkeparti,Det Konservative Folkeparti,69,21473,19686.0,0.9167792111023144,skat
Dansk Folkeparti,Enhedslisten,69,48237,17838.0,0.3697991168605012,skat
Dansk Folkeparti,Inuit Ataqatigiit,69,42,21.0,0.5,skat
Dansk Folkeparti,Liberal Alliance,69,43184,37669.0,0.8722906632085958,skat
Dansk Folkeparti,Radikale Venstre,69,26279,17851.0,0.6792876441264888,skat
Dansk Folkeparti,Socialdemokratiet,69,157912,109157.0,0.6912520897715183,skat
Dansk Folkeparti,Socialistisk Folkeparti,69,21266,10589.0,0.4979309696228722,skat
Dansk Folkeparti,Venstre,69,103471,93719.0,0.905751369949068,skat
Det Konservative Folkeparti,Det Konservative Folkeparti,69,1499,1496.0,0.9979986657771848,skat
Det Konservative Folkeparti,Enhedslisten,69,8863,2760.0,0.3114069728083042,skat
Det Konservative Folkeparti,Inuit Ataqatigiit,69,8,4.0,0.5,skat
Det Konservative Folkeparti,Liberal Alliance,69,7929,7537.0,0.9505612309244544,skat
Det Konservative Folkeparti,Radikale Venstre,69,4825,3513.0,0.7280829015544041,skat
Det Konservative Folkeparti,Socialdemokratiet,69,28965,21024.0,0.7258415328845158,skat
Det Konservative Folkeparti,Socialistisk Folkeparti,69,3905,1843.0,0.4719590268886043,skat
Det Konservative Folkeparti,Venstre,69,18949,18390.0,0.9704997625204496,skat
Enhedslisten,Enhedslisten,69,8845,8845.0,1.0,skat
Enhedslisten,Inuit Ataqatigiit,69,18,9.0,0.5,skat
Enhedslisten,Liberal Alliance,69,17822,5560.0,0.3119739647626529,skat
Enhedslisten,Radikale Venstre,69,10834,5716.0,0.5275983016429758,skat
Enhedslisten,Socialdemokratiet,69,65178,33663.0,0.5164779526834208,skat
Enhedslisten,Socialistisk Folkeparti,69,8770,6950.0,0.7924743443557583,skat
Enhedslisten,Venstre,69,42688,13353.0,0.3128045352323838,skat
Inuit Ataqatigiit,Liberal Alliance,69,15,0.0,0.0,skat
Inuit Ataqatigiit,Radikale Venstre,69,9,4.0,0.4444444444444444,skat
Inuit Ataqatigiit,Socialdemokratiet,69,57,30.0,0.5263157894736842,skat
Inuit Ataqatigiit,Socialistisk Folkeparti,69,8,4.0,0.5,skat
Inuit Ataqatigiit,Venstre,69,42,20.0,0.4761904761904761,skat
Liberal Alliance,Liberal Alliance,69,7002,6951.0,0.9927163667523564,skat
Liberal Alliance,Radikale Venstre,69,9707,6967.0,0.7177294735757701,skat
Liberal Alliance,Socialdemokratiet,69,58360,41083.0,0.7039581905414668,skat
Liberal Alliance,Socialistisk Folkeparti,69,7859,3459.0,0.4401323323578063,skat
Liberal Alliance,Venstre,69,38253,35676.0,0.9326327346874757,skat
Radikale Venstre,Radikale Venstre,69,2370,2356.0,0.9940928270042194,skat
Radikale Venstre,Socialdemokratiet,69,35461,29695.0,0.8373988325202335,skat
Radikale Venstre,Socialistisk Folkeparti,69,4786,3192.0,0.6669452569995821,skat
Radikale Venstre,Venstre,69,23264,17603.0,0.7566626547455296,skat
Socialdemokratiet,Socialdemokratiet,69,103323,101992.0,0.9871180666453744,skat
Socialdemokratiet,Socialistisk Folkeparti,69,28707,19482.0,0.6786498066673634,skat
Socialdemokratiet,Venstre,69,140241,106168.0,0.757039667429639,skat
Socialistisk Folkeparti,Socialistisk Folkeparti,69,1449,1445.0,0.9972394755003452,skat
Socialistisk Folkeparti,Venstre,69,18816,9107.0,0.4840029761904761,skat
Venstre,Venstre,69,43796,43775.0,0.9995205041556308,skat
Alternativet,Alternativet,70,699,607.0,0.8683834048640916,skat
Alternativet,Danmarksdemokraterne,70,987,563.0,0.5704154002026343,skat
Alternativet,Dansk Folkeparti,70,5552,3129.0,0.5635806916426513,skat
Alternativet,Det Konservative Folkeparti,70,4474,2427.0,0.542467590523022,skat
Alternativet,Enhedslisten,70,5057,4315.0,0.8532726913189638,skat
Alternativet,Inuit Ataqatigiit,70,6,3.0,0.5,skat
Alternativet,Liberal Alliance,70,1289,586.0,0.4546159813809154,skat
Alternativet,Nye Borgerlige,70,1550,594.0,0.3832258064516129,skat
Alternativet,Radikale Venstre,70,6090,4836.0,0.7940886699507389,skat
Alternativet,Sambandsflokkurin,70,8,6.0,0.75,skat
Alternativet,Siumut,70,2,2.0,1.0,skat
Alternativet,Socialdemokratiet,70,19398,15825.0,0.8158057531704299,skat
Alternativet,Socialistisk Folkeparti,70,5547,4579.0,0.8254912565350639,skat
Alternativet,Venstre,70,16564,9487.0,0.5727481284713837,skat
Danmarksdemokraterne,Danmarksdemokraterne,70,118,105.0,0.8898305084745762,skat
Danmarksdemokraterne,Dansk Folkeparti,70,2732,2552.0,0.9341142020497804,skat
Danmarksdemokraterne,Det Konservative Folkeparti,70,2260,1742.0,0.7707964601769911,skat
Danmarksdemokraterne,Enhedslisten,70,2531,1342.0,0.5302252074278941,skat
Danmarksdemokraterne,Inuit Ataqatigiit,70,3,0.0,0.0,skat
Danmarksdemokraterne,Liberal Alliance,70,626,428.0,0.6837060702875399,skat
Danmarksdemokraterne,Nye Borgerlige,70,805,543.0,0.6745341614906832,skat
Danmarksdemokraterne,Radikale Venstre,70,3061,1928.0,0.629859523031689,skat
Danmarksdemokraterne,Sambandsflokkurin,70,2,2.0,1.0,skat
Danmarksdemokraterne,Siumut,70,1,0.0,0.0,skat
Danmarksdemokraterne,Socialdemokratiet,70,9596,5983.0,0.6234889537307211,skat
Danmarksdemokraterne,Socialistisk Folkeparti,70,2807,1572.0,0.5600285001781261,skat
Danmarksdemokraterne,Venstre,70,8196,6680.0,0.8150317227916056,skat
Dansk Folkeparti,Dansk Folkeparti,70,7005,6819.0,0.9734475374732334,skat
Dansk Folkeparti,Det Konservative Folkeparti,70,12794,9139.0,0.7143192121306863,skat
Dansk Folkeparti,Enhedslisten,70,14325,7832.0,0.5467364746945899,skat
Dansk Folkeparti,Inuit Ataqatigiit,70,15,0.0,0.0,skat
Dansk Folkeparti,Liberal Alliance,70,3700,2467.0,0.6667567567567567,skat
Dansk Folkeparti,Nye Borgerlige,70,4440,3117.0,0.702027027027027,skat
Dansk Folkeparti,Radikale Venstre,70,17201,10330.0,0.6005464798558223,skat
Dansk Folkeparti,Sambandsflokkurin,70,16,16.0,1.0,skat
Dansk Folkeparti,Siumut,70,7,0.0,0.0,skat
Dansk Folkeparti,Socialdemokratiet,70,54682,33122.0,0.6057203467320141,skat
Dansk Folkeparti,Socialistisk Folkeparti,70,15857,8568.0,0.5403291921548843,skat
Dansk Folkeparti,Venstre,70,46582,34502.0,0.7406723627152119,skat
Det Konservative Folkeparti,Det Konservative Folkeparti,70,4533,4504.0,0.9936024707699096,skat
Det Konservative Folkeparti,Enhedslisten,70,11657,5584.0,0.4790254782534099,skat
Det Konservative Folkeparti,Inuit Ataqatigiit,70,11,5.0,0.4545454545454545,skat
Det Konservative Folkeparti,Liberal Alliance,70,3002,2335.0,0.7778147901399067,skat
Det Konservative Folkeparti,Nye Borgerlige,70,3575,2300.0,0.6433566433566433,skat
Det Konservative Folkeparti,Radikale Venstre,70,13958,9553.0,0.6844103739790801,skat
Det Konservative Folkeparti,Sambandsflokkurin,70,12,12.0,1.0,skat
Det Konservative Folkeparti,Siumut,70,6,0.0,0.0,skat
Det Konservative Folkeparti,Socialdemokratiet,70,44289,29885.0,0.6747725168777801,skat
Det Konservative Folkeparti,Socialistisk Folkeparti,70,12917,7709.0,0.5968104048927769,skat
Det Konservative Folkeparti,Venstre,70,37585,33032.0,0.8788612478382334,skat
Enhedslisten,Enhedslisten,70,5689,5665.0,0.9957813323958516,skat
Enhedslisten,Inuit Ataqatigiit,70,14,14.0,1.0,skat
Enhedslisten,Liberal Alliance,70,3335,1270.0,0.3808095952023988,skat
Enhedslisten,Nye Borgerlige,70,4045,1475.0,0.3646477132262052,skat
Enhedslisten,Radikale Venstre,70,15751,11562.0,0.7340486318328995,skat
Enhedslisten,Sambandsflokkurin,70,16,16.0,1.0,skat
Enhedslisten,Siumut,70,7,7.0,1.0,skat
Enhedslisten,Socialdemokratiet,70,50086,38047.0,0.7596334304995408,skat
Enhedslisten,Socialistisk Folkeparti,70,14535,11814.0,0.812796697626419,skat
Enhedslisten,Venstre,70,42761,21328.0,0.4987722457379387,skat
Inuit Ataqatigiit,Liberal Alliance,70,4,2.0,0.5,skat
Inuit Ataqatigiit,Nye Borgerlige,70,4,0.0,0.0,skat
Inuit Ataqatigiit,Radikale Venstre,70,17,17.0,1.0,skat
Inuit Ataqatigiit,Siumut,70,1,1.0,1.0,skat
Inuit Ataqatigiit,Socialdemokratiet,70,55,55.0,1.0,skat
Inuit Ataqatigiit,Socialistisk Folkeparti,70,15,15.0,1.0,skat
Inuit Ataqatigiit,Venstre,70,48,24.0,0.5,skat
Liberal Alliance,Liberal Alliance,70,233,229.0,0.9828326180257512,skat
Liberal Alliance,Nye Borgerlige,70,1010,687.0,0.6801980198019802,skat
Liberal Alliance,Radikale Venstre,70,4004,2382.0,0.5949050949050949,skat
Liberal Alliance,Sambandsflokkurin,70,4,4.0,1.0,skat
Liberal Alliance,Siumut,70,2,0.0,0.0,skat
Liberal Alliance,Socialdemokratiet,70,12791,7631.0,0.5965913532952858,skat
Liberal Alliance,Socialistisk Folkeparti,70,3714,1818.0,0.4894991922455573,skat
Liberal Alliance,Venstre,70,10871,8180.0,0.7524606751908748,skat
Nye Borgerlige,Nye Borgerlige,70,386,384.0,0.9948186528497408,skat
Nye Borgerlige,Radikale Venstre,70,4870,2129.0,0.4371663244353183,skat
Nye Borgerlige,Sambandsflokkurin,70,4,4.0,1.0,skat
Nye Borgerlige,Siumut,70,2,0.0,0.0,skat
Nye Borgerlige,Socialdemokratiet,70,15458,6295.0,0.4072325009703713,skat
Nye Borgerlige,Socialistisk Folkeparti,70,4485,1617.0,0.3605351170568562,skat
Nye Borgerlige,Venstre,70,13185,8077.0,0.6125900644671975,skat
Radikale Venstre,Radikale Venstre,70,8463,8277.0,0.978021978021978,skat
Radikale Venstre,Sambandsflokkurin,70,20,20.0,1.0,skat
Radikale Venstre,Siumut,70,7,7.0,1.0,skat
Radikale Venstre,Socialdemokratiet,70,60023,57042.0,0.950335704646552,skat
Radikale Venstre,Socialistisk Folkeparti,70,17469,15184.0,0.8691968630144828,skat
Radikale Venstre,Venstre,70,51335,36199.0,0.7051524301159053,skat
Sambandsflokkurin,Socialdemokratiet,70,52,52.0,1.0,skat
Sambandsflokkurin,Socialistisk Folkeparti,70,16,16.0,1.0,skat
Sambandsflokkurin,Venstre,70,44,44.0,1.0,skat
Siumut,Socialdemokratiet,70,27,27.0,1.0,skat
Siumut,Socialistisk Folkeparti,70,8,8.0,1.0,skat
Siumut,Venstre,70,24,0.0,0.0,skat
Socialdemokratiet,Socialdemokratiet,70,92880,92854.0,0.9997200689061154,skat
Socialdemokratiet,Socialistisk Folkeparti,70,55362,50137.0,0.9056211842057728,skat
Socialdemokratiet,Venstre,70,164149,114507.0,0.6975796380118063,skat
Socialistisk Folkeparti,Socialistisk Folkeparti,70,7099,7083.0,0.9977461614311874,skat
Socialistisk Folkeparti,Venstre,70,47302,28290.0,0.598071963130523,skat
Venstre,Venstre,70,67353,66760.0,0.9911956408771696,skat
Alternativet,Alternativet,71,476,440.0,0.9243697478991596,skat
Alternativet,Danmarksdemokraterne,71,3465,2193.0,0.6329004329004329,skat
Alternativet,Dansk Folkeparti,71,949,601.0,0.6332982086406744,skat
Alternativet,Det Konservative Folkeparti,71,2426,1437.0,0.5923330585325639,skat
Alternativet,Enhedslisten,71,1979,1602.0,0.809499747347145,skat
Alternativet,Liberal Alliance,71,3537,1919.0,0.5425501837715578,skat
Alternativet,Moderaterne,71,3863,2515.0,0.651048407973078,skat
Alternativet,Nye Borgerlige,71,1249,685.0,0.5484387510008006,skat
Alternativet,Radikale Venstre,71,1654,1171.0,0.7079806529625151,skat
Alternativet,Sambandsflokkurin,71,44,34.0,0.7727272727272727,skat
Alternativet,Siumut,71,3,0.0,0.0,skat
Alternativet,Socialdemokratiet,71,13319,8686.0,0.6521510623920714,skat
Alternativet,Socialistisk Folkeparti,71,3617,2715.0,0.7506220624827205,skat
Alternativet,Venstre,71,6096,3934.0,0.6453412073490814,skat
Danmarksdemokraterne,Danmarksdemokraterne,71,4102,4094.0,0.9980497318381276,skat
Danmarksdemokraterne,Dansk Folkeparti,71,2541,2137.0,0.8410074773711137,skat
Danmarksdemokraterne,Det Konservative Folkeparti,71,6473,5327.0,0.8229568978835161,skat
Danmarksdemokraterne,Enhedslisten,71,5282,2846.0,0.5388110564180235,skat
Danmarksdemokraterne,Liberal Alliance,71,9411,7412.0,0.787588991605568,skat
Danmarksdemokraterne,Moderaterne,71,10312,7907.0,0.7667765709852599,skat
Danmarksdemokraterne,Nye Borgerlige,71,3392,2805.0,0.8269457547169812,skat
Danmarksdemokraterne,Radikale Venstre,71,4483,3421.0,0.7631050635734999,skat
Danmarksdemokraterne,Sambandsflokkurin,71,105,71.0,0.6761904761904762,skat
Danmarksdemokraterne,Siumut,71,9,0.0,0.0,skat
Danmarksdemokraterne,Socialdemokratiet,71,35618,26936.0,0.7562468414846426,skat
Danmarksdemokraterne,Socialistisk Folkeparti,71,9703,6009.0,0.6192930021642791,skat
Danmarksdemokraterne,Venstre,71,16288,12416.0,0.762278978388998,skat
Dansk Folkeparti,Dansk Folkeparti,71,229,228.0,0.9956331877729258,skat
Dansk Folkeparti,Det Konservative Folkeparti,71,1805,1339.0,0.7418282548476455,skat
Dansk Folkeparti,Enhedslisten,71,1471,817.0,0.5554044867437118,skat
Dansk Folkeparti,Liberal Alliance,71,2625,1916.0,0.729904761904762,skat
Dansk Folkeparti,Moderaterne,71,2882,1999.0,0.693615544760583,skat
Dansk Folkeparti,Nye Borgerlige,71,903,766.0,0.8482834994462901,skat
Dansk Folkeparti,Radikale Venstre,71,1266,860.0,0.6793048973143759,skat
Dansk Folkeparti,Sambandsflokkurin,71,26,16.0,0.6153846153846154,skat
Dansk Folkeparti,Siumut,71,3,0.0,0.0,skat
Dansk Folkeparti,Socialdemokratiet,71,9914,6770.0,0.6828727052652814,skat
Dansk Folkeparti,Socialistisk Folkeparti,71,2704,1631.0,0.603180473372781,skat
Dansk Folkeparti,Venstre,71,4521,3098.0,0.6852466268524663,skat
Det Konservative Folkeparti,Det Konservative Folkeparti,71,1900,1900.0,1.0,skat
Det Konservative Folkeparti,Enhedslisten,71,3714,1994.0,0.5368874528809908,skat
Det Konservative Folkeparti,Liberal Alliance,71,6618,5198.0,0.7854336657600484,skat
Det Konservative Folkeparti,Moderaterne,71,7263,5458.0,0.751480104639956,skat
Det Konservative Folkeparti,Nye Borgerlige,71,2365,1729.0,0.7310782241014799,skat
Det Konservative Folkeparti,Radikale Venstre,71,3159,2521.0,0.7980373535929092,skat
Det Konservative Folkeparti,Sambandsflokkurin,71,72,42.0,0.5833333333333334,skat
Det Konservative Folkeparti,Siumut,71,6,0.0,0.0,skat
Det Konservative Folkeparti,Socialdemokratiet,71,25026,18710.0,0.7476224726284664,skat
Det Konservative Folkeparti,Socialistisk Folkeparti,71,6821,4247.0,0.6226359771294532,skat
Det Konservative Folkeparti,Venstre,71,11441,8602.0,0.7518573551263001,skat
Enhedslisten,Enhedslisten,71,1217,1209.0,0.9934264585045192,skat
Enhedslisten,Liberal Alliance,71,5392,2536.0,0.4703264094955489,skat
Enhedslisten,Moderaterne,71,5930,3725.0,0.6281618887015177,skat
Enhedslisten,Nye Borgerlige,71,1947,901.0,0.4627632254750898,skat
Enhedslisten,Radikale Venstre,71,2582,1710.0,0.6622773044151821,skat
Enhedslisten,Sambandsflokkurin,71,58,42.0,0.7241379310344828,skat
Enhedslisten,Siumut,71,6,0.0,0.0,skat
Enhedslisten,Socialdemokratiet,71,20444,12842.0,0.6281549598904324,skat
Enhedslisten,Socialistisk Folkeparti,71,5563,4807.0,0.8641021031817365,skat
Enhedslisten,Venstre,71,9335,5806.0,0.6219603642206749,skat
Liberal Alliance,Liberal Alliance,71,4280,4255.0,0.9941588785046728,skat
Liberal Alliance,Moderaterne,71,10557,7416.0,0.7024722932651322,skat
Liberal Alliance,Nye Borgerlige,71,3406,2545.0,0.7472108044627128,skat
Liberal Alliance,Radikale Venstre,71,4586,3365.0,0.7337549062363715,skat
Liberal Alliance,Sambandsflokkurin,71,106,43.0,0.4056603773584906,skat
Liberal Alliance,Siumut,71,9,0.0,0.0,skat
Liberal Alliance,Socialdemokratiet,71,36363,25424.0,0.6991722355141214,skat
Liberal Alliance,Socialistisk Folkeparti,71,9910,5615.0,0.5665993945509586,skat
Liberal Alliance,Venstre,71,16600,11738.0,0.7071084337349398,skat
Moderaterne,Moderaterne,71,5224,5038.0,0.964395099540582,skat
Moderaterne,Nye Borgerlige,71,3771,2444.0,0.6481039512065765,skat
Moderaterne,Radikale Venstre,71,5053,4431.0,0.876904809024342,skat
Moderaterne,Sambandsflokkurin,71,117,116.0,0.9914529914529916,skat
Moderaterne,Siumut,71,10,10.0,1.0,skat
Moderaterne,Socialdemokratiet,71,39930,39154.0,0.9805659904833458,skat
Moderaterne,Socialistisk Folkeparti,71,10882,8221.0,0.7554677448998346,skat
Moderaterne,Venstre,71,18212,17833.0,0.9791895453547113,skat
Nye Borgerlige,Nye Borgerlige,71,473,366.0,0.773784355179704,skat
Nye Borgerlige,Radikale Venstre,71,1652,1080.0,0.6537530266343826,skat
Nye Borgerlige,Sambandsflokkurin,71,34,22.0,0.6470588235294118,skat
Nye Borgerlige,Siumut,71,3,0.0,0.0,skat
Nye Borgerlige,Socialdemokratiet,71,13077,8360.0,0.6392903571155464,skat
Nye Borgerlige,Socialistisk Folkeparti,71,3554,1864.0,0.5244794597636466,skat
Nye Borgerlige,Venstre,71,6003,3870.0,0.6446776611694153,skat
Radikale Venstre,Radikale Venstre,71,857,841.0,0.9813302217036172,skat
Radikale Venstre,Sambandsflokkurin,71,48,40.0,0.8333333333333334,skat
Radikale Venstre,Siumut,71,4,0.0,0.0,skat
Radikale Venstre,Socialdemokratiet,71,17443,15533.0,0.8905004873014963,skat
Radikale Venstre,Socialistisk Folkeparti,71,4753,3624.0,0.7624658110666948,skat
Radikale Venstre,Venstre,71,7956,7059.0,0.8872549019607843,skat
Sambandsflokkurin,Siumut,71,1,1.0,1.0,skat
Sambandsflokkurin,Socialdemokratiet,71,397,397.0,1.0,skat
Sambandsflokkurin,Socialistisk Folkeparti,71,109,91.0,0.8348623853211009,skat
Sambandsflokkurin,Venstre,71,168,167.0,0.9940476190476192,skat
Siumut,Socialdemokratiet,71,32,32.0,1.0,skat
Siumut,Socialistisk Folkeparti,71,9,0.0,0.0,skat
Siumut,Venstre,71,14,14.0,1.0,skat
Socialdemokratiet,Socialdemokratiet,71,66898,66898.0,1.0,skat
Socialdemokratiet,Socialistisk Folkeparti,71,37547,28213.0,0.751404905851333,skat
Socialdemokratiet,Venstre,71,62945,62781.0,0.997394550798316,skat
Socialistisk Folkeparti,Socialistisk Folkeparti,71,4557,4543.0,0.9969278033794164,skat
Socialistisk Folkeparti,Venstre,71,17153,12814.0,0.7470413338774559,skat
Venstre,Venstre,71,13503,13431.0,0.994667851588536,skat
Danmarksdemokraterne,Danmarksdemokraterne,65,21,21.0,1.0,arbejdsmarked_velfærd
Danmarksdemokraterne,Dansk Folkeparti,65,896,896.0,1.0,arbejdsmarked_velfærd
Danmarksdemokraterne,Det Konservative Folkeparti,65,490,490.0,1.0,arbejdsmarked_velfærd
Danmarksdemokraterne,Enhedslisten,65,66,33.0,0.5,arbejdsmarked_velfærd
Danmarksdemokraterne,Inuit Ataqatigiit,65,1,0.0,0.0,arbejdsmarked_velfærd
Danmarksdemokraterne,Kristendemokraterne,65,126,86.0,0.6825396825396826,arbejdsmarked_velfærd
Danmarksdemokraterne,Radikale Venstre,65,256,162.0,0.6328125,arbejdsmarked_velfærd
Danmarksdemokraterne,Socialdemokratiet,65,2034,1273.0,0.6258603736479843,arbejdsmarked_velfærd
Danmarksdemokraterne,Socialistisk Folkeparti,65,427,265.0,0.6206088992974239,arbejdsmarked_velfærd
Danmarksdemokraterne,Venstre,65,2321,2320.0,0.999569151227919,arbejdsmarked_velfærd
Dansk Folkeparti,Dansk Folkeparti,65,3936,3936.0,1.0,arbejdsmarked_velfærd
Dansk Folkeparti,Det Konservative Folkeparti,65,4731,4731.0,1.0,arbejdsmarked_velfærd
Dansk Folkeparti,Enhedslisten,65,630,293.0,0.4650793650793651,arbejdsmarked_velfærd
Dansk Folkeparti,Inuit Ataqatigiit,65,13,0.0,0.0,arbejdsmarked_velfærd
Dansk Folkeparti,Kristendemokraterne,65,1192,800.0,0.6711409395973155,arbejdsmarked_velfærd
Dansk Folkeparti,Radikale Venstre,65,2471,1543.0,0.6244435451234318,arbejdsmarked_velfærd
Dansk Folkeparti,Socialdemokratiet,65,19278,11707.0,0.6072725386450877,arbejdsmarked_velfærd
Dansk Folkeparti,Socialistisk Folkeparti,65,4028,2392.0,0.5938430983118173,arbejdsmarked_velfærd
Dansk Folkeparti,Venstre,65,21775,21760.0,0.9993111366245696,arbejdsmarked_velfærd
Det Konservative Folkeparti,Det Konservative Folkeparti,65,1204,1204.0,1.0,arbejdsmarked_velfærd
Det Konservative Folkeparti,Enhedslisten,65,358,161.0,0.4497206703910614,arbejdsmarked_velfærd
Det Konservative Folkeparti,Inuit Ataqatigiit,65,11,0.0,0.0,arbejdsmarked_velfærd
Det Konservative Folkeparti,Kristendemokraterne,65,668,442.0,0.6616766467065869,arbejdsmarked_velfærd
Det Konservative Folkeparti,Radikale Venstre,65,1387,859.0,0.619322278298486,arbejdsmarked_velfærd
Det Konservative Folkeparti,Socialdemokratiet,65,10775,6396.0,0.5935962877030162,arbejdsmarked_velfærd
Det Konservative Folkeparti,Socialistisk Folkeparti,65,2231,1272.0,0.5701479157328552,arbejdsmarked_velfærd
Det Konservative Folkeparti,Venstre,65,12206,12196.0,0.999180730788137,arbejdsmarked_velfærd
Enhedslisten,Enhedslisten,65,2,2.0,1.0,arbejdsmarked_velfærd
Enhedslisten,Inuit Ataqatigiit,65,2,2.0,1.0,arbejdsmarked_velfærd
Enhedslisten,Kristendemokraterne,65,89,61.0,0.6853932584269663,arbejdsmarked_velfærd
Enhedslisten,Radikale Venstre,65,185,136.0,0.7351351351351352,arbejdsmarked_velfærd
Enhedslisten,Socialdemokratiet,65,1432,1113.0,0.7772346368715084,arbejdsmarked_velfærd
Enhedslisten,Socialistisk Folkeparti,65,304,264.0,0.868421052631579,arbejdsmarked_velfærd
Enhedslisten,Venstre,65,1628,765.0,0.4699017199017199,arbejdsmarked_velfærd
Inuit Ataqatigiit,Kristendemokraterne,65,2,2.0,1.0,arbejdsmarked_velfærd
Inuit Ataqatigiit,Radikale Venstre,65,4,4.0,1.0,arbejdsmarked_velfærd
Inuit Ataqatigiit,Socialdemokratiet,65,28,28.0,1.0,arbejdsmarked_velfærd
Inuit Ataqatigiit,Socialistisk Folkeparti,65,9,9.0,1.0,arbejdsmarked_velfærd
Inuit Ataqatigiit,Venstre,65,35,0.0,0.0,arbejdsmarked_velfærd
Kristendemokraterne,Kristendemokraterne,65,42,42.0,1.0,arbejdsmarked_velfærd
Kristendemokraterne,Radikale Venstre,65,348,274.0,0.7873563218390804,arbejdsmarked_velfærd
Kristendemokraterne,Socialdemokratiet,65,2718,2156.0,0.7932303164091243,arbejdsmarked_velfærd
Kristendemokraterne,Socialistisk Folkeparti,65,569,433.0,0.7609841827768014,arbejdsmarked_velfærd
Kristendemokraterne,Venstre,65,3072,2068.0,0.6731770833333334,arbejdsmarked_velfærd
Radikale Venstre,Radikale Venstre,65,279,279.0,1.0,arbejdsmarked_velfærd
Radikale Venstre,Socialdemokratiet,65,5623,5067.0,0.9011203983638628,arbejdsmarked_velfærd
Radikale Venstre,Socialistisk Folkeparti,65,1177,1021.0,0.8674596431605778,arbejdsmarked_velfærd
Radikale Venstre,Venstre,65,6345,3989.0,0.6286840031520883,arbejdsmarked_velfærd
Socialdemokratiet,Socialdemokratiet,65,21325,21325.0,1.0,arbejdsmarked_velfærd
Socialdemokratiet,Socialistisk Folkeparti,65,9156,8321.0,0.9088029707295764,arbejdsmarked_velfærd
Socialdemokratiet,Venstre,65,49608,30473.0,0.6142759232381874,arbejdsmarked_velfærd
Socialistisk Folkeparti,Socialistisk Folkeparti,65,833,833.0,1.0,arbejdsmarked_velfærd
Socialistisk Folkeparti,Venstre,65,10360,6201.0,0.5985521235521235,arbejdsmarked_velfærd
Venstre,Venstre,65,27336,27300.0,0.9986830553116768,arbejdsmarked_velfærd
Danmarksdemokraterne,Danmarksdemokraterne,66,54,50.0,0.925925925925926,arbejdsmarked_velfærd
Danmarksdemokraterne,Dansk Folkeparti,66,4401,4215.0,0.9577368779822768,arbejdsmarked_velfærd
Danmarksdemokraterne,Det Konservative Folkeparti,66,3059,3009.0,0.98365478914678,arbejdsmarked_velfærd
Danmarksdemokraterne,Enhedslisten,66,707,231.0,0.3267326732673267,arbejdsmarked_velfærd
Danmarksdemokraterne,Radikale Venstre,66,2529,1632.0,0.6453143534994069,arbejdsmarked_velfærd
Danmarksdemokraterne,Siumut,66,4,2.0,0.5,arbejdsmarked_velfærd
Danmarksdemokraterne,Socialdemokratiet,66,7928,5444.0,0.6866801210898082,arbejdsmarked_velfærd
Danmarksdemokraterne,Socialistisk Folkeparti,66,2170,1088.0,0.5013824884792627,arbejdsmarked_velfærd
Danmarksdemokraterne,Venstre,66,9346,9169.0,0.9810614166488336,arbejdsmarked_velfærd
Dansk Folkeparti,Dansk Folkeparti,66,32532,32473.0,0.9981864010820116,arbejdsmarked_velfærd
Dansk Folkeparti,Det Konservative Folkeparti,66,47710,45407.0,0.9517291972332844,arbejdsmarked_velfærd
Dansk Folkeparti,Enhedslisten,66,11305,3307.0,0.2925254312251216,arbejdsmarked_velfærd
Dansk Folkeparti,Radikale Venstre,66,39163,22541.0,0.5755687766514312,arbejdsmarked_velfærd
Dansk Folkeparti,Siumut,66,48,33.0,0.6875,arbejdsmarked_velfærd
Dansk Folkeparti,Socialdemokratiet,66,123327,76328.0,0.6189074574099751,arbejdsmarked_velfærd
Dansk Folkeparti,Socialistisk Folkeparti,66,34028,15220.0,0.44727871164923,arbejdsmarked_velfærd
Dansk Folkeparti,Venstre,66,144866,137651.0,0.9501953529468612,arbejdsmarked_velfærd
Det Konservative Folkeparti,Det Konservative Folkeparti,66,15218,15218.0,1.0,arbejdsmarked_velfærd
Det Konservative Folkeparti,Enhedslisten,66,7840,2302.0,0.2936224489795918,arbejdsmarked_velfærd
Det Konservative Folkeparti,Radikale Venstre,66,27019,16673.0,0.6170842740293867,arbejdsmarked_velfærd
Det Konservative Folkeparti,Siumut,66,38,26.0,0.6842105263157895,arbejdsmarked_velfærd
Det Konservative Folkeparti,Socialdemokratiet,66,85207,56420.0,0.6621521705963125,arbejdsmarked_velfærd
Det Konservative Folkeparti,Socialistisk Folkeparti,66,23498,11221.0,0.4775300025534088,arbejdsmarked_velfærd
Det Konservative Folkeparti,Venstre,66,100182,100079.0,0.998971871194426,arbejdsmarked_velfærd
Enhedslisten,Enhedslisten,66,610,609.0,0.9983606557377048,arbejdsmarked_velfærd
Enhedslisten,Radikale Venstre,66,6396,3847.0,0.6014696685428392,arbejdsmarked_velfærd
Enhedslisten,Siumut,66,6,4.0,0.6666666666666666,arbejdsmarked_velfærd
Enhedslisten,Socialdemokratiet,66,20104,11691.0,0.5815260644647832,arbejdsmarked_velfærd
Enhedslisten,Socialistisk Folkeparti,66,5533,4272.0,0.7720947045002711,arbejdsmarked_velfærd
Enhedslisten,Venstre,66,23650,6885.0,0.2911205073995772,arbejdsmarked_velfærd
Radikale Venstre,Radikale Venstre,66,9961,9898.0,0.9936753338018272,arbejdsmarked_velfærd
Radikale Venstre,Siumut,66,33,22.0,0.6666666666666666,arbejdsmarked_velfærd
Radikale Venstre,Socialdemokratiet,66,69819,59588.0,0.8534639568025896,arbejdsmarked_velfærd
Radikale Venstre,Socialistisk Folkeparti,66,19255,15372.0,0.7983380940015581,arbejdsmarked_velfærd
Radikale Venstre,Venstre,66,82080,50429.0,0.6143884015594542,arbejdsmarked_velfærd
Siumut,Socialdemokratiet,66,93,62.0,0.6666666666666666,arbejdsmarked_velfærd
Siumut,Socialistisk Folkeparti,66,24,16.0,0.6666666666666666,arbejdsmarked_velfærd
Siumut,Venstre,66,101,68.0,0.6732673267326733,arbejdsmarked_velfærd
Socialdemokratiet,Socialdemokratiet,66,106691,106127.0,0.9947137059358334,arbejdsmarked_velfærd
Socialdemokratiet,Socialistisk Folkeparti,66,60781,48184.0,0.7927477336667709,arbejdsmarked_velfærd
Socialdemokratiet,Venstre,66,259024,169527.0,0.6544837544011366,arbejdsmarked_velfærd
Socialistisk Folkeparti,Socialistisk Folkeparti,66,7461,7071.0,0.9477281865701648,arbejdsmarked_velfærd
Socialistisk Folkeparti,Venstre,66,71447,33792.0,0.4729659747785071,arbejdsmarked_velfærd
Venstre,Venstre,66,148114,147841.0,0.9981568251481968,arbejdsmarked_velfærd
Danmarksdemokraterne,Danmarksdemokraterne,67,73,71.0,0.9726027397260274,arbejdsmarked_velfærd
Danmarksdemokraterne,Dansk Folkeparti,67,5714,5479.0,0.9588729436471825,arbejdsmarked_velfærd
Danmarksdemokraterne,Det Konservative Folkeparti,67,3462,3381.0,0.9766031195840554,arbejdsmarked_velfærd
Danmarksdemokraterne,Enhedslisten,67,727,234.0,0.3218707015130674,arbejdsmarked_velfærd
Danmarksdemokraterne,Inuit Ataqatigiit,67,1,0.0,0.0,arbejdsmarked_velfærd
Danmarksdemokraterne,Liberal Alliance,67,866,732.0,0.8452655889145496,arbejdsmarked_velfærd
Danmarksdemokraterne,Radikale Venstre,67,1483,821.0,0.5536075522589345,arbejdsmarked_velfærd
Danmarksdemokraterne,Sambandsflokkurin,67,10,10.0,1.0,arbejdsmarked_velfærd
Danmarksdemokraterne,Siumut,67,20,18.0,0.9,arbejdsmarked_velfærd
Danmarksdemokraterne,Socialdemokratiet,67,9615,5316.0,0.5528861154446177,arbejdsmarked_velfærd
Danmarksdemokraterne,Socialistisk Folkeparti,67,4614,2220.0,0.4811443433029909,arbejdsmarked_velfærd
Danmarksdemokraterne,Tjóðveldi,67,1,0.0,0.0,arbejdsmarked_velfærd
Danmarksdemokraterne,Venstre,67,9558,9372.0,0.980539861895794,arbejdsmarked_velfærd
Dansk Folkeparti,Dansk Folkeparti,67,53470,52677.0,0.9851692537871704,arbejdsmarked_velfærd
Dansk Folkeparti,Det Konservative Folkeparti,67,68804,62377.0,0.9065897331550492,arbejdsmarked_velfærd
Dansk Folkeparti,Enhedslisten,67,14146,5240.0,0.3704227343418634,arbejdsmarked_velfærd
Dansk Folkeparti,Inuit Ataqatigiit,67,17,0.0,0.0,arbejdsmarked_velfærd
Dansk Folkeparti,Javnaðarflokkurin,67,17,17.0,1.0,arbejdsmarked_velfærd
Dansk Folkeparti,Liberal Alliance,67,16834,13792.0,0.8192942853748366,arbejdsmarked_velfærd
Dansk Folkeparti,Radikale Venstre,67,29051,16258.0,0.5596365013252556,arbejdsmarked_velfærd
Dansk Folkeparti,Sambandsflokkurin,67,255,201.0,0.788235294117647,arbejdsmarked_velfærd
Dansk Folkeparti,Siumut,67,177,144.0,0.8135593220338984,arbejdsmarked_velfærd
Dansk Folkeparti,Socialdemokratiet,67,189393,102479.0,0.5410918038153469,arbejdsmarked_velfærd
Dansk Folkeparti,Socialistisk Folkeparti,67,90484,45193.0,0.4994584677954113,arbejdsmarked_velfærd
Dansk Folkeparti,Tjóðveldi,67,17,0.0,0.0,arbejdsmarked_velfærd
Dansk Folkeparti,Venstre,67,190488,173387.0,0.910225316030406,arbejdsmarked_velfærd
Det Konservative Folkeparti,Det Konservative Folkeparti,67,19260,19127.0,0.9930944963655244,arbejdsmarked_velfærd
Det Konservative Folkeparti,Enhedslisten,67,8567,3182.0,0.3714252363721256,arbejdsmarked_velfærd
Det Konservative Folkeparti,Inuit Ataqatigiit,67,13,0.0,0.0,arbejdsmarked_velfærd
Det Konservative Folkeparti,Javnaðarflokkurin,67,11,11.0,1.0,arbejdsmarked_velfærd
Det Konservative Folkeparti,Liberal Alliance,67,10120,8973.0,0.8866600790513834,arbejdsmarked_velfærd
Det Konservative Folkeparti,Radikale Venstre,67,17828,11299.0,0.6337783262284048,arbejdsmarked_velfærd
Det Konservative Folkeparti,Sambandsflokkurin,67,156,156.0,1.0,arbejdsmarked_velfærd
Det Konservative Folkeparti,Siumut,67,113,99.0,0.8761061946902655,arbejdsmarked_velfærd
Det Konservative Folkeparti,Socialdemokratiet,67,115323,71115.0,0.6166592960640982,arbejdsmarked_velfærd
Det Konservative Folkeparti,Socialistisk Folkeparti,67,55050,30202.0,0.5486285195277021,arbejdsmarked_velfærd
Det Konservative Folkeparti,Tjóðveldi,67,13,0.0,0.0,arbejdsmarked_velfærd
Det Konservative Folkeparti,Venstre,67,116220,115771.0,0.9961366374118052,arbejdsmarked_velfærd
Enhedslisten,Enhedslisten,67,525,478.0,0.9104761904761904,arbejdsmarked_velfærd
Enhedslisten,Inuit Ataqatigiit,67,3,0.0,0.0,arbejdsmarked_velfærd
Enhedslisten,Javnaðarflokkurin,67,2,0.0,0.0,arbejdsmarked_velfærd
Enhedslisten,Liberal Alliance,67,2113,907.0,0.4292475153809749,arbejdsmarked_velfærd
Enhedslisten,Radikale Venstre,67,3649,2412.0,0.6610030145245273,arbejdsmarked_velfærd
Enhedslisten,Sambandsflokkurin,67,36,8.0,0.2222222222222222,arbejdsmarked_velfærd
Enhedslisten,Siumut,67,20,7.0,0.35,arbejdsmarked_velfærd
Enhedslisten,Socialdemokratiet,67,23686,16428.0,0.6935742632778856,arbejdsmarked_velfærd
Enhedslisten,Socialistisk Folkeparti,67,11289,8640.0,0.7653467977677385,arbejdsmarked_velfærd
Enhedslisten,Tjóðveldi,67,3,0.0,0.0,arbejdsmarked_velfærd
Enhedslisten,Venstre,67,23805,8674.0,0.3643772316740181,arbejdsmarked_velfærd
Inuit Ataqatigiit,Liberal Alliance,67,4,0.0,0.0,arbejdsmarked_velfærd
Inuit Ataqatigiit,Radikale Venstre,67,5,0.0,0.0,arbejdsmarked_velfærd
Inuit Ataqatigiit,Siumut,67,1,1.0,1.0,arbejdsmarked_velfærd
Inuit Ataqatigiit,Socialdemokratiet,67,29,0.0,0.0,arbejdsmarked_velfærd
Inuit Ataqatigiit,Socialistisk Folkeparti,67,14,0.0,0.0,arbejdsmarked_velfærd
Inuit Ataqatigiit,Tjóðveldi,67,1,1.0,1.0,arbejdsmarked_velfærd
Inuit Ataqatigiit,Venstre,67,32,0.0,0.0,arbejdsmarked_velfærd
Javnaðarflokkurin,Liberal Alliance,67,2,2.0,1.0,arbejdsmarked_velfærd
Javnaðarflokkurin,Radikale Venstre,67,4,4.0,1.0,arbejdsmarked_velfærd
Javnaðarflokkurin,Sambandsflokkurin,67,1,1.0,1.0,arbejdsmarked_velfærd
Javnaðarflokkurin,Socialdemokratiet,67,29,29.0,1.0,arbejdsmarked_velfærd
Javnaðarflokkurin,Socialistisk Folkeparti,67,13,13.0,1.0,arbejdsmarked_velfærd
Javnaðarflokkurin,Venstre,67,31,31.0,1.0,arbejdsmarked_velfærd
Liberal Alliance,Liberal Alliance,67,966,749.0,0.7753623188405797,arbejdsmarked_velfærd
Liberal Alliance,Radikale Venstre,67,4167,2847.0,0.6832253419726422,arbejdsmarked_velfærd
Liberal Alliance,Sambandsflokkurin,67,48,43.0,0.8958333333333334,arbejdsmarked_velfærd
Liberal Alliance,Siumut,67,31,27.0,0.8709677419354839,arbejdsmarked_velfærd
Liberal Alliance,Socialdemokratiet,67,28073,18098.0,0.6446763794393189,arbejdsmarked_velfærd
Liberal Alliance,Socialistisk Folkeparti,67,13565,7944.0,0.5856247696277184,arbejdsmarked_velfærd
Liberal Alliance,Tjóðveldi,67,4,0.0,0.0,arbejdsmarked_velfærd
Liberal Alliance,Venstre,67,28151,25000.0,0.8880679194344784,arbejdsmarked_velfærd
Radikale Venstre,Radikale Venstre,67,3023,2884.0,0.9540191862388356,arbejdsmarked_velfærd
Radikale Venstre,Sambandsflokkurin,67,59,40.0,0.6779661016949152,arbejdsmarked_velfærd
Radikale Venstre,Siumut,67,47,38.0,0.8085106382978723,arbejdsmarked_velfærd
Radikale Venstre,Socialdemokratiet,67,48673,40904.0,0.8403837856717277,arbejdsmarked_velfærd
Radikale Venstre,Socialistisk Folkeparti,67,23227,18500.0,0.7964868472036853,arbejdsmarked_velfærd
Radikale Venstre,Tjóðveldi,67,5,0.0,0.0,arbejdsmarked_velfærd
Radikale Venstre,Venstre,67,49128,30982.0,0.6306383325191337,arbejdsmarked_velfærd
Sambandsflokkurin,Socialdemokratiet,67,446,384.0,0.8609865470852018,arbejdsmarked_velfærd
Sambandsflokkurin,Socialistisk Folkeparti,67,208,114.0,0.5480769230769231,arbejdsmarked_velfærd
Sambandsflokkurin,Venstre,67,423,423.0,1.0,arbejdsmarked_velfærd
Siumut,Socialdemokratiet,67,332,302.0,0.9096385542168676,arbejdsmarked_velfærd
Siumut,Socialistisk Folkeparti,67,145,117.0,0.8068965517241379,arbejdsmarked_velfærd
Siumut,Tjóðveldi,67,1,1.0,1.0,arbejdsmarked_velfærd
Siumut,Venstre,67,330,298.0,0.9030303030303032,arbejdsmarked_velfærd
Socialdemokratiet,Socialdemokratiet,67,153582,152713.0,0.994341784844578,arbejdsmarked_velfærd
Socialdemokratiet,Socialistisk Folkeparti,67,151407,136463.0,0.9012991473313652,arbejdsmarked_velfærd
Socialdemokratiet,Tjóðveldi,67,29,0.0,0.0,arbejdsmarked_velfærd
Socialdemokratiet,Venstre,67,319088,195407.0,0.6123921927493357,arbejdsmarked_velfærd
Socialistisk Folkeparti,Socialistisk Folkeparti,67,33801,33682.0,0.9964793941007662,arbejdsmarked_velfærd
Socialistisk Folkeparti,Tjóðveldi,67,14,0.0,0.0,arbejdsmarked_velfærd
Socialistisk Folkeparti,Venstre,67,152216,82570.0,0.5424528301886793,arbejdsmarked_velfærd
Tjóðveldi,Venstre,67,32,0.0,0.0,arbejdsmarked_velfærd
Venstre,Venstre,67,155702,155584.0,0.9992421420405648,arbejdsmarked_velfærd
Danmarksdemokraterne,Danmarksdemokraterne,68,172,132.0,0.7674418604651163,arbejdsmarked_velfærd
Danmarksdemokraterne,Dansk Folkeparti,68,6707,6202.0,0.924705531534218,arbejdsmarked_velfærd
Danmarksdemokraterne,Det Konservative Folkeparti,68,2721,2133.0,0.7839029768467475,arbejdsmarked_velfærd
Danmarksdemokraterne,Enhedslisten,68,4572,1675.0,0.3663604549431321,arbejdsmarked_velfærd
Danmarksdemokraterne,Inuit Ataqatigiit,68,3,0.0,0.0,arbejdsmarked_velfærd
Danmarksdemokraterne,Javnaðarflokkurin,68,14,4.0,0.2857142857142857,arbejdsmarked_velfærd
Danmarksdemokraterne,Liberal Alliance,68,2743,1968.0,0.7174626321545753,arbejdsmarked_velfærd
Danmarksdemokraterne,Radikale Venstre,68,5994,3917.0,0.6534868201534868,arbejdsmarked_velfærd
Danmarksdemokraterne,Sambandsflokkurin,68,7,7.0,1.0,arbejdsmarked_velfærd
Danmarksdemokraterne,Siumut,68,3,0.0,0.0,arbejdsmarked_velfærd
Danmarksdemokraterne,Socialdemokratiet,68,15942,10525.0,0.6602057458286288,arbejdsmarked_velfærd
Danmarksdemokraterne,Socialistisk Folkeparti,68,5198,3188.0,0.6133128126202385,arbejdsmarked_velfærd
Danmarksdemokraterne,Venstre,68,15172,12302.0,0.8108357500659109,arbejdsmarked_velfærd
Dansk Folkeparti,Dansk Folkeparti,68,27936,27803.0,0.9952391179839634,arbejdsmarked_velfærd
Dansk Folkeparti,Det Konservative Folkeparti,68,24596,17647.0,0.7174743860790372,arbejdsmarked_velfærd
Dansk Folkeparti,Enhedslisten,68,41128,16267.0,0.3955212993581015,arbejdsmarked_velfærd
Dansk Folkeparti,Inuit Ataqatigiit,68,24,1.0,0.0416666666666666,arbejdsmarked_velfærd
Dansk Folkeparti,Javnaðarflokkurin,68,65,0.0,0.0,arbejdsmarked_velfærd
Dansk Folkeparti,Liberal Alliance,68,24810,17185.0,0.692664248286981,arbejdsmarked_velfærd
Dansk Folkeparti,Radikale Venstre,68,53988,34220.0,0.633844558049937,arbejdsmarked_velfærd
Dansk Folkeparti,Sambandsflokkurin,68,76,63.0,0.8289473684210527,arbejdsmarked_velfærd
Dansk Folkeparti,Siumut,68,24,1.0,0.0416666666666666,arbejdsmarked_velfærd
Dansk Folkeparti,Socialdemokratiet,68,143496,91963.0,0.6408750069688354,arbejdsmarked_velfærd
Dansk Folkeparti,Socialistisk Folkeparti,68,46612,27590.0,0.5919076632626792,arbejdsmarked_velfærd
Dansk Folkeparti,Venstre,68,136093,101263.0,0.744072068365015,arbejdsmarked_velfærd
Det Konservative Folkeparti,Det Konservative Folkeparti,68,4036,4026.0,0.9975222993062438,arbejdsmarked_velfærd
Det Konservative Folkeparti,Enhedslisten,68,16668,5522.0,0.3312934965202784,arbejdsmarked_velfærd
Det Konservative Folkeparti,Inuit Ataqatigiit,68,10,5.0,0.5,arbejdsmarked_velfærd
Det Konservative Folkeparti,Javnaðarflokkurin,68,17,17.0,1.0,arbejdsmarked_velfærd
Det Konservative Folkeparti,Liberal Alliance,68,10049,8128.0,0.8088367001691711,arbejdsmarked_velfærd
Det Konservative Folkeparti,Radikale Venstre,68,21863,17327.0,0.7925261857933495,arbejdsmarked_velfærd
Det Konservative Folkeparti,Sambandsflokkurin,68,30,30.0,1.0,arbejdsmarked_velfærd
Det Konservative Folkeparti,Siumut,68,10,5.0,0.5,arbejdsmarked_velfærd
Det Konservative Folkeparti,Socialdemokratiet,68,58151,46414.0,0.7981634021770907,arbejdsmarked_velfærd
Det Konservative Folkeparti,Socialistisk Folkeparti,68,18852,13906.0,0.7376405686399321,arbejdsmarked_velfærd
Det Konservative Folkeparti,Venstre,68,55069,52139.0,0.9467940220450708,arbejdsmarked_velfærd
Enhedslisten,Enhedslisten,68,12300,11897.0,0.9672357723577236,arbejdsmarked_velfærd
Enhedslisten,Inuit Ataqatigiit,68,16,16.0,1.0,arbejdsmarked_velfærd
Enhedslisten,Javnaðarflokkurin,68,40,24.0,0.6,arbejdsmarked_velfærd
Enhedslisten,Liberal Alliance,68,16800,4730.0,0.281547619047619,arbejdsmarked_velfærd
Enhedslisten,Radikale Venstre,68,36522,18795.0,0.514621324133399,arbejdsmarked_velfærd
Enhedslisten,Sambandsflokkurin,68,47,8.0,0.1702127659574468,arbejdsmarked_velfærd
Enhedslisten,Siumut,68,16,16.0,1.0,arbejdsmarked_velfærd
Enhedslisten,Socialdemokratiet,68,97226,48790.0,0.5018205006891161,arbejdsmarked_velfærd
Enhedslisten,Socialistisk Folkeparti,68,31558,17944.0,0.5686038405475632,arbejdsmarked_velfærd
Enhedslisten,Venstre,68,92189,30140.0,0.3269370532276085,arbejdsmarked_velfærd
Inuit Ataqatigiit,Liberal Alliance,68,10,5.0,0.5,arbejdsmarked_velfærd
Inuit Ataqatigiit,Radikale Venstre,68,21,21.0,1.0,arbejdsmarked_velfærd
Inuit Ataqatigiit,Siumut,68,2,2.0,1.0,arbejdsmarked_velfærd
Inuit Ataqatigiit,Socialdemokratiet,68,58,58.0,1.0,arbejdsmarked_velfærd
Inuit Ataqatigiit,Socialistisk Folkeparti,68,17,17.0,1.0,arbejdsmarked_velfærd
Inuit Ataqatigiit,Venstre,68,54,26.0,0.4814814814814814,arbejdsmarked_velfærd
Javnaðarflokkurin,Liberal Alliance,68,22,0.0,0.0,arbejdsmarked_velfærd
Javnaðarflokkurin,Radikale Venstre,68,55,55.0,1.0,arbejdsmarked_velfærd
Javnaðarflokkurin,Socialdemokratiet,68,138,138.0,1.0,arbejdsmarked_velfærd
Javnaðarflokkurin,Socialistisk Folkeparti,68,44,44.0,1.0,arbejdsmarked_velfærd
Javnaðarflokkurin,Venstre,68,135,135.0,1.0,arbejdsmarked_velfærd
Liberal Alliance,Liberal Alliance,68,4071,4054.0,0.9958241218373864,arbejdsmarked_velfærd
Liberal Alliance,Radikale Venstre,68,22045,14836.0,0.6729870718983897,arbejdsmarked_velfærd
Liberal Alliance,Sambandsflokkurin,68,30,25.0,0.8333333333333334,arbejdsmarked_velfærd
Liberal Alliance,Siumut,68,10,5.0,0.5,arbejdsmarked_velfærd
Liberal Alliance,Socialdemokratiet,68,58657,39834.0,0.6791005336106517,arbejdsmarked_velfærd
Liberal Alliance,Socialistisk Folkeparti,68,19041,11833.0,0.6214484533375348,arbejdsmarked_velfærd
Liberal Alliance,Venstre,68,55609,44831.0,0.8061824524807135,arbejdsmarked_velfærd
Radikale Venstre,Radikale Venstre,68,21931,21690.0,0.989010989010989,arbejdsmarked_velfærd
Radikale Venstre,Sambandsflokkurin,68,66,44.0,0.6666666666666666,arbejdsmarked_velfærd
Radikale Venstre,Siumut,68,21,21.0,1.0,arbejdsmarked_velfærd
Radikale Venstre,Socialdemokratiet,68,127479,126691.0,0.9938185897285045,arbejdsmarked_velfærd
Radikale Venstre,Socialistisk Folkeparti,68,41404,39314.0,0.9495217853347504,arbejdsmarked_velfærd
Radikale Venstre,Venstre,68,120982,95004.0,0.785273842389777,arbejdsmarked_velfærd
Sambandsflokkurin,Socialdemokratiet,68,175,117.0,0.6685714285714286,arbejdsmarked_velfærd
Sambandsflokkurin,Socialistisk Folkeparti,68,56,37.0,0.6607142857142857,arbejdsmarked_velfærd
Sambandsflokkurin,Venstre,68,155,155.0,1.0,arbejdsmarked_velfærd
Siumut,Socialdemokratiet,68,58,58.0,1.0,arbejdsmarked_velfærd
Siumut,Socialistisk Folkeparti,68,17,17.0,1.0,arbejdsmarked_velfærd
Siumut,Venstre,68,54,26.0,0.4814814814814814,arbejdsmarked_velfærd
Socialdemokratiet,Socialdemokratiet,68,164331,163953.0,0.9976997644996988,arbejdsmarked_velfærd
Socialdemokratiet,Socialistisk Folkeparti,68,110032,104174.0,0.9467609422713392,arbejdsmarked_velfærd
Socialdemokratiet,Venstre,68,322008,254519.0,0.790412039452436,arbejdsmarked_velfærd
Socialistisk Folkeparti,Socialistisk Folkeparti,68,16185,15837.0,0.978498609823911,arbejdsmarked_velfærd
Socialistisk Folkeparti,Venstre,68,104577,76634.0,0.7327997552042992,arbejdsmarked_velfærd
Venstre,Venstre,68,147589,147538.0,0.9996544457920306,arbejdsmarked_velfærd
Alternativet,Alternativet,69,6098,6090.0,0.9986880944571992,arbejdsmarked_velfærd
Alternativet,Danmarksdemokraterne,69,3694,1684.0,0.4558743909041689,arbejdsmarked_velfærd
Alternativet,Dansk Folkeparti,69,60121,26421.0,0.4394637481079822,arbejdsmarked_velfærd
Alternativet,Det Konservative Folkeparti,69,10847,4912.0,0.4528441043606527,arbejdsmarked_velfærd
Alternativet,Enhedslisten,69,24514,18817.0,0.7676021865056702,arbejdsmarked_velfærd
Alternativet,Inuit Ataqatigiit,69,81,16.0,0.1975308641975308,arbejdsmarked_velfærd
Alternativet,Liberal Alliance,69,21930,9614.0,0.4383948928408572,arbejdsmarked_velfærd
Alternativet,Radikale Venstre,69,13031,8804.0,0.6756196761568567,arbejdsmarked_velfærd
Alternativet,Socialdemokratiet,69,80260,48060.0,0.5988038873660603,arbejdsmarked_velfærd
Alternativet,Socialistisk Folkeparti,69,10809,8286.0,0.7665834027199556,arbejdsmarked_velfærd
Alternativet,Tjóðveldi,69,15,0.0,0.0,arbejdsmarked_velfærd
Alternativet,Venstre,69,52454,22940.0,0.4373355702139017,arbejdsmarked_velfærd
Danmarksdemokraterne,Danmarksdemokraterne,69,248,210.0,0.8467741935483871,arbejdsmarked_velfærd
Danmarksdemokraterne,Dansk Folkeparti,69,15105,13937.0,0.9226746110559416,arbejdsmarked_velfærd
Danmarksdemokraterne,Det Konservative Folkeparti,69,2736,2521.0,0.9214181286549707,arbejdsmarked_velfærd
Danmarksdemokraterne,Enhedslisten,69,6195,1871.0,0.3020177562550444,arbejdsmarked_velfærd
Danmarksdemokraterne,Inuit Ataqatigiit,69,20,11.0,0.55,arbejdsmarked_velfærd
Danmarksdemokraterne,Liberal Alliance,69,5530,4993.0,0.9028933092224232,arbejdsmarked_velfærd
Danmarksdemokraterne,Radikale Venstre,69,3269,2097.0,0.6414805750994188,arbejdsmarked_velfærd
Danmarksdemokraterne,Socialdemokratiet,69,20224,14379.0,0.7109869462025317,arbejdsmarked_velfærd
Danmarksdemokraterne,Socialistisk Folkeparti,69,2738,1330.0,0.4857560262965668,arbejdsmarked_velfærd
Danmarksdemokraterne,Tjóðveldi,69,4,2.0,0.5,arbejdsmarked_velfærd
Danmarksdemokraterne,Venstre,69,13042,12140.0,0.930838828400552,arbejdsmarked_velfærd
Dansk Folkeparti,Dansk Folkeparti,69,117298,117237.0,0.9994799570325156,arbejdsmarked_velfærd
Dansk Folkeparti,Det Konservative Folkeparti,69,44362,38166.0,0.8603309138451828,arbejdsmarked_velfærd
Dansk Folkeparti,Enhedslisten,69,100115,32262.0,0.3222494131748489,arbejdsmarked_velfærd
Dansk Folkeparti,Inuit Ataqatigiit,69,299,130.0,0.4347826086956521,arbejdsmarked_velfærd
Dansk Folkeparti,Liberal Alliance,69,89562,76411.0,0.8531631718809316,arbejdsmarked_velfærd
Dansk Folkeparti,Radikale Venstre,69,53287,32666.0,0.6130200611781486,arbejdsmarked_velfærd
Dansk Folkeparti,Socialdemokratiet,69,327886,218194.0,0.6654568966043076,arbejdsmarked_velfærd
Dansk Folkeparti,Socialistisk Folkeparti,69,44151,20319.0,0.4602160766460555,arbejdsmarked_velfærd
Dansk Folkeparti,Tjóðveldi,69,66,44.0,0.6666666666666666,arbejdsmarked_velfærd
Dansk Folkeparti,Venstre,69,213624,186171.0,0.8714891585215144,arbejdsmarked_velfærd
Det Konservative Folkeparti,Det Konservative Folkeparti,69,3045,3042.0,0.9990147783251232,arbejdsmarked_velfærd
Det Konservative Folkeparti,Enhedslisten,69,18100,5012.0,0.2769060773480662,arbejdsmarked_velfærd
Det Konservative Folkeparti,Inuit Ataqatigiit,69,56,24.0,0.4285714285714285,arbejdsmarked_velfærd
Det Konservative Folkeparti,Liberal Alliance,69,16182,15729.0,0.972005932517612,arbejdsmarked_velfærd
Det Konservative Folkeparti,Radikale Venstre,69,9629,6857.0,0.7121196385917541,arbejdsmarked_velfærd
Det Konservative Folkeparti,Socialdemokratiet,69,59202,45110.0,0.7619675010979359,arbejdsmarked_velfærd
Det Konservative Folkeparti,Socialistisk Folkeparti,69,7972,3844.0,0.4821876567987957,arbejdsmarked_velfærd
Det Konservative Folkeparti,Tjóðveldi,69,12,0.0,0.0,arbejdsmarked_velfærd
Det Konservative Folkeparti,Venstre,69,38476,38103.0,0.9903056450774508,arbejdsmarked_velfærd
Enhedslisten,Enhedslisten,69,18157,18144.0,0.9992840226909732,arbejdsmarked_velfærd
Enhedslisten,Inuit Ataqatigiit,69,123,25.0,0.2032520325203252,arbejdsmarked_velfærd
Enhedslisten,Liberal Alliance,69,36529,10101.0,0.2765200251854691,arbejdsmarked_velfærd
Enhedslisten,Radikale Venstre,69,21714,11009.0,0.5070000921064751,arbejdsmarked_velfærd
Enhedslisten,Socialdemokratiet,69,133807,61155.0,0.4570388694163982,arbejdsmarked_velfærd
Enhedslisten,Socialistisk Folkeparti,69,18006,13331.0,0.7403643230034433,arbejdsmarked_velfærd
Enhedslisten,Tjóðveldi,69,27,0.0,0.0,arbejdsmarked_velfærd
Enhedslisten,Venstre,69,87132,23475.0,0.2694188128356976,arbejdsmarked_velfærd
Inuit Ataqatigiit,Liberal Alliance,69,112,48.0,0.4285714285714285,arbejdsmarked_velfærd
Inuit Ataqatigiit,Radikale Venstre,69,62,25.0,0.4032258064516129,arbejdsmarked_velfærd
Inuit Ataqatigiit,Socialdemokratiet,69,414,175.0,0.4227053140096618,arbejdsmarked_velfærd
Inuit Ataqatigiit,Socialistisk Folkeparti,69,53,19.0,0.3584905660377358,arbejdsmarked_velfærd
Inuit Ataqatigiit,Tjóðveldi,69,1,1.0,1.0,arbejdsmarked_velfærd
Inuit Ataqatigiit,Venstre,69,285,115.0,0.4035087719298245,arbejdsmarked_velfærd
Liberal Alliance,Liberal Alliance,69,14337,14294.0,0.9970007672455884,arbejdsmarked_velfærd
Liberal Alliance,Radikale Venstre,69,19441,13661.0,0.7026901908338048,arbejdsmarked_velfærd
Liberal Alliance,Socialdemokratiet,69,119728,88512.0,0.7392756915675531,arbejdsmarked_velfærd
Liberal Alliance,Socialistisk Folkeparti,69,16111,7608.0,0.4722239463720439,arbejdsmarked_velfærd
Liberal Alliance,Tjóðveldi,69,24,0.0,0.0,arbejdsmarked_velfærd
Liberal Alliance,Venstre,69,78008,75271.0,0.964913854989232,arbejdsmarked_velfærd
Radikale Venstre,Radikale Venstre,69,4628,4606.0,0.9952463267070008,arbejdsmarked_velfærd
Radikale Venstre,Socialdemokratiet,69,71139,59350.0,0.8342821799575479,arbejdsmarked_velfærd
Radikale Venstre,Socialistisk Folkeparti,69,9586,6574.0,0.6857917796786981,arbejdsmarked_velfærd
Radikale Venstre,Tjóðveldi,69,15,0.0,0.0,arbejdsmarked_velfærd
Radikale Venstre,Venstre,69,46389,32980.0,0.710944404923581,arbejdsmarked_velfærd
Socialdemokratiet,Socialdemokratiet,69,212124,208285.0,0.9819020950010372,arbejdsmarked_velfærd
Socialdemokratiet,Socialistisk Folkeparti,69,58978,39146.0,0.6637390213299874,arbejdsmarked_velfærd
Socialdemokratiet,Tjóðveldi,69,89,0.0,0.0,arbejdsmarked_velfærd
Socialdemokratiet,Venstre,69,286390,216678.0,0.7565836795977513,arbejdsmarked_velfærd
Socialistisk Folkeparti,Socialistisk Folkeparti,69,2982,2977.0,0.9983232729711604,arbejdsmarked_velfærd
Socialistisk Folkeparti,Tjóðveldi,69,12,0.0,0.0,arbejdsmarked_velfærd
Socialistisk Folkeparti,Venstre,69,38450,18000.0,0.4681404421326398,arbejdsmarked_velfærd
Tjóðveldi,Venstre,69,59,0.0,0.0,arbejdsmarked_velfærd
Venstre,Venstre,69,88929,88898.0,0.9996514073024548,arbejdsmarked_velfærd
Alternativet,Alternativet,70,988,884.0,0.8947368421052632,arbejdsmarked_velfærd
Alternativet,Danmarksdemokraterne,70,1424,673.0,0.4726123595505618,arbejdsmarked_velfærd
Alternativet,Dansk Folkeparti,70,7849,3748.0,0.4775130589884062,arbejdsmarked_velfærd
Alternativet,Det Konservative Folkeparti,70,6398,3237.0,0.5059393560487653,arbejdsmarked_velfærd
Alternativet,Enhedslisten,70,7226,6278.0,0.8688070855244949,arbejdsmarked_velfærd
Alternativet,Liberal Alliance,70,1993,925.0,0.4641244355243352,arbejdsmarked_velfærd
Alternativet,Nye Borgerlige,70,2116,840.0,0.3969754253308128,arbejdsmarked_velfærd
Alternativet,Radikale Venstre,70,8766,6502.0,0.7417294090805384,arbejdsmarked_velfærd
Alternativet,Sambandsflokkurin,70,21,13.0,0.6190476190476191,arbejdsmarked_velfærd
Alternativet,Siumut,70,4,1.0,0.25,arbejdsmarked_velfærd
Alternativet,Socialdemokratiet,70,27392,18363.0,0.6703782126168224,arbejdsmarked_velfærd
Alternativet,Socialistisk Folkeparti,70,7892,6609.0,0.837430309173847,arbejdsmarked_velfærd
Alternativet,Venstre,70,23584,12433.0,0.5271794436906377,arbejdsmarked_velfærd
Danmarksdemokraterne,Danmarksdemokraterne,70,186,174.0,0.935483870967742,arbejdsmarked_velfærd
Danmarksdemokraterne,Dansk Folkeparti,70,3913,3727.0,0.9524661385126502,arbejdsmarked_velfærd
Danmarksdemokraterne,Det Konservative Folkeparti,70,3303,2570.0,0.7780805328489252,arbejdsmarked_velfærd
Danmarksdemokraterne,Enhedslisten,70,3673,1707.0,0.4647427171249659,arbejdsmarked_velfærd
Danmarksdemokraterne,Liberal Alliance,70,1014,753.0,0.742603550295858,arbejdsmarked_velfærd
Danmarksdemokraterne,Nye Borgerlige,70,1110,820.0,0.7387387387387387,arbejdsmarked_velfærd
Danmarksdemokraterne,Radikale Venstre,70,4484,2538.0,0.5660124888492417,arbejdsmarked_velfærd
Danmarksdemokraterne,Sambandsflokkurin,70,9,7.0,0.7777777777777778,arbejdsmarked_velfærd
Danmarksdemokraterne,Siumut,70,3,0.0,0.0,arbejdsmarked_velfærd
Danmarksdemokraterne,Socialdemokratiet,70,13914,9373.0,0.6736380623832111,arbejdsmarked_velfærd
Danmarksdemokraterne,Socialistisk Folkeparti,70,4064,2049.0,0.5041830708661418,arbejdsmarked_velfærd
Danmarksdemokraterne,Venstre,70,11948,9463.0,0.7920154000669568,arbejdsmarked_velfærd
Dansk Folkeparti,Dansk Folkeparti,70,9870,9655.0,0.9782168186423504,arbejdsmarked_velfærd
Dansk Folkeparti,Det Konservative Folkeparti,70,18156,13619.0,0.7501101564221194,arbejdsmarked_velfærd
Dansk Folkeparti,Enhedslisten,70,20391,9665.0,0.4739836202246089,arbejdsmarked_velfærd
Dansk Folkeparti,Liberal Alliance,70,5686,4147.0,0.7293352092859655,arbejdsmarked_velfærd
Dansk Folkeparti,Nye Borgerlige,70,5999,4632.0,0.7721286881146858,arbejdsmarked_velfærd
Dansk Folkeparti,Radikale Venstre,70,24801,14249.0,0.5745332849481876,arbejdsmarked_velfærd
Dansk Folkeparti,Sambandsflokkurin,70,50,38.0,0.76,arbejdsmarked_velfærd
Dansk Folkeparti,Siumut,70,8,0.0,0.0,arbejdsmarked_velfærd
Dansk Folkeparti,Socialdemokratiet,70,77659,51446.0,0.662460242856591,arbejdsmarked_velfærd
Dansk Folkeparti,Socialistisk Folkeparti,70,22563,11640.0,0.5158888445685414,arbejdsmarked_velfærd
Dansk Folkeparti,Venstre,70,66700,51236.0,0.7681559220389805,arbejdsmarked_velfærd
Det Konservative Folkeparti,Det Konservative Folkeparti,70,6495,6450.0,0.9930715935334872,arbejdsmarked_velfærd
Det Konservative Folkeparti,Enhedslisten,70,16700,7947.0,0.4758682634730539,arbejdsmarked_velfærd
Det Konservative Folkeparti,Liberal Alliance,70,4665,3994.0,0.8561629153269025,arbejdsmarked_velfærd
Det Konservative Folkeparti,Nye Borgerlige,70,4901,3408.0,0.6953682921852683,arbejdsmarked_velfærd
Det Konservative Folkeparti,Radikale Venstre,70,20337,14228.0,0.6996115454590156,arbejdsmarked_velfærd
Det Konservative Folkeparti,Sambandsflokkurin,70,39,39.0,1.0,arbejdsmarked_velfærd
Det Konservative Folkeparti,Siumut,70,7,0.0,0.0,arbejdsmarked_velfærd
Det Konservative Folkeparti,Socialdemokratiet,70,63260,48285.0,0.7632785330382548,arbejdsmarked_velfærd
Det Konservative Folkeparti,Socialistisk Folkeparti,70,18514,10683.0,0.577022793561629,arbejdsmarked_velfærd
Det Konservative Folkeparti,Venstre,70,54110,50211.0,0.9279430789133248,arbejdsmarked_velfærd
Enhedslisten,Enhedslisten,70,8176,8147.0,0.9964530332681018,arbejdsmarked_velfærd
Enhedslisten,Liberal Alliance,70,5188,2134.0,0.4113338473400154,arbejdsmarked_velfærd
Enhedslisten,Nye Borgerlige,70,5517,2196.0,0.398042414355628,arbejdsmarked_velfærd
Enhedslisten,Radikale Venstre,70,22889,16523.0,0.7218751365284635,arbejdsmarked_velfærd
Enhedslisten,Sambandsflokkurin,70,48,24.0,0.5,arbejdsmarked_velfærd
Enhedslisten,Siumut,70,8,8.0,1.0,arbejdsmarked_velfærd
Enhedslisten,Socialdemokratiet,70,71628,46316.0,0.646618640755012,arbejdsmarked_velfærd
Enhedslisten,Socialistisk Folkeparti,70,20806,17237.0,0.8284629433817168,arbejdsmarked_velfærd
Enhedslisten,Venstre,70,61615,30653.0,0.497492493710947,arbejdsmarked_velfærd
Liberal Alliance,Liberal Alliance,70,419,411.0,0.9809069212410502,arbejdsmarked_velfærd
Liberal Alliance,Nye Borgerlige,70,1508,1080.0,0.7161803713527851,arbejdsmarked_velfærd
Liberal Alliance,Radikale Venstre,70,6350,4063.0,0.6398425196850394,arbejdsmarked_velfærd
Liberal Alliance,Sambandsflokkurin,70,12,12.0,1.0,arbejdsmarked_velfærd
Liberal Alliance,Siumut,70,1,0.0,0.0,arbejdsmarked_velfærd
Liberal Alliance,Socialdemokratiet,70,19837,13978.0,0.7046428391389827,arbejdsmarked_velfærd
Liberal Alliance,Socialistisk Folkeparti,70,5774,2965.0,0.5135088326983027,arbejdsmarked_velfærd
Liberal Alliance,Venstre,70,17039,14590.0,0.8562709079171313,arbejdsmarked_velfærd
Nye Borgerlige,Nye Borgerlige,70,479,478.0,0.9979123173277662,arbejdsmarked_velfærd
Nye Borgerlige,Radikale Venstre,70,6722,3054.0,0.4543290687295447,arbejdsmarked_velfærd
Nye Borgerlige,Sambandsflokkurin,70,11,9.0,0.8181818181818182,arbejdsmarked_velfærd
Nye Borgerlige,Siumut,70,3,0.0,0.0,arbejdsmarked_velfærd
Nye Borgerlige,Socialdemokratiet,70,21102,11090.0,0.5255426025969102,arbejdsmarked_velfærd
Nye Borgerlige,Socialistisk Folkeparti,70,6110,2388.0,0.3908346972176759,arbejdsmarked_velfærd
Nye Borgerlige,Venstre,70,18094,12311.0,0.6803912899303637,arbejdsmarked_velfærd
Radikale Venstre,Radikale Venstre,70,12464,12089.0,0.969913350449294,arbejdsmarked_velfærd
Radikale Venstre,Sambandsflokkurin,70,58,37.0,0.6379310344827587,arbejdsmarked_velfærd
Radikale Venstre,Siumut,70,11,11.0,1.0,arbejdsmarked_velfærd
Radikale Venstre,Socialdemokratiet,70,86957,73544.0,0.845751348367584,arbejdsmarked_velfærd
Radikale Venstre,Socialistisk Folkeparti,70,25333,20924.0,0.8259582362925828,arbejdsmarked_velfærd
Radikale Venstre,Venstre,70,74848,53654.0,0.7168394613082514,arbejdsmarked_velfærd
Sambandsflokkurin,Socialdemokratiet,70,162,133.0,0.8209876543209876,arbejdsmarked_velfærd
Sambandsflokkurin,Socialistisk Folkeparti,70,50,25.0,0.5,arbejdsmarked_velfærd
Sambandsflokkurin,Venstre,70,137,136.0,0.9927007299270072,arbejdsmarked_velfærd
Siumut,Socialdemokratiet,70,29,29.0,1.0,arbejdsmarked_velfærd
Siumut,Socialistisk Folkeparti,70,8,8.0,1.0,arbejdsmarked_velfærd
Siumut,Venstre,70,27,0.0,0.0,arbejdsmarked_velfærd
Socialdemokratiet,Socialdemokratiet,70,132401,132262.0,0.9989501589867146,arbejdsmarked_velfærd
Socialdemokratiet,Socialistisk Folkeparti,70,79112,61355.0,0.7755460612802103,arbejdsmarked_velfærd
Socialdemokratiet,Venstre,70,235730,185663.0,0.7876087048742205,arbejdsmarked_velfærd
Socialistisk Folkeparti,Socialistisk Folkeparti,70,10159,10106.0,0.994782951077862,arbejdsmarked_velfærd
Socialistisk Folkeparti,Venstre,70,68071,40537.0,0.59551056984619,arbejdsmarked_velfærd
Venstre,Venstre,70,97509,96606.0,0.9907393163707966,arbejdsmarked_velfærd
Alternativet,Alternativet,71,819,724.0,0.884004884004884,arbejdsmarked_velfærd
Alternativet,Danmarksdemokraterne,71,5943,3800.0,0.6394077065455157,arbejdsmarked_velfærd
Alternativet,Dansk Folkeparti,71,1588,1048.0,0.6599496221662469,arbejdsmarked_velfærd
Alternativet,Det Konservative Folkeparti,71,4007,2358.0,0.5884701771899177,arbejdsmarked_velfærd
Alternativet,Enhedslisten,71,3389,2457.0,0.7249926231926822,arbejdsmarked_velfærd
Alternativet,Javnaðarflokkurin,71,4,2.0,0.5,arbejdsmarked_velfærd
Alternativet,Liberal Alliance,71,5906,3445.0,0.5833051134439553,arbejdsmarked_velfærd
Alternativet,Moderaterne,71,6590,3635.0,0.5515933232169955,arbejdsmarked_velfærd
Alternativet,Nye Borgerlige,71,2200,1325.0,0.6022727272727273,arbejdsmarked_velfærd
Alternativet,Radikale Venstre,71,2837,1864.0,0.6570320761367642,arbejdsmarked_velfærd
Alternativet,Sambandsflokkurin,71,43,34.0,0.7906976744186046,arbejdsmarked_velfærd
Alternativet,Siumut,71,2,2.0,1.0,arbejdsmarked_velfærd
Alternativet,Socialdemokratiet,71,22746,12626.0,0.5550866086344852,arbejdsmarked_velfærd
Alternativet,Socialistisk Folkeparti,71,6160,4693.0,0.7618506493506494,arbejdsmarked_velfærd
Alternativet,Venstre,71,10309,5669.0,0.5499078475118828,arbejdsmarked_velfærd
Danmarksdemokraterne,Danmarksdemokraterne,71,7182,7168.0,0.9980506822612084,arbejdsmarked_velfærd
Danmarksdemokraterne,Dansk Folkeparti,71,4340,3686.0,0.8493087557603687,arbejdsmarked_velfærd
Danmarksdemokraterne,Det Konservative Folkeparti,71,10876,9496.0,0.873115115851416,arbejdsmarked_velfærd
Danmarksdemokraterne,Enhedslisten,71,9179,5355.0,0.5833968841921778,arbejdsmarked_velfærd
Danmarksdemokraterne,Javnaðarflokkurin,71,19,0.0,0.0,arbejdsmarked_velfærd
Danmarksdemokraterne,Liberal Alliance,71,15940,12973.0,0.8138644918444166,arbejdsmarked_velfærd
Danmarksdemokraterne,Moderaterne,71,17948,13186.0,0.7346779585469133,arbejdsmarked_velfærd
Danmarksdemokraterne,Nye Borgerlige,71,6079,5082.0,0.8359927619674289,arbejdsmarked_velfærd
Danmarksdemokraterne,Radikale Venstre,71,7816,5459.0,0.698439099283521,arbejdsmarked_velfærd
Danmarksdemokraterne,Sambandsflokkurin,71,104,71.0,0.6826923076923077,arbejdsmarked_velfærd
Danmarksdemokraterne,Siumut,71,10,10.0,1.0,arbejdsmarked_velfærd
Danmarksdemokraterne,Socialdemokratiet,71,61638,44842.0,0.7275057594341153,arbejdsmarked_velfærd
Danmarksdemokraterne,Socialistisk Folkeparti,71,16771,11113.0,0.662631924154791,arbejdsmarked_velfærd
Danmarksdemokraterne,Venstre,71,27947,20393.0,0.7297026514473826,arbejdsmarked_velfærd
Dansk Folkeparti,Dansk Folkeparti,71,374,370.0,0.9893048128342246,arbejdsmarked_velfærd
Dansk Folkeparti,Det Konservative Folkeparti,71,2922,2203.0,0.7539356605065024,arbejdsmarked_velfærd
Dansk Folkeparti,Enhedslisten,71,2482,1597.0,0.6434327155519742,arbejdsmarked_velfærd
Dansk Folkeparti,Javnaðarflokkurin,71,5,0.0,0.0,arbejdsmarked_velfærd
Dansk Folkeparti,Liberal Alliance,71,4284,3047.0,0.7112511671335201,arbejdsmarked_velfærd
Dansk Folkeparti,Moderaterne,71,4844,3271.0,0.6752683732452519,arbejdsmarked_velfærd
Dansk Folkeparti,Nye Borgerlige,71,1598,1382.0,0.8648310387984981,arbejdsmarked_velfærd
Dansk Folkeparti,Radikale Venstre,71,2130,1367.0,0.6417840375586854,arbejdsmarked_velfærd
Dansk Folkeparti,Sambandsflokkurin,71,25,12.0,0.48,arbejdsmarked_velfærd
Dansk Folkeparti,Siumut,71,2,2.0,1.0,arbejdsmarked_velfærd
Dansk Folkeparti,Socialdemokratiet,71,16629,11228.0,0.6752059654819893,arbejdsmarked_velfærd
Dansk Folkeparti,Socialistisk Folkeparti,71,4533,3244.0,0.7156408559452901,arbejdsmarked_velfærd
Dansk Folkeparti,Venstre,71,7549,5120.0,0.678235527884488,arbejdsmarked_velfærd
Det Konservative Folkeparti,Det Konservative Folkeparti,71,3077,3072.0,0.9983750406239844,arbejdsmarked_velfærd
Det Konservative Folkeparti,Enhedslisten,71,6183,3522.0,0.5696263949539059,arbejdsmarked_velfærd
Det Konservative Folkeparti,Javnaðarflokkurin,71,12,0.0,0.0,arbejdsmarked_velfærd
Det Konservative Folkeparti,Liberal Alliance,71,10798,9487.0,0.8785886275236154,arbejdsmarked_velfærd
Det Konservative Folkeparti,Moderaterne,71,12123,9040.0,0.7456900107234183,arbejdsmarked_velfærd
Det Konservative Folkeparti,Nye Borgerlige,71,4094,3202.0,0.7821201758671226,arbejdsmarked_velfærd
Det Konservative Folkeparti,Radikale Venstre,71,5280,3968.0,0.7515151515151515,arbejdsmarked_velfærd
Det Konservative Folkeparti,Sambandsflokkurin,71,71,41.0,0.5774647887323944,arbejdsmarked_velfærd
Det Konservative Folkeparti,Siumut,71,6,6.0,1.0,arbejdsmarked_velfærd
Det Konservative Folkeparti,Socialdemokratiet,71,41634,30703.0,0.7374501609261661,arbejdsmarked_velfærd
Det Konservative Folkeparti,Socialistisk Folkeparti,71,11314,7500.0,0.6628955276648401,arbejdsmarked_velfærd
Det Konservative Folkeparti,Venstre,71,18874,13953.0,0.7392709547525697,arbejdsmarked_velfærd
Enhedslisten,Enhedslisten,71,2114,2085.0,0.9862819299905392,arbejdsmarked_velfærd
Enhedslisten,Javnaðarflokkurin,71,11,6.0,0.5454545454545454,arbejdsmarked_velfærd
Enhedslisten,Liberal Alliance,71,9050,5052.0,0.558232044198895,arbejdsmarked_velfærd
Enhedslisten,Moderaterne,71,10227,5501.0,0.5378898992862032,arbejdsmarked_velfærd
Enhedslisten,Nye Borgerlige,71,3484,1965.0,0.5640068886337543,arbejdsmarked_velfærd
Enhedslisten,Radikale Venstre,71,4458,2794.0,0.62673844773441,arbejdsmarked_velfærd
Enhedslisten,Sambandsflokkurin,71,58,39.0,0.6724137931034483,arbejdsmarked_velfærd
Enhedslisten,Siumut,71,5,5.0,1.0,arbejdsmarked_velfærd
Enhedslisten,Socialdemokratiet,71,35128,18253.0,0.5196139831473469,arbejdsmarked_velfærd
Enhedslisten,Socialistisk Folkeparti,71,9552,7581.0,0.7936557788944724,arbejdsmarked_velfærd
Enhedslisten,Venstre,71,15918,8238.0,0.5175273275537128,arbejdsmarked_velfærd
Javnaðarflokkurin,Liberal Alliance,71,17,0.0,0.0,arbejdsmarked_velfærd
Javnaðarflokkurin,Moderaterne,71,23,19.0,0.8260869565217391,arbejdsmarked_velfærd
Javnaðarflokkurin,Nye Borgerlige,71,7,0.0,0.0,arbejdsmarked_velfærd
Javnaðarflokkurin,Radikale Venstre,71,9,5.0,0.5555555555555556,arbejdsmarked_velfærd
Javnaðarflokkurin,Socialdemokratiet,71,71,71.0,1.0,arbejdsmarked_velfærd
Javnaðarflokkurin,Socialistisk Folkeparti,71,18,9.0,0.5,arbejdsmarked_velfærd
Javnaðarflokkurin,Venstre,71,29,29.0,1.0,arbejdsmarked_velfærd
Liberal Alliance,Liberal Alliance,71,7028,6991.0,0.994735344336938,arbejdsmarked_velfærd
Liberal Alliance,Moderaterne,71,17752,12137.0,0.6836976115367283,arbejdsmarked_velfærd
Liberal Alliance,Nye Borgerlige,71,5943,4478.0,0.7534915026081104,arbejdsmarked_velfærd
Liberal Alliance,Radikale Venstre,71,7718,5410.0,0.7009587976159627,arbejdsmarked_velfærd
Liberal Alliance,Sambandsflokkurin,71,108,54.0,0.5,arbejdsmarked_velfærd
Liberal Alliance,Siumut,71,9,9.0,1.0,arbejdsmarked_velfærd
Liberal Alliance,Socialdemokratiet,71,60964,41001.0,0.672544452463749,arbejdsmarked_velfærd
Liberal Alliance,Socialistisk Folkeparti,71,16568,10213.0,0.6164292612264607,arbejdsmarked_velfærd
Liberal Alliance,Venstre,71,27599,18586.0,0.6734301967462589,arbejdsmarked_velfærd
Moderaterne,Moderaterne,71,9033,8597.0,0.9517325362559504,arbejdsmarked_velfærd
Moderaterne,Nye Borgerlige,71,6774,4363.0,0.6440803070563921,arbejdsmarked_velfærd
Moderaterne,Radikale Venstre,71,8729,6773.0,0.7759193492954519,arbejdsmarked_velfærd
Moderaterne,Sambandsflokkurin,71,117,112.0,0.9572649572649572,arbejdsmarked_velfærd
Moderaterne,Siumut,71,11,11.0,1.0,arbejdsmarked_velfærd
Moderaterne,Socialdemokratiet,71,68672,66594.0,0.9697402143522832,arbejdsmarked_velfærd
Moderaterne,Socialistisk Folkeparti,71,18700,13262.0,0.7091978609625669,arbejdsmarked_velfærd
Moderaterne,Venstre,71,31080,30026.0,0.966087516087516,arbejdsmarked_velfærd
Nye Borgerlige,Nye Borgerlige,71,889,722.0,0.81214848143982,arbejdsmarked_velfærd
Nye Borgerlige,Radikale Venstre,71,2955,1852.0,0.6267343485617597,arbejdsmarked_velfærd
Nye Borgerlige,Sambandsflokkurin,71,36,18.0,0.5,arbejdsmarked_velfærd
Nye Borgerlige,Siumut,71,3,3.0,1.0,arbejdsmarked_velfærd
Nye Borgerlige,Socialdemokratiet,71,23270,14778.0,0.6350666093682853,arbejdsmarked_velfærd
Nye Borgerlige,Socialistisk Folkeparti,71,6325,3976.0,0.6286166007905138,arbejdsmarked_velfærd
Nye Borgerlige,Venstre,71,10560,6730.0,0.6373106060606061,arbejdsmarked_velfærd
Radikale Venstre,Radikale Venstre,71,1484,1416.0,0.954177897574124,arbejdsmarked_velfærd
Radikale Venstre,Sambandsflokkurin,71,49,38.0,0.7755102040816326,arbejdsmarked_velfærd
Radikale Venstre,Siumut,71,5,5.0,1.0,arbejdsmarked_velfærd
Radikale Venstre,Socialdemokratiet,71,29956,23509.0,0.7847843503805582,arbejdsmarked_velfærd
Radikale Venstre,Socialistisk Folkeparti,71,8150,5905.0,0.7245398773006135,arbejdsmarked_velfærd
Radikale Venstre,Venstre,71,13575,10590.0,0.7801104972375691,arbejdsmarked_velfærd
Sambandsflokkurin,Socialdemokratiet,71,400,400.0,1.0,arbejdsmarked_velfærd
Sambandsflokkurin,Socialistisk Folkeparti,71,108,82.0,0.7592592592592593,arbejdsmarked_velfærd
Sambandsflokkurin,Venstre,71,168,166.0,0.988095238095238,arbejdsmarked_velfærd
Siumut,Socialdemokratiet,71,31,31.0,1.0,arbejdsmarked_velfærd
Siumut,Socialistisk Folkeparti,71,9,9.0,1.0,arbejdsmarked_velfærd
Siumut,Venstre,71,14,14.0,1.0,arbejdsmarked_velfærd
Socialdemokratiet,Socialdemokratiet,71,114599,114566.0,0.9997120393720712,arbejdsmarked_velfærd
Socialdemokratiet,Socialistisk Folkeparti,71,64152,45473.0,0.7088321486469634,arbejdsmarked_velfærd
Socialdemokratiet,Venstre,71,106833,106392.0,0.9958720620033136,arbejdsmarked_velfærd
Socialistisk Folkeparti,Socialistisk Folkeparti,71,7794,7721.0,0.9906338208878624,arbejdsmarked_velfærd
Socialistisk Folkeparti,Venstre,71,29065,20493.0,0.7050748322724927,arbejdsmarked_velfærd
Venstre,Venstre,71,22740,22548.0,0.99155672823219,arbejdsmarked_velfærd
Danmarksdemokraterne,Danmarksdemokraterne,65,88,86.0,0.9772727272727272,social_familie
Danmarksdemokraterne,Dansk Folkeparti,65,4321,4250.0,0.983568618375376,social_familie
Danmarksdemokraterne,Det Konservative Folkeparti,65,2145,2129.0,0.9925407925407924,social_familie
Danmarksdemokraterne,Enhedslisten,65,310,93.0,0.3,social_familie
Danmarksdemokraterne,Inuit Ataqatigiit,65,19,2.0,0.1052631578947368,social_familie
Danmarksdemokraterne,Kristendemokraterne,65,597,284.0,0.4757118927973199,social_familie
Danmarksdemokraterne,Radikale Venstre,65,1440,625.0,0.4340277777777778,social_familie
Danmarksdemokraterne,Socialdemokratiet,65,9803,3250.0,0.3315311639294093,social_familie
Danmarksdemokraterne,Socialistisk Folkeparti,65,2093,664.0,0.3172479694218825,social_familie
Danmarksdemokraterne,Tjóðveldi,65,16,0.0,0.0,social_familie
Danmarksdemokraterne,Venstre,65,10445,10374.0,0.9932024892292964,social_familie
Dansk Folkeparti,Dansk Folkeparti,65,21010,20984.0,0.998762494050452,social_familie
Dansk Folkeparti,Det Konservative Folkeparti,65,22216,21698.0,0.9766834713719842,social_familie
Dansk Folkeparti,Enhedslisten,65,3219,847.0,0.2631251941596769,social_familie
Dansk Folkeparti,Inuit Ataqatigiit,65,155,14.0,0.0903225806451612,social_familie
Dansk Folkeparti,Kristendemokraterne,65,6167,2960.0,0.4799740554564618,social_familie
Dansk Folkeparti,Radikale Venstre,65,14931,5931.0,0.3972272453285111,social_familie
Dansk Folkeparti,Socialdemokratiet,65,101327,30294.0,0.2989726331579934,social_familie
Dansk Folkeparti,Socialistisk Folkeparti,65,21597,5889.0,0.2726767606612029,social_familie
Dansk Folkeparti,Tjóðveldi,65,128,0.0,0.0,social_familie
Dansk Folkeparti,Venstre,65,107779,105299.0,0.976989951660342,social_familie
Det Konservative Folkeparti,Det Konservative Folkeparti,65,4781,4781.0,1.0,social_familie
Det Konservative Folkeparti,Enhedslisten,65,1613,439.0,0.2721636701797892,social_familie
Det Konservative Folkeparti,Inuit Ataqatigiit,65,81,7.0,0.0864197530864197,social_familie
Det Konservative Folkeparti,Kristendemokraterne,65,3038,1548.0,0.5095457537853851,social_familie
Det Konservative Folkeparti,Radikale Venstre,65,7342,3099.0,0.4220920730046308,social_familie
Det Konservative Folkeparti,Socialdemokratiet,65,49957,16465.0,0.3295834417599135,social_familie
Det Konservative Folkeparti,Socialistisk Folkeparti,65,10657,3187.0,0.2990522661161677,social_familie
Det Konservative Folkeparti,Tjóðveldi,65,63,0.0,0.0,social_familie
Det Konservative Folkeparti,Venstre,65,53177,53170.0,0.9998683641423924,social_familie
Enhedslisten,Enhedslisten,65,9,9.0,1.0,social_familie
Enhedslisten,Inuit Ataqatigiit,65,12,11.0,0.9166666666666666,social_familie
Enhedslisten,Kristendemokraterne,65,440,221.0,0.5022727272727273,social_familie
Enhedslisten,Radikale Venstre,65,1063,647.0,0.6086547507055503,social_familie
Enhedslisten,Socialdemokratiet,65,7235,4892.0,0.6761575673807878,social_familie
Enhedslisten,Socialistisk Folkeparti,65,1547,1297.0,0.8383968972204267,social_familie
Enhedslisten,Tjóðveldi,65,9,9.0,1.0,social_familie
Enhedslisten,Venstre,65,7709,2141.0,0.2777273316902321,social_familie
Inuit Ataqatigiit,Kristendemokraterne,65,22,15.0,0.6818181818181818,social_familie
Inuit Ataqatigiit,Radikale Venstre,65,54,49.0,0.9074074074074074,social_familie
Inuit Ataqatigiit,Socialdemokratiet,65,355,290.0,0.8169014084507042,social_familie
Inuit Ataqatigiit,Socialistisk Folkeparti,65,79,72.0,0.9113924050632912,social_familie
Inuit Ataqatigiit,Tjóðveldi,65,5,5.0,1.0,social_familie
Inuit Ataqatigiit,Venstre,65,375,34.0,0.0906666666666666,social_familie
Kristendemokraterne,Kristendemokraterne,65,211,205.0,0.971563981042654,social_familie
Kristendemokraterne,Radikale Venstre,65,2042,1106.0,0.5416258570029383,social_familie
Kristendemokraterne,Socialdemokratiet,65,13871,7935.0,0.5720568091702112,social_familie
Kristendemokraterne,Socialistisk Folkeparti,65,2957,1665.0,0.5630706797429827,social_familie
Kristendemokraterne,Tjóðveldi,65,18,14.0,0.7777777777777778,social_familie
Kristendemokraterne,Venstre,65,14753,7447.0,0.5047786890801871,social_familie
Radikale Venstre,Radikale Venstre,65,1979,1971.0,0.9959575543203638,social_familie
Radikale Venstre,Socialdemokratiet,65,33579,22070.0,0.6572560231096817,social_familie
Radikale Venstre,Socialistisk Folkeparti,65,7157,4793.0,0.6696940058683806,social_familie
Radikale Venstre,Tjóðveldi,65,45,45.0,1.0,social_familie
Radikale Venstre,Venstre,65,35661,15089.0,0.4231232999635456,social_familie
Socialdemokratiet,Socialdemokratiet,65,110537,110347.0,0.9982811185394936,social_familie
Socialdemokratiet,Socialistisk Folkeparti,65,48532,37069.0,0.7638053243220968,social_familie
Socialdemokratiet,Tjóðveldi,65,296,231.0,0.7804054054054054,social_familie
Socialdemokratiet,Venstre,65,242328,79627.0,0.3285918259549041,social_familie
Socialistisk Folkeparti,Socialistisk Folkeparti,65,4446,4434.0,0.9973009446693656,social_familie
Socialistisk Folkeparti,Tjóðveldi,65,63,63.0,1.0,social_familie
Socialistisk Folkeparti,Venstre,65,51641,15577.0,0.3016401696326562,social_familie
Tjóðveldi,Venstre,65,305,0.0,0.0,social_familie
Venstre,Venstre,65,125412,125378.0,0.9997288935668038,social_familie
Danmarksdemokraterne,Danmarksdemokraterne,66,57,53.0,0.9298245614035088,social_familie
Danmarksdemokraterne,Dansk Folkeparti,66,4689,4497.0,0.9590531030070376,social_familie
Danmarksdemokraterne,Det Konservative Folkeparti,66,3319,3221.0,0.9704730340463996,social_familie
Danmarksdemokraterne,Enhedslisten,66,765,167.0,0.2183006535947712,social_familie
Danmarksdemokraterne,Inuit Ataqatigiit,66,2,0.0,0.0,social_familie
Danmarksdemokraterne,Radikale Venstre,66,2716,1413.0,0.5202503681885126,social_familie
Danmarksdemokraterne,Siumut,66,7,1.0,0.1428571428571428,social_familie
Danmarksdemokraterne,Socialdemokratiet,66,8551,5306.0,0.6205122207928897,social_familie
Danmarksdemokraterne,Socialistisk Folkeparti,66,2384,815.0,0.3418624161073825,social_familie
Danmarksdemokraterne,Tjóðveldi,66,4,0.0,0.0,social_familie
Danmarksdemokraterne,Venstre,66,10032,9742.0,0.9710925039872408,social_familie
Dansk Folkeparti,Dansk Folkeparti,66,32147,32117.0,0.99906678694746,social_familie
Dansk Folkeparti,Det Konservative Folkeparti,66,48054,45546.0,0.9478087151954052,social_familie
Dansk Folkeparti,Enhedslisten,66,11291,2144.0,0.1898857497121601,social_familie
Dansk Folkeparti,Inuit Ataqatigiit,66,31,0.0,0.0,social_familie
Dansk Folkeparti,Radikale Venstre,66,39150,18144.0,0.463448275862069,social_familie
Dansk Folkeparti,Siumut,66,79,17.0,0.2151898734177215,social_familie
Dansk Folkeparti,Socialdemokratiet,66,124189,67340.0,0.5422380404061551,social_familie
Dansk Folkeparti,Socialistisk Folkeparti,66,34345,10998.0,0.3202212840296986,social_familie
Dansk Folkeparti,Tjóðveldi,66,64,0.0,0.0,social_familie
Dansk Folkeparti,Venstre,66,145103,136592.0,0.9413451134711204,social_familie
Det Konservative Folkeparti,Det Konservative Folkeparti,66,15556,15404.0,0.9902288506042684,social_familie
Det Konservative Folkeparti,Enhedslisten,66,7998,1594.0,0.199299824956239,social_familie
Det Konservative Folkeparti,Inuit Ataqatigiit,66,21,0.0,0.0,social_familie
Det Konservative Folkeparti,Radikale Venstre,66,27484,13688.0,0.4980352204919225,social_familie
Det Konservative Folkeparti,Siumut,66,60,13.0,0.2166666666666666,social_familie
Det Konservative Folkeparti,Socialdemokratiet,66,87187,51536.0,0.5910972966153211,social_familie
Det Konservative Folkeparti,Socialistisk Folkeparti,66,24158,8218.0,0.3401771669840218,social_familie
Det Konservative Folkeparti,Tjóðveldi,66,43,0.0,0.0,social_familie
Det Konservative Folkeparti,Venstre,66,102027,100609.0,0.9861017181726406,social_familie
Enhedslisten,Enhedslisten,66,628,628.0,1.0,social_familie
Enhedslisten,Inuit Ataqatigiit,66,4,2.0,0.5,social_familie
Enhedslisten,Radikale Venstre,66,6482,3876.0,0.5979635914841098,social_familie
Enhedslisten,Siumut,66,11,5.0,0.4545454545454545,social_familie
Enhedslisten,Socialdemokratiet,66,20392,11545.0,0.5661533934876423,social_familie
Enhedslisten,Socialistisk Folkeparti,66,5655,4689.0,0.8291777188328913,social_familie
Enhedslisten,Tjóðveldi,66,10,10.0,1.0,social_familie
Enhedslisten,Venstre,66,23854,4858.0,0.2036555713926385,social_familie
Inuit Ataqatigiit,Radikale Venstre,66,15,1.0,0.0666666666666666,social_familie
Inuit Ataqatigiit,Siumut,66,1,1.0,1.0,social_familie
Inuit Ataqatigiit,Socialdemokratiet,66,59,0.0,0.0,social_familie
Inuit Ataqatigiit,Socialistisk Folkeparti,66,19,8.0,0.4210526315789473,social_familie
Inuit Ataqatigiit,Venstre,66,66,0.0,0.0,social_familie
Radikale Venstre,Radikale Venstre,66,10112,10006.0,0.9895174050632912,social_familie
Radikale Venstre,Siumut,66,48,19.0,0.3958333333333333,social_familie
Radikale Venstre,Socialdemokratiet,66,71076,53157.0,0.7478895829815971,social_familie
Radikale Venstre,Socialistisk Folkeparti,66,19631,13625.0,0.6940553206662932,social_familie
Radikale Venstre,Tjóðveldi,66,39,19.0,0.4871794871794871,social_familie
Radikale Venstre,Venstre,66,83098,42083.0,0.5064261474403716,social_familie
Siumut,Socialdemokratiet,66,149,59.0,0.3959731543624161,social_familie
Siumut,Socialistisk Folkeparti,66,42,15.0,0.3571428571428571,social_familie
Siumut,Tjóðveldi,66,1,1.0,1.0,social_familie
Siumut,Venstre,66,167,34.0,0.2035928143712574,social_familie
Socialdemokratiet,Socialdemokratiet,66,109401,108308.0,0.9900092320911144,social_familie
Socialdemokratiet,Socialistisk Folkeparti,66,62509,45304.0,0.7247596346126158,social_familie
Socialdemokratiet,Tjóðveldi,66,116,116.0,1.0,social_familie
Socialdemokratiet,Venstre,66,264054,155974.0,0.5906897831504162,social_familie
Socialistisk Folkeparti,Socialistisk Folkeparti,66,7671,7051.0,0.9191761178464346,social_familie
Socialistisk Folkeparti,Tjóðveldi,66,25,25.0,1.0,social_familie
Socialistisk Folkeparti,Venstre,66,72986,25297.0,0.3466007179459074,social_familie
Tjóðveldi,Venstre,66,146,0.0,0.0,social_familie
Venstre,Venstre,66,150320,148210.0,0.9859632783395424,social_familie
Danmarksdemokraterne,Danmarksdemokraterne,67,64,59.0,0.921875,social_familie
Danmarksdemokraterne,Dansk Folkeparti,67,5022,4783.0,0.9524093986459576,social_familie
Danmarksdemokraterne,Det Konservative Folkeparti,67,3032,2952.0,0.9736147757255936,social_familie
Danmarksdemokraterne,Enhedslisten,67,654,189.0,0.2889908256880734,social_familie
Danmarksdemokraterne,Inuit Ataqatigiit,67,3,1.0,0.3333333333333333,social_familie
Danmarksdemokraterne,Liberal Alliance,67,796,679.0,0.8530150753768844,social_familie
Danmarksdemokraterne,Radikale Venstre,67,1296,699.0,0.5393518518518519,social_familie
Danmarksdemokraterne,Sambandsflokkurin,67,6,6.0,1.0,social_familie
Danmarksdemokraterne,Siumut,67,19,12.0,0.631578947368421,social_familie
Danmarksdemokraterne,Socialdemokratiet,67,8458,4517.0,0.5340506029794277,social_familie
Danmarksdemokraterne,Socialistisk Folkeparti,67,4068,1840.0,0.4523107177974435,social_familie
Danmarksdemokraterne,Tjóðveldi,67,1,0.0,0.0,social_familie
Danmarksdemokraterne,Venstre,67,8443,8259.0,0.9782067985313276,social_familie
Dansk Folkeparti,Dansk Folkeparti,67,43106,42399.0,0.9835985709645988,social_familie
Dansk Folkeparti,Det Konservative Folkeparti,67,54990,51464.0,0.9358792507728678,social_familie
Dansk Folkeparti,Enhedslisten,67,11844,3532.0,0.298210064167511,social_familie
Dansk Folkeparti,Inuit Ataqatigiit,67,34,0.0,0.0,social_familie
Dansk Folkeparti,Liberal Alliance,67,14214,11844.0,0.8332629801604052,social_familie
Dansk Folkeparti,Radikale Venstre,67,23358,12682.0,0.5429403202328966,social_familie
Dansk Folkeparti,Sambandsflokkurin,67,81,81.0,1.0,social_familie
Dansk Folkeparti,Siumut,67,180,80.0,0.4444444444444444,social_familie
Dansk Folkeparti,Socialdemokratiet,67,152640,81927.0,0.5367334905660377,social_familie
Dansk Folkeparti,Socialistisk Folkeparti,67,72903,33750.0,0.462943911773178,social_familie
Dansk Folkeparti,Tjóðveldi,67,17,0.0,0.0,social_familie
Dansk Folkeparti,Venstre,67,153870,144774.0,0.940885162799766,social_familie
Det Konservative Folkeparti,Det Konservative Folkeparti,67,15234,15076.0,0.989628462649337,social_familie
Det Konservative Folkeparti,Enhedslisten,67,7117,2322.0,0.3262610650555009,social_familie
Det Konservative Folkeparti,Inuit Ataqatigiit,67,23,10.0,0.4347826086956521,social_familie
Det Konservative Folkeparti,Liberal Alliance,67,8501,7452.0,0.8766027526173391,social_familie
Det Konservative Folkeparti,Radikale Venstre,67,14177,8470.0,0.597446568385413,social_familie
Det Konservative Folkeparti,Sambandsflokkurin,67,51,51.0,1.0,social_familie
Det Konservative Folkeparti,Siumut,67,121,72.0,0.5950413223140496,social_familie
Det Konservative Folkeparti,Socialdemokratiet,67,92092,54847.0,0.5955674760022586,social_familie
Det Konservative Folkeparti,Socialistisk Folkeparti,67,43903,22771.0,0.5186661503769674,social_familie
Det Konservative Folkeparti,Tjóðveldi,67,13,0.0,0.0,social_familie
Det Konservative Folkeparti,Venstre,67,92906,92315.0,0.9936387316212084,social_familie
Enhedslisten,Enhedslisten,67,469,430.0,0.9168443496801706,social_familie
Enhedslisten,Inuit Ataqatigiit,67,5,0.0,0.0,social_familie
Enhedslisten,Liberal Alliance,67,1864,769.0,0.4125536480686695,social_familie
Enhedslisten,Radikale Venstre,67,3051,2020.0,0.6620780072107506,social_familie
Enhedslisten,Sambandsflokkurin,67,10,4.0,0.4,social_familie
Enhedslisten,Siumut,67,19,7.0,0.3684210526315789,social_familie
Enhedslisten,Socialdemokratiet,67,19766,13931.0,0.7047961145401194,social_familie
Enhedslisten,Socialistisk Folkeparti,67,9449,7271.0,0.7694994179278231,social_familie
Enhedslisten,Tjóðveldi,67,3,0.0,0.0,social_familie
Enhedslisten,Venstre,67,19966,6533.0,0.3272062506260643,social_familie
Inuit Ataqatigiit,Liberal Alliance,67,6,2.0,0.3333333333333333,social_familie
Inuit Ataqatigiit,Radikale Venstre,67,8,3.0,0.375,social_familie
Inuit Ataqatigiit,Siumut,67,2,2.0,1.0,social_familie
Inuit Ataqatigiit,Socialdemokratiet,67,57,28.0,0.4912280701754385,social_familie
Inuit Ataqatigiit,Socialistisk Folkeparti,67,26,12.0,0.4615384615384615,social_familie
Inuit Ataqatigiit,Tjóðveldi,67,1,1.0,1.0,social_familie
Inuit Ataqatigiit,Venstre,67,58,26.0,0.4482758620689655,social_familie
Liberal Alliance,Liberal Alliance,67,851,650.0,0.763807285546416,social_familie
Liberal Alliance,Radikale Venstre,67,3533,2422.0,0.6855363713557883,social_familie
Liberal Alliance,Sambandsflokkurin,67,14,11.0,0.7857142857142857,social_familie
Liberal Alliance,Siumut,67,27,18.0,0.6666666666666666,social_familie
Liberal Alliance,Socialdemokratiet,67,23765,15447.0,0.6499894803282138,social_familie
Liberal Alliance,Socialistisk Folkeparti,67,11397,6593.0,0.5784855663771168,social_familie
Liberal Alliance,Tjóðveldi,67,4,0.0,0.0,social_familie
Liberal Alliance,Venstre,67,23861,21026.0,0.8811868739784585,social_familie
Radikale Venstre,Radikale Venstre,67,2409,2281.0,0.9468659194686592,social_familie
Radikale Venstre,Sambandsflokkurin,67,19,7.0,0.3684210526315789,social_familie
Radikale Venstre,Siumut,67,50,32.0,0.64,social_familie
Radikale Venstre,Socialdemokratiet,67,39109,32283.0,0.8254621698330308,social_familie
Radikale Venstre,Socialistisk Folkeparti,67,18650,14881.0,0.7979088471849866,social_familie
Radikale Venstre,Tjóðveldi,67,5,0.0,0.0,social_familie
Radikale Venstre,Venstre,67,39539,23571.0,0.5961455777839602,social_familie
Sambandsflokkurin,Socialdemokratiet,67,146,117.0,0.8013698630136986,social_familie
Sambandsflokkurin,Socialistisk Folkeparti,67,68,28.0,0.4117647058823529,social_familie
Sambandsflokkurin,Venstre,67,141,141.0,1.0,social_familie
Siumut,Socialdemokratiet,67,320,253.0,0.790625,social_familie
Siumut,Socialistisk Folkeparti,67,146,106.0,0.726027397260274,social_familie
Siumut,Tjóðveldi,67,1,1.0,1.0,social_familie
Siumut,Venstre,67,323,214.0,0.6625386996904025,social_familie
Socialdemokratiet,Socialdemokratiet,67,123526,122593.0,0.9924469342486602,social_familie
Socialdemokratiet,Socialistisk Folkeparti,67,121960,111841.0,0.9170301738274844,social_familie
Socialdemokratiet,Tjóðveldi,67,29,0.0,0.0,social_familie
Socialdemokratiet,Venstre,67,257646,153005.0,0.5938574633411735,social_familie
Socialistisk Folkeparti,Socialistisk Folkeparti,67,27203,27056.0,0.9945961842443848,social_familie
Socialistisk Folkeparti,Tjóðveldi,67,14,0.0,0.0,social_familie
Socialistisk Folkeparti,Venstre,67,122856,63261.0,0.5149199062316859,social_familie
Tjóðveldi,Venstre,67,32,0.0,0.0,social_familie
Venstre,Venstre,67,125883,125649.0,0.9981411310502608,social_familie
Danmarksdemokraterne,Danmarksdemokraterne,68,217,166.0,0.7649769585253456,social_familie
Danmarksdemokraterne,Dansk Folkeparti,68,8272,7618.0,0.9209381044487428,social_familie
Danmarksdemokraterne,Det Konservative Folkeparti,68,3345,2647.0,0.7913303437967115,social_familie
Danmarksdemokraterne,Enhedslisten,68,5637,2431.0,0.4312577612205073,social_familie
Danmarksdemokraterne,Javnaðarflokkurin,68,20,6.0,0.3,social_familie
Danmarksdemokraterne,Liberal Alliance,68,3390,2404.0,0.7091445427728613,social_familie
Danmarksdemokraterne,Radikale Venstre,68,7217,4651.0,0.6444506027435223,social_familie
Danmarksdemokraterne,Sambandsflokkurin,68,14,13.0,0.9285714285714286,social_familie
Danmarksdemokraterne,Socialdemokratiet,68,19437,12661.0,0.6513865308432372,social_familie
Danmarksdemokraterne,Socialistisk Folkeparti,68,6386,3868.0,0.6056999686814908,social_familie
Danmarksdemokraterne,Venstre,68,18412,14877.0,0.8080056484901151,social_familie
Dansk Folkeparti,Dansk Folkeparti,68,35092,35010.0,0.9976632850792204,social_familie
Dansk Folkeparti,Det Konservative Folkeparti,68,30647,22558.0,0.7360589943550755,social_familie
Dansk Folkeparti,Enhedslisten,68,51380,22222.0,0.4325029194239003,social_familie
Dansk Folkeparti,Javnaðarflokkurin,68,91,0.0,0.0,social_familie
Dansk Folkeparti,Liberal Alliance,68,31088,21243.0,0.6833183221821925,social_familie
Dansk Folkeparti,Radikale Venstre,68,66110,41577.0,0.628906368174255,social_familie
Dansk Folkeparti,Sambandsflokkurin,68,139,114.0,0.8201438848920863,social_familie
Dansk Folkeparti,Socialdemokratiet,68,177043,112668.0,0.6363877702027191,social_familie
Dansk Folkeparti,Socialistisk Folkeparti,68,58362,34100.0,0.5842842945752373,social_familie
Dansk Folkeparti,Venstre,68,167829,124834.0,0.74381662287209,social_familie
Det Konservative Folkeparti,Det Konservative Folkeparti,68,5052,5043.0,0.9982185273159144,social_familie
Det Konservative Folkeparti,Enhedslisten,68,20718,7886.0,0.3806351964475335,social_familie
Det Konservative Folkeparti,Javnaðarflokkurin,68,23,23.0,1.0,social_familie
Det Konservative Folkeparti,Liberal Alliance,68,12503,9736.0,0.7786931136527233,social_familie
Det Konservative Folkeparti,Radikale Venstre,68,26717,21077.0,0.7888984541677584,social_familie
Det Konservative Folkeparti,Sambandsflokkurin,68,54,54.0,1.0,social_familie
Det Konservative Folkeparti,Socialdemokratiet,68,71437,56963.0,0.7973879082268293,social_familie
Det Konservative Folkeparti,Socialistisk Folkeparti,68,23546,17118.0,0.7270024632633993,social_familie
Det Konservative Folkeparti,Venstre,68,67747,64653.0,0.9543300810367988,social_familie
Enhedslisten,Enhedslisten,68,15347,14863.0,0.9684628917703786,social_familie
Enhedslisten,Javnaðarflokkurin,68,56,40.0,0.7142857142857143,social_familie
Enhedslisten,Liberal Alliance,68,20963,7084.0,0.3379287315746792,social_familie
Enhedslisten,Radikale Venstre,68,44589,25681.0,0.5759492251452152,social_familie
Enhedslisten,Sambandsflokkurin,68,86,47.0,0.5465116279069767,social_familie
Enhedslisten,Socialdemokratiet,68,119602,67151.0,0.5614538218424441,social_familie
Enhedslisten,Socialistisk Folkeparti,68,39368,25018.0,0.6354907539118065,social_familie
Enhedslisten,Venstre,68,113342,43815.0,0.3865733796827301,social_familie
Javnaðarflokkurin,Liberal Alliance,68,30,0.0,0.0,social_familie
Javnaðarflokkurin,Radikale Venstre,68,77,77.0,1.0,social_familie
Javnaðarflokkurin,Socialdemokratiet,68,193,193.0,1.0,social_familie
Javnaðarflokkurin,Socialistisk Folkeparti,68,61,61.0,1.0,social_familie
Javnaðarflokkurin,Venstre,68,189,189.0,1.0,social_familie
Liberal Alliance,Liberal Alliance,68,5116,5109.0,0.998631743549648,social_familie
Liberal Alliance,Radikale Venstre,68,26945,17268.0,0.6408610131749861,social_familie
Liberal Alliance,Sambandsflokkurin,68,56,35.0,0.625,social_familie
Liberal Alliance,Socialdemokratiet,68,72282,46358.0,0.6413491602335298,social_familie
Liberal Alliance,Socialistisk Folkeparti,68,23809,13797.0,0.5794867487084716,social_familie
Liberal Alliance,Venstre,68,68473,52839.0,0.7716764272048837,social_familie
Radikale Venstre,Radikale Venstre,68,26322,25954.0,0.986019299445331,social_familie
Radikale Venstre,Sambandsflokkurin,68,120,109.0,0.9083333333333332,social_familie
Radikale Venstre,Socialdemokratiet,68,153914,152786.0,0.9926712319866938,social_familie
Radikale Venstre,Socialistisk Folkeparti,68,50735,47732.0,0.9408100916527052,social_familie
Radikale Venstre,Venstre,68,146140,115152.0,0.7879567537977282,social_familie
Sambandsflokkurin,Socialdemokratiet,68,322,293.0,0.9099378881987578,social_familie
Sambandsflokkurin,Socialistisk Folkeparti,68,101,92.0,0.9108910891089108,social_familie
Sambandsflokkurin,Venstre,68,290,290.0,1.0,social_familie
Socialdemokratiet,Socialdemokratiet,68,199770,199476.0,0.9985283075536868,social_familie
Socialdemokratiet,Socialistisk Folkeparti,68,135847,127464.0,0.9382908713479134,social_familie
Socialdemokratiet,Venstre,68,391456,311431.0,0.7955708943022971,social_familie
Socialistisk Folkeparti,Socialistisk Folkeparti,68,20295,19700.0,0.9706824340970682,social_familie
Socialistisk Folkeparti,Venstre,68,129096,93935.0,0.7276367974220735,social_familie
Venstre,Venstre,68,179454,179269.0,0.9989690951441595,social_familie
Alternativet,Alternativet,69,7421,7409.0,0.9983829672550868,social_familie
Alternativet,Danmarksdemokraterne,69,4732,2055.0,0.4342772612003381,social_familie
Alternativet,Dansk Folkeparti,69,73441,30860.0,0.4202012499829795,social_familie
Alternativet,Det Konservative Folkeparti,69,13227,5980.0,0.4521055416950177,social_familie
Alternativet,Enhedslisten,69,30121,23882.0,0.7928687626572823,social_familie
Alternativet,Inuit Ataqatigiit,69,127,39.0,0.3070866141732283,social_familie
Alternativet,Liberal Alliance,69,26866,11660.0,0.4340058065956971,social_familie
Alternativet,Radikale Venstre,69,16072,11131.0,0.6925709308113489,social_familie
Alternativet,Siumut,69,6,6.0,1.0,social_familie
Alternativet,Socialdemokratiet,69,98245,54622.0,0.5559774034302,social_familie
Alternativet,Socialistisk Folkeparti,69,13322,10610.0,0.7964269629184807,social_familie
Alternativet,Tjóðveldi,69,30,5.0,0.1666666666666666,social_familie
Alternativet,Venstre,69,64023,28906.0,0.4514939943457819,social_familie
Danmarksdemokraterne,Danmarksdemokraterne,69,321,261.0,0.8130841121495327,social_familie
Danmarksdemokraterne,Dansk Folkeparti,69,19511,17697.0,0.9070268053918302,social_familie
Danmarksdemokraterne,Det Konservative Folkeparti,69,3510,3189.0,0.9085470085470084,social_familie
Danmarksdemokraterne,Enhedslisten,69,8054,2718.0,0.3374720635708964,social_familie
Danmarksdemokraterne,Inuit Ataqatigiit,69,29,13.0,0.4482758620689655,social_familie
Danmarksdemokraterne,Liberal Alliance,69,7173,6340.0,0.8838700683117245,social_familie
Danmarksdemokraterne,Radikale Venstre,69,4278,2526.0,0.5904628330995793,social_familie
Danmarksdemokraterne,Siumut,69,1,1.0,1.0,social_familie
Danmarksdemokraterne,Socialdemokratiet,69,26227,19920.0,0.7595226293514318,social_familie
Danmarksdemokraterne,Socialistisk Folkeparti,69,3563,1877.0,0.5268032556834129,social_familie
Danmarksdemokraterne,Tjóðveldi,69,9,1.0,0.1111111111111111,social_familie
Danmarksdemokraterne,Venstre,69,16859,15310.0,0.9081202918322556,social_familie
Dansk Folkeparti,Dansk Folkeparti,69,144298,144217.0,0.9994386616585124,social_familie
Dansk Folkeparti,Det Konservative Folkeparti,69,54323,45099.0,0.8302008357417668,social_familie
Dansk Folkeparti,Enhedslisten,69,123859,44417.0,0.3586093864797875,social_familie
Dansk Folkeparti,Inuit Ataqatigiit,69,447,148.0,0.3310961968680089,social_familie
Dansk Folkeparti,Liberal Alliance,69,110463,92372.0,0.83622570453455,social_familie
Dansk Folkeparti,Radikale Venstre,69,66146,37471.0,0.5664892812868503,social_familie
Dansk Folkeparti,Siumut,69,23,0.0,0.0,social_familie
Dansk Folkeparti,Socialdemokratiet,69,404134,281249.0,0.6959300628009522,social_familie
Dansk Folkeparti,Socialistisk Folkeparti,69,54744,27288.0,0.4984655852696186,social_familie
Dansk Folkeparti,Tjóðveldi,69,133,23.0,0.1729323308270676,social_familie
Dansk Folkeparti,Venstre,69,262236,216608.0,0.8260040574139325,social_familie
Det Konservative Folkeparti,Det Konservative Folkeparti,69,3730,3724.0,0.998391420911528,social_familie
Det Konservative Folkeparti,Enhedslisten,69,22311,7040.0,0.3155394200170319,social_familie
Det Konservative Folkeparti,Inuit Ataqatigiit,69,85,33.0,0.388235294117647,social_familie
Det Konservative Folkeparti,Liberal Alliance,69,19855,18800.0,0.946864769579451,social_familie
Det Konservative Folkeparti,Radikale Venstre,69,11894,8123.0,0.6829493862451657,social_familie
Det Konservative Folkeparti,Siumut,69,4,4.0,1.0,social_familie
Det Konservative Folkeparti,Socialdemokratiet,69,72629,60076.0,0.8271627036032438,social_familie
Det Konservative Folkeparti,Socialistisk Folkeparti,69,9846,5424.0,0.5508836075563681,social_familie
Det Konservative Folkeparti,Tjóðveldi,69,23,4.0,0.1739130434782608,social_familie
Det Konservative Folkeparti,Venstre,69,47011,46367.0,0.986301078470996,social_familie
Enhedslisten,Enhedslisten,69,22591,22559.0,0.9985835067062104,social_familie
Enhedslisten,Inuit Ataqatigiit,69,187,52.0,0.2780748663101604,social_familie
Enhedslisten,Liberal Alliance,69,45300,15139.0,0.3341942604856512,social_familie
Enhedslisten,Radikale Venstre,69,27111,15280.0,0.5636088672494559,social_familie
Enhedslisten,Siumut,69,8,8.0,1.0,social_familie
Enhedslisten,Socialdemokratiet,69,165818,69556.0,0.419471951175385,social_familie
Enhedslisten,Socialistisk Folkeparti,69,22454,16472.0,0.7335886701701256,social_familie
Enhedslisten,Tjóðveldi,69,54,9.0,0.1666666666666666,social_familie
Enhedslisten,Venstre,69,107550,33294.0,0.3095676429567643,social_familie
Inuit Ataqatigiit,Liberal Alliance,69,167,56.0,0.3353293413173652,social_familie
Inuit Ataqatigiit,Radikale Venstre,69,94,38.0,0.4042553191489361,social_familie
Inuit Ataqatigiit,Siumut,69,1,1.0,1.0,social_familie
Inuit Ataqatigiit,Socialdemokratiet,69,619,263.0,0.4248788368336025,social_familie
Inuit Ataqatigiit,Socialistisk Folkeparti,69,85,39.0,0.4588235294117647,social_familie
Inuit Ataqatigiit,Tjóðveldi,69,3,3.0,1.0,social_familie
Inuit Ataqatigiit,Venstre,69,437,162.0,0.3707093821510298,social_familie
Liberal Alliance,Liberal Alliance,69,17726,17605.0,0.9931738688931512,social_familie
Liberal Alliance,Radikale Venstre,69,24191,15758.0,0.6513992807242363,social_familie
Liberal Alliance,Siumut,69,8,8.0,1.0,social_familie
Liberal Alliance,Socialdemokratiet,69,147850,116704.0,0.7893405478525533,social_familie
Liberal Alliance,Socialistisk Folkeparti,69,20025,10344.0,0.5165543071161048,social_familie
Liberal Alliance,Tjóðveldi,69,48,8.0,0.1666666666666666,social_familie
Liberal Alliance,Venstre,69,95948,90087.0,0.9389148288656356,social_familie
Radikale Venstre,Radikale Venstre,69,5802,5768.0,0.9941399517407792,social_familie
Radikale Venstre,Siumut,69,4,4.0,1.0,social_familie
Radikale Venstre,Socialdemokratiet,69,88464,68833.0,0.7780905226984989,social_familie
Radikale Venstre,Socialistisk Folkeparti,69,11996,9013.0,0.7513337779259753,social_familie
Radikale Venstre,Tjóðveldi,69,28,5.0,0.1785714285714285,social_familie
Radikale Venstre,Venstre,69,57430,39696.0,0.6912066864008358,social_familie
Siumut,Socialdemokratiet,69,29,29.0,1.0,social_familie
Siumut,Socialistisk Folkeparti,69,4,4.0,1.0,social_familie
Siumut,Venstre,69,20,20.0,1.0,social_familie
Socialdemokratiet,Socialdemokratiet,69,261877,256164.0,0.9781844148206984,social_familie
Socialdemokratiet,Socialistisk Folkeparti,69,73264,47920.0,0.6540729416903254,social_familie
Socialdemokratiet,Tjóðveldi,69,180,29.0,0.1611111111111111,social_familie
Socialdemokratiet,Venstre,69,352046,295763.0,0.8401260062605455,social_familie
Socialistisk Folkeparti,Socialistisk Folkeparti,69,3730,3717.0,0.996514745308311,social_familie
Socialistisk Folkeparti,Tjóðveldi,69,24,8.0,0.3333333333333333,social_familie
Socialistisk Folkeparti,Venstre,69,47567,26008.0,0.5467656148169949,social_familie
Tjóðveldi,Venstre,69,119,19.0,0.1596638655462184,social_familie
Venstre,Venstre,69,108848,108818.0,0.9997243863001616,social_familie
Alternativet,Alternativet,70,1471,1262.0,0.8579197824609109,social_familie
Alternativet,Danmarksdemokraterne,70,2085,1003.0,0.4810551558752997,social_familie
Alternativet,Dansk Folkeparti,70,11308,5271.0,0.4661301733286169,social_familie
Alternativet,Det Konservative Folkeparti,70,9317,4767.0,0.5116453794139745,social_familie
Alternativet,Enhedslisten,70,10544,8993.0,0.852902124430956,social_familie
Alternativet,Inuit Ataqatigiit,70,2,2.0,1.0,social_familie
Alternativet,Liberal Alliance,70,2851,1414.0,0.4959663276043493,social_familie
Alternativet,Nye Borgerlige,70,3025,1163.0,0.3844628099173554,social_familie
Alternativet,Radikale Venstre,70,12842,9983.0,0.777371125992836,social_familie
Alternativet,Sambandsflokkurin,70,28,23.0,0.8214285714285714,social_familie
Alternativet,Siumut,70,9,6.0,0.6666666666666666,social_familie
Alternativet,Socialdemokratiet,70,39748,28303.0,0.7120609842004629,social_familie
Alternativet,Socialistisk Folkeparti,70,11495,9700.0,0.8438451500652457,social_familie
Alternativet,Venstre,70,34366,18397.0,0.5353256125240062,social_familie
Danmarksdemokraterne,Danmarksdemokraterne,70,264,236.0,0.8939393939393939,social_familie
Danmarksdemokraterne,Dansk Folkeparti,70,5603,5203.0,0.9286096733892556,social_familie
Danmarksdemokraterne,Det Konservative Folkeparti,70,4816,3533.0,0.7335963455149501,social_familie
Danmarksdemokraterne,Enhedslisten,70,5345,2471.0,0.4623012160898035,social_familie
Danmarksdemokraterne,Inuit Ataqatigiit,70,1,1.0,1.0,social_familie
Danmarksdemokraterne,Liberal Alliance,70,1449,1022.0,0.7053140096618358,social_familie
Danmarksdemokraterne,Nye Borgerlige,70,1573,1124.0,0.7145581691036237,social_familie
Danmarksdemokraterne,Radikale Venstre,70,6560,3425.0,0.5221036585365854,social_familie
Danmarksdemokraterne,Sambandsflokkurin,70,13,10.0,0.7692307692307693,social_familie
Danmarksdemokraterne,Siumut,70,5,2.0,0.4,social_familie
Danmarksdemokraterne,Socialdemokratiet,70,20110,11814.0,0.5874689209348583,social_familie
Danmarksdemokraterne,Socialistisk Folkeparti,70,5897,2824.0,0.4788875699508224,social_familie
Danmarksdemokraterne,Venstre,70,17300,12871.0,0.7439884393063584,social_familie
Dansk Folkeparti,Dansk Folkeparti,70,13821,13397.0,0.969322046161638,social_familie
Dansk Folkeparti,Det Konservative Folkeparti,70,25756,17802.0,0.691178754464979,social_familie
Dansk Folkeparti,Enhedslisten,70,29088,13382.0,0.4600522552255225,social_familie
Dansk Folkeparti,Inuit Ataqatigiit,70,7,7.0,1.0,social_familie
Dansk Folkeparti,Liberal Alliance,70,7898,5525.0,0.6995441884021272,social_familie
Dansk Folkeparti,Nye Borgerlige,70,8422,6319.0,0.7502968416053194,social_familie
Dansk Folkeparti,Radikale Venstre,70,35436,18335.0,0.5174116717462468,social_familie
Dansk Folkeparti,Sambandsflokkurin,70,76,54.0,0.7105263157894737,social_familie
Dansk Folkeparti,Siumut,70,22,14.0,0.6363636363636364,social_familie
Dansk Folkeparti,Socialdemokratiet,70,110186,63671.0,0.5778501806037064,social_familie
Dansk Folkeparti,Socialistisk Folkeparti,70,31996,15179.0,0.4744030503812976,social_familie
Dansk Folkeparti,Venstre,70,94886,66508.0,0.7009253209114095,social_familie
Det Konservative Folkeparti,Det Konservative Folkeparti,70,9419,9299.0,0.9872597940333367,social_familie
Det Konservative Folkeparti,Enhedslisten,70,24083,11734.0,0.4872316571855666,social_familie
Det Konservative Folkeparti,Inuit Ataqatigiit,70,6,6.0,1.0,social_familie
Det Konservative Folkeparti,Liberal Alliance,70,6524,5293.0,0.8113120784794604,social_familie
Det Konservative Folkeparti,Nye Borgerlige,70,6913,4285.0,0.6198466657023,social_familie
Det Konservative Folkeparti,Radikale Venstre,70,29465,18805.0,0.6382148311556084,social_familie
Det Konservative Folkeparti,Sambandsflokkurin,70,58,58.0,1.0,social_familie
Det Konservative Folkeparti,Siumut,70,19,12.0,0.631578947368421,social_familie
Det Konservative Folkeparti,Socialdemokratiet,70,90745,64458.0,0.7103201278307345,social_familie
Det Konservative Folkeparti,Socialistisk Folkeparti,70,26609,15217.0,0.5718741779097298,social_familie
Det Konservative Folkeparti,Venstre,70,77734,70759.0,0.910270923920035,social_familie
Enhedslisten,Enhedslisten,70,11832,11796.0,0.9969574036511156,social_familie
Enhedslisten,Inuit Ataqatigiit,70,8,1.0,0.125,social_familie
Enhedslisten,Liberal Alliance,70,7325,3447.0,0.470580204778157,social_familie
Enhedslisten,Nye Borgerlige,70,7844,2855.0,0.3639724630290668,social_familie
Enhedslisten,Radikale Venstre,70,33183,26546.0,0.799987945634813,social_familie
Enhedslisten,Sambandsflokkurin,70,72,56.0,0.7777777777777778,social_familie
Enhedslisten,Siumut,70,23,16.0,0.6956521739130435,social_familie
Enhedslisten,Socialdemokratiet,70,103049,75170.0,0.7294588011528497,social_familie
Enhedslisten,Socialistisk Folkeparti,70,29976,26235.0,0.8752001601281025,social_familie
Enhedslisten,Venstre,70,88881,44987.0,0.5061486706945242,social_familie
Inuit Ataqatigiit,Liberal Alliance,70,2,2.0,1.0,social_familie
Inuit Ataqatigiit,Nye Borgerlige,70,2,0.0,0.0,social_familie
Inuit Ataqatigiit,Radikale Venstre,70,7,7.0,1.0,social_familie
Inuit Ataqatigiit,Siumut,70,1,1.0,1.0,social_familie
Inuit Ataqatigiit,Socialdemokratiet,70,27,27.0,1.0,social_familie
Inuit Ataqatigiit,Socialistisk Folkeparti,70,8,8.0,1.0,social_familie
Inuit Ataqatigiit,Venstre,70,25,25.0,1.0,social_familie
Liberal Alliance,Liberal Alliance,70,552,540.0,0.9782608695652174,social_familie
Liberal Alliance,Nye Borgerlige,70,2104,1408.0,0.6692015209125475,social_familie
Liberal Alliance,Radikale Venstre,70,8973,5381.0,0.5996879527471303,social_familie
Liberal Alliance,Sambandsflokkurin,70,18,18.0,1.0,social_familie
Liberal Alliance,Siumut,70,5,4.0,0.8,social_familie
Liberal Alliance,Socialdemokratiet,70,27895,18252.0,0.6543108083886001,social_familie
Liberal Alliance,Socialistisk Folkeparti,70,8095,4323.0,0.5340333539221742,social_familie
Liberal Alliance,Venstre,70,23983,19546.0,0.814993954050786,social_familie
Nye Borgerlige,Nye Borgerlige,70,668,664.0,0.994011976047904,social_familie
Nye Borgerlige,Radikale Venstre,70,9574,3623.0,0.378420722790892,social_familie
Nye Borgerlige,Sambandsflokkurin,70,20,14.0,0.7,social_familie
Nye Borgerlige,Siumut,70,7,2.0,0.2857142857142857,social_familie
Nye Borgerlige,Socialdemokratiet,70,29802,12478.0,0.4186967317629689,social_familie
Nye Borgerlige,Socialistisk Folkeparti,70,8663,3021.0,0.348724460348609,social_familie
Nye Borgerlige,Venstre,70,25620,15217.0,0.5939500390320063,social_familie
Radikale Venstre,Radikale Venstre,70,18120,17572.0,0.969757174392936,social_familie
Radikale Venstre,Sambandsflokkurin,70,88,77.0,0.875,social_familie
Radikale Venstre,Siumut,70,27,27.0,1.0,social_familie
Radikale Venstre,Socialdemokratiet,70,125238,108528.0,0.866574043022086,social_familie
Radikale Venstre,Socialistisk Folkeparti,70,36577,32041.0,0.8759876425075868,social_familie
Radikale Venstre,Venstre,70,108024,71904.0,0.6656298600311042,social_familie
Sambandsflokkurin,Socialdemokratiet,70,241,212.0,0.8796680497925311,social_familie
Sambandsflokkurin,Socialistisk Folkeparti,70,77,69.0,0.8961038961038961,social_familie
Sambandsflokkurin,Venstre,70,207,206.0,0.9951690821256038,social_familie
Siumut,Socialdemokratiet,70,83,83.0,1.0,social_familie
Siumut,Socialistisk Folkeparti,70,23,23.0,1.0,social_familie
Siumut,Venstre,70,76,49.0,0.6447368421052632,social_familie
Socialdemokratiet,Socialdemokratiet,70,189381,189275.0,0.9994402817600498,social_familie
Socialdemokratiet,Socialistisk Folkeparti,70,113279,93192.0,0.8226767538555249,social_familie
Socialdemokratiet,Venstre,70,337856,248487.0,0.7354819804887289,social_familie
Socialistisk Folkeparti,Socialistisk Folkeparti,70,14539,14517.0,0.9984868285301602,social_familie
Socialistisk Folkeparti,Venstre,70,97635,58438.0,0.5985353612946177,social_familie
Venstre,Venstre,70,139977,138502.0,0.9894625545625352,social_familie
Alternativet,Alternativet,71,1301,1170.0,0.8993082244427364,social_familie
Alternativet,Danmarksdemokraterne,71,9717,5779.0,0.5947308840177009,social_familie
Alternativet,Dansk Folkeparti,71,2598,1523.0,0.5862201693610469,social_familie
Alternativet,Det Konservative Folkeparti,71,6688,3308.0,0.4946172248803828,social_familie
Alternativet,Enhedslisten,71,5513,3929.0,0.7126791220750952,social_familie
Alternativet,Inuit Ataqatigiit,71,2,2.0,1.0,social_familie
Alternativet,Javnaðarflokkurin,71,4,2.0,0.5,social_familie
Alternativet,Liberal Alliance,71,9715,5468.0,0.5628409675759135,social_familie
Alternativet,Moderaterne,71,10780,6029.0,0.5592764378478664,social_familie
Alternativet,Nye Borgerlige,71,3609,1939.0,0.5372679412579662,social_familie
Alternativet,Radikale Venstre,71,4589,3028.0,0.6598387448245805,social_familie
Alternativet,Sambandsflokkurin,71,135,61.0,0.4518518518518518,social_familie
Alternativet,Siumut,71,2,2.0,1.0,social_familie
Alternativet,Socialdemokratiet,71,37053,20493.0,0.553072625698324,social_familie
Alternativet,Socialistisk Folkeparti,71,10083,7369.0,0.7308340771595755,social_familie
Alternativet,Venstre,71,16769,9249.0,0.5515534617448864,social_familie
Danmarksdemokraterne,Danmarksdemokraterne,71,11996,11957.0,0.9967489163054352,social_familie
Danmarksdemokraterne,Dansk Folkeparti,71,7260,5948.0,0.8192837465564738,social_familie
Danmarksdemokraterne,Det Konservative Folkeparti,71,18524,14477.0,0.7815266681062406,social_familie
Danmarksdemokraterne,Enhedslisten,71,15272,7949.0,0.5204950235725511,social_familie
Danmarksdemokraterne,Inuit Ataqatigiit,71,9,9.0,1.0,social_familie
Danmarksdemokraterne,Javnaðarflokkurin,71,19,10.0,0.5263157894736842,social_familie
Danmarksdemokraterne,Liberal Alliance,71,26790,20874.0,0.7791713325867862,social_familie
Danmarksdemokraterne,Moderaterne,71,29908,19676.0,0.6578841781463154,social_familie
Danmarksdemokraterne,Nye Borgerlige,71,10172,8123.0,0.7985646873771136,social_familie
Danmarksdemokraterne,Radikale Venstre,71,12922,7593.0,0.5876025383067637,social_familie
Danmarksdemokraterne,Sambandsflokkurin,71,326,118.0,0.3619631901840491,social_familie
Danmarksdemokraterne,Siumut,71,9,9.0,1.0,social_familie
Danmarksdemokraterne,Socialdemokratiet,71,102621,66781.0,0.6507537443603161,social_familie
Danmarksdemokraterne,Socialistisk Folkeparti,71,28088,16556.0,0.5894332099117061,social_familie
Danmarksdemokraterne,Venstre,71,46497,30562.0,0.6572897176161903,social_familie
Dansk Folkeparti,Dansk Folkeparti,71,626,620.0,0.9904153354632588,social_familie
Dansk Folkeparti,Det Konservative Folkeparti,71,5025,3557.0,0.7078606965174129,social_familie
Dansk Folkeparti,Enhedslisten,71,4138,2227.0,0.5381826969550507,social_familie
Dansk Folkeparti,Inuit Ataqatigiit,71,2,0.0,0.0,social_familie
Dansk Folkeparti,Javnaðarflokkurin,71,4,2.0,0.5,social_familie
Dansk Folkeparti,Liberal Alliance,71,7273,5297.0,0.7283101883679362,social_familie
Dansk Folkeparti,Moderaterne,71,8131,5191.0,0.6384208584429959,social_familie
Dansk Folkeparti,Nye Borgerlige,71,2664,2188.0,0.8213213213213213,social_familie
Dansk Folkeparti,Radikale Venstre,71,3530,1977.0,0.560056657223796,social_familie
Dansk Folkeparti,Sambandsflokkurin,71,73,27.0,0.3698630136986301,social_familie
Dansk Folkeparti,Siumut,71,2,0.0,0.0,social_familie
Dansk Folkeparti,Socialdemokratiet,71,27801,17439.0,0.6272795942591993,social_familie
Dansk Folkeparti,Socialistisk Folkeparti,71,7619,4399.0,0.5773723585772411,social_familie
Dansk Folkeparti,Venstre,71,12608,7978.0,0.6327728426395939,social_familie
Det Konservative Folkeparti,Det Konservative Folkeparti,71,5323,5318.0,0.999060680067631,social_familie
Det Konservative Folkeparti,Enhedslisten,71,10518,5593.0,0.5317550865183495,social_familie
Det Konservative Folkeparti,Inuit Ataqatigiit,71,6,6.0,1.0,social_familie
Det Konservative Folkeparti,Javnaðarflokkurin,71,12,6.0,0.5,social_familie
Det Konservative Folkeparti,Liberal Alliance,71,18444,14888.0,0.8072001734981565,social_familie
Det Konservative Folkeparti,Moderaterne,71,20620,15631.0,0.7580504364694471,social_familie
Det Konservative Folkeparti,Nye Borgerlige,71,6987,4971.0,0.7114641477028768,social_familie
Det Konservative Folkeparti,Radikale Venstre,71,8906,6430.0,0.7219851785313272,social_familie
Det Konservative Folkeparti,Sambandsflokkurin,71,214,148.0,0.6915887850467289,social_familie
Det Konservative Folkeparti,Siumut,71,6,6.0,1.0,social_familie
Det Konservative Folkeparti,Socialdemokratiet,71,70670,53598.0,0.7584264893165417,social_familie
Det Konservative Folkeparti,Socialistisk Folkeparti,71,19345,12504.0,0.6463685706901008,social_familie
Det Konservative Folkeparti,Venstre,71,32013,24438.0,0.7633773779402118,social_familie
Enhedslisten,Enhedslisten,71,3483,3475.0,0.9977031294860752,social_familie
Enhedslisten,Inuit Ataqatigiit,71,5,5.0,1.0,social_familie
Enhedslisten,Javnaðarflokkurin,71,10,5.0,0.5,social_familie
Enhedslisten,Liberal Alliance,71,15187,7562.0,0.4979258576414038,social_familie
Enhedslisten,Moderaterne,71,16995,10312.0,0.6067666960870844,social_familie
Enhedslisten,Nye Borgerlige,71,5793,2736.0,0.4722941481097876,social_familie
Enhedslisten,Radikale Venstre,71,7354,4993.0,0.678950231166712,social_familie
Enhedslisten,Sambandsflokkurin,71,179,140.0,0.7821229050279329,social_familie
Enhedslisten,Siumut,71,5,5.0,1.0,social_familie
Enhedslisten,Socialdemokratiet,71,58301,34497.0,0.5917051165503164,social_familie
Enhedslisten,Socialistisk Folkeparti,71,15944,13308.0,0.8346713497240341,social_familie
Enhedslisten,Venstre,71,26388,15582.0,0.5904956798544793,social_familie
Inuit Ataqatigiit,Liberal Alliance,71,9,9.0,1.0,social_familie
Inuit Ataqatigiit,Moderaterne,71,11,11.0,1.0,social_familie
Inuit Ataqatigiit,Nye Borgerlige,71,3,0.0,0.0,social_familie
Inuit Ataqatigiit,Radikale Venstre,71,5,5.0,1.0,social_familie
Inuit Ataqatigiit,Siumut,71,1,1.0,1.0,social_familie
Inuit Ataqatigiit,Socialdemokratiet,71,30,30.0,1.0,social_familie
Inuit Ataqatigiit,Socialistisk Folkeparti,71,9,9.0,1.0,social_familie
Inuit Ataqatigiit,Venstre,71,14,14.0,1.0,social_familie
Javnaðarflokkurin,Liberal Alliance,71,17,9.0,0.5294117647058824,social_familie
Javnaðarflokkurin,Moderaterne,71,23,21.0,0.9130434782608696,social_familie
Javnaðarflokkurin,Nye Borgerlige,71,7,2.0,0.2857142857142857,social_familie
Javnaðarflokkurin,Radikale Venstre,71,9,5.0,0.5555555555555556,social_familie
Javnaðarflokkurin,Socialdemokratiet,71,70,70.0,1.0,social_familie
Javnaðarflokkurin,Socialistisk Folkeparti,71,18,9.0,0.5,social_familie
Javnaðarflokkurin,Venstre,71,29,29.0,1.0,social_familie
Liberal Alliance,Liberal Alliance,71,11850,11812.0,0.9967932489451476,social_familie
Liberal Alliance,Moderaterne,71,29808,19859.0,0.6662305421363393,social_familie
Liberal Alliance,Nye Borgerlige,71,9988,7337.0,0.7345814977973568,social_familie
Liberal Alliance,Radikale Venstre,71,12852,8413.0,0.6546062869592282,social_familie
Liberal Alliance,Sambandsflokkurin,71,324,105.0,0.324074074074074,social_familie
Liberal Alliance,Siumut,71,9,9.0,1.0,social_familie
Liberal Alliance,Socialdemokratiet,71,102107,67191.0,0.658044992018177,social_familie
Liberal Alliance,Socialistisk Folkeparti,71,27945,15923.0,0.5697978171408123,social_familie
Liberal Alliance,Venstre,71,46191,30768.0,0.6661037864519063,social_familie
Moderaterne,Moderaterne,71,15029,14092.0,0.93765386918624,social_familie
Moderaterne,Nye Borgerlige,71,11277,6642.0,0.5889864325618516,social_familie
Moderaterne,Radikale Venstre,71,14408,11444.0,0.7942809550249861,social_familie
Moderaterne,Sambandsflokkurin,71,346,339.0,0.9797687861271676,social_familie
Moderaterne,Siumut,71,11,11.0,1.0,social_familie
Moderaterne,Socialdemokratiet,71,114175,110149.0,0.9647383402671338,social_familie
Moderaterne,Socialistisk Folkeparti,71,31265,22680.0,0.7254118023348792,social_familie
Moderaterne,Venstre,71,51649,49652.0,0.9613351662181262,social_familie
Nye Borgerlige,Nye Borgerlige,71,1476,1089.0,0.7378048780487805,social_familie
Nye Borgerlige,Radikale Venstre,71,4900,2650.0,0.5408163265306123,social_familie
Nye Borgerlige,Sambandsflokkurin,71,102,35.0,0.3431372549019608,social_familie
Nye Borgerlige,Siumut,71,3,0.0,0.0,social_familie
Nye Borgerlige,Socialdemokratiet,71,38816,22617.0,0.5826720939818631,social_familie
Nye Borgerlige,Socialistisk Folkeparti,71,10611,5591.0,0.5269060409009518,social_familie
Nye Borgerlige,Venstre,71,17625,10366.0,0.5881418439716312,social_familie
Radikale Venstre,Radikale Venstre,71,2421,2315.0,0.956216439487815,social_familie
Radikale Venstre,Sambandsflokkurin,71,146,135.0,0.9246575342465754,social_familie
Radikale Venstre,Siumut,71,5,5.0,1.0,social_familie
Radikale Venstre,Socialdemokratiet,71,49470,40202.0,0.8126541338184758,social_familie
Radikale Venstre,Socialistisk Folkeparti,71,13525,10667.0,0.7886876155268022,social_familie
Radikale Venstre,Venstre,71,22351,18084.0,0.8090913158247953,social_familie
Sambandsflokkurin,Socialdemokratiet,71,1186,1186.0,1.0,social_familie
Sambandsflokkurin,Socialistisk Folkeparti,71,322,278.0,0.8633540372670807,social_familie
Sambandsflokkurin,Venstre,71,495,493.0,0.995959595959596,social_familie
Siumut,Socialdemokratiet,71,30,30.0,1.0,social_familie
Siumut,Socialistisk Folkeparti,71,9,9.0,1.0,social_familie
Siumut,Venstre,71,14,14.0,1.0,social_familie
Socialdemokratiet,Socialdemokratiet,71,190225,190135.0,0.9995268760678144,social_familie
Socialdemokratiet,Socialistisk Folkeparti,71,107146,77773.0,0.7258600414387845,social_familie
Socialdemokratiet,Venstre,71,177289,176494.0,0.9955157962422936,social_familie
Socialistisk Folkeparti,Socialistisk Folkeparti,71,13075,13048.0,0.9979349904397704,social_familie
Socialistisk Folkeparti,Venstre,71,48526,35030.0,0.7218810534558793,social_familie
Venstre,Venstre,71,37642,37327.0,0.991631688008076,social_familie
Danmarksdemokraterne,Danmarksdemokraterne,65,7,7.0,1.0,forsvar_sikkerhed
Danmarksdemokraterne,Dansk Folkeparti,65,287,287.0,1.0,forsvar_sikkerhed
Danmarksdemokraterne,Det Konservative Folkeparti,65,182,182.0,1.0,forsvar_sikkerhed
Danmarksdemokraterne,Enhedslisten,65,39,4.0,0.1025641025641025,forsvar_sikkerhed
Danmarksdemokraterne,Inuit Ataqatigiit,65,6,0.0,0.0,forsvar_sikkerhed
Danmarksdemokraterne,Kristendemokraterne,65,42,32.0,0.7619047619047619,forsvar_sikkerhed
Danmarksdemokraterne,Radikale Venstre,65,88,76.0,0.8636363636363636,forsvar_sikkerhed
Danmarksdemokraterne,Socialdemokratiet,65,668,567.0,0.8488023952095808,forsvar_sikkerhed
Danmarksdemokraterne,Socialistisk Folkeparti,65,160,67.0,0.41875,forsvar_sikkerhed
Danmarksdemokraterne,Venstre,65,728,728.0,1.0,forsvar_sikkerhed
Dansk Folkeparti,Dansk Folkeparti,65,1268,1268.0,1.0,forsvar_sikkerhed
Dansk Folkeparti,Det Konservative Folkeparti,65,1680,1680.0,1.0,forsvar_sikkerhed
Dansk Folkeparti,Enhedslisten,65,325,43.0,0.1323076923076923,forsvar_sikkerhed
Dansk Folkeparti,Inuit Ataqatigiit,65,38,0.0,0.0,forsvar_sikkerhed
Dansk Folkeparti,Kristendemokraterne,65,390,312.0,0.8,forsvar_sikkerhed
Dansk Folkeparti,Radikale Venstre,65,840,732.0,0.8714285714285714,forsvar_sikkerhed
Dansk Folkeparti,Socialdemokratiet,65,6222,5337.0,0.8577627772420443,forsvar_sikkerhed
Dansk Folkeparti,Socialistisk Folkeparti,65,1456,672.0,0.4615384615384615,forsvar_sikkerhed
Dansk Folkeparti,Venstre,65,6804,6804.0,1.0,forsvar_sikkerhed
Det Konservative Folkeparti,Det Konservative Folkeparti,65,472,472.0,1.0,forsvar_sikkerhed
Det Konservative Folkeparti,Enhedslisten,65,221,24.0,0.1085972850678733,forsvar_sikkerhed
Det Konservative Folkeparti,Inuit Ataqatigiit,65,31,0.0,0.0,forsvar_sikkerhed
Det Konservative Folkeparti,Kristendemokraterne,65,242,188.0,0.7768595041322314,forsvar_sikkerhed
Det Konservative Folkeparti,Radikale Venstre,65,519,451.0,0.8689788053949904,forsvar_sikkerhed
Det Konservative Folkeparti,Socialdemokratiet,65,3864,3304.0,0.855072463768116,forsvar_sikkerhed
Det Konservative Folkeparti,Socialistisk Folkeparti,65,926,369.0,0.398488120950324,forsvar_sikkerhed
Det Konservative Folkeparti,Venstre,65,4199,4199.0,1.0,forsvar_sikkerhed
Enhedslisten,Enhedslisten,65,16,16.0,1.0,forsvar_sikkerhed
Enhedslisten,Inuit Ataqatigiit,65,10,10.0,1.0,forsvar_sikkerhed
Enhedslisten,Kristendemokraterne,65,48,22.0,0.4583333333333333,forsvar_sikkerhed
Enhedslisten,Radikale Venstre,65,101,28.0,0.2772277227722772,forsvar_sikkerhed
Enhedslisten,Socialdemokratiet,65,765,231.0,0.3019607843137254,forsvar_sikkerhed
Enhedslisten,Socialistisk Folkeparti,65,196,168.0,0.8571428571428571,forsvar_sikkerhed
Enhedslisten,Venstre,65,816,111.0,0.1360294117647058,forsvar_sikkerhed
Inuit Ataqatigiit,Kristendemokraterne,65,6,2.0,0.3333333333333333,forsvar_sikkerhed
Inuit Ataqatigiit,Radikale Venstre,65,12,0.0,0.0,forsvar_sikkerhed
Inuit Ataqatigiit,Socialdemokratiet,65,95,0.0,0.0,forsvar_sikkerhed
Inuit Ataqatigiit,Socialistisk Folkeparti,65,29,29.0,1.0,forsvar_sikkerhed
Inuit Ataqatigiit,Venstre,65,98,0.0,0.0,forsvar_sikkerhed
Kristendemokraterne,Kristendemokraterne,65,14,14.0,1.0,forsvar_sikkerhed
Kristendemokraterne,Radikale Venstre,65,120,112.0,0.9333333333333332,forsvar_sikkerhed
Kristendemokraterne,Socialdemokratiet,65,894,830.0,0.9284116331096196,forsvar_sikkerhed
Kristendemokraterne,Socialistisk Folkeparti,65,210,140.0,0.6666666666666666,forsvar_sikkerhed
Kristendemokraterne,Venstre,65,976,784.0,0.8032786885245902,forsvar_sikkerhed
Radikale Venstre,Radikale Venstre,65,101,101.0,1.0,forsvar_sikkerhed
Radikale Venstre,Socialdemokratiet,65,1915,1910.0,0.9973890339425588,forsvar_sikkerhed
Radikale Venstre,Socialistisk Folkeparti,65,451,255.0,0.565410199556541,forsvar_sikkerhed
Radikale Venstre,Venstre,65,2092,1836.0,0.8776290630975143,forsvar_sikkerhed
Socialdemokratiet,Socialdemokratiet,65,6932,6901.0,0.9955279861511828,forsvar_sikkerhed
Socialdemokratiet,Socialistisk Folkeparti,65,3345,1924.0,0.5751868460388639,forsvar_sikkerhed
Socialdemokratiet,Venstre,65,15604,13473.0,0.8634324532171238,forsvar_sikkerhed
Socialistisk Folkeparti,Socialistisk Folkeparti,65,354,354.0,1.0,forsvar_sikkerhed
Socialistisk Folkeparti,Venstre,65,3639,1710.0,0.4699093157460841,forsvar_sikkerhed
Venstre,Venstre,65,8301,8301.0,1.0,forsvar_sikkerhed
Danmarksdemokraterne,Danmarksdemokraterne,66,35,32.0,0.9142857142857144,forsvar_sikkerhed
Danmarksdemokraterne,Dansk Folkeparti,66,2642,2499.0,0.9458743376230128,forsvar_sikkerhed
Danmarksdemokraterne,Det Konservative Folkeparti,66,1969,1913.0,0.9715591670898932,forsvar_sikkerhed
Danmarksdemokraterne,Enhedslisten,66,451,117.0,0.2594235033259423,forsvar_sikkerhed
Danmarksdemokraterne,Fólkaflokkurin,66,1,1.0,1.0,forsvar_sikkerhed
Danmarksdemokraterne,Inuit Ataqatigiit,66,10,1.0,0.1,forsvar_sikkerhed
Danmarksdemokraterne,Radikale Venstre,66,1523,1078.0,0.7078135259356533,forsvar_sikkerhed
Danmarksdemokraterne,Siumut,66,15,4.0,0.2666666666666666,forsvar_sikkerhed
Danmarksdemokraterne,Socialdemokratiet,66,4819,3841.0,0.7970533305665076,forsvar_sikkerhed
Danmarksdemokraterne,Socialistisk Folkeparti,66,1348,657.0,0.4873887240356083,forsvar_sikkerhed
Danmarksdemokraterne,Tjóðveldi,66,14,0.0,0.0,forsvar_sikkerhed
Danmarksdemokraterne,Venstre,66,5680,5514.0,0.970774647887324,forsvar_sikkerhed
Dansk Folkeparti,Dansk Folkeparti,66,17422,17378.0,0.9974744575823672,forsvar_sikkerhed
Dansk Folkeparti,Det Konservative Folkeparti,66,27040,25167.0,0.93073224852071,forsvar_sikkerhed
Dansk Folkeparti,Enhedslisten,66,6240,1766.0,0.2830128205128205,forsvar_sikkerhed
Dansk Folkeparti,Fólkaflokkurin,66,17,17.0,1.0,forsvar_sikkerhed
Dansk Folkeparti,Inuit Ataqatigiit,66,91,18.0,0.1978021978021978,forsvar_sikkerhed
Dansk Folkeparti,Radikale Venstre,66,20941,14274.0,0.6816293395730862,forsvar_sikkerhed
Dansk Folkeparti,Siumut,66,118,31.0,0.2627118644067797,forsvar_sikkerhed
Dansk Folkeparti,Socialdemokratiet,66,67256,49946.0,0.7426251932913048,forsvar_sikkerhed
Dansk Folkeparti,Socialistisk Folkeparti,66,18821,9016.0,0.4790393709154668,forsvar_sikkerhed
Dansk Folkeparti,Tjóðveldi,66,140,0.0,0.0,forsvar_sikkerhed
Dansk Folkeparti,Venstre,66,78741,73204.0,0.9296808524148792,forsvar_sikkerhed
Det Konservative Folkeparti,Det Konservative Folkeparti,66,9166,9166.0,1.0,forsvar_sikkerhed
Det Konservative Folkeparti,Enhedslisten,66,4600,1128.0,0.2452173913043478,forsvar_sikkerhed
Det Konservative Folkeparti,Fólkaflokkurin,66,13,13.0,1.0,forsvar_sikkerhed
Det Konservative Folkeparti,Inuit Ataqatigiit,66,69,11.0,0.1594202898550724,forsvar_sikkerhed
Det Konservative Folkeparti,Radikale Venstre,66,15352,11366.0,0.7403595622720167,forsvar_sikkerhed
Det Konservative Folkeparti,Siumut,66,96,25.0,0.2604166666666667,forsvar_sikkerhed
Det Konservative Folkeparti,Socialdemokratiet,66,49087,39401.0,0.8026768798256158,forsvar_sikkerhed
Det Konservative Folkeparti,Socialistisk Folkeparti,66,13739,6986.0,0.5084795108814324,forsvar_sikkerhed
Det Konservative Folkeparti,Tjóðveldi,66,108,0.0,0.0,forsvar_sikkerhed
Det Konservative Folkeparti,Venstre,66,57676,57546.0,0.9977460295443512,forsvar_sikkerhed
Enhedslisten,Enhedslisten,66,366,364.0,0.994535519125683,forsvar_sikkerhed
Enhedslisten,Fólkaflokkurin,66,3,0.0,0.0,forsvar_sikkerhed
Enhedslisten,Inuit Ataqatigiit,66,21,12.0,0.5714285714285714,forsvar_sikkerhed
Enhedslisten,Radikale Venstre,66,3539,1565.0,0.4422153150607516,forsvar_sikkerhed
Enhedslisten,Siumut,66,26,18.0,0.6923076923076923,forsvar_sikkerhed
Enhedslisten,Socialdemokratiet,66,11315,4476.0,0.395581087052585,forsvar_sikkerhed
Enhedslisten,Socialistisk Folkeparti,66,3143,2176.0,0.6923321667196946,forsvar_sikkerhed
Enhedslisten,Tjóðveldi,66,32,29.0,0.90625,forsvar_sikkerhed
Enhedslisten,Venstre,66,13268,3298.0,0.2485679831172746,forsvar_sikkerhed
Fólkaflokkurin,Inuit Ataqatigiit,66,1,0.0,0.0,forsvar_sikkerhed
Fólkaflokkurin,Radikale Venstre,66,8,8.0,1.0,forsvar_sikkerhed
Fólkaflokkurin,Socialdemokratiet,66,28,28.0,1.0,forsvar_sikkerhed
Fólkaflokkurin,Socialistisk Folkeparti,66,8,8.0,1.0,forsvar_sikkerhed
Fólkaflokkurin,Tjóðveldi,66,1,0.0,0.0,forsvar_sikkerhed
Fólkaflokkurin,Venstre,66,31,31.0,1.0,forsvar_sikkerhed
Inuit Ataqatigiit,Radikale Venstre,66,50,26.0,0.52,forsvar_sikkerhed
Inuit Ataqatigiit,Siumut,66,4,4.0,1.0,forsvar_sikkerhed
Inuit Ataqatigiit,Socialdemokratiet,66,166,30.0,0.180722891566265,forsvar_sikkerhed
Inuit Ataqatigiit,Socialistisk Folkeparti,66,44,26.0,0.5909090909090909,forsvar_sikkerhed
Inuit Ataqatigiit,Tjóðveldi,66,6,4.0,0.6666666666666666,forsvar_sikkerhed
Inuit Ataqatigiit,Venstre,66,195,33.0,0.1692307692307692,forsvar_sikkerhed
Radikale Venstre,Radikale Venstre,66,5335,5270.0,0.9878163074039362,forsvar_sikkerhed
Radikale Venstre,Siumut,66,70,37.0,0.5285714285714286,forsvar_sikkerhed
Radikale Venstre,Socialdemokratiet,66,37940,32291.0,0.8511070110701107,forsvar_sikkerhed
Radikale Venstre,Socialistisk Folkeparti,66,10613,7625.0,0.7184584942994441,forsvar_sikkerhed
Radikale Venstre,Tjóðveldi,66,78,29.0,0.3717948717948718,forsvar_sikkerhed
Radikale Venstre,Venstre,66,44545,32879.0,0.7381075317095073,forsvar_sikkerhed
Siumut,Socialdemokratiet,66,223,60.0,0.2690582959641255,forsvar_sikkerhed
Siumut,Socialistisk Folkeparti,66,59,33.0,0.559322033898305,forsvar_sikkerhed
Siumut,Tjóðveldi,66,6,4.0,0.6666666666666666,forsvar_sikkerhed
Siumut,Venstre,66,263,67.0,0.2547528517110266,forsvar_sikkerhed
Socialdemokratiet,Socialdemokratiet,66,59224,59086.0,0.9976698635688236,forsvar_sikkerhed
Socialdemokratiet,Socialistisk Folkeparti,66,34238,23758.0,0.6939073544015422,forsvar_sikkerhed
Socialdemokratiet,Tjóðveldi,66,250,30.0,0.12,forsvar_sikkerhed
Socialdemokratiet,Venstre,66,143326,114749.0,0.8006153803217839,forsvar_sikkerhed
Socialistisk Folkeparti,Socialistisk Folkeparti,66,4264,3899.0,0.9143996247654784,forsvar_sikkerhed
Socialistisk Folkeparti,Tjóðveldi,66,66,44.0,0.6666666666666666,forsvar_sikkerhed
Socialistisk Folkeparti,Venstre,66,40082,20386.0,0.508607354922409,forsvar_sikkerhed
Tjóðveldi,Venstre,66,293,1.0,0.0034129692832764,forsvar_sikkerhed
Venstre,Venstre,66,81700,81370.0,0.9959608323133416,forsvar_sikkerhed
Danmarksdemokraterne,Danmarksdemokraterne,67,55,49.0,0.8909090909090909,forsvar_sikkerhed
Danmarksdemokraterne,Dansk Folkeparti,67,3292,3157.0,0.9589914945321992,forsvar_sikkerhed
Danmarksdemokraterne,Det Konservative Folkeparti,67,2075,1983.0,0.9556626506024096,forsvar_sikkerhed
Danmarksdemokraterne,Enhedslisten,67,433,126.0,0.2909930715935335,forsvar_sikkerhed
Danmarksdemokraterne,Inuit Ataqatigiit,67,1,1.0,1.0,forsvar_sikkerhed
Danmarksdemokraterne,Liberal Alliance,67,462,389.0,0.841991341991342,forsvar_sikkerhed
Danmarksdemokraterne,Radikale Venstre,67,914,463.0,0.5065645514223195,forsvar_sikkerhed
Danmarksdemokraterne,Sambandsflokkurin,67,11,10.0,0.9090909090909092,forsvar_sikkerhed
Danmarksdemokraterne,Siumut,67,14,13.0,0.9285714285714286,forsvar_sikkerhed
Danmarksdemokraterne,Socialdemokratiet,67,5728,3399.0,0.5934008379888268,forsvar_sikkerhed
Danmarksdemokraterne,Socialistisk Folkeparti,67,2609,1216.0,0.4660789574549636,forsvar_sikkerhed
Danmarksdemokraterne,Tjóðveldi,67,2,1.0,0.5,forsvar_sikkerhed
Danmarksdemokraterne,Venstre,67,5688,5470.0,0.9616736990154712,forsvar_sikkerhed
Dansk Folkeparti,Dansk Folkeparti,67,27238,27001.0,0.9912989206255964,forsvar_sikkerhed
Dansk Folkeparti,Det Konservative Folkeparti,67,35851,32273.0,0.9001980418956236,forsvar_sikkerhed
Dansk Folkeparti,Enhedslisten,67,7429,2477.0,0.3334230717458608,forsvar_sikkerhed
Dansk Folkeparti,Inuit Ataqatigiit,67,35,35.0,1.0,forsvar_sikkerhed
Dansk Folkeparti,Liberal Alliance,67,8060,6479.0,0.8038461538461539,forsvar_sikkerhed
Dansk Folkeparti,Radikale Venstre,67,15423,8530.0,0.5530700901251377,forsvar_sikkerhed
Dansk Folkeparti,Sambandsflokkurin,67,122,100.0,0.819672131147541,forsvar_sikkerhed
Dansk Folkeparti,Siumut,67,182,166.0,0.912087912087912,forsvar_sikkerhed
Dansk Folkeparti,Socialdemokratiet,67,98829,59988.0,0.6069878274595514,forsvar_sikkerhed
Dansk Folkeparti,Socialistisk Folkeparti,67,45446,22877.0,0.503388637063768,forsvar_sikkerhed
Dansk Folkeparti,Tjóðveldi,67,35,18.0,0.5142857142857142,forsvar_sikkerhed
Dansk Folkeparti,Venstre,67,98613,89314.0,0.9057020879600052,forsvar_sikkerhed
Det Konservative Folkeparti,Det Konservative Folkeparti,67,10285,10210.0,0.992707826932426,forsvar_sikkerhed
Det Konservative Folkeparti,Enhedslisten,67,4604,1672.0,0.3631624674196351,forsvar_sikkerhed
Det Konservative Folkeparti,Inuit Ataqatigiit,67,20,20.0,1.0,forsvar_sikkerhed
Det Konservative Folkeparti,Liberal Alliance,67,4949,4346.0,0.8781572034754496,forsvar_sikkerhed
Det Konservative Folkeparti,Radikale Venstre,67,9669,6278.0,0.6492915503154411,forsvar_sikkerhed
Det Konservative Folkeparti,Sambandsflokkurin,67,75,75.0,1.0,forsvar_sikkerhed
Det Konservative Folkeparti,Siumut,67,115,115.0,1.0,forsvar_sikkerhed
Det Konservative Folkeparti,Socialdemokratiet,67,61527,43348.0,0.7045362198709509,forsvar_sikkerhed
Det Konservative Folkeparti,Socialistisk Folkeparti,67,28294,16532.0,0.5842934897858203,forsvar_sikkerhed
Det Konservative Folkeparti,Tjóðveldi,67,18,9.0,0.5,forsvar_sikkerhed
Det Konservative Folkeparti,Venstre,67,61467,61231.0,0.996160541428734,forsvar_sikkerhed
Enhedslisten,Enhedslisten,67,281,256.0,0.9110320284697508,forsvar_sikkerhed
Enhedslisten,Inuit Ataqatigiit,67,4,2.0,0.5,forsvar_sikkerhed
Enhedslisten,Liberal Alliance,67,1042,423.0,0.4059500959692898,forsvar_sikkerhed
Enhedslisten,Radikale Venstre,67,1997,1274.0,0.6379569354031046,forsvar_sikkerhed
Enhedslisten,Sambandsflokkurin,67,14,7.0,0.5,forsvar_sikkerhed
Enhedslisten,Siumut,67,21,15.0,0.7142857142857143,forsvar_sikkerhed
Enhedslisten,Socialdemokratiet,67,12701,7682.0,0.6048342650185025,forsvar_sikkerhed
Enhedslisten,Socialistisk Folkeparti,67,5810,4030.0,0.693631669535284,forsvar_sikkerhed
Enhedslisten,Tjóðveldi,67,4,2.0,0.5,forsvar_sikkerhed
Enhedslisten,Venstre,67,12671,4486.0,0.3540367768921159,forsvar_sikkerhed
Inuit Ataqatigiit,Liberal Alliance,67,4,3.0,0.75,forsvar_sikkerhed
Inuit Ataqatigiit,Radikale Venstre,67,10,10.0,1.0,forsvar_sikkerhed
Inuit Ataqatigiit,Sambandsflokkurin,67,1,1.0,1.0,forsvar_sikkerhed
Inuit Ataqatigiit,Socialdemokratiet,67,58,58.0,1.0,forsvar_sikkerhed
Inuit Ataqatigiit,Socialistisk Folkeparti,67,29,29.0,1.0,forsvar_sikkerhed
Inuit Ataqatigiit,Tjóðveldi,67,1,1.0,1.0,forsvar_sikkerhed
Inuit Ataqatigiit,Venstre,67,66,66.0,1.0,forsvar_sikkerhed
Liberal Alliance,Liberal Alliance,67,426,339.0,0.795774647887324,forsvar_sikkerhed
Liberal Alliance,Radikale Venstre,67,2072,1389.0,0.6703667953667953,forsvar_sikkerhed
Liberal Alliance,Sambandsflokkurin,67,21,14.0,0.6666666666666666,forsvar_sikkerhed
Liberal Alliance,Siumut,67,30,29.0,0.9666666666666668,forsvar_sikkerhed
Liberal Alliance,Socialdemokratiet,67,13761,9509.0,0.6910108277014751,forsvar_sikkerhed
Liberal Alliance,Socialistisk Folkeparti,67,6392,3948.0,0.6176470588235294,forsvar_sikkerhed
Liberal Alliance,Tjóðveldi,67,4,2.0,0.5,forsvar_sikkerhed
Liberal Alliance,Venstre,67,13719,12074.0,0.8800933012610248,forsvar_sikkerhed
Radikale Venstre,Radikale Venstre,67,1686,1587.0,0.9412811387900356,forsvar_sikkerhed
Radikale Venstre,Sambandsflokkurin,67,36,27.0,0.75,forsvar_sikkerhed
Radikale Venstre,Siumut,67,47,47.0,1.0,forsvar_sikkerhed
Radikale Venstre,Socialdemokratiet,67,26470,22718.0,0.8582546278806196,forsvar_sikkerhed
Radikale Venstre,Socialistisk Folkeparti,67,12123,10211.0,0.8422832632186752,forsvar_sikkerhed
Radikale Venstre,Tjóðveldi,67,11,6.0,0.5454545454545454,forsvar_sikkerhed
Radikale Venstre,Venstre,67,26422,17120.0,0.6479448944061766,forsvar_sikkerhed
Sambandsflokkurin,Socialdemokratiet,67,219,188.0,0.8584474885844748,forsvar_sikkerhed
Sambandsflokkurin,Socialistisk Folkeparti,67,94,55.0,0.5851063829787234,forsvar_sikkerhed
Sambandsflokkurin,Tjóðveldi,67,1,1.0,1.0,forsvar_sikkerhed
Sambandsflokkurin,Venstre,67,212,212.0,1.0,forsvar_sikkerhed
Siumut,Socialdemokratiet,67,321,321.0,1.0,forsvar_sikkerhed
Siumut,Socialistisk Folkeparti,67,143,143.0,1.0,forsvar_sikkerhed
Siumut,Venstre,67,324,324.0,1.0,forsvar_sikkerhed
Socialdemokratiet,Socialdemokratiet,67,81932,81019.0,0.9888566128008592,forsvar_sikkerhed
Socialdemokratiet,Socialistisk Folkeparti,67,77860,66945.0,0.8598124839455433,forsvar_sikkerhed
Socialdemokratiet,Tjóðveldi,67,55,30.0,0.5454545454545454,forsvar_sikkerhed
Socialdemokratiet,Venstre,67,169123,118624.0,0.7014066685193616,forsvar_sikkerhed
Socialistisk Folkeparti,Socialistisk Folkeparti,67,16716,16504.0,0.9873175400813592,forsvar_sikkerhed
Socialistisk Folkeparti,Tjóðveldi,67,24,13.0,0.5416666666666666,forsvar_sikkerhed
Socialistisk Folkeparti,Venstre,67,77646,44984.0,0.5793472941297685,forsvar_sikkerhed
Tjóðveldi,Venstre,67,64,35.0,0.546875,forsvar_sikkerhed
Venstre,Venstre,67,81847,81819.0,0.999657898273608,forsvar_sikkerhed
Danmarksdemokraterne,Danmarksdemokraterne,68,88,74.0,0.8409090909090909,forsvar_sikkerhed
Danmarksdemokraterne,Dansk Folkeparti,68,2843,2671.0,0.9395005276116778,forsvar_sikkerhed
Danmarksdemokraterne,Det Konservative Folkeparti,68,1164,987.0,0.8479381443298969,forsvar_sikkerhed
Danmarksdemokraterne,Enhedslisten,68,1968,881.0,0.4476626016260163,forsvar_sikkerhed
Danmarksdemokraterne,Inuit Ataqatigiit,68,1,0.0,0.0,forsvar_sikkerhed
Danmarksdemokraterne,Liberal Alliance,68,1176,814.0,0.6921768707482994,forsvar_sikkerhed
Danmarksdemokraterne,Radikale Venstre,68,2468,1755.0,0.7111021069692058,forsvar_sikkerhed
Danmarksdemokraterne,Siumut,68,1,0.0,0.0,forsvar_sikkerhed
Danmarksdemokraterne,Socialdemokratiet,68,6735,4887.0,0.7256124721603563,forsvar_sikkerhed
Danmarksdemokraterne,Socialistisk Folkeparti,68,2288,1635.0,0.7145979020979021,forsvar_sikkerhed
Danmarksdemokraterne,Venstre,68,6549,5840.0,0.8917391968239425,forsvar_sikkerhed
Dansk Folkeparti,Dansk Folkeparti,68,11891,11891.0,1.0,forsvar_sikkerhed
Dansk Folkeparti,Det Konservative Folkeparti,68,10500,8506.0,0.8100952380952381,forsvar_sikkerhed
Dansk Folkeparti,Enhedslisten,68,17591,7032.0,0.3997498720936843,forsvar_sikkerhed
Dansk Folkeparti,Inuit Ataqatigiit,68,12,0.0,0.0,forsvar_sikkerhed
Dansk Folkeparti,Liberal Alliance,68,10580,6901.0,0.6522684310018904,forsvar_sikkerhed
Dansk Folkeparti,Radikale Venstre,68,22157,15085.0,0.680823216139369,forsvar_sikkerhed
Dansk Folkeparti,Siumut,68,12,0.0,0.0,forsvar_sikkerhed
Dansk Folkeparti,Socialdemokratiet,68,60786,42363.0,0.6969203435001481,forsvar_sikkerhed
Dansk Folkeparti,Socialistisk Folkeparti,68,20450,14150.0,0.6919315403422983,forsvar_sikkerhed
Dansk Folkeparti,Venstre,68,58679,49438.0,0.8425160619642461,forsvar_sikkerhed
Det Konservative Folkeparti,Det Konservative Folkeparti,68,1719,1719.0,1.0,forsvar_sikkerhed
Det Konservative Folkeparti,Enhedslisten,68,7152,3366.0,0.4706375838926174,forsvar_sikkerhed
Det Konservative Folkeparti,Inuit Ataqatigiit,68,5,5.0,1.0,forsvar_sikkerhed
Det Konservative Folkeparti,Liberal Alliance,68,4294,3074.0,0.7158826269212856,forsvar_sikkerhed
Det Konservative Folkeparti,Radikale Venstre,68,8991,7379.0,0.8207095984873762,forsvar_sikkerhed
Det Konservative Folkeparti,Siumut,68,5,5.0,1.0,forsvar_sikkerhed
Det Konservative Folkeparti,Socialdemokratiet,68,24701,20549.0,0.8319096392858589,forsvar_sikkerhed
Det Konservative Folkeparti,Socialistisk Folkeparti,68,8302,6685.0,0.8052276559865092,forsvar_sikkerhed
Det Konservative Folkeparti,Venstre,68,23870,22669.0,0.9496857980728948,forsvar_sikkerhed
Enhedslisten,Enhedslisten,68,5301,5039.0,0.9505753631390303,forsvar_sikkerhed
Enhedslisten,Inuit Ataqatigiit,68,8,8.0,1.0,forsvar_sikkerhed
Enhedslisten,Liberal Alliance,68,7206,2780.0,0.38578961976131,forsvar_sikkerhed
Enhedslisten,Radikale Venstre,68,15053,9869.0,0.6556168205673287,forsvar_sikkerhed
Enhedslisten,Siumut,68,8,8.0,1.0,forsvar_sikkerhed
Enhedslisten,Socialdemokratiet,68,41417,26265.0,0.6341598860371345,forsvar_sikkerhed
Enhedslisten,Socialistisk Folkeparti,68,13908,9133.0,0.6566724187517975,forsvar_sikkerhed
Enhedslisten,Venstre,68,39963,18971.0,0.4747141105522608,forsvar_sikkerhed
Inuit Ataqatigiit,Liberal Alliance,68,5,5.0,1.0,forsvar_sikkerhed
Inuit Ataqatigiit,Radikale Venstre,68,10,10.0,1.0,forsvar_sikkerhed
Inuit Ataqatigiit,Siumut,68,1,1.0,1.0,forsvar_sikkerhed
Inuit Ataqatigiit,Socialdemokratiet,68,29,29.0,1.0,forsvar_sikkerhed
Inuit Ataqatigiit,Socialistisk Folkeparti,68,8,8.0,1.0,forsvar_sikkerhed
Inuit Ataqatigiit,Venstre,68,26,26.0,1.0,forsvar_sikkerhed
Liberal Alliance,Liberal Alliance,68,1736,1732.0,0.9976958525345622,forsvar_sikkerhed
Liberal Alliance,Radikale Venstre,68,9077,5590.0,0.6158422386250963,forsvar_sikkerhed
Liberal Alliance,Siumut,68,5,5.0,1.0,forsvar_sikkerhed
Liberal Alliance,Socialdemokratiet,68,24891,15477.0,0.6217910087983608,forsvar_sikkerhed
Liberal Alliance,Socialistisk Folkeparti,68,8367,5095.0,0.6089398828731923,forsvar_sikkerhed
Liberal Alliance,Venstre,68,24035,17289.0,0.7193259829415436,forsvar_sikkerhed
Radikale Venstre,Radikale Venstre,68,8697,8603.0,0.98919167529033,forsvar_sikkerhed
Radikale Venstre,Siumut,68,10,10.0,1.0,forsvar_sikkerhed
Radikale Venstre,Socialdemokratiet,68,52086,51796.0,0.9944322850670044,forsvar_sikkerhed
Radikale Venstre,Socialistisk Folkeparti,68,17544,17080.0,0.9735522115823072,forsvar_sikkerhed
Radikale Venstre,Venstre,68,50436,41048.0,0.8138631136489809,forsvar_sikkerhed
Siumut,Socialdemokratiet,68,29,29.0,1.0,forsvar_sikkerhed
Siumut,Socialistisk Folkeparti,68,8,8.0,1.0,forsvar_sikkerhed
Siumut,Venstre,68,26,26.0,1.0,forsvar_sikkerhed
Socialdemokratiet,Socialdemokratiet,68,69210,69185.0,0.9996387805230458,forsvar_sikkerhed
Socialdemokratiet,Socialistisk Folkeparti,68,48070,47003.0,0.9778032036613272,forsvar_sikkerhed
Socialdemokratiet,Venstre,68,138088,114034.0,0.8258067319390534,forsvar_sikkerhed
Socialistisk Folkeparti,Socialistisk Folkeparti,68,7339,7235.0,0.9858291320343372,forsvar_sikkerhed
Socialistisk Folkeparti,Venstre,68,46502,37121.0,0.7982667412154316,forsvar_sikkerhed
Venstre,Venstre,68,64519,64495.0,0.9996280165532634,forsvar_sikkerhed
Alternativet,Alternativet,69,2911,2911.0,1.0,forsvar_sikkerhed
Alternativet,Danmarksdemokraterne,69,1869,1014.0,0.5425361155698234,forsvar_sikkerhed
Alternativet,Dansk Folkeparti,69,29216,14767.0,0.5054422234392114,forsvar_sikkerhed
Alternativet,Det Konservative Folkeparti,69,5339,2824.0,0.5289380033714178,forsvar_sikkerhed
Alternativet,Enhedslisten,69,12010,9432.0,0.7853455453788509,forsvar_sikkerhed
Alternativet,Inuit Ataqatigiit,69,39,15.0,0.3846153846153846,forsvar_sikkerhed
Alternativet,Liberal Alliance,69,10748,5889.0,0.5479158913286193,forsvar_sikkerhed
Alternativet,Radikale Venstre,69,6457,4646.0,0.7195291931237416,forsvar_sikkerhed
Alternativet,Siumut,69,6,6.0,1.0,forsvar_sikkerhed
Alternativet,Socialdemokratiet,69,39262,23502.0,0.5985940604146504,forsvar_sikkerhed
Alternativet,Socialistisk Folkeparti,69,5290,4515.0,0.8534971644612477,forsvar_sikkerhed
Alternativet,Tjóðveldi,69,5,0.0,0.0,forsvar_sikkerhed
Alternativet,Venstre,69,25591,14145.0,0.5527333828299011,forsvar_sikkerhed
Danmarksdemokraterne,Danmarksdemokraterne,69,121,104.0,0.859504132231405,forsvar_sikkerhed
Danmarksdemokraterne,Dansk Folkeparti,69,7692,7246.0,0.9420176807072282,forsvar_sikkerhed
Danmarksdemokraterne,Det Konservative Folkeparti,69,1412,1276.0,0.9036827195467422,forsvar_sikkerhed
Danmarksdemokraterne,Enhedslisten,69,3187,1338.0,0.4198305616567305,forsvar_sikkerhed
Danmarksdemokraterne,Inuit Ataqatigiit,69,11,5.0,0.4545454545454545,forsvar_sikkerhed
Danmarksdemokraterne,Liberal Alliance,69,2839,2507.0,0.8830574145825995,forsvar_sikkerhed
Danmarksdemokraterne,Radikale Venstre,69,1707,1210.0,0.7088459285295841,forsvar_sikkerhed
Danmarksdemokraterne,Siumut,69,2,1.0,0.5,forsvar_sikkerhed
Danmarksdemokraterne,Socialdemokratiet,69,10388,8468.0,0.8151713515594917,forsvar_sikkerhed
Danmarksdemokraterne,Socialistisk Folkeparti,69,1408,763.0,0.5419034090909091,forsvar_sikkerhed
Danmarksdemokraterne,Tjóðveldi,69,1,0.0,0.0,forsvar_sikkerhed
Danmarksdemokraterne,Venstre,69,6697,6111.0,0.9124981334926088,forsvar_sikkerhed
Dansk Folkeparti,Dansk Folkeparti,69,57983,57941.0,0.9992756497594122,forsvar_sikkerhed
Dansk Folkeparti,Det Konservative Folkeparti,69,22186,19157.0,0.8634724601099792,forsvar_sikkerhed
Dansk Folkeparti,Enhedslisten,69,49884,20314.0,0.407224761446556,forsvar_sikkerhed
Dansk Folkeparti,Inuit Ataqatigiit,69,152,67.0,0.4407894736842105,forsvar_sikkerhed
Dansk Folkeparti,Liberal Alliance,69,44637,37313.0,0.8359208728185138,forsvar_sikkerhed
Dansk Folkeparti,Radikale Venstre,69,26743,18037.0,0.6744568672175897,forsvar_sikkerhed
Dansk Folkeparti,Siumut,69,22,0.0,0.0,forsvar_sikkerhed
Dansk Folkeparti,Socialdemokratiet,69,163126,126383.0,0.7747569363559457,forsvar_sikkerhed
Dansk Folkeparti,Socialistisk Folkeparti,69,22000,11142.0,0.5064545454545455,forsvar_sikkerhed
Dansk Folkeparti,Tjóðveldi,69,22,0.0,0.0,forsvar_sikkerhed
Dansk Folkeparti,Venstre,69,105845,90507.0,0.8550899900798338,forsvar_sikkerhed
Det Konservative Folkeparti,Det Konservative Folkeparti,69,1553,1548.0,0.9967804249839022,forsvar_sikkerhed
Det Konservative Folkeparti,Enhedslisten,69,9122,3605.0,0.395198421398816,forsvar_sikkerhed
Det Konservative Folkeparti,Inuit Ataqatigiit,69,28,12.0,0.4285714285714285,forsvar_sikkerhed
Det Konservative Folkeparti,Liberal Alliance,69,8147,7815.0,0.9592488032404566,forsvar_sikkerhed
Det Konservative Folkeparti,Radikale Venstre,69,4894,3845.0,0.7856559051900286,forsvar_sikkerhed
Det Konservative Folkeparti,Siumut,69,4,4.0,1.0,forsvar_sikkerhed
Det Konservative Folkeparti,Socialdemokratiet,69,29775,26498.0,0.8899412258606213,forsvar_sikkerhed
Det Konservative Folkeparti,Socialistisk Folkeparti,69,4020,2188.0,0.5442786069651742,forsvar_sikkerhed
Det Konservative Folkeparti,Tjóðveldi,69,4,0.0,0.0,forsvar_sikkerhed
Det Konservative Folkeparti,Venstre,69,19280,18813.0,0.9757780082987552,forsvar_sikkerhed
Enhedslisten,Enhedslisten,69,9115,9107.0,0.9991223258365332,forsvar_sikkerhed
Enhedslisten,Inuit Ataqatigiit,69,62,44.0,0.7096774193548387,forsvar_sikkerhed
Enhedslisten,Liberal Alliance,69,18344,7326.0,0.3993676406454426,forsvar_sikkerhed
Enhedslisten,Radikale Venstre,69,10988,6328.0,0.5759009828904259,forsvar_sikkerhed
Enhedslisten,Siumut,69,9,9.0,1.0,forsvar_sikkerhed
Enhedslisten,Socialdemokratiet,69,67059,31033.0,0.4627715891975723,forsvar_sikkerhed
Enhedslisten,Socialistisk Folkeparti,69,9038,7083.0,0.7836910820978092,forsvar_sikkerhed
Enhedslisten,Tjóðveldi,69,9,0.0,0.0,forsvar_sikkerhed
Enhedslisten,Venstre,69,43495,17614.0,0.4049660880560984,forsvar_sikkerhed
Inuit Ataqatigiit,Liberal Alliance,69,56,24.0,0.4285714285714285,forsvar_sikkerhed
Inuit Ataqatigiit,Radikale Venstre,69,34,15.0,0.4411764705882353,forsvar_sikkerhed
Inuit Ataqatigiit,Socialdemokratiet,69,195,84.0,0.4307692307692308,forsvar_sikkerhed
Inuit Ataqatigiit,Socialistisk Folkeparti,69,27,11.0,0.4074074074074074,forsvar_sikkerhed
Inuit Ataqatigiit,Venstre,69,135,56.0,0.4148148148148148,forsvar_sikkerhed
Liberal Alliance,Liberal Alliance,69,7209,7161.0,0.9933416562630044,forsvar_sikkerhed
Liberal Alliance,Radikale Venstre,69,9844,7711.0,0.7833197887037789,forsvar_sikkerhed
Liberal Alliance,Siumut,69,8,8.0,1.0,forsvar_sikkerhed
Liberal Alliance,Socialdemokratiet,69,60001,52790.0,0.8798186696888385,forsvar_sikkerhed
Liberal Alliance,Socialistisk Folkeparti,69,8091,4528.0,0.5596341614139168,forsvar_sikkerhed
Liberal Alliance,Tjóðveldi,69,8,0.0,0.0,forsvar_sikkerhed
Liberal Alliance,Venstre,69,38948,37610.0,0.9656465030296806,forsvar_sikkerhed
Radikale Venstre,Radikale Venstre,69,2360,2340.0,0.9915254237288136,forsvar_sikkerhed
Radikale Venstre,Siumut,69,5,5.0,1.0,forsvar_sikkerhed
Radikale Venstre,Socialdemokratiet,69,35901,29923.0,0.833486532408568,forsvar_sikkerhed
Radikale Venstre,Socialistisk Folkeparti,69,4854,3503.0,0.7216728471363824,forsvar_sikkerhed
Radikale Venstre,Tjóðveldi,69,5,0.0,0.0,forsvar_sikkerhed
Radikale Venstre,Venstre,69,23339,18955.0,0.8121599040233086,forsvar_sikkerhed
Siumut,Socialdemokratiet,69,30,30.0,1.0,forsvar_sikkerhed
Siumut,Socialistisk Folkeparti,69,4,4.0,1.0,forsvar_sikkerhed
Siumut,Venstre,69,21,21.0,1.0,forsvar_sikkerhed
Socialdemokratiet,Socialdemokratiet,69,106183,104276.0,0.9820404396183948,forsvar_sikkerhed
Socialdemokratiet,Socialistisk Folkeparti,69,29544,18580.0,0.6288924993230436,forsvar_sikkerhed
Socialdemokratiet,Tjóðveldi,69,29,0.0,0.0,forsvar_sikkerhed
Socialdemokratiet,Venstre,69,142653,130069.0,0.9117859421112772,forsvar_sikkerhed
Socialistisk Folkeparti,Socialistisk Folkeparti,69,1503,1503.0,1.0,forsvar_sikkerhed
Socialistisk Folkeparti,Tjóðveldi,69,4,0.0,0.0,forsvar_sikkerhed
Socialistisk Folkeparti,Venstre,69,19164,10900.0,0.5687747860571906,forsvar_sikkerhed
Tjóðveldi,Venstre,69,19,0.0,0.0,forsvar_sikkerhed
Venstre,Venstre,69,44068,44031.0,0.9991603884905148,forsvar_sikkerhed
Alternativet,Alternativet,70,655,544.0,0.8305343511450382,forsvar_sikkerhed
Alternativet,Danmarksdemokraterne,70,910,436.0,0.4791208791208791,forsvar_sikkerhed
Alternativet,Dansk Folkeparti,70,5017,2394.0,0.4771775961730117,forsvar_sikkerhed
Alternativet,Det Konservative Folkeparti,70,3968,2249.0,0.5667842741935484,forsvar_sikkerhed
Alternativet,Enhedslisten,70,4660,3760.0,0.8068669527896996,forsvar_sikkerhed
Alternativet,Liberal Alliance,70,1254,621.0,0.4952153110047846,forsvar_sikkerhed
Alternativet,Nye Borgerlige,70,1379,535.0,0.387962291515591,forsvar_sikkerhed
Alternativet,Radikale Venstre,70,5601,4086.0,0.7295125870380289,forsvar_sikkerhed
Alternativet,Sambandsflokkurin,70,19,13.0,0.6842105263157895,forsvar_sikkerhed
Alternativet,Socialdemokratiet,70,17737,11493.0,0.6479675255116424,forsvar_sikkerhed
Alternativet,Socialistisk Folkeparti,70,5045,3587.0,0.7110009910802775,forsvar_sikkerhed
Alternativet,Venstre,70,15363,8287.0,0.5394128750895008,forsvar_sikkerhed
Danmarksdemokraterne,Danmarksdemokraterne,70,106,98.0,0.9245283018867924,forsvar_sikkerhed
Danmarksdemokraterne,Dansk Folkeparti,70,2405,2335.0,0.9708939708939708,forsvar_sikkerhed
Danmarksdemokraterne,Det Konservative Folkeparti,70,1971,1529.0,0.7757483510908169,forsvar_sikkerhed
Danmarksdemokraterne,Enhedslisten,70,2273,1158.0,0.5094588649362076,forsvar_sikkerhed
Danmarksdemokraterne,Liberal Alliance,70,603,425.0,0.7048092868988391,forsvar_sikkerhed
Danmarksdemokraterne,Nye Borgerlige,70,694,520.0,0.7492795389048992,forsvar_sikkerhed
Danmarksdemokraterne,Radikale Venstre,70,2750,1599.0,0.5814545454545454,forsvar_sikkerhed
Danmarksdemokraterne,Sambandsflokkurin,70,6,5.0,0.8333333333333334,forsvar_sikkerhed
Danmarksdemokraterne,Socialdemokratiet,70,8560,5518.0,0.6446261682242991,forsvar_sikkerhed
Danmarksdemokraterne,Socialistisk Folkeparti,70,2474,1401.0,0.5662894098625707,forsvar_sikkerhed
Danmarksdemokraterne,Venstre,70,7396,5660.0,0.7652785289345592,forsvar_sikkerhed
Dansk Folkeparti,Dansk Folkeparti,70,6085,6037.0,0.9921117502054232,forsvar_sikkerhed
Dansk Folkeparti,Det Konservative Folkeparti,70,10934,8045.0,0.7357783062008414,forsvar_sikkerhed
Dansk Folkeparti,Enhedslisten,70,12722,6401.0,0.5031441597233139,forsvar_sikkerhed
Dansk Folkeparti,Liberal Alliance,70,3388,2307.0,0.6809327036599764,forsvar_sikkerhed
Dansk Folkeparti,Nye Borgerlige,70,3781,2982.0,0.7886802433218725,forsvar_sikkerhed
Dansk Folkeparti,Radikale Venstre,70,15354,8668.0,0.5645434414484825,forsvar_sikkerhed
Dansk Folkeparti,Sambandsflokkurin,70,42,36.0,0.8571428571428571,forsvar_sikkerhed
Dansk Folkeparti,Socialdemokratiet,70,48566,29393.0,0.6052176419717498,forsvar_sikkerhed
Dansk Folkeparti,Socialistisk Folkeparti,70,13928,7773.0,0.5580844342331993,forsvar_sikkerhed
Dansk Folkeparti,Venstre,70,42016,30843.0,0.7340774942878904,forsvar_sikkerhed
Det Konservative Folkeparti,Det Konservative Folkeparti,70,3794,3753.0,0.989193463363205,forsvar_sikkerhed
Det Konservative Folkeparti,Enhedslisten,70,10194,5157.0,0.5058858151854032,forsvar_sikkerhed
Det Konservative Folkeparti,Liberal Alliance,70,2667,2159.0,0.8095238095238095,forsvar_sikkerhed
Det Konservative Folkeparti,Nye Borgerlige,70,3013,1862.0,0.6179887155658812,forsvar_sikkerhed
Det Konservative Folkeparti,Radikale Venstre,70,12277,9300.0,0.7575140506638429,forsvar_sikkerhed
Det Konservative Folkeparti,Sambandsflokkurin,70,31,31.0,1.0,forsvar_sikkerhed
Det Konservative Folkeparti,Socialdemokratiet,70,38660,31546.0,0.8159855147439213,forsvar_sikkerhed
Det Konservative Folkeparti,Socialistisk Folkeparti,70,11142,8453.0,0.7586609226350745,forsvar_sikkerhed
Det Konservative Folkeparti,Venstre,70,33294,31845.0,0.956478644800865,forsvar_sikkerhed
Enhedslisten,Enhedslisten,70,5163,5128.0,0.9932209955452256,forsvar_sikkerhed
Enhedslisten,Liberal Alliance,70,3128,1522.0,0.4865728900255754,forsvar_sikkerhed
Enhedslisten,Nye Borgerlige,70,3515,1479.0,0.4207681365576102,forsvar_sikkerhed
Enhedslisten,Radikale Venstre,70,14354,10123.0,0.705238957781803,forsvar_sikkerhed
Enhedslisten,Sambandsflokkurin,70,40,32.0,0.8,forsvar_sikkerhed
Enhedslisten,Socialdemokratiet,70,45218,29117.0,0.6439249856251935,forsvar_sikkerhed
Enhedslisten,Socialistisk Folkeparti,70,13010,9116.0,0.7006917755572637,forsvar_sikkerhed
Enhedslisten,Venstre,70,39181,18925.0,0.4830147265256119,forsvar_sikkerhed
Liberal Alliance,Liberal Alliance,70,221,218.0,0.986425339366516,forsvar_sikkerhed
Liberal Alliance,Nye Borgerlige,70,925,605.0,0.654054054054054,forsvar_sikkerhed
Liberal Alliance,Radikale Venstre,70,3775,2625.0,0.695364238410596,forsvar_sikkerhed
Liberal Alliance,Sambandsflokkurin,70,10,10.0,1.0,forsvar_sikkerhed
Liberal Alliance,Socialdemokratiet,70,11980,8721.0,0.7279632721202003,forsvar_sikkerhed
Liberal Alliance,Socialistisk Folkeparti,70,3420,2287.0,0.6687134502923977,forsvar_sikkerhed
Liberal Alliance,Venstre,70,10357,8734.0,0.843294390267452,forsvar_sikkerhed
Nye Borgerlige,Nye Borgerlige,70,306,306.0,1.0,forsvar_sikkerhed
Nye Borgerlige,Radikale Venstre,70,4245,1939.0,0.4567726737338045,forsvar_sikkerhed
Nye Borgerlige,Sambandsflokkurin,70,11,9.0,0.8181818181818182,forsvar_sikkerhed
Nye Borgerlige,Socialdemokratiet,70,13407,6817.0,0.5084657268591034,forsvar_sikkerhed
Nye Borgerlige,Socialistisk Folkeparti,70,3843,1707.0,0.4441842310694769,forsvar_sikkerhed
Nye Borgerlige,Venstre,70,11569,7491.0,0.647506266747342,forsvar_sikkerhed
Radikale Venstre,Radikale Venstre,70,7729,7403.0,0.9578211929098202,forsvar_sikkerhed
Radikale Venstre,Sambandsflokkurin,70,50,41.0,0.82,forsvar_sikkerhed
Radikale Venstre,Socialdemokratiet,70,54353,47028.0,0.8652328298345997,forsvar_sikkerhed
Radikale Venstre,Socialistisk Folkeparti,70,15707,13409.0,0.8536958044184122,forsvar_sikkerhed
Radikale Venstre,Venstre,70,47152,35055.0,0.7434467254835426,forsvar_sikkerhed
Sambandsflokkurin,Socialdemokratiet,70,132,132.0,1.0,forsvar_sikkerhed
Sambandsflokkurin,Socialistisk Folkeparti,70,41,33.0,0.8048780487804879,forsvar_sikkerhed
Sambandsflokkurin,Venstre,70,109,109.0,1.0,forsvar_sikkerhed
Socialdemokratiet,Socialdemokratiet,70,83652,83598.0,0.9993544685124084,forsvar_sikkerhed
Socialdemokratiet,Socialistisk Folkeparti,70,49417,43443.0,0.8791104275856486,forsvar_sikkerhed
Socialdemokratiet,Venstre,70,149767,120968.0,0.8077079730514732,forsvar_sikkerhed
Socialistisk Folkeparti,Socialistisk Folkeparti,70,6259,6249.0,0.9984023006870107,forsvar_sikkerhed
Socialistisk Folkeparti,Venstre,70,42847,31344.0,0.7315331295073167,forsvar_sikkerhed
Venstre,Venstre,70,62320,61995.0,0.9947849807445442,forsvar_sikkerhed
Alternativet,Alternativet,71,534,480.0,0.898876404494382,forsvar_sikkerhed
Alternativet,Danmarksdemokraterne,71,4103,2668.0,0.6502559103095296,forsvar_sikkerhed
Alternativet,Dansk Folkeparti,71,1106,584.0,0.5280289330922242,forsvar_sikkerhed
Alternativet,Det Konservative Folkeparti,71,2836,1758.0,0.6198871650211566,forsvar_sikkerhed
Alternativet,Enhedslisten,71,2382,1934.0,0.8119227539882452,forsvar_sikkerhed
Alternativet,Inuit Ataqatigiit,71,2,2.0,1.0,forsvar_sikkerhed
Alternativet,Javnaðarflokkurin,71,6,4.0,0.6666666666666666,forsvar_sikkerhed
Alternativet,Liberal Alliance,71,4066,2526.0,0.6212493851451057,forsvar_sikkerhed
Alternativet,Moderaterne,71,4562,2554.0,0.559842174484875,forsvar_sikkerhed
Alternativet,Nye Borgerlige,71,1593,874.0,0.5486503452605147,forsvar_sikkerhed
Alternativet,Radikale Venstre,71,2044,1538.0,0.7524461839530333,forsvar_sikkerhed
Alternativet,Sambandsflokkurin,71,27,11.0,0.4074074074074074,forsvar_sikkerhed
Alternativet,Siumut,71,2,2.0,1.0,forsvar_sikkerhed
Alternativet,Socialdemokratiet,71,15829,8613.0,0.5441278665740097,forsvar_sikkerhed
Alternativet,Socialistisk Folkeparti,71,4256,3113.0,0.731437969924812,forsvar_sikkerhed
Alternativet,Venstre,71,7319,3945.0,0.5390080612105479,forsvar_sikkerhed
Danmarksdemokraterne,Danmarksdemokraterne,71,5131,5112.0,0.9962970181251218,forsvar_sikkerhed
Danmarksdemokraterne,Dansk Folkeparti,71,3105,2477.0,0.7977455716586151,forsvar_sikkerhed
Danmarksdemokraterne,Det Konservative Folkeparti,71,7973,6584.0,0.8257870312304026,forsvar_sikkerhed
Danmarksdemokraterne,Enhedslisten,71,6702,4520.0,0.6744255446135482,forsvar_sikkerhed
Danmarksdemokraterne,Inuit Ataqatigiit,71,9,9.0,1.0,forsvar_sikkerhed
Danmarksdemokraterne,Javnaðarflokkurin,71,29,10.0,0.3448275862068966,forsvar_sikkerhed
Danmarksdemokraterne,Liberal Alliance,71,11397,9425.0,0.8269720101781171,forsvar_sikkerhed
Danmarksdemokraterne,Moderaterne,71,12883,8014.0,0.6220600791741054,forsvar_sikkerhed
Danmarksdemokraterne,Nye Borgerlige,71,4545,3692.0,0.8123212321232123,forsvar_sikkerhed
Danmarksdemokraterne,Radikale Venstre,71,5809,4163.0,0.7166465828886212,forsvar_sikkerhed
Danmarksdemokraterne,Sambandsflokkurin,71,68,34.0,0.5,forsvar_sikkerhed
Danmarksdemokraterne,Siumut,71,9,9.0,1.0,forsvar_sikkerhed
Danmarksdemokraterne,Socialdemokratiet,71,44499,27342.0,0.6144407739499764,forsvar_sikkerhed
Danmarksdemokraterne,Socialistisk Folkeparti,71,11984,8717.0,0.727386515353805,forsvar_sikkerhed
Danmarksdemokraterne,Venstre,71,20438,12756.0,0.624131519718172,forsvar_sikkerhed
Dansk Folkeparti,Dansk Folkeparti,71,265,261.0,0.9849056603773584,forsvar_sikkerhed
Dansk Folkeparti,Det Konservative Folkeparti,71,2154,1527.0,0.7089136490250696,forsvar_sikkerhed
Dansk Folkeparti,Enhedslisten,71,1811,1015.0,0.560463832136941,forsvar_sikkerhed
Dansk Folkeparti,Inuit Ataqatigiit,71,2,0.0,0.0,forsvar_sikkerhed
Dansk Folkeparti,Javnaðarflokkurin,71,7,2.0,0.2857142857142857,forsvar_sikkerhed
Dansk Folkeparti,Liberal Alliance,71,3079,2263.0,0.7349788892497564,forsvar_sikkerhed
Dansk Folkeparti,Moderaterne,71,3469,1891.0,0.5451138656673393,forsvar_sikkerhed
Dansk Folkeparti,Nye Borgerlige,71,1201,1011.0,0.8417985012489592,forsvar_sikkerhed
Dansk Folkeparti,Radikale Venstre,71,1590,974.0,0.6125786163522012,forsvar_sikkerhed
Dansk Folkeparti,Sambandsflokkurin,71,19,10.0,0.5263157894736842,forsvar_sikkerhed
Dansk Folkeparti,Siumut,71,2,0.0,0.0,forsvar_sikkerhed
Dansk Folkeparti,Socialdemokratiet,71,12056,6460.0,0.5358327803583278,forsvar_sikkerhed
Dansk Folkeparti,Socialistisk Folkeparti,71,3235,1922.0,0.5941267387944359,forsvar_sikkerhed
Dansk Folkeparti,Venstre,71,5527,2995.0,0.541885290392618,forsvar_sikkerhed
Det Konservative Folkeparti,Det Konservative Folkeparti,71,2300,2295.0,0.9978260869565218,forsvar_sikkerhed
Det Konservative Folkeparti,Enhedslisten,71,4637,3072.0,0.6624973042915678,forsvar_sikkerhed
Det Konservative Folkeparti,Inuit Ataqatigiit,71,6,6.0,1.0,forsvar_sikkerhed
Det Konservative Folkeparti,Javnaðarflokkurin,71,18,6.0,0.3333333333333333,forsvar_sikkerhed
Det Konservative Folkeparti,Liberal Alliance,71,7895,6733.0,0.8528182393920203,forsvar_sikkerhed
Det Konservative Folkeparti,Moderaterne,71,8925,6302.0,0.7061064425770308,forsvar_sikkerhed
Det Konservative Folkeparti,Nye Borgerlige,71,3149,2265.0,0.7192759606224198,forsvar_sikkerhed
Det Konservative Folkeparti,Radikale Venstre,71,4021,3114.0,0.7744342203431982,forsvar_sikkerhed
Det Konservative Folkeparti,Sambandsflokkurin,71,47,29.0,0.6170212765957447,forsvar_sikkerhed
Det Konservative Folkeparti,Siumut,71,6,6.0,1.0,forsvar_sikkerhed
Det Konservative Folkeparti,Socialdemokratiet,71,30806,21720.0,0.7050574563396741,forsvar_sikkerhed
Det Konservative Folkeparti,Socialistisk Folkeparti,71,8304,6048.0,0.7283236994219653,forsvar_sikkerhed
Det Konservative Folkeparti,Venstre,71,14145,9964.0,0.704418522446094,forsvar_sikkerhed
Enhedslisten,Enhedslisten,71,1569,1545.0,0.9847036328871892,forsvar_sikkerhed
Enhedslisten,Inuit Ataqatigiit,71,5,5.0,1.0,forsvar_sikkerhed
Enhedslisten,Javnaðarflokkurin,71,16,11.0,0.6875,forsvar_sikkerhed
Enhedslisten,Liberal Alliance,71,6628,4252.0,0.6415208207604104,forsvar_sikkerhed
Enhedslisten,Moderaterne,71,7492,4408.0,0.5883609183128671,forsvar_sikkerhed
Enhedslisten,Nye Borgerlige,71,2653,1525.0,0.5748209574067094,forsvar_sikkerhed
Enhedslisten,Radikale Venstre,71,3383,2558.0,0.7561336092225835,forsvar_sikkerhed
Enhedslisten,Sambandsflokkurin,71,40,15.0,0.375,forsvar_sikkerhed
Enhedslisten,Siumut,71,5,5.0,1.0,forsvar_sikkerhed
Enhedslisten,Socialdemokratiet,71,25889,14863.0,0.5741048321681023,forsvar_sikkerhed
Enhedslisten,Socialistisk Folkeparti,71,6968,5455.0,0.7828645235361653,forsvar_sikkerhed
Enhedslisten,Venstre,71,11895,6812.0,0.5726775956284152,forsvar_sikkerhed
Inuit Ataqatigiit,Liberal Alliance,71,9,9.0,1.0,forsvar_sikkerhed
Inuit Ataqatigiit,Moderaterne,71,11,11.0,1.0,forsvar_sikkerhed
Inuit Ataqatigiit,Nye Borgerlige,71,3,0.0,0.0,forsvar_sikkerhed
Inuit Ataqatigiit,Radikale Venstre,71,5,5.0,1.0,forsvar_sikkerhed
Inuit Ataqatigiit,Siumut,71,1,1.0,1.0,forsvar_sikkerhed
Inuit Ataqatigiit,Socialdemokratiet,71,30,30.0,1.0,forsvar_sikkerhed
Inuit Ataqatigiit,Socialistisk Folkeparti,71,9,9.0,1.0,forsvar_sikkerhed
Inuit Ataqatigiit,Venstre,71,14,14.0,1.0,forsvar_sikkerhed
Javnaðarflokkurin,Liberal Alliance,71,26,9.0,0.3461538461538461,forsvar_sikkerhed
Javnaðarflokkurin,Moderaterne,71,35,31.0,0.8857142857142857,forsvar_sikkerhed
Javnaðarflokkurin,Nye Borgerlige,71,10,2.0,0.2,forsvar_sikkerhed
Javnaðarflokkurin,Radikale Venstre,71,14,10.0,0.7142857142857143,forsvar_sikkerhed
Javnaðarflokkurin,Socialdemokratiet,71,107,107.0,1.0,forsvar_sikkerhed
Javnaðarflokkurin,Socialistisk Folkeparti,71,27,18.0,0.6666666666666666,forsvar_sikkerhed
Javnaðarflokkurin,Venstre,71,43,43.0,1.0,forsvar_sikkerhed
Liberal Alliance,Liberal Alliance,71,4999,4983.0,0.9967993598719744,forsvar_sikkerhed
Liberal Alliance,Moderaterne,71,12766,8069.0,0.6320695597681341,forsvar_sikkerhed
Liberal Alliance,Nye Borgerlige,71,4456,3486.0,0.7823159784560144,forsvar_sikkerhed
Liberal Alliance,Radikale Venstre,71,5749,4117.0,0.716124543398852,forsvar_sikkerhed
Liberal Alliance,Sambandsflokkurin,71,69,34.0,0.4927536231884058,forsvar_sikkerhed
Liberal Alliance,Siumut,71,9,9.0,1.0,forsvar_sikkerhed
Liberal Alliance,Socialdemokratiet,71,44029,27566.0,0.6260873515183175,forsvar_sikkerhed
Liberal Alliance,Socialistisk Folkeparti,71,11863,8173.0,0.6889488325044255,forsvar_sikkerhed
Liberal Alliance,Venstre,71,20194,12599.0,0.6238981875804694,forsvar_sikkerhed
Moderaterne,Moderaterne,71,6519,5986.0,0.9182389937106918,forsvar_sikkerhed
Moderaterne,Nye Borgerlige,71,5086,2670.0,0.5249705072748722,forsvar_sikkerhed
Moderaterne,Radikale Venstre,71,6519,4795.0,0.7355422610829881,forsvar_sikkerhed
Moderaterne,Sambandsflokkurin,71,79,74.0,0.9367088607594936,forsvar_sikkerhed
Moderaterne,Siumut,71,11,11.0,1.0,forsvar_sikkerhed
Moderaterne,Socialdemokratiet,71,49766,47490.0,0.9542659647148656,forsvar_sikkerhed
Moderaterne,Socialistisk Folkeparti,71,13416,9706.0,0.7234645199761479,forsvar_sikkerhed
Moderaterne,Venstre,71,22805,21605.0,0.9473799605349704,forsvar_sikkerhed
Nye Borgerlige,Nye Borgerlige,71,695,528.0,0.7597122302158273,forsvar_sikkerhed
Nye Borgerlige,Radikale Venstre,71,2288,1372.0,0.5996503496503497,forsvar_sikkerhed
Nye Borgerlige,Sambandsflokkurin,71,28,14.0,0.5,forsvar_sikkerhed
Nye Borgerlige,Siumut,71,3,0.0,0.0,forsvar_sikkerhed
Nye Borgerlige,Socialdemokratiet,71,17581,9018.0,0.5129401057960298,forsvar_sikkerhed
Nye Borgerlige,Socialistisk Folkeparti,71,4732,2841.0,0.6003803888419273,forsvar_sikkerhed
Nye Borgerlige,Venstre,71,8075,4195.0,0.5195046439628483,forsvar_sikkerhed
Radikale Venstre,Radikale Venstre,71,1146,1089.0,0.950261780104712,forsvar_sikkerhed
Radikale Venstre,Sambandsflokkurin,71,33,14.0,0.4242424242424242,forsvar_sikkerhed
Radikale Venstre,Siumut,71,5,5.0,1.0,forsvar_sikkerhed
Radikale Venstre,Socialdemokratiet,71,22485,16728.0,0.7439626417611741,forsvar_sikkerhed
Radikale Venstre,Socialistisk Folkeparti,71,6048,4761.0,0.7872023809523809,forsvar_sikkerhed
Radikale Venstre,Venstre,71,10297,7644.0,0.7423521414004078,forsvar_sikkerhed
Sambandsflokkurin,Socialdemokratiet,71,265,265.0,1.0,forsvar_sikkerhed
Sambandsflokkurin,Socialistisk Folkeparti,71,70,35.0,0.5,forsvar_sikkerhed
Sambandsflokkurin,Venstre,71,108,106.0,0.9814814814814816,forsvar_sikkerhed
Siumut,Socialdemokratiet,71,30,30.0,1.0,forsvar_sikkerhed
Siumut,Socialistisk Folkeparti,71,9,9.0,1.0,forsvar_sikkerhed
Siumut,Venstre,71,14,14.0,1.0,forsvar_sikkerhed
Socialdemokratiet,Socialdemokratiet,71,83516,83484.0,0.9996168398869678,forsvar_sikkerhed
Socialdemokratiet,Socialistisk Folkeparti,71,46306,33530.0,0.7240962294303114,forsvar_sikkerhed
Socialdemokratiet,Venstre,71,78882,78187.0,0.9911893714662408,forsvar_sikkerhed
Socialistisk Folkeparti,Socialistisk Folkeparti,71,5550,5511.0,0.9929729729729728,forsvar_sikkerhed
Socialistisk Folkeparti,Venstre,71,21254,15363.0,0.7228286440199492,forsvar_sikkerhed
Venstre,Venstre,71,17034,16732.0,0.9822707526124222,forsvar_sikkerhed
Danmarksdemokraterne,Danmarksdemokraterne,65,12,10.0,0.8333333333333334,udenrigs_eu
Danmarksdemokraterne,Dansk Folkeparti,65,541,513.0,0.9482439926062848,udenrigs_eu
Danmarksdemokraterne,Det Konservative Folkeparti,65,327,309.0,0.944954128440367,udenrigs_eu
Danmarksdemokraterne,Enhedslisten,65,54,11.0,0.2037037037037037,udenrigs_eu
Danmarksdemokraterne,Inuit Ataqatigiit,65,6,0.0,0.0,udenrigs_eu
Danmarksdemokraterne,Kristendemokraterne,65,78,60.0,0.7692307692307693,udenrigs_eu
Danmarksdemokraterne,Radikale Venstre,65,158,121.0,0.7658227848101266,udenrigs_eu
Danmarksdemokraterne,Socialdemokratiet,65,1261,932.0,0.739095955590801,udenrigs_eu
Danmarksdemokraterne,Socialistisk Folkeparti,65,277,134.0,0.483754512635379,udenrigs_eu
Danmarksdemokraterne,Venstre,65,1376,1304.0,0.9476744186046512,udenrigs_eu
Dansk Folkeparti,Dansk Folkeparti,65,2451,2451.0,1.0,udenrigs_eu
Dansk Folkeparti,Det Konservative Folkeparti,65,3180,2928.0,0.920754716981132,udenrigs_eu
Dansk Folkeparti,Enhedslisten,65,480,114.0,0.2375,udenrigs_eu
Dansk Folkeparti,Inuit Ataqatigiit,65,38,0.0,0.0,udenrigs_eu
Dansk Folkeparti,Kristendemokraterne,65,754,562.0,0.7453580901856764,udenrigs_eu
Dansk Folkeparti,Radikale Venstre,65,1552,1156.0,0.7448453608247423,udenrigs_eu
Dansk Folkeparti,Socialdemokratiet,65,12218,8602.0,0.7040432149287936,udenrigs_eu
Dansk Folkeparti,Socialistisk Folkeparti,65,2645,1339.0,0.5062381852551985,udenrigs_eu
Dansk Folkeparti,Venstre,65,13291,12282.0,0.9240839665939358,udenrigs_eu
Det Konservative Folkeparti,Det Konservative Folkeparti,65,874,874.0,1.0,udenrigs_eu
Det Konservative Folkeparti,Enhedslisten,65,311,70.0,0.22508038585209,udenrigs_eu
Det Konservative Folkeparti,Inuit Ataqatigiit,65,31,0.0,0.0,udenrigs_eu
Det Konservative Folkeparti,Kristendemokraterne,65,456,374.0,0.8201754385964912,udenrigs_eu
Det Konservative Folkeparti,Radikale Venstre,65,943,779.0,0.8260869565217391,udenrigs_eu
Det Konservative Folkeparti,Socialdemokratiet,65,7364,5761.0,0.782319391634981,udenrigs_eu
Det Konservative Folkeparti,Socialistisk Folkeparti,65,1614,767.0,0.4752168525402726,udenrigs_eu
Det Konservative Folkeparti,Venstre,65,8012,8002.0,0.9987518721917124,udenrigs_eu
Enhedslisten,Enhedslisten,65,14,14.0,1.0,udenrigs_eu
Enhedslisten,Inuit Ataqatigiit,65,10,10.0,1.0,udenrigs_eu
Enhedslisten,Kristendemokraterne,65,70,30.0,0.4285714285714285,udenrigs_eu
Enhedslisten,Radikale Venstre,65,144,50.0,0.3472222222222222,udenrigs_eu
Enhedslisten,Socialdemokratiet,65,1127,390.0,0.3460514640638864,udenrigs_eu
Enhedslisten,Socialistisk Folkeparti,65,268,226.0,0.8432835820895522,udenrigs_eu
Enhedslisten,Venstre,65,1214,277.0,0.2281713344316309,udenrigs_eu
Inuit Ataqatigiit,Kristendemokraterne,65,6,2.0,0.3333333333333333,udenrigs_eu
Inuit Ataqatigiit,Radikale Venstre,65,12,0.0,0.0,udenrigs_eu
Inuit Ataqatigiit,Socialdemokratiet,65,95,0.0,0.0,udenrigs_eu
Inuit Ataqatigiit,Socialistisk Folkeparti,65,29,29.0,1.0,udenrigs_eu
Inuit Ataqatigiit,Venstre,65,98,0.0,0.0,udenrigs_eu
Kristendemokraterne,Kristendemokraterne,65,27,27.0,1.0,udenrigs_eu
Kristendemokraterne,Radikale Venstre,65,222,188.0,0.8468468468468469,udenrigs_eu
Kristendemokraterne,Socialdemokratiet,65,1748,1428.0,0.816933638443936,udenrigs_eu
Kristendemokraterne,Socialistisk Folkeparti,65,380,246.0,0.6473684210526316,udenrigs_eu
Kristendemokraterne,Venstre,65,1900,1556.0,0.8189473684210526,udenrigs_eu
Radikale Venstre,Radikale Venstre,65,177,177.0,1.0,udenrigs_eu
Radikale Venstre,Socialdemokratiet,65,3587,3272.0,0.9121828826317256,udenrigs_eu
Radikale Venstre,Socialistisk Folkeparti,65,784,495.0,0.6313775510204082,udenrigs_eu
Radikale Venstre,Venstre,65,3899,3160.0,0.8104642215952809,udenrigs_eu
Socialdemokratiet,Socialdemokratiet,65,13767,13736.0,0.9977482385414396,udenrigs_eu
Socialdemokratiet,Socialistisk Folkeparti,65,6158,3907.0,0.6344592400129913,udenrigs_eu
Socialdemokratiet,Venstre,65,30829,23834.0,0.7731032469428136,udenrigs_eu
Socialistisk Folkeparti,Socialistisk Folkeparti,65,601,601.0,1.0,udenrigs_eu
Socialistisk Folkeparti,Venstre,65,6659,3362.0,0.5048806127046103,udenrigs_eu
Venstre,Venstre,65,16320,16284.0,0.9977941176470588,udenrigs_eu
Danmarksdemokraterne,Danmarksdemokraterne,66,81,73.0,0.9012345679012346,udenrigs_eu
Danmarksdemokraterne,Dansk Folkeparti,66,5054,4681.0,0.9261970716264344,udenrigs_eu
Danmarksdemokraterne,Det Konservative Folkeparti,66,3661,3512.0,0.9593007375034144,udenrigs_eu
Danmarksdemokraterne,Enhedslisten,66,882,265.0,0.300453514739229,udenrigs_eu
Danmarksdemokraterne,Fólkaflokkurin,66,2,2.0,1.0,udenrigs_eu
Danmarksdemokraterne,Inuit Ataqatigiit,66,9,1.0,0.1111111111111111,udenrigs_eu
Danmarksdemokraterne,Radikale Venstre,66,2963,1826.0,0.6162672966587918,udenrigs_eu
Danmarksdemokraterne,Siumut,66,12,5.0,0.4166666666666667,udenrigs_eu
Danmarksdemokraterne,Socialdemokratiet,66,9226,5897.0,0.6391719054845003,udenrigs_eu
Danmarksdemokraterne,Socialistisk Folkeparti,66,2557,1106.0,0.4325381306218224,udenrigs_eu
Danmarksdemokraterne,Tjóðveldi,66,10,0.0,0.0,udenrigs_eu
Danmarksdemokraterne,Venstre,66,10949,10477.0,0.9568910402776508,udenrigs_eu
Dansk Folkeparti,Dansk Folkeparti,66,31577,31522.0,0.998258225923932,udenrigs_eu
Dansk Folkeparti,Det Konservative Folkeparti,66,48153,42852.0,0.8899134010342035,udenrigs_eu
Dansk Folkeparti,Enhedslisten,66,11680,3462.0,0.2964041095890411,udenrigs_eu
Dansk Folkeparti,Fólkaflokkurin,66,32,18.0,0.5625,udenrigs_eu
Dansk Folkeparti,Inuit Ataqatigiit,66,92,32.0,0.3478260869565217,udenrigs_eu
Dansk Folkeparti,Radikale Venstre,66,38707,21096.0,0.5450176970573798,udenrigs_eu
Dansk Folkeparti,Siumut,66,125,82.0,0.656,udenrigs_eu
Dansk Folkeparti,Socialdemokratiet,66,121703,68582.0,0.5635193873610347,udenrigs_eu
Dansk Folkeparti,Socialistisk Folkeparti,66,33425,13052.0,0.3904861630516081,udenrigs_eu
Dansk Folkeparti,Tjóðveldi,66,108,14.0,0.1296296296296296,udenrigs_eu
Dansk Folkeparti,Venstre,66,143051,126414.0,0.8836988207003097,udenrigs_eu
Det Konservative Folkeparti,Det Konservative Folkeparti,66,15989,15847.0,0.9911188942397898,udenrigs_eu
Det Konservative Folkeparti,Enhedslisten,66,8410,2183.0,0.2595719381688466,udenrigs_eu
Det Konservative Folkeparti,Fólkaflokkurin,66,26,26.0,1.0,udenrigs_eu
Det Konservative Folkeparti,Inuit Ataqatigiit,66,70,11.0,0.1571428571428571,udenrigs_eu
Det Konservative Folkeparti,Radikale Venstre,66,27814,17959.0,0.6456820306320558,udenrigs_eu
Det Konservative Folkeparti,Siumut,66,95,49.0,0.5157894736842106,udenrigs_eu
Det Konservative Folkeparti,Socialdemokratiet,66,87419,58985.0,0.6747389011542113,udenrigs_eu
Det Konservative Folkeparti,Socialistisk Folkeparti,66,24048,11263.0,0.4683549567531603,udenrigs_eu
Det Konservative Folkeparti,Tjóðveldi,66,81,0.0,0.0,udenrigs_eu
Det Konservative Folkeparti,Venstre,66,102903,101406.0,0.985452319174368,udenrigs_eu
Enhedslisten,Enhedslisten,66,697,696.0,0.9985652797704448,udenrigs_eu
Enhedslisten,Fólkaflokkurin,66,6,0.0,0.0,udenrigs_eu
Enhedslisten,Inuit Ataqatigiit,66,21,15.0,0.7142857142857143,udenrigs_eu
Enhedslisten,Radikale Venstre,66,6758,3860.0,0.5711749038176975,udenrigs_eu
Enhedslisten,Siumut,66,24,24.0,1.0,udenrigs_eu
Enhedslisten,Socialdemokratiet,66,21163,11279.0,0.5329584652459481,udenrigs_eu
Enhedslisten,Socialistisk Folkeparti,66,5813,4300.0,0.7397213142955444,udenrigs_eu
Enhedslisten,Tjóðveldi,66,24,21.0,0.875,udenrigs_eu
Enhedslisten,Venstre,66,24910,6622.0,0.2658370132476917,udenrigs_eu
Fólkaflokkurin,Inuit Ataqatigiit,66,2,0.0,0.0,udenrigs_eu
Fólkaflokkurin,Radikale Venstre,66,15,15.0,1.0,udenrigs_eu
Fólkaflokkurin,Siumut,66,1,0.0,0.0,udenrigs_eu
Fólkaflokkurin,Socialdemokratiet,66,57,57.0,1.0,udenrigs_eu
Fólkaflokkurin,Socialistisk Folkeparti,66,15,10.0,0.6666666666666666,udenrigs_eu
Fólkaflokkurin,Tjóðveldi,66,2,0.0,0.0,udenrigs_eu
Fólkaflokkurin,Venstre,66,65,65.0,1.0,udenrigs_eu
Inuit Ataqatigiit,Radikale Venstre,66,48,26.0,0.5416666666666666,udenrigs_eu
Inuit Ataqatigiit,Siumut,66,4,4.0,1.0,udenrigs_eu
Inuit Ataqatigiit,Socialdemokratiet,66,167,30.0,0.1796407185628742,udenrigs_eu
Inuit Ataqatigiit,Socialistisk Folkeparti,66,44,31.0,0.7045454545454546,udenrigs_eu
Inuit Ataqatigiit,Tjóðveldi,66,6,5.0,0.8333333333333334,udenrigs_eu
Inuit Ataqatigiit,Venstre,66,196,33.0,0.1683673469387755,udenrigs_eu
Radikale Venstre,Radikale Venstre,66,10103,10065.0,0.9962387409680292,udenrigs_eu
Radikale Venstre,Siumut,66,71,57.0,0.8028169014084507,udenrigs_eu
Radikale Venstre,Socialdemokratiet,66,70233,59741.0,0.8506115358876881,udenrigs_eu
Radikale Venstre,Socialistisk Folkeparti,66,19306,14976.0,0.7757173935564073,udenrigs_eu
Radikale Venstre,Tjóðveldi,66,57,27.0,0.4736842105263157,udenrigs_eu
Radikale Venstre,Venstre,66,82579,53206.0,0.6443042419985711,udenrigs_eu
Siumut,Socialdemokratiet,66,226,117.0,0.5176991150442478,udenrigs_eu
Siumut,Socialistisk Folkeparti,66,59,54.0,0.9152542372881356,udenrigs_eu
Siumut,Tjóðveldi,66,4,4.0,1.0,udenrigs_eu
Siumut,Venstre,66,268,136.0,0.5074626865671642,udenrigs_eu
Socialdemokratiet,Socialdemokratiet,66,107217,107078.0,0.9987035638005168,udenrigs_eu
Socialdemokratiet,Socialistisk Folkeparti,66,60774,47097.0,0.7749531049461941,udenrigs_eu
Socialdemokratiet,Tjóðveldi,66,196,30.0,0.1530612244897959,udenrigs_eu
Socialdemokratiet,Venstre,66,260312,176342.0,0.6774255508774086,udenrigs_eu
Socialistisk Folkeparti,Socialistisk Folkeparti,66,7421,7032.0,0.9475811885190676,udenrigs_eu
Socialistisk Folkeparti,Tjóðveldi,66,51,30.0,0.5882352941176471,udenrigs_eu
Socialistisk Folkeparti,Venstre,66,71461,33313.0,0.4661703586571696,udenrigs_eu
Tjóðveldi,Venstre,66,230,1.0,0.0043478260869565,udenrigs_eu
Venstre,Venstre,66,149139,146771.0,0.9841221947310896,udenrigs_eu
Danmarksdemokraterne,Danmarksdemokraterne,67,81,57.0,0.7037037037037037,udenrigs_eu
Danmarksdemokraterne,Dansk Folkeparti,67,5676,4872.0,0.8583509513742071,udenrigs_eu
Danmarksdemokraterne,Det Konservative Folkeparti,67,3493,3196.0,0.9149728027483538,udenrigs_eu
Danmarksdemokraterne,Enhedslisten,67,760,278.0,0.3657894736842105,udenrigs_eu
Danmarksdemokraterne,Inuit Ataqatigiit,67,3,2.0,0.6666666666666666,udenrigs_eu
Danmarksdemokraterne,Liberal Alliance,67,838,654.0,0.7804295942720764,udenrigs_eu
Danmarksdemokraterne,Radikale Venstre,67,1490,843.0,0.565771812080537,udenrigs_eu
Danmarksdemokraterne,Sambandsflokkurin,67,14,13.0,0.9285714285714286,udenrigs_eu
Danmarksdemokraterne,Siumut,67,10,7.0,0.7,udenrigs_eu
Danmarksdemokraterne,Socialdemokratiet,67,9615,5324.0,0.553718148725949,udenrigs_eu
Danmarksdemokraterne,Socialistisk Folkeparti,67,4512,2247.0,0.4980053191489361,udenrigs_eu
Danmarksdemokraterne,Tjóðveldi,67,4,1.0,0.25,udenrigs_eu
Danmarksdemokraterne,Venstre,67,9511,8749.0,0.919882241614972,udenrigs_eu
Dansk Folkeparti,Dansk Folkeparti,67,50142,49592.0,0.9890311515296558,udenrigs_eu
Dansk Folkeparti,Det Konservative Folkeparti,67,65664,53294.0,0.8116167153996101,udenrigs_eu
Dansk Folkeparti,Enhedslisten,67,13582,5513.0,0.4059048740980709,udenrigs_eu
Dansk Folkeparti,Inuit Ataqatigiit,67,86,52.0,0.6046511627906976,udenrigs_eu
Dansk Folkeparti,Liberal Alliance,67,15433,11136.0,0.7215706602734401,udenrigs_eu
Dansk Folkeparti,Radikale Venstre,67,27381,14407.0,0.5261677805777729,udenrigs_eu
Dansk Folkeparti,Sambandsflokkurin,67,353,259.0,0.7337110481586402,udenrigs_eu
Dansk Folkeparti,Siumut,67,134,85.0,0.6343283582089553,udenrigs_eu
Dansk Folkeparti,Socialdemokratiet,67,178743,90131.0,0.504249117447956,udenrigs_eu
Dansk Folkeparti,Socialistisk Folkeparti,67,83940,39198.0,0.466976411722659,udenrigs_eu
Dansk Folkeparti,Tjóðveldi,67,69,18.0,0.2608695652173913,udenrigs_eu
Dansk Folkeparti,Venstre,67,178706,145226.0,0.8126531845601155,udenrigs_eu
Det Konservative Folkeparti,Det Konservative Folkeparti,67,18768,18600.0,0.9910485933503836,udenrigs_eu
Det Konservative Folkeparti,Enhedslisten,67,8351,3312.0,0.3965992096754879,udenrigs_eu
Det Konservative Folkeparti,Inuit Ataqatigiit,67,58,34.0,0.5862068965517241,udenrigs_eu
Det Konservative Folkeparti,Liberal Alliance,67,9416,8266.0,0.8778674596431606,udenrigs_eu
Det Konservative Folkeparti,Radikale Venstre,67,17113,12086.0,0.7062467130251855,udenrigs_eu
Det Konservative Folkeparti,Sambandsflokkurin,67,214,214.0,1.0,udenrigs_eu
Det Konservative Folkeparti,Siumut,67,82,69.0,0.8414634146341463,udenrigs_eu
Det Konservative Folkeparti,Socialdemokratiet,67,110890,75849.0,0.6840021643069709,udenrigs_eu
Det Konservative Folkeparti,Socialistisk Folkeparti,67,52037,31867.0,0.6123911831965717,udenrigs_eu
Det Konservative Folkeparti,Tjóðveldi,67,45,9.0,0.2,udenrigs_eu
Det Konservative Folkeparti,Venstre,67,110983,110478.0,0.9954497535658614,udenrigs_eu
Enhedslisten,Enhedslisten,67,528,447.0,0.8465909090909091,udenrigs_eu
Enhedslisten,Inuit Ataqatigiit,67,11,4.0,0.3636363636363636,udenrigs_eu
Enhedslisten,Liberal Alliance,67,2000,883.0,0.4415,udenrigs_eu
Enhedslisten,Radikale Venstre,67,3504,2308.0,0.658675799086758,udenrigs_eu
Enhedslisten,Sambandsflokkurin,67,45,14.0,0.3111111111111111,udenrigs_eu
Enhedslisten,Siumut,67,17,10.0,0.5882352941176471,udenrigs_eu
Enhedslisten,Socialdemokratiet,67,22875,15062.0,0.658448087431694,udenrigs_eu
Enhedslisten,Socialistisk Folkeparti,67,10709,7564.0,0.7063217854141376,udenrigs_eu
Enhedslisten,Tjóðveldi,67,9,4.0,0.4444444444444444,udenrigs_eu
Enhedslisten,Venstre,67,22798,8948.0,0.3924905693481884,udenrigs_eu
Inuit Ataqatigiit,Liberal Alliance,67,11,5.0,0.4545454545454545,udenrigs_eu
Inuit Ataqatigiit,Radikale Venstre,67,24,15.0,0.625,udenrigs_eu
Inuit Ataqatigiit,Sambandsflokkurin,67,2,2.0,1.0,udenrigs_eu
Inuit Ataqatigiit,Siumut,67,1,1.0,1.0,udenrigs_eu
Inuit Ataqatigiit,Socialdemokratiet,67,144,87.0,0.6041666666666666,udenrigs_eu
Inuit Ataqatigiit,Socialistisk Folkeparti,67,74,44.0,0.5945945945945946,udenrigs_eu
Inuit Ataqatigiit,Tjóðveldi,67,3,2.0,0.6666666666666666,udenrigs_eu
Inuit Ataqatigiit,Venstre,67,155,94.0,0.6064516129032258,udenrigs_eu
Liberal Alliance,Liberal Alliance,67,838,645.0,0.7696897374701671,udenrigs_eu
Liberal Alliance,Radikale Venstre,67,3835,2814.0,0.733767926988266,udenrigs_eu
Liberal Alliance,Sambandsflokkurin,67,63,52.0,0.8253968253968254,udenrigs_eu
Liberal Alliance,Siumut,67,24,19.0,0.7916666666666666,udenrigs_eu
Liberal Alliance,Socialdemokratiet,67,25940,18200.0,0.7016191210485736,udenrigs_eu
Liberal Alliance,Socialistisk Folkeparti,67,12261,8160.0,0.6655248348421825,udenrigs_eu
Liberal Alliance,Tjóðveldi,67,10,2.0,0.2,udenrigs_eu
Liberal Alliance,Venstre,67,25789,22675.0,0.8792508433828377,udenrigs_eu
Radikale Venstre,Radikale Venstre,67,2872,2736.0,0.9526462395543176,udenrigs_eu
Radikale Venstre,Sambandsflokkurin,67,82,59.0,0.7195121951219512,udenrigs_eu
Radikale Venstre,Siumut,67,35,30.0,0.8571428571428571,udenrigs_eu
Radikale Venstre,Socialdemokratiet,67,46227,40591.0,0.878079910009302,udenrigs_eu
Radikale Venstre,Socialistisk Folkeparti,67,21657,18293.0,0.8446691600868079,udenrigs_eu
Radikale Venstre,Tjóðveldi,67,21,6.0,0.2857142857142857,udenrigs_eu
Radikale Venstre,Venstre,67,46289,32617.0,0.7046382509883558,udenrigs_eu
Sambandsflokkurin,Socialdemokratiet,67,601,455.0,0.757071547420965,udenrigs_eu
Sambandsflokkurin,Socialistisk Folkeparti,67,279,153.0,0.5483870967741935,udenrigs_eu
Sambandsflokkurin,Tjóðveldi,67,2,1.0,0.5,udenrigs_eu
Sambandsflokkurin,Venstre,67,576,576.0,1.0,udenrigs_eu
Siumut,Socialdemokratiet,67,239,210.0,0.8786610878661087,udenrigs_eu
Siumut,Socialistisk Folkeparti,67,109,95.0,0.8715596330275229,udenrigs_eu
Siumut,Tjóðveldi,67,1,1.0,1.0,udenrigs_eu
Siumut,Venstre,67,239,207.0,0.8661087866108786,udenrigs_eu
Socialdemokratiet,Socialdemokratiet,67,146010,145116.0,0.993877131703308,udenrigs_eu
Socialdemokratiet,Socialistisk Folkeparti,67,141510,129175.0,0.9128330153346054,udenrigs_eu
Socialdemokratiet,Tjóðveldi,67,113,30.0,0.2654867256637168,udenrigs_eu
Socialdemokratiet,Venstre,67,301260,205057.0,0.6806645422558587,udenrigs_eu
Socialistisk Folkeparti,Socialistisk Folkeparti,67,31053,30947.0,0.996586481177342,udenrigs_eu
Socialistisk Folkeparti,Tjóðveldi,67,53,13.0,0.2452830188679245,udenrigs_eu
Socialistisk Folkeparti,Venstre,67,141418,86315.0,0.6103537032060983,udenrigs_eu
Tjóðveldi,Venstre,67,124,35.0,0.282258064516129,udenrigs_eu
Venstre,Venstre,67,146128,146071.0,0.9996099310193802,udenrigs_eu
Danmarksdemokraterne,Danmarksdemokraterne,68,157,108.0,0.6878980891719745,udenrigs_eu
Danmarksdemokraterne,Dansk Folkeparti,68,6144,5462.0,0.8889973958333334,udenrigs_eu
Danmarksdemokraterne,Det Konservative Folkeparti,68,2537,1888.0,0.7441860465116279,udenrigs_eu
Danmarksdemokraterne,Enhedslisten,68,4196,1917.0,0.4568636796949475,udenrigs_eu
Danmarksdemokraterne,Inuit Ataqatigiit,68,1,0.0,0.0,udenrigs_eu
Danmarksdemokraterne,Javnaðarflokkurin,68,3,1.0,0.3333333333333333,udenrigs_eu
Danmarksdemokraterne,Liberal Alliance,68,2533,1574.0,0.6213975523095144,udenrigs_eu
Danmarksdemokraterne,Radikale Venstre,68,5511,3358.0,0.6093268009435674,udenrigs_eu
Danmarksdemokraterne,Sambandsflokkurin,68,10,10.0,1.0,udenrigs_eu
Danmarksdemokraterne,Socialdemokratiet,68,14520,8896.0,0.61267217630854,udenrigs_eu
Danmarksdemokraterne,Socialistisk Folkeparti,68,4853,2810.0,0.5790232845662476,udenrigs_eu
Danmarksdemokraterne,Venstre,68,13834,10571.0,0.7641318490675149,udenrigs_eu
Dansk Folkeparti,Dansk Folkeparti,68,25744,25637.0,0.9958436917339962,udenrigs_eu
Dansk Folkeparti,Det Konservative Folkeparti,68,22851,15093.0,0.6604962583694368,udenrigs_eu
Dansk Folkeparti,Enhedslisten,68,37854,16877.0,0.4458445606805093,udenrigs_eu
Dansk Folkeparti,Inuit Ataqatigiit,68,12,0.0,0.0,udenrigs_eu
Dansk Folkeparti,Javnaðarflokkurin,68,13,0.0,0.0,udenrigs_eu
Dansk Folkeparti,Liberal Alliance,68,22913,14241.0,0.6215248985292192,udenrigs_eu
Dansk Folkeparti,Radikale Venstre,68,50014,26636.0,0.532570880153557,udenrigs_eu
Dansk Folkeparti,Sambandsflokkurin,68,87,87.0,1.0,udenrigs_eu
Dansk Folkeparti,Socialdemokratiet,68,131386,70245.0,0.5346460049015876,udenrigs_eu
Dansk Folkeparti,Socialistisk Folkeparti,68,43672,22112.0,0.5063198387983147,udenrigs_eu
Dansk Folkeparti,Venstre,68,124823,81980.0,0.6567699863006017,udenrigs_eu
Det Konservative Folkeparti,Det Konservative Folkeparti,68,3798,3792.0,0.9984202211690364,udenrigs_eu
Det Konservative Folkeparti,Enhedslisten,68,15476,6121.0,0.3955156371155337,udenrigs_eu
Det Konservative Folkeparti,Inuit Ataqatigiit,68,4,0.0,0.0,udenrigs_eu
Det Konservative Folkeparti,Javnaðarflokkurin,68,4,4.0,1.0,udenrigs_eu
Det Konservative Folkeparti,Liberal Alliance,68,9359,6805.0,0.7271075969654878,udenrigs_eu
Det Konservative Folkeparti,Radikale Venstre,68,20422,16095.0,0.7881206541964548,udenrigs_eu
Det Konservative Folkeparti,Sambandsflokkurin,68,34,34.0,1.0,udenrigs_eu
Det Konservative Folkeparti,Socialdemokratiet,68,53698,42594.0,0.7932138999590301,udenrigs_eu
Det Konservative Folkeparti,Socialistisk Folkeparti,68,17806,13001.0,0.7301471414130069,udenrigs_eu
Det Konservative Folkeparti,Venstre,68,50980,47115.0,0.9241859552765792,udenrigs_eu
Enhedslisten,Enhedslisten,68,11308,11026.0,0.9750619030774672,udenrigs_eu
Enhedslisten,Inuit Ataqatigiit,68,8,8.0,1.0,udenrigs_eu
Enhedslisten,Javnaðarflokkurin,68,8,0.0,0.0,udenrigs_eu
Enhedslisten,Liberal Alliance,68,15509,5868.0,0.3783609517054613,udenrigs_eu
Enhedslisten,Radikale Venstre,68,33807,19584.0,0.5792883130712574,udenrigs_eu
Enhedslisten,Sambandsflokkurin,68,59,34.0,0.576271186440678,udenrigs_eu
Enhedslisten,Socialdemokratiet,68,88925,51029.0,0.573843126229969,udenrigs_eu
Enhedslisten,Socialistisk Folkeparti,68,29530,18920.0,0.6407043684388757,udenrigs_eu
Enhedslisten,Venstre,68,84493,33644.0,0.3981868320452582,udenrigs_eu
Inuit Ataqatigiit,Liberal Alliance,68,5,0.0,0.0,udenrigs_eu
Inuit Ataqatigiit,Radikale Venstre,68,12,0.0,0.0,udenrigs_eu
Inuit Ataqatigiit,Socialdemokratiet,68,27,0.0,0.0,udenrigs_eu
Inuit Ataqatigiit,Socialistisk Folkeparti,68,12,0.0,0.0,udenrigs_eu
Inuit Ataqatigiit,Venstre,68,29,0.0,0.0,udenrigs_eu
Javnaðarflokkurin,Liberal Alliance,68,4,0.0,0.0,udenrigs_eu
Javnaðarflokkurin,Radikale Venstre,68,11,11.0,1.0,udenrigs_eu
Javnaðarflokkurin,Socialdemokratiet,68,28,28.0,1.0,udenrigs_eu
Javnaðarflokkurin,Socialistisk Folkeparti,68,8,8.0,1.0,udenrigs_eu
Javnaðarflokkurin,Venstre,68,27,27.0,1.0,udenrigs_eu
Liberal Alliance,Liberal Alliance,68,3763,3747.0,0.9957480733457348,udenrigs_eu
Liberal Alliance,Radikale Venstre,68,20487,12363.0,0.603455850051252,udenrigs_eu
Liberal Alliance,Sambandsflokkurin,68,35,15.0,0.4285714285714285,udenrigs_eu
Liberal Alliance,Socialdemokratiet,68,53844,32625.0,0.6059170938266102,udenrigs_eu
Liberal Alliance,Socialistisk Folkeparti,68,17879,10133.0,0.5667542927456792,udenrigs_eu
Liberal Alliance,Venstre,68,51124,38017.0,0.7436233471559346,udenrigs_eu
Radikale Venstre,Radikale Venstre,68,20420,20284.0,0.99333986287953,udenrigs_eu
Radikale Venstre,Sambandsflokkurin,68,77,65.0,0.8441558441558441,udenrigs_eu
Radikale Venstre,Socialdemokratiet,68,117405,116997.0,0.9965248498786252,udenrigs_eu
Radikale Venstre,Socialistisk Folkeparti,68,39015,36783.0,0.9427912341407152,udenrigs_eu
Radikale Venstre,Venstre,68,111661,90006.0,0.8060647853771684,udenrigs_eu
Sambandsflokkurin,Socialdemokratiet,68,203,175.0,0.8620689655172413,udenrigs_eu
Sambandsflokkurin,Socialistisk Folkeparti,68,62,54.0,0.8709677419354839,udenrigs_eu
Sambandsflokkurin,Venstre,68,188,188.0,1.0,udenrigs_eu
Socialdemokratiet,Socialdemokratiet,68,149397,149311.0,0.999424352563974,udenrigs_eu
Socialdemokratiet,Socialistisk Folkeparti,68,102480,96221.0,0.938924668227947,udenrigs_eu
Socialdemokratiet,Venstre,68,293389,237406.0,0.8091850751050653,udenrigs_eu
Socialistisk Folkeparti,Socialistisk Folkeparti,68,15489,15097.0,0.9746917167021756,udenrigs_eu
Socialistisk Folkeparti,Venstre,68,97657,73122.0,0.7487635294960935,udenrigs_eu
Venstre,Venstre,68,134954,134902.0,0.9996146835217926,udenrigs_eu
Alternativet,Alternativet,69,5983,5975.0,0.9986628781547718,udenrigs_eu
Alternativet,Danmarksdemokraterne,69,3687,1617.0,0.4385679414157852,udenrigs_eu
Alternativet,Dansk Folkeparti,69,59161,23310.0,0.39400956711347,udenrigs_eu
Alternativet,Det Konservative Folkeparti,69,10452,4975.0,0.4759854573287409,udenrigs_eu
Alternativet,Enhedslisten,69,24245,20135.0,0.8304805114456589,udenrigs_eu
Alternativet,Inuit Ataqatigiit,69,83,6.0,0.072289156626506,udenrigs_eu
Alternativet,Liberal Alliance,69,21618,9818.0,0.4541585715607364,udenrigs_eu
Alternativet,Radikale Venstre,69,12951,9905.0,0.7648058065014285,udenrigs_eu
Alternativet,Siumut,69,6,6.0,1.0,udenrigs_eu
Alternativet,Socialdemokratiet,69,79232,47396.0,0.5981926494345718,udenrigs_eu
Alternativet,Socialistisk Folkeparti,69,10736,8903.0,0.8292660208643815,udenrigs_eu
Alternativet,Tjóðveldi,69,60,5.0,0.0833333333333333,udenrigs_eu
Alternativet,Venstre,69,52049,25108.0,0.4823915925378009,udenrigs_eu
Danmarksdemokraterne,Danmarksdemokraterne,69,239,189.0,0.7907949790794979,udenrigs_eu
Danmarksdemokraterne,Dansk Folkeparti,69,15066,13464.0,0.8936678614097969,udenrigs_eu
Danmarksdemokraterne,Det Konservative Folkeparti,69,2668,2392.0,0.896551724137931,udenrigs_eu
Danmarksdemokraterne,Enhedslisten,69,6212,2235.0,0.3597875080489375,udenrigs_eu
Danmarksdemokraterne,Inuit Ataqatigiit,69,23,8.0,0.3478260869565217,udenrigs_eu
Danmarksdemokraterne,Liberal Alliance,69,5539,4769.0,0.8609857374977433,udenrigs_eu
Danmarksdemokraterne,Radikale Venstre,69,3314,1896.0,0.572118286059143,udenrigs_eu
Danmarksdemokraterne,Siumut,69,2,1.0,0.5,udenrigs_eu
Danmarksdemokraterne,Socialdemokratiet,69,20262,14666.0,0.7238179844043037,udenrigs_eu
Danmarksdemokraterne,Socialistisk Folkeparti,69,2755,1431.0,0.5194192377495462,udenrigs_eu
Danmarksdemokraterne,Tjóðveldi,69,14,1.0,0.0714285714285714,udenrigs_eu
Danmarksdemokraterne,Venstre,69,13175,11783.0,0.8943453510436432,udenrigs_eu
Dansk Folkeparti,Dansk Folkeparti,69,116001,115920.0,0.9993017301574988,udenrigs_eu
Dansk Folkeparti,Det Konservative Folkeparti,69,42878,34047.0,0.7940435654648071,udenrigs_eu
Dansk Folkeparti,Enhedslisten,69,99495,34891.0,0.3506809387406402,udenrigs_eu
Dansk Folkeparti,Inuit Ataqatigiit,69,298,84.0,0.2818791946308724,udenrigs_eu
Dansk Folkeparti,Liberal Alliance,69,88707,67948.0,0.7659823914685425,udenrigs_eu
Dansk Folkeparti,Radikale Venstre,69,53220,26459.0,0.497162720781661,udenrigs_eu
Dansk Folkeparti,Siumut,69,22,0.0,0.0,udenrigs_eu
Dansk Folkeparti,Socialdemokratiet,69,325051,206446.0,0.635118796742665,udenrigs_eu
Dansk Folkeparti,Socialistisk Folkeparti,69,44039,20540.0,0.4664047775835055,udenrigs_eu
Dansk Folkeparti,Tjóðveldi,69,263,23.0,0.0874524714828897,udenrigs_eu
Dansk Folkeparti,Venstre,69,212688,167302.0,0.786607613029414,udenrigs_eu
Det Konservative Folkeparti,Det Konservative Folkeparti,69,2870,2867.0,0.9989547038327526,udenrigs_eu
Det Konservative Folkeparti,Enhedslisten,69,17570,6272.0,0.3569721115537849,udenrigs_eu
Det Konservative Folkeparti,Inuit Ataqatigiit,69,56,16.0,0.2857142857142857,udenrigs_eu
Det Konservative Folkeparti,Liberal Alliance,69,15647,14968.0,0.956605100019173,udenrigs_eu
Det Konservative Folkeparti,Radikale Venstre,69,9401,6041.0,0.6425912137006702,udenrigs_eu
Det Konservative Folkeparti,Siumut,69,4,4.0,1.0,udenrigs_eu
Det Konservative Folkeparti,Socialdemokratiet,69,57338,46562.0,0.8120618089225295,udenrigs_eu
Det Konservative Folkeparti,Socialistisk Folkeparti,69,7768,4162.0,0.5357878475798146,udenrigs_eu
Det Konservative Folkeparti,Tjóðveldi,69,45,4.0,0.0888888888888888,udenrigs_eu
Det Konservative Folkeparti,Venstre,69,37453,36895.0,0.9851013269965024,udenrigs_eu
Enhedslisten,Enhedslisten,69,18130,18114.0,0.9991174848317704,udenrigs_eu
Enhedslisten,Inuit Ataqatigiit,69,126,27.0,0.2142857142857142,udenrigs_eu
Enhedslisten,Liberal Alliance,69,36355,12629.0,0.3473800027506533,udenrigs_eu
Enhedslisten,Radikale Venstre,69,21792,14325.0,0.657351321585903,udenrigs_eu
Enhedslisten,Siumut,69,9,9.0,1.0,udenrigs_eu
Enhedslisten,Socialdemokratiet,69,133276,65535.0,0.4917239412947568,udenrigs_eu
Enhedslisten,Socialistisk Folkeparti,69,18042,13919.0,0.7714776632302406,udenrigs_eu
Enhedslisten,Tjóðveldi,69,108,9.0,0.0833333333333333,udenrigs_eu
Enhedslisten,Venstre,69,87170,30918.0,0.3546862452678674,udenrigs_eu
Inuit Ataqatigiit,Liberal Alliance,69,111,24.0,0.2162162162162162,udenrigs_eu
Inuit Ataqatigiit,Radikale Venstre,69,62,16.0,0.2580645161290322,udenrigs_eu
Inuit Ataqatigiit,Socialdemokratiet,69,412,120.0,0.2912621359223301,udenrigs_eu
Inuit Ataqatigiit,Socialistisk Folkeparti,69,54,4.0,0.074074074074074,udenrigs_eu
Inuit Ataqatigiit,Tjóðveldi,69,2,2.0,1.0,udenrigs_eu
Inuit Ataqatigiit,Venstre,69,280,80.0,0.2857142857142857,udenrigs_eu
Liberal Alliance,Liberal Alliance,69,14244,14185.0,0.995857905082842,udenrigs_eu
Liberal Alliance,Radikale Venstre,69,19460,12135.0,0.6235868448098664,udenrigs_eu
Liberal Alliance,Siumut,69,8,8.0,1.0,udenrigs_eu
Liberal Alliance,Socialdemokratiet,69,118844,92184.0,0.7756723099188852,udenrigs_eu
Liberal Alliance,Socialistisk Folkeparti,69,16098,8310.0,0.5162131941856131,udenrigs_eu
Liberal Alliance,Tjóðveldi,69,94,8.0,0.0851063829787234,udenrigs_eu
Liberal Alliance,Venstre,69,77758,73919.0,0.9506288741994392,udenrigs_eu
Radikale Venstre,Radikale Venstre,69,4670,4646.0,0.9948608137044967,udenrigs_eu
Radikale Venstre,Siumut,69,5,5.0,1.0,udenrigs_eu
Radikale Venstre,Socialdemokratiet,69,71210,54365.0,0.7634461452043252,udenrigs_eu
Radikale Venstre,Socialistisk Folkeparti,69,9658,7835.0,0.8112445640919445,udenrigs_eu
Radikale Venstre,Tjóðveldi,69,58,5.0,0.0862068965517241,udenrigs_eu
Radikale Venstre,Venstre,69,46624,30370.0,0.6513812628689087,udenrigs_eu
Siumut,Socialdemokratiet,69,30,30.0,1.0,udenrigs_eu
Siumut,Socialistisk Folkeparti,69,4,4.0,1.0,udenrigs_eu
Siumut,Venstre,69,21,21.0,1.0,udenrigs_eu
Socialdemokratiet,Socialdemokratiet,69,210867,207845.0,0.985668691639754,udenrigs_eu
Socialdemokratiet,Socialistisk Folkeparti,69,58956,40275.0,0.6831365764298799,udenrigs_eu
Socialdemokratiet,Tjóðveldi,69,349,29.0,0.0830945558739255,udenrigs_eu
Socialdemokratiet,Venstre,69,285874,233378.0,0.8163666510420675,udenrigs_eu
Socialistisk Folkeparti,Socialistisk Folkeparti,69,2999,2999.0,1.0,udenrigs_eu
Socialistisk Folkeparti,Tjóðveldi,69,48,4.0,0.0833333333333333,udenrigs_eu
Socialistisk Folkeparti,Venstre,69,38598,20927.0,0.5421783512099072,udenrigs_eu
Tjóðveldi,Venstre,69,230,19.0,0.0826086956521739,udenrigs_eu
Venstre,Venstre,69,89153,89135.0,0.9997980998956848,udenrigs_eu
Alternativet,Alternativet,70,891,780.0,0.8754208754208754,udenrigs_eu
Alternativet,Danmarksdemokraterne,70,1308,680.0,0.5198776758409785,udenrigs_eu
Alternativet,Dansk Folkeparti,70,6929,3495.0,0.504401789580026,udenrigs_eu
Alternativet,Det Konservative Folkeparti,70,5670,3214.0,0.5668430335097002,udenrigs_eu
Alternativet,Enhedslisten,70,6504,5544.0,0.8523985239852399,udenrigs_eu
Alternativet,Inuit Ataqatigiit,70,6,3.0,0.5,udenrigs_eu
Alternativet,Liberal Alliance,70,1737,918.0,0.5284974093264249,udenrigs_eu
Alternativet,Nye Borgerlige,70,1944,832.0,0.4279835390946502,udenrigs_eu
Alternativet,Radikale Venstre,70,7932,6212.0,0.7831568330811901,udenrigs_eu
Alternativet,Sambandsflokkurin,70,9,6.0,0.6666666666666666,udenrigs_eu
Alternativet,Siumut,70,6,6.0,1.0,udenrigs_eu
Alternativet,Socialdemokratiet,70,24686,17707.0,0.7172891517459289,udenrigs_eu
Alternativet,Socialistisk Folkeparti,70,7081,6042.0,0.8532693122440334,udenrigs_eu
Alternativet,Venstre,70,21333,12589.0,0.5901185956030564,udenrigs_eu
Danmarksdemokraterne,Danmarksdemokraterne,70,180,161.0,0.8944444444444445,udenrigs_eu
Danmarksdemokraterne,Dansk Folkeparti,70,3507,3334.0,0.9506700883946392,udenrigs_eu
Danmarksdemokraterne,Det Konservative Folkeparti,70,2995,2350.0,0.7846410684474123,udenrigs_eu
Danmarksdemokraterne,Enhedslisten,70,3365,1741.0,0.5173848439821694,udenrigs_eu
Danmarksdemokraterne,Inuit Ataqatigiit,70,3,1.0,0.3333333333333333,udenrigs_eu
Danmarksdemokraterne,Liberal Alliance,70,899,655.0,0.728587319243604,udenrigs_eu
Danmarksdemokraterne,Nye Borgerlige,70,1014,765.0,0.7544378698224852,udenrigs_eu
Danmarksdemokraterne,Radikale Venstre,70,4118,2432.0,0.5905779504613891,udenrigs_eu
Danmarksdemokraterne,Sambandsflokkurin,70,5,5.0,1.0,udenrigs_eu
Danmarksdemokraterne,Siumut,70,3,3.0,1.0,udenrigs_eu
Danmarksdemokraterne,Socialdemokratiet,70,12635,8400.0,0.6648199445983379,udenrigs_eu
Danmarksdemokraterne,Socialistisk Folkeparti,70,3695,1993.0,0.5393775372124493,udenrigs_eu
Danmarksdemokraterne,Venstre,70,10881,8518.0,0.7828324602518151,udenrigs_eu
Dansk Folkeparti,Dansk Folkeparti,70,8455,8325.0,0.9846244825547014,udenrigs_eu
Dansk Folkeparti,Det Konservative Folkeparti,70,15699,11738.0,0.7476909357283903,udenrigs_eu
Dansk Folkeparti,Enhedslisten,70,17892,8869.0,0.4956964006259781,udenrigs_eu
Dansk Folkeparti,Inuit Ataqatigiit,70,15,7.0,0.4666666666666667,udenrigs_eu
Dansk Folkeparti,Liberal Alliance,70,4792,3306.0,0.6898998330550918,udenrigs_eu
Dansk Folkeparti,Nye Borgerlige,70,5362,4158.0,0.7754569190600522,udenrigs_eu
Dansk Folkeparti,Radikale Venstre,70,21906,12127.0,0.553592623025655,udenrigs_eu
Dansk Folkeparti,Sambandsflokkurin,70,29,29.0,1.0,udenrigs_eu
Dansk Folkeparti,Siumut,70,16,16.0,1.0,udenrigs_eu
Dansk Folkeparti,Socialdemokratiet,70,68294,42199.0,0.6179020118897707,udenrigs_eu
Dansk Folkeparti,Socialistisk Folkeparti,70,19728,10199.0,0.5169809407948094,udenrigs_eu
Dansk Folkeparti,Venstre,70,58949,43137.0,0.7317681385604505,udenrigs_eu
Det Konservative Folkeparti,Det Konservative Folkeparti,70,5664,5630.0,0.993997175141243,udenrigs_eu
Det Konservative Folkeparti,Enhedslisten,70,14802,7744.0,0.523172544250777,udenrigs_eu
Det Konservative Folkeparti,Inuit Ataqatigiit,70,11,11.0,1.0,udenrigs_eu
Det Konservative Folkeparti,Liberal Alliance,70,3941,3129.0,0.7939609236234458,udenrigs_eu
Det Konservative Folkeparti,Nye Borgerlige,70,4418,2861.0,0.6475780896333182,udenrigs_eu
Det Konservative Folkeparti,Radikale Venstre,70,18106,13189.0,0.7284325637910085,udenrigs_eu
Det Konservative Folkeparti,Sambandsflokkurin,70,19,19.0,1.0,udenrigs_eu
Det Konservative Folkeparti,Siumut,70,12,12.0,1.0,udenrigs_eu
Det Konservative Folkeparti,Socialdemokratiet,70,56163,44312.0,0.7889891921727827,udenrigs_eu
Det Konservative Folkeparti,Socialistisk Folkeparti,70,16331,10493.0,0.6425203600514359,udenrigs_eu
Det Konservative Folkeparti,Venstre,70,48249,45674.0,0.9466310182594458,udenrigs_eu
Enhedslisten,Enhedslisten,70,7329,7302.0,0.9963160049119936,udenrigs_eu
Enhedslisten,Inuit Ataqatigiit,70,14,14.0,1.0,udenrigs_eu
Enhedslisten,Liberal Alliance,70,4463,2177.0,0.4877884830831279,udenrigs_eu
Enhedslisten,Nye Borgerlige,70,5038,2096.0,0.4160381103612545,udenrigs_eu
Enhedslisten,Radikale Venstre,70,20623,15422.0,0.7478058478397905,udenrigs_eu
Enhedslisten,Sambandsflokkurin,70,24,8.0,0.3333333333333333,udenrigs_eu
Enhedslisten,Siumut,70,15,15.0,1.0,udenrigs_eu
Enhedslisten,Socialdemokratiet,70,64127,43671.0,0.6810079997504951,udenrigs_eu
Enhedslisten,Socialistisk Folkeparti,70,18589,15469.0,0.832158803593523,udenrigs_eu
Enhedslisten,Venstre,70,55406,29491.0,0.5322708731906292,udenrigs_eu
Inuit Ataqatigiit,Liberal Alliance,70,4,2.0,0.5,udenrigs_eu
Inuit Ataqatigiit,Nye Borgerlige,70,4,0.0,0.0,udenrigs_eu
Inuit Ataqatigiit,Radikale Venstre,70,17,17.0,1.0,udenrigs_eu
Inuit Ataqatigiit,Siumut,70,1,1.0,1.0,udenrigs_eu
Inuit Ataqatigiit,Socialdemokratiet,70,55,55.0,1.0,udenrigs_eu
Inuit Ataqatigiit,Socialistisk Folkeparti,70,15,15.0,1.0,udenrigs_eu
Inuit Ataqatigiit,Venstre,70,49,49.0,1.0,udenrigs_eu
Liberal Alliance,Liberal Alliance,70,335,323.0,0.964179104477612,udenrigs_eu
Liberal Alliance,Nye Borgerlige,70,1323,902.0,0.6817838246409675,udenrigs_eu
Liberal Alliance,Radikale Venstre,70,5486,3789.0,0.6906671527524608,udenrigs_eu
Liberal Alliance,Sambandsflokkurin,70,6,6.0,1.0,udenrigs_eu
Liberal Alliance,Siumut,70,5,3.0,0.6,udenrigs_eu
Liberal Alliance,Socialdemokratiet,70,17077,12510.0,0.7325642677285238,udenrigs_eu
Liberal Alliance,Socialistisk Folkeparti,70,4931,2882.0,0.5844656256337457,udenrigs_eu
Liberal Alliance,Venstre,70,14696,12135.0,0.8257348938486663,udenrigs_eu
Nye Borgerlige,Nye Borgerlige,70,449,446.0,0.9933184855233852,udenrigs_eu
Nye Borgerlige,Radikale Venstre,70,6152,2601.0,0.4227893368010403,udenrigs_eu
Nye Borgerlige,Sambandsflokkurin,70,8,8.0,1.0,udenrigs_eu
Nye Borgerlige,Siumut,70,4,2.0,0.5,udenrigs_eu
Nye Borgerlige,Socialdemokratiet,70,19244,9233.0,0.4797859072957805,udenrigs_eu
Nye Borgerlige,Socialistisk Folkeparti,70,5553,2313.0,0.4165316045380875,udenrigs_eu
Nye Borgerlige,Venstre,70,16572,10367.0,0.6255732560946174,udenrigs_eu
Radikale Venstre,Radikale Venstre,70,11302,11044.0,0.9771721819147052,udenrigs_eu
Radikale Venstre,Sambandsflokkurin,70,27,17.0,0.6296296296296297,udenrigs_eu
Radikale Venstre,Siumut,70,20,20.0,1.0,udenrigs_eu
Radikale Venstre,Socialdemokratiet,70,78305,66975.0,0.8553093672179299,udenrigs_eu
Radikale Venstre,Socialistisk Folkeparti,70,22755,19641.0,0.8631509558338827,udenrigs_eu
Radikale Venstre,Venstre,70,67691,51135.0,0.7554180023932281,udenrigs_eu
Sambandsflokkurin,Socialdemokratiet,70,81,81.0,1.0,udenrigs_eu
Sambandsflokkurin,Socialistisk Folkeparti,70,27,18.0,0.6666666666666666,udenrigs_eu
Sambandsflokkurin,Venstre,70,71,71.0,1.0,udenrigs_eu
Siumut,Socialdemokratiet,70,66,66.0,1.0,udenrigs_eu
Siumut,Socialistisk Folkeparti,70,19,19.0,1.0,udenrigs_eu
Siumut,Venstre,70,51,51.0,1.0,udenrigs_eu
Socialdemokratiet,Socialdemokratiet,70,118708,118680.0,0.999764127101796,udenrigs_eu
Socialdemokratiet,Socialistisk Folkeparti,70,70674,57936.0,0.8197639867560913,udenrigs_eu
Socialdemokratiet,Venstre,70,211920,172913.0,0.8159352585881464,udenrigs_eu
Socialistisk Folkeparti,Socialistisk Folkeparti,70,9027,9027.0,1.0,udenrigs_eu
Socialistisk Folkeparti,Venstre,70,61029,40694.0,0.6667977518884465,udenrigs_eu
Venstre,Venstre,70,87967,87646.0,0.9963509043163914,udenrigs_eu
Alternativet,Alternativet,71,931,857.0,0.920515574650913,udenrigs_eu
Alternativet,Danmarksdemokraterne,71,7117,3746.0,0.5263453702402697,udenrigs_eu
Alternativet,Dansk Folkeparti,71,1949,793.0,0.4068753206772704,udenrigs_eu
Alternativet,Det Konservative Folkeparti,71,4912,2625.0,0.5344055374592834,udenrigs_eu
Alternativet,Enhedslisten,71,4040,3165.0,0.7834158415841584,udenrigs_eu
Alternativet,Javnaðarflokkurin,71,6,4.0,0.6666666666666666,udenrigs_eu
Alternativet,Liberal Alliance,71,7061,3723.0,0.5272624274182127,udenrigs_eu
Alternativet,Moderaterne,71,7958,4422.0,0.5556672530786629,udenrigs_eu
Alternativet,Nye Borgerlige,71,2684,1170.0,0.4359165424739195,udenrigs_eu
Alternativet,Radikale Venstre,71,3423,2368.0,0.6917908267601519,udenrigs_eu
Alternativet,Sambandsflokkurin,71,49,31.0,0.6326530612244898,udenrigs_eu
Alternativet,Siumut,71,4,4.0,1.0,udenrigs_eu
Alternativet,Socialdemokratiet,71,27262,14981.0,0.5495194776612135,udenrigs_eu
Alternativet,Socialistisk Folkeparti,71,7378,5226.0,0.7083220384928165,udenrigs_eu
Alternativet,Venstre,71,12601,6861.0,0.5444805967780335,udenrigs_eu
Danmarksdemokraterne,Danmarksdemokraterne,71,8909,8881.0,0.9968571107868448,udenrigs_eu
Danmarksdemokraterne,Dansk Folkeparti,71,5506,3993.0,0.7252088630584816,udenrigs_eu
Danmarksdemokraterne,Det Konservative Folkeparti,71,13830,11432.0,0.8266088214027476,udenrigs_eu
Danmarksdemokraterne,Enhedslisten,71,11363,5799.0,0.510340579072428,udenrigs_eu
Danmarksdemokraterne,Javnaðarflokkurin,71,29,10.0,0.3448275862068966,udenrigs_eu
Danmarksdemokraterne,Liberal Alliance,71,19795,15303.0,0.7730740085880273,udenrigs_eu
Danmarksdemokraterne,Moderaterne,71,22445,16193.0,0.7214524392960571,udenrigs_eu
Danmarksdemokraterne,Nye Borgerlige,71,7669,5880.0,0.7667231712087625,udenrigs_eu
Danmarksdemokraterne,Radikale Venstre,71,9795,6348.0,0.6480857580398163,udenrigs_eu
Danmarksdemokraterne,Sambandsflokkurin,71,114,88.0,0.7719298245614035,udenrigs_eu
Danmarksdemokraterne,Siumut,71,9,0.0,0.0,udenrigs_eu
Danmarksdemokraterne,Socialdemokratiet,71,76804,55650.0,0.7245716368939118,udenrigs_eu
Danmarksdemokraterne,Socialistisk Folkeparti,71,20890,11779.0,0.5638583054092867,udenrigs_eu
Danmarksdemokraterne,Venstre,71,35403,25881.0,0.7310397423947124,udenrigs_eu
Dansk Folkeparti,Dansk Folkeparti,71,482,475.0,0.9854771784232366,udenrigs_eu
Dansk Folkeparti,Det Konservative Folkeparti,71,3823,2545.0,0.6657075595082396,udenrigs_eu
Dansk Folkeparti,Enhedslisten,71,3135,1395.0,0.4449760765550239,udenrigs_eu
Dansk Folkeparti,Javnaðarflokkurin,71,7,2.0,0.2857142857142857,udenrigs_eu
Dansk Folkeparti,Liberal Alliance,71,5470,3497.0,0.6393053016453382,udenrigs_eu
Dansk Folkeparti,Moderaterne,71,6203,3512.0,0.5661776559729164,udenrigs_eu
Dansk Folkeparti,Nye Borgerlige,71,2081,1691.0,0.8125901009130226,udenrigs_eu
Dansk Folkeparti,Radikale Venstre,71,2722,1392.0,0.5113886847905952,udenrigs_eu
Dansk Folkeparti,Sambandsflokkurin,71,26,15.0,0.5769230769230769,udenrigs_eu
Dansk Folkeparti,Siumut,71,3,0.0,0.0,udenrigs_eu
Dansk Folkeparti,Socialdemokratiet,71,21227,11733.0,0.5527394356244406,udenrigs_eu
Dansk Folkeparti,Socialistisk Folkeparti,71,5768,2559.0,0.4436546463245492,udenrigs_eu
Dansk Folkeparti,Venstre,71,9793,5479.0,0.5594812621260083,udenrigs_eu
Det Konservative Folkeparti,Det Konservative Folkeparti,71,3993,3993.0,1.0,udenrigs_eu
Det Konservative Folkeparti,Enhedslisten,71,7859,4125.0,0.5248759384145566,udenrigs_eu
Det Konservative Folkeparti,Javnaðarflokkurin,71,18,6.0,0.3333333333333333,udenrigs_eu
Det Konservative Folkeparti,Liberal Alliance,71,13702,11086.0,0.8090789665742227,udenrigs_eu
Det Konservative Folkeparti,Moderaterne,71,15537,12144.0,0.7816180729870631,udenrigs_eu
Det Konservative Folkeparti,Nye Borgerlige,71,5299,3679.0,0.6942819399886772,udenrigs_eu
Det Konservative Folkeparti,Radikale Venstre,71,6774,4884.0,0.7209920283436669,udenrigs_eu
Det Konservative Folkeparti,Sambandsflokkurin,71,77,59.0,0.7662337662337663,udenrigs_eu
Det Konservative Folkeparti,Siumut,71,5,0.0,0.0,udenrigs_eu
Det Konservative Folkeparti,Socialdemokratiet,71,53119,41946.0,0.7896609499425817,udenrigs_eu
Det Konservative Folkeparti,Socialistisk Folkeparti,71,14453,9246.0,0.6397287760326575,udenrigs_eu
Det Konservative Folkeparti,Venstre,71,24472,19470.0,0.7956031382804838,udenrigs_eu
Enhedslisten,Enhedslisten,71,2597,2566.0,0.9880631497882172,udenrigs_eu
Enhedslisten,Javnaðarflokkurin,71,16,11.0,0.6875,udenrigs_eu
Enhedslisten,Liberal Alliance,71,11232,5820.0,0.5181623931623932,udenrigs_eu
Enhedslisten,Moderaterne,71,12760,7081.0,0.5549373040752351,udenrigs_eu
Enhedslisten,Nye Borgerlige,71,4389,1945.0,0.44315333789018,udenrigs_eu
Enhedslisten,Radikale Venstre,71,5578,3800.0,0.6812477590534242,udenrigs_eu
Enhedslisten,Sambandsflokkurin,71,64,49.0,0.765625,udenrigs_eu
Enhedslisten,Siumut,71,5,5.0,1.0,udenrigs_eu
Enhedslisten,Socialdemokratiet,71,43662,23516.0,0.5385919105858641,udenrigs_eu
Enhedslisten,Socialistisk Folkeparti,71,11864,9316.0,0.7852326365475387,udenrigs_eu
Enhedslisten,Venstre,71,20125,10751.0,0.5342111801242236,udenrigs_eu
Javnaðarflokkurin,Liberal Alliance,71,26,9.0,0.3461538461538461,udenrigs_eu
Javnaðarflokkurin,Moderaterne,71,35,31.0,0.8857142857142857,udenrigs_eu
Javnaðarflokkurin,Nye Borgerlige,71,10,2.0,0.2,udenrigs_eu
Javnaðarflokkurin,Radikale Venstre,71,14,10.0,0.7142857142857143,udenrigs_eu
Javnaðarflokkurin,Socialdemokratiet,71,107,107.0,1.0,udenrigs_eu
Javnaðarflokkurin,Socialistisk Folkeparti,71,27,18.0,0.6666666666666666,udenrigs_eu
Javnaðarflokkurin,Venstre,71,43,43.0,1.0,udenrigs_eu
Liberal Alliance,Liberal Alliance,71,8698,8668.0,0.9965509312485628,udenrigs_eu
Liberal Alliance,Moderaterne,71,22238,16155.0,0.7264592139580898,udenrigs_eu
Liberal Alliance,Nye Borgerlige,71,7515,5369.0,0.7144377910844977,udenrigs_eu
Liberal Alliance,Radikale Venstre,71,9684,6331.0,0.6537587773647253,udenrigs_eu
Liberal Alliance,Sambandsflokkurin,71,117,90.0,0.7692307692307693,udenrigs_eu
Liberal Alliance,Siumut,71,7,0.0,0.0,udenrigs_eu
Liberal Alliance,Socialdemokratiet,71,75981,54929.0,0.7229307326831708,udenrigs_eu
Liberal Alliance,Socialistisk Folkeparti,71,20669,12225.0,0.5914654797039044,udenrigs_eu
Liberal Alliance,Venstre,71,34990,25475.0,0.728065161474707,udenrigs_eu
Moderaterne,Moderaterne,71,11384,10568.0,0.9283204497540408,udenrigs_eu
Moderaterne,Nye Borgerlige,71,8611,4895.0,0.5684589478573917,udenrigs_eu
Moderaterne,Radikale Venstre,71,11011,8583.0,0.7794932340386885,udenrigs_eu
Moderaterne,Sambandsflokkurin,71,129,127.0,0.9844961240310076,udenrigs_eu
Moderaterne,Siumut,71,9,1.0,0.1111111111111111,udenrigs_eu
Moderaterne,Socialdemokratiet,71,86200,82762.0,0.9601160092807424,udenrigs_eu
Moderaterne,Socialistisk Folkeparti,71,23444,16707.0,0.7126343627367343,udenrigs_eu
Moderaterne,Venstre,71,39684,37961.0,0.9565819977824817,udenrigs_eu
Nye Borgerlige,Nye Borgerlige,71,1124,833.0,0.7411032028469751,udenrigs_eu
Nye Borgerlige,Radikale Venstre,71,3775,1949.0,0.5162913907284769,udenrigs_eu
Nye Borgerlige,Sambandsflokkurin,71,40,24.0,0.6,udenrigs_eu
Nye Borgerlige,Siumut,71,3,0.0,0.0,udenrigs_eu
Nye Borgerlige,Socialdemokratiet,71,29527,16705.0,0.5657533782639618,udenrigs_eu
Nye Borgerlige,Socialistisk Folkeparti,71,8014,3583.0,0.4470925879710506,udenrigs_eu
Nye Borgerlige,Venstre,71,13623,7793.0,0.572047272994201,udenrigs_eu
Radikale Venstre,Radikale Venstre,71,1878,1801.0,0.9589989350372736,udenrigs_eu
Radikale Venstre,Sambandsflokkurin,71,52,45.0,0.8653846153846154,udenrigs_eu
Radikale Venstre,Siumut,71,5,4.0,0.8,udenrigs_eu
Radikale Venstre,Socialdemokratiet,71,37727,30185.0,0.8000901211334058,udenrigs_eu
Radikale Venstre,Socialistisk Folkeparti,71,10256,8152.0,0.7948517940717629,udenrigs_eu
Radikale Venstre,Venstre,71,17346,13809.0,0.7960913178830854,udenrigs_eu
Sambandsflokkurin,Socialdemokratiet,71,432,432.0,1.0,udenrigs_eu
Sambandsflokkurin,Socialistisk Folkeparti,71,117,90.0,0.7692307692307693,udenrigs_eu
Sambandsflokkurin,Venstre,71,179,178.0,0.994413407821229,udenrigs_eu
Siumut,Socialdemokratiet,71,33,0.0,0.0,udenrigs_eu
Siumut,Socialistisk Folkeparti,71,8,0.0,0.0,udenrigs_eu
Siumut,Venstre,71,15,0.0,0.0,udenrigs_eu
Socialdemokratiet,Socialdemokratiet,71,143244,143212.0,0.9997766049537852,udenrigs_eu
Socialdemokratiet,Socialistisk Folkeparti,71,80223,57607.0,0.7180858357328945,udenrigs_eu
Socialdemokratiet,Venstre,71,135904,135330.0,0.995776430421474,udenrigs_eu
Socialistisk Folkeparti,Socialistisk Folkeparti,71,9722,9683.0,0.9959884797366796,udenrigs_eu
Socialistisk Folkeparti,Venstre,71,36944,26300.0,0.7118882633174535,udenrigs_eu
Venstre,Venstre,71,29396,29155.0,0.991801605660634,udenrigs_eu
Danmarksdemokraterne,Danmarksdemokraterne,65,4,4.0,1.0,transport_infrastruktur
Danmarksdemokraterne,Dansk Folkeparti,65,322,322.0,1.0,transport_infrastruktur
Danmarksdemokraterne,Det Konservative Folkeparti,65,185,185.0,1.0,transport_infrastruktur
Danmarksdemokraterne,Enhedslisten,65,29,4.0,0.1379310344827586,transport_infrastruktur
Danmarksdemokraterne,Kristendemokraterne,65,43,29.0,0.6744186046511628,transport_infrastruktur
Danmarksdemokraterne,Radikale Venstre,65,96,56.0,0.5833333333333334,transport_infrastruktur
Danmarksdemokraterne,Socialdemokratiet,65,724,396.0,0.5469613259668509,transport_infrastruktur
Danmarksdemokraterne,Socialistisk Folkeparti,65,157,79.0,0.5031847133757962,transport_infrastruktur
Danmarksdemokraterne,Venstre,65,820,820.0,1.0,transport_infrastruktur
Dansk Folkeparti,Dansk Folkeparti,65,1807,1807.0,1.0,transport_infrastruktur
Dansk Folkeparti,Det Konservative Folkeparti,65,2293,2293.0,1.0,transport_infrastruktur
Dansk Folkeparti,Enhedslisten,65,369,43.0,0.1165311653116531,transport_infrastruktur
Dansk Folkeparti,Kristendemokraterne,65,513,367.0,0.7153996101364523,transport_infrastruktur
Dansk Folkeparti,Radikale Venstre,65,1177,709.0,0.6023789294817332,transport_infrastruktur
Dansk Folkeparti,Socialdemokratiet,65,8655,4818.0,0.5566724436741768,transport_infrastruktur
Dansk Folkeparti,Socialistisk Folkeparti,65,1913,935.0,0.4887611082070047,transport_infrastruktur
Dansk Folkeparti,Venstre,65,9778,9778.0,1.0,transport_infrastruktur
Det Konservative Folkeparti,Det Konservative Folkeparti,65,618,618.0,1.0,transport_infrastruktur
Det Konservative Folkeparti,Enhedslisten,65,225,25.0,0.1111111111111111,transport_infrastruktur
Det Konservative Folkeparti,Kristendemokraterne,65,301,225.0,0.7475083056478405,transport_infrastruktur
Det Konservative Folkeparti,Radikale Venstre,65,703,405.0,0.5761024182076814,transport_infrastruktur
Det Konservative Folkeparti,Socialdemokratiet,65,5105,2698.0,0.5285014691478942,transport_infrastruktur
Det Konservative Folkeparti,Socialistisk Folkeparti,65,1121,502.0,0.447814451382694,transport_infrastruktur
Det Konservative Folkeparti,Venstre,65,5773,5773.0,1.0,transport_infrastruktur
Enhedslisten,Enhedslisten,65,7,7.0,1.0,transport_infrastruktur
Enhedslisten,Kristendemokraterne,65,48,18.0,0.375,transport_infrastruktur
Enhedslisten,Radikale Venstre,65,114,64.0,0.5614035087719298,transport_infrastruktur
Enhedslisten,Socialdemokratiet,65,813,516.0,0.6346863468634686,transport_infrastruktur
Enhedslisten,Socialistisk Folkeparti,65,184,134.0,0.7282608695652174,transport_infrastruktur
Enhedslisten,Venstre,65,924,112.0,0.1212121212121212,transport_infrastruktur
Kristendemokraterne,Kristendemokraterne,65,17,17.0,1.0,transport_infrastruktur
Kristendemokraterne,Radikale Venstre,65,155,102.0,0.6580645161290323,transport_infrastruktur
Kristendemokraterne,Socialdemokratiet,65,1148,852.0,0.7421602787456446,transport_infrastruktur
Kristendemokraterne,Socialistisk Folkeparti,65,253,164.0,0.6482213438735178,transport_infrastruktur
Kristendemokraterne,Venstre,65,1298,928.0,0.7149460708782742,transport_infrastruktur
Radikale Venstre,Radikale Venstre,65,140,140.0,1.0,transport_infrastruktur
Radikale Venstre,Socialdemokratiet,65,2620,2445.0,0.933206106870229,transport_infrastruktur
Radikale Venstre,Socialistisk Folkeparti,65,580,495.0,0.853448275862069,transport_infrastruktur
Radikale Venstre,Venstre,65,2960,1768.0,0.5972972972972973,transport_infrastruktur
Socialdemokratiet,Socialdemokratiet,65,9389,9358.0,0.9966982639258708,transport_infrastruktur
Socialdemokratiet,Socialistisk Folkeparti,65,4259,3980.0,0.934491664710026,transport_infrastruktur
Socialdemokratiet,Venstre,65,21871,12179.0,0.556856110831695,transport_infrastruktur
Socialistisk Folkeparti,Socialistisk Folkeparti,65,415,415.0,1.0,transport_infrastruktur
Socialistisk Folkeparti,Venstre,65,4805,2359.0,0.4909469302809573,transport_infrastruktur
Venstre,Venstre,65,12045,12045.0,1.0,transport_infrastruktur
Danmarksdemokraterne,Danmarksdemokraterne,66,23,22.0,0.9565217391304348,transport_infrastruktur
Danmarksdemokraterne,Dansk Folkeparti,66,2312,2248.0,0.972318339100346,transport_infrastruktur
Danmarksdemokraterne,Det Konservative Folkeparti,66,1700,1688.0,0.9929411764705882,transport_infrastruktur
Danmarksdemokraterne,Enhedslisten,66,380,106.0,0.2789473684210526,transport_infrastruktur
Danmarksdemokraterne,Fólkaflokkurin,66,1,1.0,1.0,transport_infrastruktur
Danmarksdemokraterne,Inuit Ataqatigiit,66,1,0.0,0.0,transport_infrastruktur
Danmarksdemokraterne,Radikale Venstre,66,1287,879.0,0.682983682983683,transport_infrastruktur
Danmarksdemokraterne,Siumut,66,2,1.0,0.5,transport_infrastruktur
Danmarksdemokraterne,Socialdemokratiet,66,4185,2857.0,0.6826762246117085,transport_infrastruktur
Danmarksdemokraterne,Socialistisk Folkeparti,66,1157,509.0,0.4399308556611927,transport_infrastruktur
Danmarksdemokraterne,Venstre,66,4886,4849.0,0.9924273434302088,transport_infrastruktur
Dansk Folkeparti,Dansk Folkeparti,66,15920,15920.0,1.0,transport_infrastruktur
Dansk Folkeparti,Det Konservative Folkeparti,66,24843,24156.0,0.9723463349836976,transport_infrastruktur
Dansk Folkeparti,Enhedslisten,66,5639,1465.0,0.2597978364958326,transport_infrastruktur
Dansk Folkeparti,Fólkaflokkurin,66,16,16.0,1.0,transport_infrastruktur
Dansk Folkeparti,Inuit Ataqatigiit,66,15,0.0,0.0,transport_infrastruktur
Dansk Folkeparti,Radikale Venstre,66,18601,12843.0,0.6904467501747218,transport_infrastruktur
Dansk Folkeparti,Siumut,66,31,16.0,0.5161290322580645,transport_infrastruktur
Dansk Folkeparti,Socialdemokratiet,66,60978,42174.0,0.691626488241661,transport_infrastruktur
Dansk Folkeparti,Socialistisk Folkeparti,66,16859,7465.0,0.4427902010795421,transport_infrastruktur
Dansk Folkeparti,Venstre,66,70739,68562.0,0.9692248971571552,transport_infrastruktur
Det Konservative Folkeparti,Det Konservative Folkeparti,66,8416,8406.0,0.9988117870722434,transport_infrastruktur
Det Konservative Folkeparti,Enhedslisten,66,4147,1093.0,0.2635640221847118,transport_infrastruktur
Det Konservative Folkeparti,Fólkaflokkurin,66,11,11.0,1.0,transport_infrastruktur
Det Konservative Folkeparti,Inuit Ataqatigiit,66,12,0.0,0.0,transport_infrastruktur
Det Konservative Folkeparti,Radikale Venstre,66,13578,9567.0,0.7045956694653115,transport_infrastruktur
Det Konservative Folkeparti,Siumut,66,25,13.0,0.52,transport_infrastruktur
Det Konservative Folkeparti,Socialdemokratiet,66,44776,32160.0,0.7182419153117742,transport_infrastruktur
Det Konservative Folkeparti,Socialistisk Folkeparti,66,12379,5708.0,0.4611034817028839,transport_infrastruktur
Det Konservative Folkeparti,Venstre,66,51943,51898.0,0.999133665748994,transport_infrastruktur
Enhedslisten,Enhedslisten,66,309,309.0,1.0,transport_infrastruktur
Enhedslisten,Fólkaflokkurin,66,3,0.0,0.0,transport_infrastruktur
Enhedslisten,Inuit Ataqatigiit,66,2,2.0,1.0,transport_infrastruktur
Enhedslisten,Radikale Venstre,66,3089,1404.0,0.4545160246034315,transport_infrastruktur
Enhedslisten,Siumut,66,5,5.0,1.0,transport_infrastruktur
Enhedslisten,Socialdemokratiet,66,10132,4732.0,0.4670351362021319,transport_infrastruktur
Enhedslisten,Socialistisk Folkeparti,66,2791,2012.0,0.7208885704048728,transport_infrastruktur
Enhedslisten,Venstre,66,11762,3129.0,0.2660261860227852,transport_infrastruktur
Fólkaflokkurin,Radikale Venstre,66,8,8.0,1.0,transport_infrastruktur
Fólkaflokkurin,Socialdemokratiet,66,30,30.0,1.0,transport_infrastruktur
Fólkaflokkurin,Socialistisk Folkeparti,66,7,7.0,1.0,transport_infrastruktur
Fólkaflokkurin,Venstre,66,33,33.0,1.0,transport_infrastruktur
Inuit Ataqatigiit,Radikale Venstre,66,9,9.0,1.0,transport_infrastruktur
Inuit Ataqatigiit,Socialdemokratiet,66,27,27.0,1.0,transport_infrastruktur
Inuit Ataqatigiit,Socialistisk Folkeparti,66,8,8.0,1.0,transport_infrastruktur
Inuit Ataqatigiit,Venstre,66,31,0.0,0.0,transport_infrastruktur
Radikale Venstre,Radikale Venstre,66,4572,4509.0,0.9862204724409448,transport_infrastruktur
Radikale Venstre,Siumut,66,18,17.0,0.9444444444444444,transport_infrastruktur
Radikale Venstre,Socialdemokratiet,66,33413,26968.0,0.80711100469877,transport_infrastruktur
Radikale Venstre,Socialistisk Folkeparti,66,9218,6369.0,0.6909307875894988,transport_infrastruktur
Radikale Venstre,Venstre,66,38764,27166.0,0.7008048704984006,transport_infrastruktur
Siumut,Socialdemokratiet,66,59,59.0,1.0,transport_infrastruktur
Siumut,Socialistisk Folkeparti,66,15,15.0,1.0,transport_infrastruktur
Siumut,Venstre,66,72,34.0,0.4722222222222222,transport_infrastruktur
Socialdemokratiet,Socialdemokratiet,66,53205,53093.0,0.9978949346865896,transport_infrastruktur
Socialdemokratiet,Socialistisk Folkeparti,66,30382,21702.0,0.7143045224145876,transport_infrastruktur
Socialdemokratiet,Venstre,66,127568,91770.0,0.7193810359964882,transport_infrastruktur
Socialistisk Folkeparti,Socialistisk Folkeparti,66,3719,3425.0,0.9209464909922022,transport_infrastruktur
Socialistisk Folkeparti,Venstre,66,35250,16311.0,0.4627234042553191,transport_infrastruktur
Venstre,Venstre,66,72013,71978.0,0.9995139766431062,transport_infrastruktur
Danmarksdemokraterne,Danmarksdemokraterne,67,40,37.0,0.925,transport_infrastruktur
Danmarksdemokraterne,Dansk Folkeparti,67,2795,2628.0,0.9402504472271914,transport_infrastruktur
Danmarksdemokraterne,Det Konservative Folkeparti,67,1683,1619.0,0.9619726678550208,transport_infrastruktur
Danmarksdemokraterne,Enhedslisten,67,364,139.0,0.3818681318681318,transport_infrastruktur
Danmarksdemokraterne,Inuit Ataqatigiit,67,1,1.0,1.0,transport_infrastruktur
Danmarksdemokraterne,Liberal Alliance,67,434,375.0,0.8640552995391705,transport_infrastruktur
Danmarksdemokraterne,Radikale Venstre,67,735,437.0,0.5945578231292517,transport_infrastruktur
Danmarksdemokraterne,Sambandsflokkurin,67,4,4.0,1.0,transport_infrastruktur
Danmarksdemokraterne,Siumut,67,7,6.0,0.8571428571428571,transport_infrastruktur
Danmarksdemokraterne,Socialdemokratiet,67,4765,2928.0,0.6144805876180482,transport_infrastruktur
Danmarksdemokraterne,Socialistisk Folkeparti,67,2259,1227.0,0.5431606905710491,transport_infrastruktur
Danmarksdemokraterne,Tjóðveldi,67,1,1.0,1.0,transport_infrastruktur
Danmarksdemokraterne,Venstre,67,4705,4553.0,0.96769394261424,transport_infrastruktur
Dansk Folkeparti,Dansk Folkeparti,67,27324,26976.0,0.9872639437856828,transport_infrastruktur
Dansk Folkeparti,Det Konservative Folkeparti,67,34924,31248.0,0.8947428702325049,transport_infrastruktur
Dansk Folkeparti,Enhedslisten,67,7628,2624.0,0.3439958049292081,transport_infrastruktur
Dansk Folkeparti,Inuit Ataqatigiit,67,18,18.0,1.0,transport_infrastruktur
Dansk Folkeparti,Liberal Alliance,67,8650,6967.0,0.8054335260115607,transport_infrastruktur
Dansk Folkeparti,Radikale Venstre,67,14972,8504.0,0.5679935880309912,transport_infrastruktur
Dansk Folkeparti,Sambandsflokkurin,67,156,156.0,1.0,transport_infrastruktur
Dansk Folkeparti,Siumut,67,101,84.0,0.8316831683168316,transport_infrastruktur
Dansk Folkeparti,Socialdemokratiet,67,97147,53126.0,0.5468619720629562,transport_infrastruktur
Dansk Folkeparti,Socialistisk Folkeparti,67,45608,21533.0,0.4721320820908612,transport_infrastruktur
Dansk Folkeparti,Tjóðveldi,67,18,18.0,1.0,transport_infrastruktur
Dansk Folkeparti,Venstre,67,96667,86876.0,0.8987141423650263,transport_infrastruktur
Det Konservative Folkeparti,Det Konservative Folkeparti,67,9724,9652.0,0.9925956396544632,transport_infrastruktur
Det Konservative Folkeparti,Enhedslisten,67,4602,1782.0,0.3872229465449804,transport_infrastruktur
Det Konservative Folkeparti,Inuit Ataqatigiit,67,9,9.0,1.0,transport_infrastruktur
Det Konservative Folkeparti,Liberal Alliance,67,5164,4591.0,0.8890395042602633,transport_infrastruktur
Det Konservative Folkeparti,Radikale Venstre,67,9145,6174.0,0.6751230180426463,transport_infrastruktur
Det Konservative Folkeparti,Sambandsflokkurin,67,86,86.0,1.0,transport_infrastruktur
Det Konservative Folkeparti,Siumut,67,57,48.0,0.8421052631578947,transport_infrastruktur
Det Konservative Folkeparti,Socialdemokratiet,67,58754,37769.0,0.6428328284031726,transport_infrastruktur
Det Konservative Folkeparti,Socialistisk Folkeparti,67,27543,16028.0,0.581926442290237,transport_infrastruktur
Det Konservative Folkeparti,Tjóðveldi,67,9,9.0,1.0,transport_infrastruktur
Det Konservative Folkeparti,Venstre,67,58554,58319.0,0.9959866106499984,transport_infrastruktur
Enhedslisten,Enhedslisten,67,307,277.0,0.9022801302931596,transport_infrastruktur
Enhedslisten,Inuit Ataqatigiit,67,2,0.0,0.0,transport_infrastruktur
Enhedslisten,Liberal Alliance,67,1148,493.0,0.4294425087108014,transport_infrastruktur
Enhedslisten,Radikale Venstre,67,1976,1298.0,0.6568825910931174,transport_infrastruktur
Enhedslisten,Sambandsflokkurin,67,22,4.0,0.1818181818181818,transport_infrastruktur
Enhedslisten,Siumut,67,14,8.0,0.5714285714285714,transport_infrastruktur
Enhedslisten,Socialdemokratiet,67,12774,8994.0,0.7040864255519023,transport_infrastruktur
Enhedslisten,Socialistisk Folkeparti,67,5987,4619.0,0.7715049273425756,transport_infrastruktur
Enhedslisten,Tjóðveldi,67,2,0.0,0.0,transport_infrastruktur
Enhedslisten,Venstre,67,12720,4836.0,0.380188679245283,transport_infrastruktur
Inuit Ataqatigiit,Liberal Alliance,67,3,2.0,0.6666666666666666,transport_infrastruktur
Inuit Ataqatigiit,Radikale Venstre,67,6,6.0,1.0,transport_infrastruktur
Inuit Ataqatigiit,Sambandsflokkurin,67,1,1.0,1.0,transport_infrastruktur
Inuit Ataqatigiit,Socialdemokratiet,67,30,30.0,1.0,transport_infrastruktur
Inuit Ataqatigiit,Socialistisk Folkeparti,67,13,13.0,1.0,transport_infrastruktur
Inuit Ataqatigiit,Tjóðveldi,67,1,1.0,1.0,transport_infrastruktur
Inuit Ataqatigiit,Venstre,67,35,35.0,1.0,transport_infrastruktur
Liberal Alliance,Liberal Alliance,67,485,382.0,0.7876288659793814,transport_infrastruktur
Liberal Alliance,Radikale Venstre,67,2157,1527.0,0.7079276773296245,transport_infrastruktur
Liberal Alliance,Sambandsflokkurin,67,34,32.0,0.9411764705882352,transport_infrastruktur
Liberal Alliance,Siumut,67,16,16.0,1.0,transport_infrastruktur
Liberal Alliance,Socialdemokratiet,67,14551,9503.0,0.6530822623874648,transport_infrastruktur
Liberal Alliance,Socialistisk Folkeparti,67,6864,4159.0,0.6059149184149184,transport_infrastruktur
Liberal Alliance,Tjóðveldi,67,3,2.0,0.6666666666666666,transport_infrastruktur
Liberal Alliance,Venstre,67,14399,12802.0,0.8890895201055629,transport_infrastruktur
Radikale Venstre,Radikale Venstre,67,1571,1498.0,0.9535327816677276,transport_infrastruktur
Radikale Venstre,Sambandsflokkurin,67,30,26.0,0.8666666666666667,transport_infrastruktur
Radikale Venstre,Siumut,67,25,24.0,0.96,transport_infrastruktur
Radikale Venstre,Socialdemokratiet,67,25133,20168.0,0.8024509608880754,transport_infrastruktur
Radikale Venstre,Socialistisk Folkeparti,67,11785,9614.0,0.815782774713619,transport_infrastruktur
Radikale Venstre,Tjóðveldi,67,6,6.0,1.0,transport_infrastruktur
Radikale Venstre,Venstre,67,25106,16759.0,0.6675296741814706,transport_infrastruktur
Sambandsflokkurin,Siumut,67,1,1.0,1.0,transport_infrastruktur
Sambandsflokkurin,Socialdemokratiet,67,267,204.0,0.7640449438202247,transport_infrastruktur
Sambandsflokkurin,Socialistisk Folkeparti,67,119,53.0,0.4453781512605042,transport_infrastruktur
Sambandsflokkurin,Tjóðveldi,67,1,1.0,1.0,transport_infrastruktur
Sambandsflokkurin,Venstre,67,241,241.0,1.0,transport_infrastruktur
Siumut,Socialdemokratiet,67,176,176.0,1.0,transport_infrastruktur
Siumut,Socialistisk Folkeparti,67,80,80.0,1.0,transport_infrastruktur
Siumut,Venstre,67,174,144.0,0.8275862068965517,transport_infrastruktur
Socialdemokratiet,Socialdemokratiet,67,78939,78201.0,0.9906510090069548,transport_infrastruktur
Socialdemokratiet,Socialistisk Folkeparti,67,76624,70044.0,0.9141261223637502,transport_infrastruktur
Socialdemokratiet,Tjóðveldi,67,30,30.0,1.0,transport_infrastruktur
Socialdemokratiet,Venstre,67,162513,104132.0,0.640761046808563,transport_infrastruktur
Socialistisk Folkeparti,Socialistisk Folkeparti,67,16814,16748.0,0.9960746996550494,transport_infrastruktur
Socialistisk Folkeparti,Tjóðveldi,67,13,13.0,1.0,transport_infrastruktur
Socialistisk Folkeparti,Venstre,67,76157,43833.0,0.5755610121197001,transport_infrastruktur
Tjóðveldi,Venstre,67,35,35.0,1.0,transport_infrastruktur
Venstre,Venstre,67,78518,78403.0,0.9985353676863904,transport_infrastruktur
Danmarksdemokraterne,Danmarksdemokraterne,68,103,68.0,0.6601941747572816,transport_infrastruktur
Danmarksdemokraterne,Dansk Folkeparti,68,3565,3076.0,0.8628330995792426,transport_infrastruktur
Danmarksdemokraterne,Det Konservative Folkeparti,68,1481,1149.0,0.7758271438217421,transport_infrastruktur
Danmarksdemokraterne,Enhedslisten,68,2440,1049.0,0.4299180327868852,transport_infrastruktur
Danmarksdemokraterne,Javnaðarflokkurin,68,6,2.0,0.3333333333333333,transport_infrastruktur
Danmarksdemokraterne,Liberal Alliance,68,1472,952.0,0.6467391304347826,transport_infrastruktur
Danmarksdemokraterne,Radikale Venstre,68,3184,2030.0,0.6375628140703518,transport_infrastruktur
Danmarksdemokraterne,Sambandsflokkurin,68,7,7.0,1.0,transport_infrastruktur
Danmarksdemokraterne,Socialdemokratiet,68,8453,5417.0,0.6408375724594818,transport_infrastruktur
Danmarksdemokraterne,Socialistisk Folkeparti,68,2816,1780.0,0.6321022727272727,transport_infrastruktur
Danmarksdemokraterne,Venstre,68,8112,6610.0,0.8148422090729783,transport_infrastruktur
Dansk Folkeparti,Dansk Folkeparti,68,13982,13919.0,0.9954942068373624,transport_infrastruktur
Dansk Folkeparti,Det Konservative Folkeparti,68,12599,8756.0,0.6949757917295023,transport_infrastruktur
Dansk Folkeparti,Enhedslisten,68,20782,9390.0,0.4518333172938119,transport_infrastruktur
Dansk Folkeparti,Javnaðarflokkurin,68,26,0.0,0.0,transport_infrastruktur
Dansk Folkeparti,Liberal Alliance,68,12547,7904.0,0.6299513828006695,transport_infrastruktur
Dansk Folkeparti,Radikale Venstre,68,27012,16115.0,0.5965867022064267,transport_infrastruktur
Dansk Folkeparti,Sambandsflokkurin,68,49,49.0,1.0,transport_infrastruktur
Dansk Folkeparti,Socialdemokratiet,68,71890,43178.0,0.6006120461816664,transport_infrastruktur
Dansk Folkeparti,Socialistisk Folkeparti,68,23871,14339.0,0.6006870260986134,transport_infrastruktur
Dansk Folkeparti,Venstre,68,68823,49647.0,0.7213722156837103,transport_infrastruktur
Det Konservative Folkeparti,Det Konservative Folkeparti,68,2140,2131.0,0.9957943925233644,transport_infrastruktur
Det Konservative Folkeparti,Enhedslisten,68,8619,3833.0,0.4447151641721777,transport_infrastruktur
Det Konservative Folkeparti,Javnaðarflokkurin,68,6,6.0,1.0,transport_infrastruktur
Det Konservative Folkeparti,Liberal Alliance,68,5205,3638.0,0.6989433237271854,transport_infrastruktur
Det Konservative Folkeparti,Radikale Venstre,68,11186,8539.0,0.7633649204362596,transport_infrastruktur
Det Konservative Folkeparti,Sambandsflokkurin,68,20,20.0,1.0,transport_infrastruktur
Det Konservative Folkeparti,Socialdemokratiet,68,29815,22844.0,0.7661915143384203,transport_infrastruktur
Det Konservative Folkeparti,Socialistisk Folkeparti,68,9860,7377.0,0.7481744421906694,transport_infrastruktur
Det Konservative Folkeparti,Venstre,68,28501,26596.0,0.9331602399915792,transport_infrastruktur
Enhedslisten,Enhedslisten,68,6275,6032.0,0.9612749003984064,transport_infrastruktur
Enhedslisten,Javnaðarflokkurin,68,16,16.0,1.0,transport_infrastruktur
Enhedslisten,Liberal Alliance,68,8570,2882.0,0.3362893815635939,transport_infrastruktur
Enhedslisten,Radikale Venstre,68,18418,12039.0,0.6536540340970789,transport_infrastruktur
Enhedslisten,Sambandsflokkurin,68,30,14.0,0.4666666666666667,transport_infrastruktur
Enhedslisten,Socialdemokratiet,68,49111,31502.0,0.6414448901468103,transport_infrastruktur
Enhedslisten,Socialistisk Folkeparti,68,16307,10917.0,0.669467100018397,transport_infrastruktur
Enhedslisten,Venstre,68,47015,19011.0,0.4043603105391896,transport_infrastruktur
Javnaðarflokkurin,Liberal Alliance,68,8,0.0,0.0,transport_infrastruktur
Javnaðarflokkurin,Radikale Venstre,68,22,22.0,1.0,transport_infrastruktur
Javnaðarflokkurin,Socialdemokratiet,68,55,55.0,1.0,transport_infrastruktur
Javnaðarflokkurin,Socialistisk Folkeparti,68,17,17.0,1.0,transport_infrastruktur
Javnaðarflokkurin,Venstre,68,54,54.0,1.0,transport_infrastruktur
Liberal Alliance,Liberal Alliance,68,2075,2063.0,0.9942168674698796,transport_infrastruktur
Liberal Alliance,Radikale Venstre,68,11148,5926.0,0.5315751704341586,transport_infrastruktur
Liberal Alliance,Sambandsflokkurin,68,20,20.0,1.0,transport_infrastruktur
Liberal Alliance,Socialdemokratiet,68,29656,15471.0,0.521681953061775,transport_infrastruktur
Liberal Alliance,Socialistisk Folkeparti,68,9852,5152.0,0.5229395046691028,transport_infrastruktur
Liberal Alliance,Venstre,68,28390,20788.0,0.732229658330398,transport_infrastruktur
Radikale Venstre,Radikale Venstre,68,10997,10838.0,0.9855415113212694,transport_infrastruktur
Radikale Venstre,Sambandsflokkurin,68,44,33.0,0.75,transport_infrastruktur
Radikale Venstre,Socialdemokratiet,68,63840,63368.0,0.9926065162907268,transport_infrastruktur
Radikale Venstre,Socialistisk Folkeparti,68,21194,20670.0,0.9752760215155232,transport_infrastruktur
Radikale Venstre,Venstre,68,61222,44704.0,0.7301950279311359,transport_infrastruktur
Sambandsflokkurin,Socialdemokratiet,68,117,87.0,0.7435897435897436,transport_infrastruktur
Sambandsflokkurin,Socialistisk Folkeparti,68,39,29.0,0.7435897435897436,transport_infrastruktur
Sambandsflokkurin,Venstre,68,104,103.0,0.9903846153846154,transport_infrastruktur
Socialdemokratiet,Socialdemokratiet,68,82240,82160.0,0.9990272373540856,transport_infrastruktur
Socialdemokratiet,Socialistisk Folkeparti,68,56393,55104.0,0.9771425531537602,transport_infrastruktur
Socialdemokratiet,Venstre,68,162716,119683.0,0.7355330760343175,transport_infrastruktur
Socialistisk Folkeparti,Socialistisk Folkeparti,68,8499,8389.0,0.9870573008589246,transport_infrastruktur
Socialistisk Folkeparti,Venstre,68,54073,38333.0,0.7089120263347697,transport_infrastruktur
Venstre,Venstre,68,75287,75236.0,0.9993225922137952,transport_infrastruktur
Alternativet,Alternativet,69,2378,2378.0,1.0,transport_infrastruktur
Alternativet,Danmarksdemokraterne,69,1475,689.0,0.4671186440677966,transport_infrastruktur
Alternativet,Dansk Folkeparti,69,23588,11226.0,0.4759199593013397,transport_infrastruktur
Alternativet,Det Konservative Folkeparti,69,4285,2063.0,0.4814469078179696,transport_infrastruktur
Alternativet,Enhedslisten,69,9751,7479.0,0.7669982565890678,transport_infrastruktur
Alternativet,Inuit Ataqatigiit,69,35,0.0,0.0,transport_infrastruktur
Alternativet,Liberal Alliance,69,8729,4070.0,0.4662618856684614,transport_infrastruktur
Alternativet,Radikale Venstre,69,5178,3500.0,0.6759366550791811,transport_infrastruktur
Alternativet,Socialdemokratiet,69,31866,19960.0,0.6263729366723153,transport_infrastruktur
Alternativet,Socialistisk Folkeparti,69,4268,3495.0,0.8188847235238987,transport_infrastruktur
Alternativet,Tjóðveldi,69,10,0.0,0.0,transport_infrastruktur
Alternativet,Venstre,69,20983,10440.0,0.4975456321784302,transport_infrastruktur
Danmarksdemokraterne,Danmarksdemokraterne,69,98,89.0,0.9081632653061223,transport_infrastruktur
Danmarksdemokraterne,Dansk Folkeparti,69,6058,5798.0,0.9570815450643776,transport_infrastruktur
Danmarksdemokraterne,Det Konservative Folkeparti,69,1096,1008.0,0.9197080291970804,transport_infrastruktur
Danmarksdemokraterne,Enhedslisten,69,2517,930.0,0.3694874851013111,transport_infrastruktur
Danmarksdemokraterne,Inuit Ataqatigiit,69,10,6.0,0.6,transport_infrastruktur
Danmarksdemokraterne,Liberal Alliance,69,2243,1993.0,0.8885421310744539,transport_infrastruktur
Danmarksdemokraterne,Radikale Venstre,69,1339,911.0,0.6803584764749814,transport_infrastruktur
Danmarksdemokraterne,Socialdemokratiet,69,8186,6653.0,0.8127290495968728,transport_infrastruktur
Danmarksdemokraterne,Socialistisk Folkeparti,69,1103,619.0,0.5611967361740707,transport_infrastruktur
Danmarksdemokraterne,Tjóðveldi,69,3,1.0,0.3333333333333333,transport_infrastruktur
Danmarksdemokraterne,Venstre,69,5319,4887.0,0.9187817258883249,transport_infrastruktur
Dansk Folkeparti,Dansk Folkeparti,69,46490,46470.0,0.99956979995698,transport_infrastruktur
Dansk Folkeparti,Det Konservative Folkeparti,69,17651,15507.0,0.8785337941193133,transport_infrastruktur
Dansk Folkeparti,Enhedslisten,69,40184,15400.0,0.3832371092972327,transport_infrastruktur
Dansk Folkeparti,Inuit Ataqatigiit,69,127,63.0,0.4960629921259842,transport_infrastruktur
Dansk Folkeparti,Liberal Alliance,69,35950,30332.0,0.8437273991655077,transport_infrastruktur
Dansk Folkeparti,Radikale Venstre,69,21405,13330.0,0.6227516935295492,transport_infrastruktur
Dansk Folkeparti,Socialdemokratiet,69,131287,101182.0,0.7706932141034527,transport_infrastruktur
Dansk Folkeparti,Socialistisk Folkeparti,69,17589,9607.0,0.5461936437546193,transport_infrastruktur
Dansk Folkeparti,Tjóðveldi,69,44,22.0,0.5,transport_infrastruktur
Dansk Folkeparti,Venstre,69,86062,74531.0,0.8660151983453789,transport_infrastruktur
Det Konservative Folkeparti,Det Konservative Folkeparti,69,1213,1210.0,0.9975267930750206,transport_infrastruktur
Det Konservative Folkeparti,Enhedslisten,69,7291,2505.0,0.3435742696475106,transport_infrastruktur
Det Konservative Folkeparti,Inuit Ataqatigiit,69,24,12.0,0.5,transport_infrastruktur
Det Konservative Folkeparti,Liberal Alliance,69,6515,6231.0,0.9564082885648504,transport_infrastruktur
Det Konservative Folkeparti,Radikale Venstre,69,3880,2713.0,0.6992268041237113,transport_infrastruktur
Det Konservative Folkeparti,Socialdemokratiet,69,23795,18855.0,0.7923933599495693,transport_infrastruktur
Det Konservative Folkeparti,Socialistisk Folkeparti,69,3187,1667.0,0.5230624411672419,transport_infrastruktur
Det Konservative Folkeparti,Tjóðveldi,69,8,0.0,0.0,transport_infrastruktur
Det Konservative Folkeparti,Venstre,69,15572,14921.0,0.958194194708451,transport_infrastruktur
Enhedslisten,Enhedslisten,69,7378,7370.0,0.9989156953103824,transport_infrastruktur
Enhedslisten,Inuit Ataqatigiit,69,54,0.0,0.0,transport_infrastruktur
Enhedslisten,Liberal Alliance,69,14840,5105.0,0.3440026954177897,transport_infrastruktur
Enhedslisten,Radikale Venstre,69,8833,4573.0,0.517717649722631,transport_infrastruktur
Enhedslisten,Socialdemokratiet,69,54195,25573.0,0.4718700987175939,transport_infrastruktur
Enhedslisten,Socialistisk Folkeparti,69,7259,5331.0,0.7343986775037884,transport_infrastruktur
Enhedslisten,Tjóðveldi,69,18,0.0,0.0,transport_infrastruktur
Enhedslisten,Venstre,69,35516,11567.0,0.3256841986710215,transport_infrastruktur
Inuit Ataqatigiit,Liberal Alliance,69,48,24.0,0.5,transport_infrastruktur
Inuit Ataqatigiit,Radikale Venstre,69,26,12.0,0.4615384615384615,transport_infrastruktur
Inuit Ataqatigiit,Socialdemokratiet,69,179,90.0,0.5027932960893855,transport_infrastruktur
Inuit Ataqatigiit,Socialistisk Folkeparti,69,22,0.0,0.0,transport_infrastruktur
Inuit Ataqatigiit,Tjóðveldi,69,1,1.0,1.0,transport_infrastruktur
Inuit Ataqatigiit,Venstre,69,125,60.0,0.48,transport_infrastruktur
Liberal Alliance,Liberal Alliance,69,5840,5809.0,0.9946917808219178,transport_infrastruktur
Liberal Alliance,Radikale Venstre,69,7910,5554.0,0.7021491782553729,transport_infrastruktur
Liberal Alliance,Socialdemokratiet,69,48535,37452.0,0.771649325229216,transport_infrastruktur
Liberal Alliance,Socialistisk Folkeparti,69,6501,3317.0,0.5102291955083833,transport_infrastruktur
Liberal Alliance,Tjóðveldi,69,16,0.0,0.0,transport_infrastruktur
Liberal Alliance,Venstre,69,31853,29927.0,0.9395347377013156,transport_infrastruktur
Radikale Venstre,Radikale Venstre,69,1880,1860.0,0.9893617021276596,transport_infrastruktur
Radikale Venstre,Socialdemokratiet,69,28867,21915.0,0.7591713721550559,transport_infrastruktur
Radikale Venstre,Socialistisk Folkeparti,69,3874,2729.0,0.7044398554465668,transport_infrastruktur
Radikale Venstre,Tjóðveldi,69,10,0.0,0.0,transport_infrastruktur
Radikale Venstre,Venstre,69,18927,13967.0,0.737940508268611,transport_infrastruktur
Socialdemokratiet,Socialdemokratiet,69,85734,84570.0,0.9864231226817832,transport_infrastruktur
Socialdemokratiet,Socialistisk Folkeparti,69,23712,16006.0,0.6750168690958165,transport_infrastruktur
Socialdemokratiet,Tjóðveldi,69,59,0.0,0.0,transport_infrastruktur
Socialdemokratiet,Venstre,69,116461,96527.0,0.8288354041267033,transport_infrastruktur
Socialistisk Folkeparti,Socialistisk Folkeparti,69,1192,1190.0,0.9983221476510068,transport_infrastruktur
Socialistisk Folkeparti,Tjóðveldi,69,8,0.0,0.0,transport_infrastruktur
Socialistisk Folkeparti,Venstre,69,15552,8323.0,0.5351723251028807,transport_infrastruktur
Tjóðveldi,Venstre,69,39,0.0,0.0,transport_infrastruktur
Venstre,Venstre,69,36424,36407.0,0.999533274763892,transport_infrastruktur
Alternativet,Alternativet,70,431,378.0,0.877030162412993,transport_infrastruktur
Alternativet,Danmarksdemokraterne,70,670,317.0,0.4731343283582089,transport_infrastruktur
Alternativet,Dansk Folkeparti,70,3382,1652.0,0.488468361916026,transport_infrastruktur
Alternativet,Det Konservative Folkeparti,70,2869,1342.0,0.4677588009759498,transport_infrastruktur
Alternativet,Enhedslisten,70,3305,2876.0,0.870196671709531,transport_infrastruktur
Alternativet,Inuit Ataqatigiit,70,4,1.0,0.25,transport_infrastruktur
Alternativet,Liberal Alliance,70,862,436.0,0.505800464037123,transport_infrastruktur
Alternativet,Nye Borgerlige,70,910,340.0,0.3736263736263736,transport_infrastruktur
Alternativet,Radikale Venstre,70,4088,3008.0,0.735812133072407,transport_infrastruktur
Alternativet,Sambandsflokkurin,70,2,0.0,0.0,transport_infrastruktur
Alternativet,Socialdemokratiet,70,12573,7799.0,0.6202974628171478,transport_infrastruktur
Alternativet,Socialistisk Folkeparti,70,3627,3001.0,0.8274055693410532,transport_infrastruktur
Alternativet,Venstre,70,10980,4981.0,0.4536429872495446,transport_infrastruktur
Danmarksdemokraterne,Danmarksdemokraterne,70,97,94.0,0.9690721649484536,transport_infrastruktur
Danmarksdemokraterne,Dansk Folkeparti,70,1773,1727.0,0.9740552735476592,transport_infrastruktur
Danmarksdemokraterne,Det Konservative Folkeparti,70,1570,1387.0,0.8834394904458599,transport_infrastruktur
Danmarksdemokraterne,Enhedslisten,70,1814,832.0,0.4586549062844542,transport_infrastruktur
Danmarksdemokraterne,Inuit Ataqatigiit,70,2,0.0,0.0,transport_infrastruktur
Danmarksdemokraterne,Liberal Alliance,70,462,326.0,0.7056277056277056,transport_infrastruktur
Danmarksdemokraterne,Nye Borgerlige,70,512,373.0,0.728515625,transport_infrastruktur
Danmarksdemokraterne,Radikale Venstre,70,2230,1318.0,0.5910313901345291,transport_infrastruktur
Danmarksdemokraterne,Sambandsflokkurin,70,1,1.0,1.0,transport_infrastruktur
Danmarksdemokraterne,Socialdemokratiet,70,6817,5012.0,0.7352207716004108,transport_infrastruktur
Danmarksdemokraterne,Socialistisk Folkeparti,70,1999,1025.0,0.5127563781890946,transport_infrastruktur
Danmarksdemokraterne,Venstre,70,5950,5233.0,0.8794957983193278,transport_infrastruktur
Dansk Folkeparti,Dansk Folkeparti,70,4195,4124.0,0.9830750893921336,transport_infrastruktur
Dansk Folkeparti,Det Konservative Folkeparti,70,7990,7015.0,0.8779724655819775,transport_infrastruktur
Dansk Folkeparti,Enhedslisten,70,9151,4465.0,0.4879248169598951,transport_infrastruktur
Dansk Folkeparti,Inuit Ataqatigiit,70,8,0.0,0.0,transport_infrastruktur
Dansk Folkeparti,Liberal Alliance,70,2373,1688.0,0.7113358617783396,transport_infrastruktur
Dansk Folkeparti,Nye Borgerlige,70,2612,1811.0,0.6933384379785605,transport_infrastruktur
Dansk Folkeparti,Radikale Venstre,70,11309,7242.0,0.6403749226279954,transport_infrastruktur
Dansk Folkeparti,Sambandsflokkurin,70,8,8.0,1.0,transport_infrastruktur
Dansk Folkeparti,Socialdemokratiet,70,35102,25920.0,0.7384194632784457,transport_infrastruktur
Dansk Folkeparti,Socialistisk Folkeparti,70,10177,5768.0,0.5667682028102584,transport_infrastruktur
Dansk Folkeparti,Venstre,70,30436,26581.0,0.8733407806544881,transport_infrastruktur
Det Konservative Folkeparti,Det Konservative Folkeparti,70,2958,2921.0,0.9874915483434752,transport_infrastruktur
Det Konservative Folkeparti,Enhedslisten,70,7791,3460.0,0.4441021691695546,transport_infrastruktur
Det Konservative Folkeparti,Inuit Ataqatigiit,70,5,5.0,1.0,transport_infrastruktur
Det Konservative Folkeparti,Liberal Alliance,70,2010,1490.0,0.7412935323383084,transport_infrastruktur
Det Konservative Folkeparti,Nye Borgerlige,70,2169,1544.0,0.7118487782388198,transport_infrastruktur
Det Konservative Folkeparti,Radikale Venstre,70,9601,6270.0,0.653056973231955,transport_infrastruktur
Det Konservative Folkeparti,Sambandsflokkurin,70,6,6.0,1.0,transport_infrastruktur
Det Konservative Folkeparti,Socialdemokratiet,70,29639,21788.0,0.7351125206653396,transport_infrastruktur
Det Konservative Folkeparti,Socialistisk Folkeparti,70,8643,4741.0,0.5485363878283004,transport_infrastruktur
Det Konservative Folkeparti,Venstre,70,25642,24370.0,0.9503938850323688,transport_infrastruktur
Enhedslisten,Enhedslisten,70,3916,3905.0,0.9971910112359552,transport_infrastruktur
Enhedslisten,Inuit Ataqatigiit,70,7,7.0,1.0,transport_infrastruktur
Enhedslisten,Liberal Alliance,70,2315,1077.0,0.4652267818574514,transport_infrastruktur
Enhedslisten,Nye Borgerlige,70,2509,808.0,0.3220406536468713,transport_infrastruktur
Enhedslisten,Radikale Venstre,70,11118,8320.0,0.7483360316603705,transport_infrastruktur
Enhedslisten,Sambandsflokkurin,70,8,8.0,1.0,transport_infrastruktur
Enhedslisten,Socialdemokratiet,70,34396,22368.0,0.650308175369229,transport_infrastruktur
Enhedslisten,Socialistisk Folkeparti,70,9991,8771.0,0.8778901010909819,transport_infrastruktur
Enhedslisten,Venstre,70,30036,12884.0,0.4289519243574377,transport_infrastruktur
Inuit Ataqatigiit,Liberal Alliance,70,2,2.0,1.0,transport_infrastruktur
Inuit Ataqatigiit,Nye Borgerlige,70,2,0.0,0.0,transport_infrastruktur
Inuit Ataqatigiit,Radikale Venstre,70,10,10.0,1.0,transport_infrastruktur
Inuit Ataqatigiit,Socialdemokratiet,70,28,28.0,1.0,transport_infrastruktur
Inuit Ataqatigiit,Socialistisk Folkeparti,70,7,7.0,1.0,transport_infrastruktur
Inuit Ataqatigiit,Venstre,70,24,24.0,1.0,transport_infrastruktur
Liberal Alliance,Liberal Alliance,70,158,155.0,0.981012658227848,transport_infrastruktur
Liberal Alliance,Nye Borgerlige,70,644,464.0,0.7204968944099379,transport_infrastruktur
Liberal Alliance,Radikale Venstre,70,2868,1879.0,0.655160390516039,transport_infrastruktur
Liberal Alliance,Sambandsflokkurin,70,2,2.0,1.0,transport_infrastruktur
Liberal Alliance,Socialdemokratiet,70,8889,5095.0,0.5731803352458095,transport_infrastruktur
Liberal Alliance,Socialistisk Folkeparti,70,2563,1379.0,0.5380413577838471,transport_infrastruktur
Liberal Alliance,Venstre,70,7731,5613.0,0.7260380287155608,transport_infrastruktur
Nye Borgerlige,Nye Borgerlige,70,215,215.0,1.0,transport_infrastruktur
Nye Borgerlige,Radikale Venstre,70,3084,1447.0,0.4691958495460441,transport_infrastruktur
Nye Borgerlige,Sambandsflokkurin,70,2,2.0,1.0,transport_infrastruktur
Nye Borgerlige,Socialdemokratiet,70,9638,4874.0,0.5057065781282424,transport_infrastruktur
Nye Borgerlige,Socialistisk Folkeparti,70,2793,993.0,0.355531686358754,transport_infrastruktur
Nye Borgerlige,Venstre,70,8309,5911.0,0.7113972800577687,transport_infrastruktur
Radikale Venstre,Radikale Venstre,70,6166,5912.0,0.958806357444048,transport_infrastruktur
Radikale Venstre,Sambandsflokkurin,70,10,10.0,1.0,transport_infrastruktur
Radikale Venstre,Socialdemokratiet,70,42326,32261.0,0.7622029012899872,transport_infrastruktur
Radikale Venstre,Socialistisk Folkeparti,70,12326,10104.0,0.8197306506571475,transport_infrastruktur
Radikale Venstre,Venstre,70,37017,23710.0,0.6405165194370154,transport_infrastruktur
Sambandsflokkurin,Socialdemokratiet,70,27,27.0,1.0,transport_infrastruktur
Sambandsflokkurin,Socialistisk Folkeparti,70,9,9.0,1.0,transport_infrastruktur
Sambandsflokkurin,Venstre,70,24,24.0,1.0,transport_infrastruktur
Socialdemokratiet,Socialdemokratiet,70,63817,63765.0,0.9991851700957424,transport_infrastruktur
Socialdemokratiet,Socialistisk Folkeparti,70,38094,29146.0,0.7651073659893947,transport_infrastruktur
Socialdemokratiet,Venstre,70,115058,84936.0,0.7382016026699577,transport_infrastruktur
Socialistisk Folkeparti,Socialistisk Folkeparti,70,4880,4872.0,0.9983606557377048,transport_infrastruktur
Socialistisk Folkeparti,Venstre,70,33233,17152.0,0.5161135016399362,transport_infrastruktur
Venstre,Venstre,70,48415,48013.0,0.9916967881854796,transport_infrastruktur
Alternativet,Alternativet,71,421,373.0,0.8859857482185273,transport_infrastruktur
Alternativet,Danmarksdemokraterne,71,3176,1575.0,0.4959068010075567,transport_infrastruktur
Alternativet,Dansk Folkeparti,71,868,359.0,0.4135944700460829,transport_infrastruktur
Alternativet,Det Konservative Folkeparti,71,2168,1066.0,0.4916974169741697,transport_infrastruktur
Alternativet,Enhedslisten,71,1808,1515.0,0.8379424778761062,transport_infrastruktur
Alternativet,Javnaðarflokkurin,71,2,2.0,1.0,transport_infrastruktur
Alternativet,Liberal Alliance,71,3162,1455.0,0.4601518026565465,transport_infrastruktur
Alternativet,Moderaterne,71,3512,1768.0,0.5034168564920274,transport_infrastruktur
Alternativet,Nye Borgerlige,71,1198,494.0,0.4123539232053422,transport_infrastruktur
Alternativet,Radikale Venstre,71,1484,978.0,0.6590296495956873,transport_infrastruktur
Alternativet,Sambandsflokkurin,71,33,23.0,0.696969696969697,transport_infrastruktur
Alternativet,Socialdemokratiet,71,11991,5924.0,0.4940371945625886,transport_infrastruktur
Alternativet,Socialistisk Folkeparti,71,3281,2397.0,0.7305699481865285,transport_infrastruktur
Alternativet,Venstre,71,5493,2698.0,0.4911705807391225,transport_infrastruktur
Danmarksdemokraterne,Danmarksdemokraterne,71,3946,3924.0,0.9944247339077548,transport_infrastruktur
Danmarksdemokraterne,Dansk Folkeparti,71,2419,2026.0,0.8375361719718892,transport_infrastruktur
Danmarksdemokraterne,Det Konservative Folkeparti,71,6043,5229.0,0.8652986927023002,transport_infrastruktur
Danmarksdemokraterne,Enhedslisten,71,5037,2373.0,0.4711137581893984,transport_infrastruktur
Danmarksdemokraterne,Javnaðarflokkurin,71,10,10.0,1.0,transport_infrastruktur
Danmarksdemokraterne,Liberal Alliance,71,8799,7138.0,0.8112285486987157,transport_infrastruktur
Danmarksdemokraterne,Moderaterne,71,9826,6707.0,0.682576836963159,transport_infrastruktur
Danmarksdemokraterne,Nye Borgerlige,71,3383,2741.0,0.8102276086313922,transport_infrastruktur
Danmarksdemokraterne,Radikale Venstre,71,4175,2861.0,0.6852694610778444,transport_infrastruktur
Danmarksdemokraterne,Sambandsflokkurin,71,84,27.0,0.3214285714285714,transport_infrastruktur
Danmarksdemokraterne,Socialdemokratiet,71,33450,22436.0,0.6707324364723468,transport_infrastruktur
Danmarksdemokraterne,Socialistisk Folkeparti,71,9210,5554.0,0.6030401737242128,transport_infrastruktur
Danmarksdemokraterne,Venstre,71,15274,10426.0,0.6825978787481995,transport_infrastruktur
Dansk Folkeparti,Dansk Folkeparti,71,207,205.0,0.9903381642512076,transport_infrastruktur
Dansk Folkeparti,Det Konservative Folkeparti,71,1650,1270.0,0.7696969696969697,transport_infrastruktur
Dansk Folkeparti,Enhedslisten,71,1374,602.0,0.438136826783115,transport_infrastruktur
Dansk Folkeparti,Javnaðarflokkurin,71,2,2.0,1.0,transport_infrastruktur
Dansk Folkeparti,Liberal Alliance,71,2400,1720.0,0.7166666666666667,transport_infrastruktur
Dansk Folkeparti,Moderaterne,71,2684,1651.0,0.6151266766020864,transport_infrastruktur
Dansk Folkeparti,Nye Borgerlige,71,909,755.0,0.8305830583058306,transport_infrastruktur
Dansk Folkeparti,Radikale Venstre,71,1138,662.0,0.5817223198594025,transport_infrastruktur
Dansk Folkeparti,Sambandsflokkurin,71,20,8.0,0.4,transport_infrastruktur
Dansk Folkeparti,Socialdemokratiet,71,9121,5422.0,0.5944523626795307,transport_infrastruktur
Dansk Folkeparti,Socialistisk Folkeparti,71,2513,1328.0,0.5284520493434143,transport_infrastruktur
Dansk Folkeparti,Venstre,71,4188,2528.0,0.603629417382999,transport_infrastruktur
Det Konservative Folkeparti,Det Konservative Folkeparti,71,1716,1711.0,0.997086247086247,transport_infrastruktur
Det Konservative Folkeparti,Enhedslisten,71,3432,1650.0,0.4807692307692308,transport_infrastruktur
Det Konservative Folkeparti,Javnaðarflokkurin,71,6,6.0,1.0,transport_infrastruktur
Det Konservative Folkeparti,Liberal Alliance,71,5990,5069.0,0.8462437395659432,transport_infrastruktur
Det Konservative Folkeparti,Moderaterne,71,6702,4799.0,0.7160549089823933,transport_infrastruktur
Det Konservative Folkeparti,Nye Borgerlige,71,2316,1760.0,0.7599309153713298,transport_infrastruktur
Det Konservative Folkeparti,Radikale Venstre,71,2845,2045.0,0.718804920913884,transport_infrastruktur
Det Konservative Folkeparti,Sambandsflokkurin,71,53,17.0,0.320754716981132,transport_infrastruktur
Det Konservative Folkeparti,Socialdemokratiet,71,22794,16145.0,0.7083004299377029,transport_infrastruktur
Det Konservative Folkeparti,Socialistisk Folkeparti,71,6275,3843.0,0.6124302788844621,transport_infrastruktur
Det Konservative Folkeparti,Venstre,71,10426,7529.0,0.7221369652791099,transport_infrastruktur
Enhedslisten,Enhedslisten,71,1147,1143.0,0.996512641673932,transport_infrastruktur
Enhedslisten,Javnaðarflokkurin,71,5,5.0,1.0,transport_infrastruktur
Enhedslisten,Liberal Alliance,71,4989,2145.0,0.4299458809380637,transport_infrastruktur
Enhedslisten,Moderaterne,71,5582,2710.0,0.4854890720171981,transport_infrastruktur
Enhedslisten,Nye Borgerlige,71,1931,763.0,0.3951320559295702,transport_infrastruktur
Enhedslisten,Radikale Venstre,71,2374,1574.0,0.6630160067396799,transport_infrastruktur
Enhedslisten,Sambandsflokkurin,71,45,35.0,0.7777777777777778,transport_infrastruktur
Enhedslisten,Socialdemokratiet,71,19009,9109.0,0.4791940659687516,transport_infrastruktur
Enhedslisten,Socialistisk Folkeparti,71,5231,4137.0,0.7908621678455362,transport_infrastruktur
Enhedslisten,Venstre,71,8689,4148.0,0.4773851996777535,transport_infrastruktur
Javnaðarflokkurin,Liberal Alliance,71,9,9.0,1.0,transport_infrastruktur
Javnaðarflokkurin,Moderaterne,71,12,12.0,1.0,transport_infrastruktur
Javnaðarflokkurin,Nye Borgerlige,71,3,2.0,0.6666666666666666,transport_infrastruktur
Javnaðarflokkurin,Radikale Venstre,71,5,5.0,1.0,transport_infrastruktur
Javnaðarflokkurin,Socialdemokratiet,71,36,36.0,1.0,transport_infrastruktur
Javnaðarflokkurin,Socialistisk Folkeparti,71,9,9.0,1.0,transport_infrastruktur
Javnaðarflokkurin,Venstre,71,14,14.0,1.0,transport_infrastruktur
Liberal Alliance,Liberal Alliance,71,3871,3855.0,0.995866701110824,transport_infrastruktur
Liberal Alliance,Moderaterne,71,9742,7521.0,0.7720180661055225,transport_infrastruktur
Liberal Alliance,Nye Borgerlige,71,3332,2377.0,0.7133853541416567,transport_infrastruktur
Liberal Alliance,Radikale Venstre,71,4135,2874.0,0.6950423216444982,transport_infrastruktur
Liberal Alliance,Sambandsflokkurin,71,84,27.0,0.3214285714285714,transport_infrastruktur
Liberal Alliance,Socialdemokratiet,71,33144,25363.0,0.7652365435674632,transport_infrastruktur
Liberal Alliance,Socialistisk Folkeparti,71,9121,5084.0,0.5573950224756058,transport_infrastruktur
Liberal Alliance,Venstre,71,15138,11707.0,0.7733518298322103,transport_infrastruktur
Moderaterne,Moderaterne,71,4928,4625.0,0.9385146103896104,transport_infrastruktur
Moderaterne,Nye Borgerlige,71,3795,2216.0,0.5839262187088274,transport_infrastruktur
Moderaterne,Radikale Venstre,71,4640,3428.0,0.7387931034482759,transport_infrastruktur
Moderaterne,Sambandsflokkurin,71,82,80.0,0.975609756097561,transport_infrastruktur
Moderaterne,Socialdemokratiet,71,37127,35861.0,0.9659008268914806,transport_infrastruktur
Moderaterne,Socialistisk Folkeparti,71,10223,6631.0,0.6486354299129414,transport_infrastruktur
Moderaterne,Venstre,71,16959,16352.0,0.9642077952709476,transport_infrastruktur
Nye Borgerlige,Nye Borgerlige,71,507,385.0,0.7593688362919132,transport_infrastruktur
Nye Borgerlige,Radikale Venstre,71,1607,900.0,0.5600497822028625,transport_infrastruktur
Nye Borgerlige,Sambandsflokkurin,71,21,7.0,0.3333333333333333,transport_infrastruktur
Nye Borgerlige,Socialdemokratiet,71,12854,7394.0,0.5752295005445776,transport_infrastruktur
Nye Borgerlige,Socialistisk Folkeparti,71,3543,1788.0,0.5046570702794242,transport_infrastruktur
Nye Borgerlige,Venstre,71,5890,3442.0,0.5843803056027165,transport_infrastruktur
Radikale Venstre,Radikale Venstre,71,759,719.0,0.9472990777338604,transport_infrastruktur
Radikale Venstre,Sambandsflokkurin,71,36,33.0,0.9166666666666666,transport_infrastruktur
Radikale Venstre,Socialdemokratiet,71,15786,11801.0,0.747561130115292,transport_infrastruktur
Radikale Venstre,Socialistisk Folkeparti,71,4339,3556.0,0.8195436736575248,transport_infrastruktur
Radikale Venstre,Venstre,71,7214,5395.0,0.7478514000554477,transport_infrastruktur
Sambandsflokkurin,Socialdemokratiet,71,289,289.0,1.0,transport_infrastruktur
Sambandsflokkurin,Socialistisk Folkeparti,71,80,62.0,0.775,transport_infrastruktur
Sambandsflokkurin,Venstre,71,117,116.0,0.9914529914529916,transport_infrastruktur
Socialdemokratiet,Socialdemokratiet,71,61303,61303.0,1.0,transport_infrastruktur
Socialdemokratiet,Socialistisk Folkeparti,71,34746,22701.0,0.6533413918148852,transport_infrastruktur
Socialdemokratiet,Venstre,71,57709,57542.0,0.9971061706146356,transport_infrastruktur
Socialistisk Folkeparti,Socialistisk Folkeparti,71,4268,4259.0,0.997891283973758,transport_infrastruktur
Socialistisk Folkeparti,Venstre,71,15886,10408.0,0.6551680725166814,transport_infrastruktur
Venstre,Venstre,71,12391,12322.0,0.9944314421757728,transport_infrastruktur
Danmarksdemokraterne,Danmarksdemokraterne,65,79,77.0,0.9746835443037974,sundhed
Danmarksdemokraterne,Dansk Folkeparti,65,4011,3940.0,0.9822986786337572,sundhed
Danmarksdemokraterne,Det Konservative Folkeparti,65,1982,1966.0,0.9919273461150352,sundhed
Danmarksdemokraterne,Enhedslisten,65,281,79.0,0.2811387900355871,sundhed
Danmarksdemokraterne,Inuit Ataqatigiit,65,18,2.0,0.1111111111111111,sundhed
Danmarksdemokraterne,Kristendemokraterne,65,556,253.0,0.4550359712230216,sundhed
Danmarksdemokraterne,Radikale Venstre,65,1351,566.0,0.4189489267209474,sundhed
Danmarksdemokraterne,Socialdemokratiet,65,9149,2844.0,0.3108536452071264,sundhed
Danmarksdemokraterne,Socialistisk Folkeparti,65,1944,555.0,0.2854938271604938,sundhed
Danmarksdemokraterne,Tjóðveldi,65,16,0.0,0.0,sundhed
Danmarksdemokraterne,Venstre,65,9636,9565.0,0.992631797426318,sundhed
Dansk Folkeparti,Dansk Folkeparti,65,19766,19740.0,0.9986846099362542,sundhed
Dansk Folkeparti,Det Konservative Folkeparti,65,20761,20243.0,0.9750493714175618,sundhed
Dansk Folkeparti,Enhedslisten,65,2948,734.0,0.2489823609226594,sundhed
Dansk Folkeparti,Inuit Ataqatigiit,65,142,14.0,0.0985915492957746,sundhed
Dansk Folkeparti,Kristendemokraterne,65,5824,2681.0,0.4603365384615384,sundhed
Dansk Folkeparti,Radikale Venstre,65,14137,5475.0,0.3872816014713164,sundhed
Dansk Folkeparti,Socialdemokratiet,65,95758,27030.0,0.2822740658743917,sundhed
Dansk Folkeparti,Socialistisk Folkeparti,65,20339,5013.0,0.2464722946064211,sundhed
Dansk Folkeparti,Tjóðveldi,65,128,0.0,0.0,sundhed
Dansk Folkeparti,Venstre,65,100886,98406.0,0.975417798307,sundhed
Det Konservative Folkeparti,Det Konservative Folkeparti,65,4419,4419.0,1.0,sundhed
Det Konservative Folkeparti,Enhedslisten,65,1453,383.0,0.2635925671025464,sundhed
Det Konservative Folkeparti,Inuit Ataqatigiit,65,70,7.0,0.1,sundhed
Det Konservative Folkeparti,Kristendemokraterne,65,2855,1399.0,0.4900175131348511,sundhed
Det Konservative Folkeparti,Radikale Venstre,65,6901,2884.0,0.417910447761194,sundhed
Det Konservative Folkeparti,Socialdemokratiet,65,46922,14799.0,0.3153957631814501,sundhed
Det Konservative Folkeparti,Socialistisk Folkeparti,65,9956,2752.0,0.2764162314182402,sundhed
Det Konservative Folkeparti,Tjóðveldi,65,63,0.0,0.0,sundhed
Det Konservative Folkeparti,Venstre,65,49428,49421.0,0.9998583798656632,sundhed
Enhedslisten,Enhedslisten,65,3,3.0,1.0,sundhed
Enhedslisten,Inuit Ataqatigiit,65,10,9.0,0.9,sundhed
Enhedslisten,Kristendemokraterne,65,405,201.0,0.4962962962962963,sundhed
Enhedslisten,Radikale Venstre,65,982,572.0,0.5824847250509165,sundhed
Enhedslisten,Socialdemokratiet,65,6654,4333.0,0.6511872557859933,sundhed
Enhedslisten,Socialistisk Folkeparti,65,1417,1174.0,0.8285109386026818,sundhed
Enhedslisten,Tjóðveldi,65,9,9.0,1.0,sundhed
Enhedslisten,Venstre,65,7010,1852.0,0.2641940085592011,sundhed
Inuit Ataqatigiit,Kristendemokraterne,65,20,13.0,0.65,sundhed
Inuit Ataqatigiit,Radikale Venstre,65,50,45.0,0.9,sundhed
Inuit Ataqatigiit,Socialdemokratiet,65,327,262.0,0.8012232415902141,sundhed
Inuit Ataqatigiit,Socialistisk Folkeparti,65,70,63.0,0.9,sundhed
Inuit Ataqatigiit,Tjóðveldi,65,5,5.0,1.0,sundhed
Inuit Ataqatigiit,Venstre,65,340,34.0,0.1,sundhed
Kristendemokraterne,Kristendemokraterne,65,200,195.0,0.975,sundhed
Kristendemokraterne,Radikale Venstre,65,1941,1032.0,0.5316846986089645,sundhed
Kristendemokraterne,Socialdemokratiet,65,13153,7467.0,0.5677031855850376,sundhed
Kristendemokraterne,Socialistisk Folkeparti,65,2793,1562.0,0.5592552810597924,sundhed
Kristendemokraterne,Tjóðveldi,65,18,14.0,0.7777777777777778,sundhed
Kristendemokraterne,Venstre,65,13857,6746.0,0.486829761131558,sundhed
Radikale Venstre,Radikale Venstre,65,1887,1879.0,0.9957604663487016,sundhed
Radikale Venstre,Socialdemokratiet,65,31917,20407.0,0.6393771344424601,sundhed
Radikale Venstre,Socialistisk Folkeparti,65,6783,4458.0,0.6572313135780629,sundhed
Radikale Venstre,Tjóðveldi,65,45,45.0,1.0,sundhed
Radikale Venstre,Venstre,65,33620,13930.0,0.4143367043426532,sundhed
Socialdemokratiet,Socialdemokratiet,65,104911,104721.0,0.9981889411024584,sundhed
Socialdemokratiet,Socialistisk Folkeparti,65,45930,34302.0,0.7468321358589157,sundhed
Socialdemokratiet,Tjóðveldi,65,296,231.0,0.7804054054054054,sundhed
Socialdemokratiet,Venstre,65,227872,71150.0,0.3122366942845106,sundhed
Socialistisk Folkeparti,Socialistisk Folkeparti,65,4196,4184.0,0.9971401334604384,sundhed
Socialistisk Folkeparti,Tjóðveldi,65,63,63.0,1.0,sundhed
Socialistisk Folkeparti,Venstre,65,48370,13338.0,0.2757494314657845,sundhed
Tjóðveldi,Venstre,65,305,0.0,0.0,sundhed
Venstre,Venstre,65,116741,116707.0,0.9997087569919736,sundhed
Danmarksdemokraterne,Danmarksdemokraterne,66,49,41.0,0.8367346938775511,sundhed
Danmarksdemokraterne,Dansk Folkeparti,66,4942,4713.0,0.953662484823958,sundhed
Danmarksdemokraterne,Det Konservative Folkeparti,66,3524,3368.0,0.9557321225879682,sundhed
Danmarksdemokraterne,Enhedslisten,66,828,208.0,0.251207729468599,sundhed
Danmarksdemokraterne,Fólkaflokkurin,66,1,1.0,1.0,sundhed
Danmarksdemokraterne,Inuit Ataqatigiit,66,6,0.0,0.0,sundhed
Danmarksdemokraterne,Radikale Venstre,66,2839,1651.0,0.5815427967594223,sundhed
Danmarksdemokraterne,Siumut,66,14,7.0,0.5,sundhed
Danmarksdemokraterne,Socialdemokratiet,66,8907,5082.0,0.5705624789491411,sundhed
Danmarksdemokraterne,Socialistisk Folkeparti,66,2429,947.0,0.3898723754631535,sundhed
Danmarksdemokraterne,Tjóðveldi,66,14,1.0,0.0714285714285714,sundhed
Danmarksdemokraterne,Venstre,66,10309,9873.0,0.9577068580851684,sundhed
Dansk Folkeparti,Dansk Folkeparti,66,35822,35801.0,0.9994137680754844,sundhed
Dansk Folkeparti,Det Konservative Folkeparti,66,53710,50599.0,0.9420778253584062,sundhed
Dansk Folkeparti,Enhedslisten,66,12755,2762.0,0.2165425323402587,sundhed
Dansk Folkeparti,Fólkaflokkurin,66,17,17.0,1.0,sundhed
Dansk Folkeparti,Inuit Ataqatigiit,66,42,0.0,0.0,sundhed
Dansk Folkeparti,Radikale Venstre,66,43288,23857.0,0.5511227129920532,sundhed
Dansk Folkeparti,Siumut,66,144,86.0,0.5972222222222222,sundhed
Dansk Folkeparti,Socialdemokratiet,66,135972,72630.0,0.534154090548054,sundhed
Dansk Folkeparti,Socialistisk Folkeparti,66,37260,13705.0,0.3678207192699946,sundhed
Dansk Folkeparti,Tjóðveldi,66,154,17.0,0.1103896103896103,sundhed
Dansk Folkeparti,Venstre,66,157027,147381.0,0.9385710737643844,sundhed
Det Konservative Folkeparti,Det Konservative Folkeparti,66,17544,17337.0,0.9882010943912448,sundhed
Det Konservative Folkeparti,Enhedslisten,66,9050,2025.0,0.223756906077348,sundhed
Det Konservative Folkeparti,Fólkaflokkurin,66,15,15.0,1.0,sundhed
Det Konservative Folkeparti,Inuit Ataqatigiit,66,34,0.0,0.0,sundhed
Det Konservative Folkeparti,Radikale Venstre,66,30594,18318.0,0.5987448519317513,sundhed
Det Konservative Folkeparti,Siumut,66,107,62.0,0.5794392523364486,sundhed
Det Konservative Folkeparti,Socialdemokratiet,66,96076,55608.0,0.5787917898330488,sundhed
Det Konservative Folkeparti,Socialistisk Folkeparti,66,26354,10507.0,0.398687106321621,sundhed
Det Konservative Folkeparti,Tjóðveldi,66,112,15.0,0.1339285714285714,sundhed
Det Konservative Folkeparti,Venstre,66,111088,109281.0,0.9837336165922512,sundhed
Enhedslisten,Enhedslisten,66,733,733.0,1.0,sundhed
Enhedslisten,Fólkaflokkurin,66,3,3.0,1.0,sundhed
Enhedslisten,Inuit Ataqatigiit,66,9,6.0,0.6666666666666666,sundhed
Enhedslisten,Radikale Venstre,66,7301,4128.0,0.565401999726065,sundhed
Enhedslisten,Siumut,66,24,19.0,0.7916666666666666,sundhed
Enhedslisten,Socialdemokratiet,66,22746,13590.0,0.59746768662622,sundhed
Enhedslisten,Socialistisk Folkeparti,66,6207,4966.0,0.8000644433703883,sundhed
Enhedslisten,Tjóðveldi,66,29,27.0,0.9310344827586208,sundhed
Enhedslisten,Venstre,66,26273,6118.0,0.232862634643931,sundhed
Fólkaflokkurin,Radikale Venstre,66,17,17.0,1.0,sundhed
Fólkaflokkurin,Siumut,66,1,1.0,1.0,sundhed
Fólkaflokkurin,Socialdemokratiet,66,37,37.0,1.0,sundhed
Fólkaflokkurin,Socialistisk Folkeparti,66,9,9.0,1.0,sundhed
Fólkaflokkurin,Tjóðveldi,66,1,1.0,1.0,sundhed
Fólkaflokkurin,Venstre,66,43,43.0,1.0,sundhed
Inuit Ataqatigiit,Radikale Venstre,66,27,18.0,0.6666666666666666,sundhed
Inuit Ataqatigiit,Siumut,66,3,3.0,1.0,sundhed
Inuit Ataqatigiit,Socialdemokratiet,66,81,0.0,0.0,sundhed
Inuit Ataqatigiit,Socialistisk Folkeparti,66,21,12.0,0.5714285714285714,sundhed
Inuit Ataqatigiit,Tjóðveldi,66,3,2.0,0.6666666666666666,sundhed
Inuit Ataqatigiit,Venstre,66,98,1.0,0.010204081632653,sundhed
Radikale Venstre,Radikale Venstre,66,11119,11016.0,0.9907365770303084,sundhed
Radikale Venstre,Siumut,66,93,84.0,0.9032258064516128,sundhed
Radikale Venstre,Socialdemokratiet,66,77393,62331.0,0.8053829157675759,sundhed
Radikale Venstre,Socialistisk Folkeparti,66,21163,15681.0,0.7409630014648206,sundhed
Radikale Venstre,Tjóðveldi,66,99,81.0,0.8181818181818182,sundhed
Radikale Venstre,Venstre,66,89361,53277.0,0.596199684426092,sundhed
Siumut,Socialdemokratiet,66,262,181.0,0.6908396946564885,sundhed
Siumut,Socialistisk Folkeparti,66,69,52.0,0.7536231884057971,sundhed
Siumut,Tjóðveldi,66,5,4.0,0.8,sundhed
Siumut,Venstre,66,311,179.0,0.5755627009646302,sundhed
Socialdemokratiet,Socialdemokratiet,66,117874,117354.0,0.995588509764664,sundhed
Socialdemokratiet,Socialistisk Folkeparti,66,66601,52961.0,0.7951982702962418,sundhed
Socialdemokratiet,Tjóðveldi,66,291,181.0,0.6219931271477663,sundhed
Socialdemokratiet,Venstre,66,281009,162979.0,0.5799778654776182,sundhed
Socialistisk Folkeparti,Socialistisk Folkeparti,66,8128,7724.0,0.9502952755905512,sundhed
Socialistisk Folkeparti,Tjóðveldi,66,74,62.0,0.8378378378378378,sundhed
Socialistisk Folkeparti,Venstre,66,77026,31214.0,0.4052397891621011,sundhed
Tjóðveldi,Venstre,66,336,44.0,0.1309523809523809,sundhed
Venstre,Venstre,66,158107,155454.0,0.983220224278495,sundhed
Danmarksdemokraterne,Danmarksdemokraterne,67,120,116.0,0.9666666666666668,sundhed
Danmarksdemokraterne,Dansk Folkeparti,67,6391,6172.0,0.9657330621186044,sundhed
Danmarksdemokraterne,Det Konservative Folkeparti,67,4059,3989.0,0.9827543729982754,sundhed
Danmarksdemokraterne,Enhedslisten,67,802,277.0,0.3453865336658354,sundhed
Danmarksdemokraterne,Inuit Ataqatigiit,67,3,3.0,1.0,sundhed
Danmarksdemokraterne,Liberal Alliance,67,1024,894.0,0.873046875,sundhed
Danmarksdemokraterne,Radikale Venstre,67,1618,850.0,0.5253399258343634,sundhed
Danmarksdemokraterne,Sambandsflokkurin,67,5,5.0,1.0,sundhed
Danmarksdemokraterne,Siumut,67,7,6.0,0.8571428571428571,sundhed
Danmarksdemokraterne,Socialdemokratiet,67,10871,5311.0,0.4885475117284518,sundhed
Danmarksdemokraterne,Socialistisk Folkeparti,67,5024,2317.0,0.4611863057324841,sundhed
Danmarksdemokraterne,Tjóðveldi,67,3,2.0,0.6666666666666666,sundhed
Danmarksdemokraterne,Venstre,67,10944,10828.0,0.9894005847953216,sundhed
Dansk Folkeparti,Dansk Folkeparti,67,49140,48403.0,0.985002035002035,sundhed
Dansk Folkeparti,Det Konservative Folkeparti,67,64575,60227.0,0.932667440960124,sundhed
Dansk Folkeparti,Enhedslisten,67,12971,4486.0,0.3458484311155655,sundhed
Dansk Folkeparti,Inuit Ataqatigiit,67,32,32.0,1.0,sundhed
Dansk Folkeparti,Liberal Alliance,67,16191,13456.0,0.8310789945031191,sundhed
Dansk Folkeparti,Radikale Venstre,67,26493,13939.0,0.526138980107953,sundhed
Dansk Folkeparti,Sambandsflokkurin,67,161,160.0,0.9937888198757764,sundhed
Dansk Folkeparti,Siumut,67,81,65.0,0.8024691358024691,sundhed
Dansk Folkeparti,Socialdemokratiet,67,175265,86902.0,0.4958320257895187,sundhed
Dansk Folkeparti,Socialistisk Folkeparti,67,81965,38863.0,0.4741414018178491,sundhed
Dansk Folkeparti,Tjóðveldi,67,53,18.0,0.3396226415094339,sundhed
Dansk Folkeparti,Venstre,67,176172,164894.0,0.935983016597416,sundhed
Det Konservative Folkeparti,Det Konservative Folkeparti,67,18421,18235.0,0.9899028282937952,sundhed
Det Konservative Folkeparti,Enhedslisten,67,8011,2941.0,0.3671202097116465,sundhed
Det Konservative Folkeparti,Inuit Ataqatigiit,67,25,25.0,1.0,sundhed
Det Konservative Folkeparti,Liberal Alliance,67,9974,8845.0,0.8868056948064968,sundhed
Det Konservative Folkeparti,Radikale Venstre,67,16542,9511.0,0.5749607060814895,sundhed
Det Konservative Folkeparti,Sambandsflokkurin,67,90,90.0,1.0,sundhed
Det Konservative Folkeparti,Siumut,67,53,53.0,1.0,sundhed
Det Konservative Folkeparti,Socialdemokratiet,67,108848,58921.0,0.5413144936057621,sundhed
Det Konservative Folkeparti,Socialistisk Folkeparti,67,50846,25284.0,0.4972662549659757,sundhed
Det Konservative Folkeparti,Tjóðveldi,67,34,10.0,0.2941176470588235,sundhed
Det Konservative Folkeparti,Venstre,67,109580,109043.0,0.9950994707063332,sundhed
Enhedslisten,Enhedslisten,67,472,435.0,0.9216101694915254,sundhed
Enhedslisten,Inuit Ataqatigiit,67,4,0.0,0.0,sundhed
Enhedslisten,Liberal Alliance,67,2018,842.0,0.4172447968285431,sundhed
Enhedslisten,Radikale Venstre,67,3316,2220.0,0.669481302774427,sundhed
Enhedslisten,Sambandsflokkurin,67,18,3.0,0.1666666666666666,sundhed
Enhedslisten,Siumut,67,9,5.0,0.5555555555555556,sundhed
Enhedslisten,Socialdemokratiet,67,21798,16455.0,0.7548857693366364,sundhed
Enhedslisten,Socialistisk Folkeparti,67,10185,8312.0,0.8161021109474718,sundhed
Enhedslisten,Tjóðveldi,67,7,5.0,0.7142857142857143,sundhed
Enhedslisten,Venstre,67,21925,8007.0,0.3651995438996579,sundhed
Inuit Ataqatigiit,Liberal Alliance,67,5,5.0,1.0,sundhed
Inuit Ataqatigiit,Radikale Venstre,67,8,8.0,1.0,sundhed
Inuit Ataqatigiit,Sambandsflokkurin,67,1,1.0,1.0,sundhed
Inuit Ataqatigiit,Siumut,67,1,1.0,1.0,sundhed
Inuit Ataqatigiit,Socialdemokratiet,67,59,58.0,0.9830508474576272,sundhed
Inuit Ataqatigiit,Socialistisk Folkeparti,67,29,15.0,0.5172413793103449,sundhed
Inuit Ataqatigiit,Tjóðveldi,67,1,0.0,0.0,sundhed
Inuit Ataqatigiit,Venstre,67,55,55.0,1.0,sundhed
Liberal Alliance,Liberal Alliance,67,920,711.0,0.7728260869565218,sundhed
Liberal Alliance,Radikale Venstre,67,3986,2486.0,0.6236828901154039,sundhed
Liberal Alliance,Sambandsflokkurin,67,29,28.0,0.9655172413793104,sundhed
Liberal Alliance,Siumut,67,13,13.0,1.0,sundhed
Liberal Alliance,Socialdemokratiet,67,27212,15797.0,0.5805159488460974,sundhed
Liberal Alliance,Socialistisk Folkeparti,67,12761,6997.0,0.5483112608729723,sundhed
Liberal Alliance,Tjóðveldi,67,9,4.0,0.4444444444444444,sundhed
Liberal Alliance,Venstre,67,27278,24247.0,0.8888848156023169,sundhed
Radikale Venstre,Radikale Venstre,67,2702,2604.0,0.9637305699481864,sundhed
Radikale Venstre,Sambandsflokkurin,67,31,28.0,0.9032258064516128,sundhed
Radikale Venstre,Siumut,67,21,21.0,1.0,sundhed
Radikale Venstre,Socialdemokratiet,67,44650,35572.0,0.7966853303471445,sundhed
Radikale Venstre,Socialistisk Folkeparti,67,20910,16305.0,0.7797704447632712,sundhed
Radikale Venstre,Tjóðveldi,67,14,5.0,0.3571428571428571,sundhed
Radikale Venstre,Venstre,67,44946,25853.0,0.5752013527343924,sundhed
Sambandsflokkurin,Socialdemokratiet,67,260,200.0,0.7692307692307693,sundhed
Sambandsflokkurin,Socialistisk Folkeparti,67,120,70.0,0.5833333333333334,sundhed
Sambandsflokkurin,Tjóðveldi,67,2,0.0,0.0,sundhed
Sambandsflokkurin,Venstre,67,247,247.0,1.0,sundhed
Siumut,Socialdemokratiet,67,146,145.0,0.9931506849315068,sundhed
Siumut,Socialistisk Folkeparti,67,64,50.0,0.78125,sundhed
Siumut,Venstre,67,143,143.0,1.0,sundhed
Socialdemokratiet,Socialdemokratiet,67,142677,141525.0,0.9919258184570744,sundhed
Socialdemokratiet,Socialistisk Folkeparti,67,137994,122889.0,0.8905387190747424,sundhed
Socialdemokratiet,Tjóðveldi,67,85,28.0,0.3294117647058823,sundhed
Socialdemokratiet,Venstre,67,296794,159852.0,0.5385957937155064,sundhed
Socialistisk Folkeparti,Socialistisk Folkeparti,67,30115,30103.0,0.999601527478001,sundhed
Socialistisk Folkeparti,Tjóðveldi,67,44,14.0,0.3181818181818182,sundhed
Socialistisk Folkeparti,Venstre,67,138578,68679.0,0.495598146892003,sundhed
Tjóðveldi,Venstre,67,85,26.0,0.3058823529411765,sundhed
Venstre,Venstre,67,144722,144662.0,0.9995854120313428,sundhed
Danmarksdemokraterne,Danmarksdemokraterne,68,321,235.0,0.7320872274143302,sundhed
Danmarksdemokraterne,Dansk Folkeparti,68,9153,8192.0,0.895007101496777,sundhed
Danmarksdemokraterne,Det Konservative Folkeparti,68,3668,2538.0,0.6919302071973827,sundhed
Danmarksdemokraterne,Enhedslisten,68,6264,2949.0,0.4707854406130268,sundhed
Danmarksdemokraterne,Liberal Alliance,68,3826,1972.0,0.5154208050182959,sundhed
Danmarksdemokraterne,Radikale Venstre,68,8304,4946.0,0.595616570327553,sundhed
Danmarksdemokraterne,Sambandsflokkurin,68,4,4.0,1.0,sundhed
Danmarksdemokraterne,Socialdemokratiet,68,22510,13449.0,0.5974677920924034,sundhed
Danmarksdemokraterne,Socialistisk Folkeparti,68,7111,4125.0,0.580087188862326,sundhed
Danmarksdemokraterne,Venstre,68,21275,16095.0,0.7565217391304347,sundhed
Dansk Folkeparti,Dansk Folkeparti,68,36614,36541.0,0.998006227126236,sundhed
Dansk Folkeparti,Det Konservative Folkeparti,68,31876,20051.0,0.6290312460785544,sundhed
Dansk Folkeparti,Enhedslisten,68,53114,22497.0,0.4235606431449335,sundhed
Dansk Folkeparti,Liberal Alliance,68,32466,17487.0,0.5386250231010904,sundhed
Dansk Folkeparti,Radikale Venstre,68,70019,38214.0,0.5457661491880775,sundhed
Dansk Folkeparti,Sambandsflokkurin,68,37,37.0,1.0,sundhed
Dansk Folkeparti,Socialdemokratiet,68,188973,103879.0,0.5497028676054251,sundhed
Dansk Folkeparti,Socialistisk Folkeparti,68,60055,31949.0,0.531995670635251,sundhed
Dansk Folkeparti,Venstre,68,178926,119250.0,0.6664766439757218,sundhed
Det Konservative Folkeparti,Det Konservative Folkeparti,68,5159,5136.0,0.9955417716611746,sundhed
Det Konservative Folkeparti,Enhedslisten,68,21323,8155.0,0.3824508746424049,sundhed
Det Konservative Folkeparti,Liberal Alliance,68,13006,8548.0,0.6572351222512687,sundhed
Det Konservative Folkeparti,Radikale Venstre,68,28078,19041.0,0.6781465916375811,sundhed
Det Konservative Folkeparti,Sambandsflokkurin,68,15,10.0,0.6666666666666666,sundhed
Det Konservative Folkeparti,Socialdemokratiet,68,75692,51438.0,0.6795698356497384,sundhed
Det Konservative Folkeparti,Socialistisk Folkeparti,68,24081,15362.0,0.6379303185083676,sundhed
Det Konservative Folkeparti,Venstre,68,71681,59205.0,0.8259510888519971,sundhed
Enhedslisten,Enhedslisten,68,15683,15301.0,0.9756424153542052,sundhed
Enhedslisten,Liberal Alliance,68,21735,7616.0,0.350402576489533,sundhed
Enhedslisten,Radikale Venstre,68,46858,31840.0,0.6794997652481967,sundhed
Enhedslisten,Sambandsflokkurin,68,23,16.0,0.6956521739130435,sundhed
Enhedslisten,Socialdemokratiet,68,126622,85715.0,0.6769360774588934,sundhed
Enhedslisten,Socialistisk Folkeparti,68,40246,28738.0,0.7140585399791284,sundhed
Enhedslisten,Venstre,68,119855,52763.0,0.4402236035209211,sundhed
Liberal Alliance,Liberal Alliance,68,5321,5303.0,0.9966171772223268,sundhed
Liberal Alliance,Radikale Venstre,68,28661,16046.0,0.5598548550294826,sundhed
Liberal Alliance,Sambandsflokkurin,68,15,10.0,0.6666666666666666,sundhed
Liberal Alliance,Socialdemokratiet,68,77402,43178.0,0.5578408826645306,sundhed
Liberal Alliance,Socialistisk Folkeparti,68,24585,13341.0,0.5426479560707749,sundhed
Liberal Alliance,Venstre,68,73279,46160.0,0.6299212598425197,sundhed
Radikale Venstre,Radikale Venstre,68,28227,28043.0,0.9934814185000176,sundhed
Radikale Venstre,Sambandsflokkurin,68,33,33.0,1.0,sundhed
Radikale Venstre,Socialdemokratiet,68,166990,166482.0,0.9969579016707588,sundhed
Radikale Venstre,Socialistisk Folkeparti,68,53052,50510.0,0.9520847470406394,sundhed
Radikale Venstre,Venstre,68,158235,117881.0,0.7449742471640282,sundhed
Sambandsflokkurin,Socialdemokratiet,68,89,89.0,1.0,sundhed
Sambandsflokkurin,Socialistisk Folkeparti,68,28,28.0,1.0,sundhed
Sambandsflokkurin,Venstre,68,81,81.0,1.0,sundhed
Socialdemokratiet,Socialdemokratiet,68,218373,218312.0,0.9997206614370824,sundhed
Socialdemokratiet,Socialistisk Folkeparti,68,143073,136094.0,0.9512207055139684,sundhed
Socialdemokratiet,Venstre,68,427493,319158.0,0.7465806457649599,sundhed
Socialistisk Folkeparti,Socialistisk Folkeparti,68,20606,20174.0,0.979035232456566,sundhed
Socialistisk Folkeparti,Venstre,68,135778,95636.0,0.7043556393524725,sundhed
Venstre,Venstre,68,195659,195416.0,0.9987580433304882,sundhed
Alternativet,Alternativet,69,5264,5264.0,1.0,sundhed
Alternativet,Danmarksdemokraterne,69,3375,1734.0,0.5137777777777778,sundhed
Alternativet,Dansk Folkeparti,69,53215,27517.0,0.5170910457577751,sundhed
Alternativet,Det Konservative Folkeparti,69,9601,4886.0,0.5089053223622539,sundhed
Alternativet,Enhedslisten,69,21842,17070.0,0.7815218386594635,sundhed
Alternativet,Inuit Ataqatigiit,69,68,22.0,0.3235294117647059,sundhed
Alternativet,Liberal Alliance,69,19451,9809.0,0.5042928384144774,sundhed
Alternativet,Radikale Venstre,69,11674,9014.0,0.7721432242590371,sundhed
Alternativet,Siumut,69,6,6.0,1.0,sundhed
Alternativet,Socialdemokratiet,69,71475,44417.0,0.6214340678558937,sundhed
Alternativet,Socialistisk Folkeparti,69,9545,8036.0,0.8419067574646412,sundhed
Alternativet,Tjóðveldi,69,60,5.0,0.0833333333333333,sundhed
Alternativet,Venstre,69,46603,23779.0,0.5102461214943244,sundhed
Danmarksdemokraterne,Danmarksdemokraterne,69,208,184.0,0.8846153846153846,sundhed
Danmarksdemokraterne,Dansk Folkeparti,69,14075,13226.0,0.9396802841918296,sundhed
Danmarksdemokraterne,Det Konservative Folkeparti,69,2526,2255.0,0.8927157561361837,sundhed
Danmarksdemokraterne,Enhedslisten,69,5791,2194.0,0.3788637541011915,sundhed
Danmarksdemokraterne,Inuit Ataqatigiit,69,17,7.0,0.4117647058823529,sundhed
Danmarksdemokraterne,Liberal Alliance,69,5154,4598.0,0.8921226232052775,sundhed
Danmarksdemokraterne,Radikale Venstre,69,3101,1992.0,0.6423734279264753,sundhed
Danmarksdemokraterne,Siumut,69,1,1.0,1.0,sundhed
Danmarksdemokraterne,Socialdemokratiet,69,18911,14556.0,0.7697107503569351,sundhed
Danmarksdemokraterne,Socialistisk Folkeparti,69,2542,1357.0,0.533831628638867,sundhed
Danmarksdemokraterne,Tjóðveldi,69,14,1.0,0.0714285714285714,sundhed
Danmarksdemokraterne,Venstre,69,12209,11024.0,0.902940453763617,sundhed
Dansk Folkeparti,Dansk Folkeparti,69,106349,106308.0,0.9996144768639104,sundhed
Dansk Folkeparti,Det Konservative Folkeparti,69,40151,33188.0,0.8265796617767927,sundhed
Dansk Folkeparti,Enhedslisten,69,91352,38160.0,0.4177248445573167,sundhed
Dansk Folkeparti,Inuit Ataqatigiit,69,260,67.0,0.2576923076923076,sundhed
Dansk Folkeparti,Liberal Alliance,69,81273,67021.0,0.8246404094840845,sundhed
Dansk Folkeparti,Radikale Venstre,69,48806,30485.0,0.6246158259230422,sundhed
Dansk Folkeparti,Siumut,69,23,0.0,0.0,sundhed
Dansk Folkeparti,Socialdemokratiet,69,298949,206328.0,0.6901779233247143,sundhed
Dansk Folkeparti,Socialistisk Folkeparti,69,39969,21134.0,0.5287597888363482,sundhed
Dansk Folkeparti,Tjóðveldi,69,262,22.0,0.0839694656488549,sundhed
Dansk Folkeparti,Venstre,69,194046,160961.0,0.8294991909134948,sundhed
Det Konservative Folkeparti,Det Konservative Folkeparti,69,2769,2763.0,0.9978331527627302,sundhed
Det Konservative Folkeparti,Enhedslisten,69,16495,6149.0,0.3727796301909669,sundhed
Det Konservative Folkeparti,Inuit Ataqatigiit,69,48,16.0,0.3333333333333333,sundhed
Det Konservative Folkeparti,Liberal Alliance,69,14657,14331.0,0.9777580678174252,sundhed
Det Konservative Folkeparti,Radikale Venstre,69,8803,6152.0,0.6988526638645917,sundhed
Det Konservative Folkeparti,Siumut,69,4,4.0,1.0,sundhed
Det Konservative Folkeparti,Socialdemokratiet,69,53874,44726.0,0.8301963841556224,sundhed
Det Konservative Folkeparti,Socialistisk Folkeparti,69,7205,3822.0,0.5304649548924358,sundhed
Det Konservative Folkeparti,Tjóðveldi,69,45,4.0,0.0888888888888888,sundhed
Det Konservative Folkeparti,Venstre,69,34887,34063.0,0.9763808868633016,sundhed
Enhedslisten,Enhedslisten,69,16670,16654.0,0.9990401919616076,sundhed
Enhedslisten,Inuit Ataqatigiit,69,105,33.0,0.3142857142857143,sundhed
Enhedslisten,Liberal Alliance,69,33350,12212.0,0.3661769115442279,sundhed
Enhedslisten,Radikale Venstre,69,20029,12632.0,0.6306855060162764,sundhed
Enhedslisten,Siumut,69,8,8.0,1.0,sundhed
Enhedslisten,Socialdemokratiet,69,122716,59596.0,0.4856416441213859,sundhed
Enhedslisten,Socialistisk Folkeparti,69,16393,12776.0,0.7793570426401513,sundhed
Enhedslisten,Tjóðveldi,69,108,0.0,0.0,sundhed
Enhedslisten,Venstre,69,79643,28415.0,0.3567796290948357,sundhed
Inuit Ataqatigiit,Liberal Alliance,69,96,32.0,0.3333333333333333,sundhed
Inuit Ataqatigiit,Radikale Venstre,69,55,17.0,0.3090909090909091,sundhed
Inuit Ataqatigiit,Siumut,69,1,1.0,1.0,sundhed
Inuit Ataqatigiit,Socialdemokratiet,69,353,114.0,0.3229461756373937,sundhed
Inuit Ataqatigiit,Socialistisk Folkeparti,69,47,23.0,0.4893617021276595,sundhed
Inuit Ataqatigiit,Tjóðveldi,69,2,2.0,1.0,sundhed
Inuit Ataqatigiit,Venstre,69,248,76.0,0.3064516129032258,sundhed
Liberal Alliance,Liberal Alliance,69,13021,12929.0,0.9929344904385224,sundhed
Liberal Alliance,Radikale Venstre,69,17831,12319.0,0.6908754416465706,sundhed
Liberal Alliance,Siumut,69,8,8.0,1.0,sundhed
Liberal Alliance,Socialdemokratiet,69,109137,89996.0,0.8246149335239195,sundhed
Liberal Alliance,Socialistisk Folkeparti,69,14594,7677.0,0.5260380978484308,sundhed
Liberal Alliance,Tjóðveldi,69,94,8.0,0.0851063829787234,sundhed
Liberal Alliance,Venstre,69,70859,68676.0,0.9691923397169026,sundhed
Radikale Venstre,Radikale Venstre,69,4285,4269.0,0.9962660443407234,sundhed
Radikale Venstre,Siumut,69,4,4.0,1.0,sundhed
Radikale Venstre,Socialdemokratiet,69,65497,51208.0,0.7818373360611937,sundhed
Radikale Venstre,Socialistisk Folkeparti,69,8775,6800.0,0.7749287749287749,sundhed
Radikale Venstre,Tjóðveldi,69,58,5.0,0.0862068965517241,sundhed
Radikale Venstre,Venstre,69,42569,30374.0,0.7135239258615425,sundhed
Siumut,Socialdemokratiet,69,29,29.0,1.0,sundhed
Siumut,Socialistisk Folkeparti,69,4,4.0,1.0,sundhed
Siumut,Venstre,69,20,20.0,1.0,sundhed
Socialdemokratiet,Socialdemokratiet,69,194292,190904.0,0.9825623288658308,sundhed
Socialdemokratiet,Socialistisk Folkeparti,69,53640,35399.0,0.6599366144668158,sundhed
Socialdemokratiet,Tjóðveldi,69,350,29.0,0.0828571428571428,sundhed
Socialdemokratiet,Venstre,69,261312,221647.0,0.8482082721038452,sundhed
Socialistisk Folkeparti,Socialistisk Folkeparti,69,2697,2694.0,0.9988876529477196,sundhed
Socialistisk Folkeparti,Tjóðveldi,69,48,4.0,0.0833333333333333,sundhed
Socialistisk Folkeparti,Venstre,69,34828,18479.0,0.5305788446077868,sundhed
Tjóðveldi,Venstre,69,230,19.0,0.0826086956521739,sundhed
Venstre,Venstre,69,80876,80859.0,0.999789801671695,sundhed
Alternativet,Alternativet,70,1157,1003.0,0.8668971477960242,sundhed
Alternativet,Danmarksdemokraterne,70,1604,963.0,0.6003740648379052,sundhed
Alternativet,Dansk Folkeparti,70,8662,5184.0,0.5984761025167398,sundhed
Alternativet,Det Konservative Folkeparti,70,7241,4218.0,0.582516227040464,sundhed
Alternativet,Enhedslisten,70,8217,7058.0,0.8589509553364975,sundhed
Alternativet,Liberal Alliance,70,2209,1195.0,0.5409687641466727,sundhed
Alternativet,Nye Borgerlige,70,2433,1166.0,0.4792437320180847,sundhed
Alternativet,Radikale Venstre,70,9916,7741.0,0.7806575231948366,sundhed
Alternativet,Sambandsflokkurin,70,39,32.0,0.8205128205128205,sundhed
Alternativet,Siumut,70,7,4.0,0.5714285714285714,sundhed
Alternativet,Socialdemokratiet,70,31667,21660.0,0.6839928000757887,sundhed
Alternativet,Socialistisk Folkeparti,70,8965,7352.0,0.8200780814277747,sundhed
Alternativet,Venstre,70,26978,15870.0,0.5882570983764549,sundhed
Danmarksdemokraterne,Danmarksdemokraterne,70,208,197.0,0.9471153846153846,sundhed
Danmarksdemokraterne,Dansk Folkeparti,70,4205,4057.0,0.9648038049940548,sundhed
Danmarksdemokraterne,Det Konservative Folkeparti,70,3717,2986.0,0.8033360236750067,sundhed
Danmarksdemokraterne,Enhedslisten,70,4082,2219.0,0.5436060754532092,sundhed
Danmarksdemokraterne,Liberal Alliance,70,1084,782.0,0.7214022140221402,sundhed
Danmarksdemokraterne,Nye Borgerlige,70,1223,926.0,0.7571545380212592,sundhed
Danmarksdemokraterne,Radikale Venstre,70,4970,2906.0,0.5847082494969819,sundhed
Danmarksdemokraterne,Sambandsflokkurin,70,16,13.0,0.8125,sundhed
Danmarksdemokraterne,Siumut,70,4,1.0,0.25,sundhed
Danmarksdemokraterne,Socialdemokratiet,70,15605,10016.0,0.6418455623197693,sundhed
Danmarksdemokraterne,Socialistisk Folkeparti,70,4497,2613.0,0.5810540360240161,sundhed
Danmarksdemokraterne,Venstre,70,13230,10918.0,0.8252456538170824,sundhed
Dansk Folkeparti,Dansk Folkeparti,70,10347,10228.0,0.9884990818594762,sundhed
Dansk Folkeparti,Det Konservative Folkeparti,70,19798,14852.0,0.7501767855338923,sundhed
Dansk Folkeparti,Enhedslisten,70,22359,12238.0,0.5473411154345007,sundhed
Dansk Folkeparti,Liberal Alliance,70,5909,4050.0,0.6853951599255373,sundhed
Dansk Folkeparti,Nye Borgerlige,70,6584,4987.0,0.7574422843256379,sundhed
Dansk Folkeparti,Radikale Venstre,70,27004,15141.0,0.5606947118945341,sundhed
Dansk Folkeparti,Sambandsflokkurin,70,101,79.0,0.7821782178217822,sundhed
Dansk Folkeparti,Siumut,70,15,7.0,0.4666666666666667,sundhed
Dansk Folkeparti,Socialdemokratiet,70,86132,51726.0,0.6005433520642735,sundhed
Dansk Folkeparti,Socialistisk Folkeparti,70,24635,13886.0,0.563669575806779,sundhed
Dansk Folkeparti,Venstre,70,73319,56548.0,0.7712598371499884,sundhed
Det Konservative Folkeparti,Det Konservative Folkeparti,70,7359,7252.0,0.985459980975676,sundhed
Det Konservative Folkeparti,Enhedslisten,70,18910,10250.0,0.5420412480169222,sundhed
Det Konservative Folkeparti,Liberal Alliance,70,4991,3981.0,0.7976357443398117,sundhed
Det Konservative Folkeparti,Nye Borgerlige,70,5538,3671.0,0.6628746840014446,sundhed
Det Konservative Folkeparti,Radikale Venstre,70,22885,15810.0,0.6908455320078654,sundhed
Det Konservative Folkeparti,Sambandsflokkurin,70,76,76.0,1.0,sundhed
Det Konservative Folkeparti,Siumut,70,13,6.0,0.4615384615384615,sundhed
Det Konservative Folkeparti,Socialdemokratiet,70,72419,54661.0,0.75478810809318,sundhed
Det Konservative Folkeparti,Socialistisk Folkeparti,70,20882,13075.0,0.6261373431663634,sundhed
Det Konservative Folkeparti,Venstre,70,61277,56726.0,0.9257306983044208,sundhed
Enhedslisten,Enhedslisten,70,9241,9197.0,0.9952386105399847,sundhed
Enhedslisten,Liberal Alliance,70,5608,2898.0,0.5167617689015692,sundhed
Enhedslisten,Nye Borgerlige,70,6267,2769.0,0.4418382000957396,sundhed
Enhedslisten,Radikale Venstre,70,25786,20503.0,0.7951213836965796,sundhed
Enhedslisten,Sambandsflokkurin,70,96,80.0,0.8333333333333334,sundhed
Enhedslisten,Siumut,70,15,15.0,1.0,sundhed
Enhedslisten,Socialdemokratiet,70,82063,58001.0,0.7067862495887306,sundhed
Enhedslisten,Socialistisk Folkeparti,70,23522,19523.0,0.8299889465181532,sundhed
Enhedslisten,Venstre,70,69880,38110.0,0.5453634802518603,sundhed
Liberal Alliance,Liberal Alliance,70,413,403.0,0.9757869249394672,sundhed
Liberal Alliance,Nye Borgerlige,70,1649,1150.0,0.6973923590054578,sundhed
Liberal Alliance,Radikale Venstre,70,6790,4565.0,0.6723122238586157,sundhed
Liberal Alliance,Sambandsflokkurin,70,24,24.0,1.0,sundhed
Liberal Alliance,Siumut,70,3,2.0,0.6666666666666666,sundhed
Liberal Alliance,Socialdemokratiet,70,21753,15780.0,0.7254171838367122,sundhed
Liberal Alliance,Socialistisk Folkeparti,70,6178,3666.0,0.5933959210100356,sundhed
Liberal Alliance,Venstre,70,18414,15291.0,0.8304007820136853,sundhed
Nye Borgerlige,Nye Borgerlige,70,537,534.0,0.994413407821229,sundhed
Nye Borgerlige,Radikale Venstre,70,7574,3531.0,0.4662001584367573,sundhed
Nye Borgerlige,Sambandsflokkurin,70,26,18.0,0.6923076923076923,sundhed
Nye Borgerlige,Siumut,70,5,2.0,0.4,sundhed
Nye Borgerlige,Socialdemokratiet,70,24199,12348.0,0.5102690193809661,sundhed
Nye Borgerlige,Socialistisk Folkeparti,70,6907,3028.0,0.4383958303170696,sundhed
Nye Borgerlige,Venstre,70,20583,14019.0,0.6810960501384637,sundhed
Radikale Venstre,Radikale Venstre,70,13922,13470.0,0.9675334003735095,sundhed
Radikale Venstre,Sambandsflokkurin,70,114,93.0,0.8157894736842105,sundhed
Radikale Venstre,Siumut,70,20,20.0,1.0,sundhed
Radikale Venstre,Socialdemokratiet,70,98901,84705.0,0.8564625231291898,sundhed
Radikale Venstre,Socialistisk Folkeparti,70,28422,23867.0,0.8397368235873619,sundhed
Radikale Venstre,Venstre,70,84208,58717.0,0.6972852935588068,sundhed
Sambandsflokkurin,Socialdemokratiet,70,322,268.0,0.8322981366459627,sundhed
Sambandsflokkurin,Socialistisk Folkeparti,70,102,86.0,0.8431372549019608,sundhed
Sambandsflokkurin,Venstre,70,275,274.0,0.9963636363636365,sundhed
Siumut,Socialdemokratiet,70,56,56.0,1.0,sundhed
Siumut,Socialistisk Folkeparti,70,15,15.0,1.0,sundhed
Siumut,Venstre,70,51,24.0,0.4705882352941176,sundhed
Socialdemokratiet,Socialdemokratiet,70,153188,153076.0,0.9992688722354232,sundhed
Socialdemokratiet,Socialistisk Folkeparti,70,90327,73619.0,0.8150276218627874,sundhed
Socialdemokratiet,Venstre,70,270153,204907.0,0.758485006644383,sundhed
Socialistisk Folkeparti,Socialistisk Folkeparti,70,11410,11395.0,0.9986853637160386,sundhed
Socialistisk Folkeparti,Venstre,70,76966,49028.0,0.6370085492295299,sundhed
Venstre,Venstre,70,110535,109662.0,0.9921020491247116,sundhed
Alternativet,Alternativet,71,991,871.0,0.8789101917255298,sundhed
Alternativet,Danmarksdemokraterne,71,7183,4711.0,0.6558540999582347,sundhed
Alternativet,Dansk Folkeparti,71,1921,1245.0,0.6480999479437792,sundhed
Alternativet,Det Konservative Folkeparti,71,4979,2888.0,0.5800361518377184,sundhed
Alternativet,Enhedslisten,71,4080,2977.0,0.729656862745098,sundhed
Alternativet,Javnaðarflokkurin,71,2,0.0,0.0,sundhed
Alternativet,Liberal Alliance,71,7179,4797.0,0.6681989134977017,sundhed
Alternativet,Moderaterne,71,7987,3918.0,0.4905471391010392,sundhed
Alternativet,Nye Borgerlige,71,2771,1685.0,0.6080837242872609,sundhed
Alternativet,Radikale Venstre,71,3440,2164.0,0.6290697674418605,sundhed
Alternativet,Sambandsflokkurin,71,92,15.0,0.1630434782608695,sundhed
Alternativet,Siumut,71,5,2.0,0.4,sundhed
Alternativet,Socialdemokratiet,71,27617,13354.0,0.4835427454104356,sundhed
Alternativet,Socialistisk Folkeparti,71,7421,5355.0,0.7216008624174639,sundhed
Alternativet,Venstre,71,12658,6156.0,0.4863327539895718,sundhed
Danmarksdemokraterne,Danmarksdemokraterne,71,8645,8629.0,0.9981492192018508,sundhed
Danmarksdemokraterne,Dansk Folkeparti,71,5205,4378.0,0.8411143131604226,sundhed
Danmarksdemokraterne,Det Konservative Folkeparti,71,13436,10800.0,0.8038106579339089,sundhed
Danmarksdemokraterne,Enhedslisten,71,11005,6178.0,0.5613811903680146,sundhed
Danmarksdemokraterne,Javnaðarflokkurin,71,9,0.0,0.0,sundhed
Danmarksdemokraterne,Liberal Alliance,71,19308,15795.0,0.8180546923555003,sundhed
Danmarksdemokraterne,Moderaterne,71,21640,13984.0,0.6462107208872458,sundhed
Danmarksdemokraterne,Nye Borgerlige,71,7550,6242.0,0.8267549668874172,sundhed
Danmarksdemokraterne,Radikale Venstre,71,9404,6214.0,0.6607826456826882,sundhed
Danmarksdemokraterne,Sambandsflokkurin,71,221,52.0,0.2352941176470588,sundhed
Danmarksdemokraterne,Siumut,71,19,10.0,0.5263157894736842,sundhed
Danmarksdemokraterne,Socialdemokratiet,71,74507,47937.0,0.6433892117519159,sundhed
Danmarksdemokraterne,Socialistisk Folkeparti,71,20080,12558.0,0.625398406374502,sundhed
Danmarksdemokraterne,Venstre,71,34102,22102.0,0.6481144800891443,sundhed
Dansk Folkeparti,Dansk Folkeparti,71,445,435.0,0.9775280898876404,sundhed
Dansk Folkeparti,Det Konservative Folkeparti,71,3611,2701.0,0.7479922459152589,sundhed
Dansk Folkeparti,Enhedslisten,71,2964,1720.0,0.5802968960863698,sundhed
Dansk Folkeparti,Javnaðarflokkurin,71,2,0.0,0.0,sundhed
Dansk Folkeparti,Liberal Alliance,71,5176,4035.0,0.7795595054095827,sundhed
Dansk Folkeparti,Moderaterne,71,5812,3384.0,0.5822436338609773,sundhed
Dansk Folkeparti,Nye Borgerlige,71,1995,1702.0,0.8531328320802005,sundhed
Dansk Folkeparti,Radikale Venstre,71,2540,1528.0,0.6015748031496063,sundhed
Dansk Folkeparti,Sambandsflokkurin,71,55,15.0,0.2727272727272727,sundhed
Dansk Folkeparti,Siumut,71,5,2.0,0.4,sundhed
Dansk Folkeparti,Socialdemokratiet,71,20002,11632.0,0.5815418458154185,sundhed
Dansk Folkeparti,Socialistisk Folkeparti,71,5386,3341.0,0.6203119197920535,sundhed
Dansk Folkeparti,Venstre,71,9181,5367.0,0.5845768434811023,sundhed
Det Konservative Folkeparti,Det Konservative Folkeparti,71,3892,3882.0,0.9974306269270298,sundhed
Det Konservative Folkeparti,Enhedslisten,71,7624,4918.0,0.6450682056663168,sundhed
Det Konservative Folkeparti,Javnaðarflokkurin,71,6,0.0,0.0,sundhed
Det Konservative Folkeparti,Liberal Alliance,71,13363,10480.0,0.7842550325525706,sundhed
Det Konservative Folkeparti,Moderaterne,71,15003,11367.0,0.7576484703059388,sundhed
Det Konservative Folkeparti,Nye Borgerlige,71,5243,3940.0,0.7514781613580012,sundhed
Det Konservative Folkeparti,Radikale Venstre,71,6509,5067.0,0.7784605930250422,sundhed
Det Konservative Folkeparti,Sambandsflokkurin,71,150,108.0,0.72,sundhed
Det Konservative Folkeparti,Siumut,71,12,6.0,0.5,sundhed
Det Konservative Folkeparti,Socialdemokratiet,71,51599,38838.0,0.7526890056008837,sundhed
Det Konservative Folkeparti,Socialistisk Folkeparti,71,13915,10191.0,0.7323751347466763,sundhed
Det Konservative Folkeparti,Venstre,71,23629,17807.0,0.7536078547547506,sundhed
Enhedslisten,Enhedslisten,71,2522,2496.0,0.9896907216494846,sundhed
Enhedslisten,Javnaðarflokkurin,71,5,0.0,0.0,sundhed
Enhedslisten,Liberal Alliance,71,10933,6596.0,0.6033110765572121,sundhed
Enhedslisten,Moderaterne,71,12273,6649.0,0.5417583312963415,sundhed
Enhedslisten,Nye Borgerlige,71,4303,2351.0,0.5463630025563561,sundhed
Enhedslisten,Radikale Venstre,71,5333,3731.0,0.6996062253890868,sundhed
Enhedslisten,Sambandsflokkurin,71,126,90.0,0.7142857142857143,sundhed
Enhedslisten,Siumut,71,11,5.0,0.4545454545454545,sundhed
Enhedslisten,Socialdemokratiet,71,42265,22313.0,0.5279309121022122,sundhed
Enhedslisten,Socialistisk Folkeparti,71,11383,9189.0,0.8072564350347009,sundhed
Enhedslisten,Venstre,71,19339,10225.0,0.5287243394177569,sundhed
Javnaðarflokkurin,Liberal Alliance,71,8,0.0,0.0,sundhed
Javnaðarflokkurin,Moderaterne,71,11,9.0,0.8181818181818182,sundhed
Javnaðarflokkurin,Nye Borgerlige,71,4,0.0,0.0,sundhed
Javnaðarflokkurin,Radikale Venstre,71,4,0.0,0.0,sundhed
Javnaðarflokkurin,Socialdemokratiet,71,34,34.0,1.0,sundhed
Javnaðarflokkurin,Socialistisk Folkeparti,71,9,0.0,0.0,sundhed
Javnaðarflokkurin,Venstre,71,15,15.0,1.0,sundhed
Liberal Alliance,Liberal Alliance,71,8529,8479.0,0.9941376480243874,sundhed
Liberal Alliance,Moderaterne,71,21540,13674.0,0.6348189415041783,sundhed
Liberal Alliance,Nye Borgerlige,71,7478,5806.0,0.7764108050280824,sundhed
Liberal Alliance,Radikale Venstre,71,9331,6307.0,0.6759189797449362,sundhed
Liberal Alliance,Sambandsflokkurin,71,220,41.0,0.1863636363636363,sundhed
Liberal Alliance,Siumut,71,18,9.0,0.5,sundhed
Liberal Alliance,Socialdemokratiet,71,74059,46351.0,0.6258658637032636,sundhed
Liberal Alliance,Socialistisk Folkeparti,71,19964,13029.0,0.6526247245041074,sundhed
Liberal Alliance,Venstre,71,33888,21405.0,0.6316395184135978,sundhed
Moderaterne,Moderaterne,71,10926,10439.0,0.9554274208310451,sundhed
Moderaterne,Nye Borgerlige,71,8454,4899.0,0.5794889992902768,sundhed
Moderaterne,Radikale Venstre,71,10512,8455.0,0.8043188736681888,sundhed
Moderaterne,Sambandsflokkurin,71,245,238.0,0.9714285714285714,sundhed
Moderaterne,Siumut,71,21,21.0,1.0,sundhed
Moderaterne,Socialdemokratiet,71,83090,81094.0,0.9759778553375856,sundhed
Moderaterne,Socialistisk Folkeparti,71,22425,15828.0,0.7058193979933111,sundhed
Moderaterne,Venstre,71,38022,37008.0,0.9733312292883068,sundhed
Nye Borgerlige,Nye Borgerlige,71,1132,872.0,0.7703180212014135,sundhed
Nye Borgerlige,Radikale Venstre,71,3675,2222.0,0.604625850340136,sundhed
Nye Borgerlige,Sambandsflokkurin,71,78,17.0,0.2179487179487179,sundhed
Nye Borgerlige,Siumut,71,6,3.0,0.5,sundhed
Nye Borgerlige,Socialdemokratiet,71,29078,16732.0,0.5754178416672399,sundhed
Nye Borgerlige,Socialistisk Folkeparti,71,7848,4594.0,0.5853720693170235,sundhed
Nye Borgerlige,Venstre,71,13348,7721.0,0.5784387174108481,sundhed
Radikale Venstre,Radikale Venstre,71,1769,1717.0,0.9706048615036744,sundhed
Radikale Venstre,Sambandsflokkurin,71,102,79.0,0.7745098039215687,sundhed
Radikale Venstre,Siumut,71,9,5.0,0.5555555555555556,sundhed
Radikale Venstre,Socialdemokratiet,71,36140,29357.0,0.8123132263420033,sundhed
Radikale Venstre,Socialistisk Folkeparti,71,9741,8015.0,0.8228107997125552,sundhed
Radikale Venstre,Venstre,71,16521,13374.0,0.8095151625204285,sundhed
Sambandsflokkurin,Siumut,71,1,1.0,1.0,sundhed
Sambandsflokkurin,Socialdemokratiet,71,830,830.0,1.0,sundhed
Sambandsflokkurin,Socialistisk Folkeparti,71,222,169.0,0.7612612612612613,sundhed
Sambandsflokkurin,Venstre,71,347,345.0,0.9942363112391932,sundhed
Siumut,Socialdemokratiet,71,63,63.0,1.0,sundhed
Siumut,Socialistisk Folkeparti,71,18,9.0,0.5,sundhed
Siumut,Venstre,71,28,28.0,1.0,sundhed
Socialdemokratiet,Socialdemokratiet,71,139022,139022.0,1.0,sundhed
Socialdemokratiet,Socialistisk Folkeparti,71,77146,54422.0,0.7054416301558085,sundhed
Socialdemokratiet,Venstre,71,130933,130475.0,0.9965020277546532,sundhed
Socialistisk Folkeparti,Socialistisk Folkeparti,71,9272,9237.0,0.9962251941328732,sundhed
Socialistisk Folkeparti,Venstre,71,35300,24751.0,0.7011614730878187,sundhed
Venstre,Venstre,71,28188,27983.0,0.9927274017312332,sundhed
Danmarksdemokraterne,Danmarksdemokraterne,65,2,1.0,0.5,immigration
Danmarksdemokraterne,Dansk Folkeparti,65,86,57.0,0.6627906976744186,immigration
Danmarksdemokraterne,Det Konservative Folkeparti,65,47,38.0,0.8085106382978723,immigration
Danmarksdemokraterne,Enhedslisten,65,6,5.0,0.8333333333333334,immigration
Danmarksdemokraterne,Kristendemokraterne,65,12,10.0,0.8333333333333334,immigration
Danmarksdemokraterne,Radikale Venstre,65,23,20.0,0.8695652173913043,immigration
Danmarksdemokraterne,Socialdemokratiet,65,204,168.0,0.8235294117647058,immigration
Danmarksdemokraterne,Socialistisk Folkeparti,65,38,33.0,0.868421052631579,immigration
Danmarksdemokraterne,Venstre,65,215,181.0,0.8418604651162791,immigration
Dansk Folkeparti,Dansk Folkeparti,65,392,392.0,1.0,immigration
Dansk Folkeparti,Det Konservative Folkeparti,65,449,218.0,0.4855233853006681,immigration
Dansk Folkeparti,Enhedslisten,65,58,29.0,0.5,immigration
Dansk Folkeparti,Kristendemokraterne,65,116,58.0,0.5,immigration
Dansk Folkeparti,Radikale Venstre,65,233,131.0,0.5622317596566524,immigration
Dansk Folkeparti,Socialdemokratiet,65,1972,943.0,0.4781947261663286,immigration
Dansk Folkeparti,Socialistisk Folkeparti,65,378,203.0,0.5370370370370371,immigration
Dansk Folkeparti,Venstre,65,2089,1058.0,0.5064624222115844,immigration
Det Konservative Folkeparti,Det Konservative Folkeparti,65,106,106.0,1.0,immigration
Det Konservative Folkeparti,Enhedslisten,65,31,31.0,1.0,immigration
Det Konservative Folkeparti,Kristendemokraterne,65,62,62.0,1.0,immigration
Det Konservative Folkeparti,Radikale Venstre,65,123,123.0,1.0,immigration
Det Konservative Folkeparti,Socialdemokratiet,65,1057,1057.0,1.0,immigration
Det Konservative Folkeparti,Socialistisk Folkeparti,65,199,199.0,1.0,immigration
Det Konservative Folkeparti,Venstre,65,1112,1112.0,1.0,immigration
Enhedslisten,Kristendemokraterne,65,8,8.0,1.0,immigration
Enhedslisten,Radikale Venstre,65,16,16.0,1.0,immigration
Enhedslisten,Socialdemokratiet,65,136,136.0,1.0,immigration
Enhedslisten,Socialistisk Folkeparti,65,26,26.0,1.0,immigration
Enhedslisten,Venstre,65,144,144.0,1.0,immigration
Kristendemokraterne,Kristendemokraterne,65,4,4.0,1.0,immigration
Kristendemokraterne,Radikale Venstre,65,32,32.0,1.0,immigration
Kristendemokraterne,Socialdemokratiet,65,272,272.0,1.0,immigration
Kristendemokraterne,Socialistisk Folkeparti,65,52,52.0,1.0,immigration
Kristendemokraterne,Venstre,65,288,288.0,1.0,immigration
Radikale Venstre,Radikale Venstre,65,25,25.0,1.0,immigration
Radikale Venstre,Socialdemokratiet,65,541,541.0,1.0,immigration
Radikale Venstre,Socialistisk Folkeparti,65,106,106.0,1.0,immigration
Radikale Venstre,Venstre,65,578,578.0,1.0,immigration
Socialdemokratiet,Socialdemokratiet,65,2249,2249.0,1.0,immigration
Socialdemokratiet,Socialistisk Folkeparti,65,880,880.0,1.0,immigration
Socialdemokratiet,Venstre,65,4891,4891.0,1.0,immigration
Socialistisk Folkeparti,Socialistisk Folkeparti,65,73,73.0,1.0,immigration
Socialistisk Folkeparti,Venstre,65,940,940.0,1.0,immigration
Venstre,Venstre,65,2523,2523.0,1.0,immigration
Danmarksdemokraterne,Danmarksdemokraterne,66,16,13.0,0.8125,immigration
Danmarksdemokraterne,Dansk Folkeparti,66,1345,1251.0,0.9301115241635688,immigration
Danmarksdemokraterne,Det Konservative Folkeparti,66,966,908.0,0.9399585921325052,immigration
Danmarksdemokraterne,Enhedslisten,66,221,54.0,0.2443438914027149,immigration
Danmarksdemokraterne,Fólkaflokkurin,66,1,1.0,1.0,immigration
Danmarksdemokraterne,Inuit Ataqatigiit,66,1,0.0,0.0,immigration
Danmarksdemokraterne,Radikale Venstre,66,765,372.0,0.4862745098039215,immigration
Danmarksdemokraterne,Siumut,66,1,0.0,0.0,immigration
Danmarksdemokraterne,Socialdemokratiet,66,2457,1514.0,0.6161986161986162,immigration
Danmarksdemokraterne,Socialistisk Folkeparti,66,669,252.0,0.3766816143497757,immigration
Danmarksdemokraterne,Tjóðveldi,66,2,0.0,0.0,immigration
Danmarksdemokraterne,Venstre,66,2849,2681.0,0.941031941031941,immigration
Dansk Folkeparti,Dansk Folkeparti,66,10008,9992.0,0.9984012789768184,immigration
Dansk Folkeparti,Det Konservative Folkeparti,66,15149,13711.0,0.905076242656281,immigration
Dansk Folkeparti,Enhedslisten,66,3615,746.0,0.2063623789764868,immigration
Dansk Folkeparti,Fólkaflokkurin,66,17,17.0,1.0,immigration
Dansk Folkeparti,Inuit Ataqatigiit,66,17,0.0,0.0,immigration
Dansk Folkeparti,Radikale Venstre,66,11998,4081.0,0.3401400233372229,immigration
Dansk Folkeparti,Siumut,66,16,0.0,0.0,immigration
Dansk Folkeparti,Socialdemokratiet,66,38760,19971.0,0.5152476780185758,immigration
Dansk Folkeparti,Socialistisk Folkeparti,66,10662,2969.0,0.2784655786906772,immigration
Dansk Folkeparti,Tjóðveldi,66,33,0.0,0.0,immigration
Dansk Folkeparti,Venstre,66,44927,40727.0,0.9065150132437064,immigration
Det Konservative Folkeparti,Det Konservative Folkeparti,66,4968,4968.0,1.0,immigration
Det Konservative Folkeparti,Enhedslisten,66,2589,522.0,0.20162224797219,immigration
Det Konservative Folkeparti,Fólkaflokkurin,66,13,13.0,1.0,immigration
Det Konservative Folkeparti,Inuit Ataqatigiit,66,13,0.0,0.0,immigration
Det Konservative Folkeparti,Radikale Venstre,66,8517,3754.0,0.4407655277679934,immigration
Det Konservative Folkeparti,Siumut,66,11,0.0,0.0,immigration
Det Konservative Folkeparti,Socialdemokratiet,66,27531,17172.0,0.6237332461588755,immigration
Det Konservative Folkeparti,Socialistisk Folkeparti,66,7552,2794.0,0.3699682203389831,immigration
Det Konservative Folkeparti,Tjóðveldi,66,24,0.0,0.0,immigration
Det Konservative Folkeparti,Venstre,66,31946,31916.0,0.9990609152945596,immigration
Enhedslisten,Enhedslisten,66,203,203.0,1.0,immigration
Enhedslisten,Fólkaflokkurin,66,3,0.0,0.0,immigration
Enhedslisten,Inuit Ataqatigiit,66,3,0.0,0.0,immigration
Enhedslisten,Radikale Venstre,66,2040,1441.0,0.7063725490196079,immigration
Enhedslisten,Siumut,66,3,3.0,1.0,immigration
Enhedslisten,Socialdemokratiet,66,6555,3236.0,0.4936689549961861,immigration
Enhedslisten,Socialistisk Folkeparti,66,1799,1388.0,0.7715397443023903,immigration
Enhedslisten,Tjóðveldi,66,6,3.0,0.5,immigration
Enhedslisten,Venstre,66,7608,1517.0,0.1993953732912723,immigration
Fólkaflokkurin,Inuit Ataqatigiit,66,1,0.0,0.0,immigration
Fólkaflokkurin,Radikale Venstre,66,8,8.0,1.0,immigration
Fólkaflokkurin,Socialdemokratiet,66,28,28.0,1.0,immigration
Fólkaflokkurin,Socialistisk Folkeparti,66,8,8.0,1.0,immigration
Fólkaflokkurin,Tjóðveldi,66,1,0.0,0.0,immigration
Fólkaflokkurin,Venstre,66,31,31.0,1.0,immigration
Inuit Ataqatigiit,Radikale Venstre,66,8,0.0,0.0,immigration
Inuit Ataqatigiit,Socialdemokratiet,66,28,0.0,0.0,immigration
Inuit Ataqatigiit,Socialistisk Folkeparti,66,8,0.0,0.0,immigration
Inuit Ataqatigiit,Tjóðveldi,66,1,1.0,1.0,immigration
Inuit Ataqatigiit,Venstre,66,31,0.0,0.0,immigration
Radikale Venstre,Radikale Venstre,66,3027,3019.0,0.9973571192599934,immigration
Radikale Venstre,Siumut,66,10,10.0,1.0,immigration
Radikale Venstre,Socialdemokratiet,66,21773,15921.0,0.7312267487254857,immigration
Radikale Venstre,Socialistisk Folkeparti,66,5986,5037.0,0.8414634146341463,immigration
Radikale Venstre,Tjóðveldi,66,18,10.0,0.5555555555555556,immigration
Radikale Venstre,Venstre,66,25229,10944.0,0.4337865155178564,immigration
Siumut,Socialdemokratiet,66,28,28.0,1.0,immigration
Siumut,Socialistisk Folkeparti,66,7,7.0,1.0,immigration
Siumut,Tjóðveldi,66,1,1.0,1.0,immigration
Siumut,Venstre,66,35,0.0,0.0,immigration
Socialdemokratiet,Socialdemokratiet,66,34167,34083.0,0.9975414874001228,immigration
Socialdemokratiet,Socialistisk Folkeparti,66,19439,13367.0,0.6876382529965533,immigration
Socialdemokratiet,Tjóðveldi,66,56,28.0,0.5,immigration
Socialdemokratiet,Venstre,66,81819,49783.0,0.6084528043608453,immigration
Socialistisk Folkeparti,Socialistisk Folkeparti,66,2365,2183.0,0.9230443974630022,immigration
Socialistisk Folkeparti,Tjóðveldi,66,15,7.0,0.4666666666666667,immigration
Socialistisk Folkeparti,Venstre,66,22555,8222.0,0.364531146087342,immigration
Tjóðveldi,Venstre,66,66,0.0,0.0,immigration
Venstre,Venstre,66,46229,46145.0,0.9981829587488372,immigration
Danmarksdemokraterne,Danmarksdemokraterne,67,23,21.0,0.9130434782608696,immigration
Danmarksdemokraterne,Dansk Folkeparti,67,1705,1589.0,0.9319648093841644,immigration
Danmarksdemokraterne,Det Konservative Folkeparti,67,1042,978.0,0.9385796545105566,immigration
Danmarksdemokraterne,Enhedslisten,67,213,44.0,0.2065727699530516,immigration
Danmarksdemokraterne,Liberal Alliance,67,258,205.0,0.7945736434108527,immigration
Danmarksdemokraterne,Radikale Venstre,67,447,184.0,0.4116331096196868,immigration
Danmarksdemokraterne,Sambandsflokkurin,67,1,1.0,1.0,immigration
Danmarksdemokraterne,Siumut,67,9,7.0,0.7777777777777778,immigration
Danmarksdemokraterne,Socialdemokratiet,67,2879,1398.0,0.4855852726641195,immigration
Danmarksdemokraterne,Socialistisk Folkeparti,67,1375,544.0,0.3956363636363636,immigration
Danmarksdemokraterne,Venstre,67,2848,2732.0,0.9592696629213484,immigration
Dansk Folkeparti,Dansk Folkeparti,67,15614,15372.0,0.9845010887664916,immigration
Dansk Folkeparti,Det Konservative Folkeparti,67,20468,17619.0,0.8608071135430917,immigration
Dansk Folkeparti,Enhedslisten,67,4294,899.0,0.2093619003260363,immigration
Dansk Folkeparti,Javnaðarflokkurin,67,17,17.0,1.0,immigration
Dansk Folkeparti,Liberal Alliance,67,5074,3641.0,0.7175798186834844,immigration
Dansk Folkeparti,Radikale Venstre,67,8653,3383.0,0.3909626719056974,immigration
Dansk Folkeparti,Sambandsflokkurin,67,34,34.0,1.0,immigration
Dansk Folkeparti,Siumut,67,78,63.0,0.8076923076923077,immigration
Dansk Folkeparti,Socialdemokratiet,67,55076,24588.0,0.4464376497930133,immigration
Dansk Folkeparti,Socialistisk Folkeparti,67,26204,9931.0,0.3789879407724011,immigration
Dansk Folkeparti,Venstre,67,55707,48413.0,0.8690649290035364,immigration
Det Konservative Folkeparti,Det Konservative Folkeparti,67,5839,5690.0,0.9744819318376434,immigration
Det Konservative Folkeparti,Enhedslisten,67,2650,713.0,0.2690566037735849,immigration
Det Konservative Folkeparti,Javnaðarflokkurin,67,11,11.0,1.0,immigration
Det Konservative Folkeparti,Liberal Alliance,67,3119,2594.0,0.8316768194934274,immigration
Det Konservative Folkeparti,Radikale Venstre,67,5377,2820.0,0.5244560163660034,immigration
Det Konservative Folkeparti,Sambandsflokkurin,67,23,23.0,1.0,immigration
Det Konservative Folkeparti,Siumut,67,54,42.0,0.7777777777777778,immigration
Det Konservative Folkeparti,Socialdemokratiet,67,34066,19163.0,0.5625256854341573,immigration
Det Konservative Folkeparti,Socialistisk Folkeparti,67,16209,8034.0,0.495650564501203,immigration
Det Konservative Folkeparti,Venstre,67,34575,34140.0,0.9874186550976138,immigration
Enhedslisten,Enhedslisten,67,174,151.0,0.867816091954023,immigration
Enhedslisten,Javnaðarflokkurin,67,2,0.0,0.0,immigration
Enhedslisten,Liberal Alliance,67,658,277.0,0.4209726443768997,immigration
Enhedslisten,Radikale Venstre,67,1133,776.0,0.6849073256840247,immigration
Enhedslisten,Sambandsflokkurin,67,3,0.0,0.0,immigration
Enhedslisten,Siumut,67,7,6.0,0.8571428571428571,immigration
Enhedslisten,Socialdemokratiet,67,7179,4743.0,0.6606769745089845,immigration
Enhedslisten,Socialistisk Folkeparti,67,3401,2388.0,0.7021464275213173,immigration
Enhedslisten,Venstre,67,7223,1905.0,0.2637408279108403,immigration
Javnaðarflokkurin,Liberal Alliance,67,2,2.0,1.0,immigration
Javnaðarflokkurin,Radikale Venstre,67,4,4.0,1.0,immigration
Javnaðarflokkurin,Sambandsflokkurin,67,1,1.0,1.0,immigration
Javnaðarflokkurin,Socialdemokratiet,67,29,29.0,1.0,immigration
Javnaðarflokkurin,Socialistisk Folkeparti,67,13,13.0,1.0,immigration
Javnaðarflokkurin,Venstre,67,31,31.0,1.0,immigration
Liberal Alliance,Liberal Alliance,67,303,209.0,0.6897689768976898,immigration
Liberal Alliance,Radikale Venstre,67,1287,844.0,0.6557886557886557,immigration
Liberal Alliance,Sambandsflokkurin,67,3,2.0,0.6666666666666666,immigration
Liberal Alliance,Siumut,67,12,9.0,0.75,immigration
Liberal Alliance,Socialdemokratiet,67,8435,5318.0,0.6304682868998222,immigration
Liberal Alliance,Socialistisk Folkeparti,67,4032,2390.0,0.5927579365079365,immigration
Liberal Alliance,Venstre,67,8495,7111.0,0.83708063566804,immigration
Radikale Venstre,Radikale Venstre,67,908,865.0,0.9526431718061674,immigration
Radikale Venstre,Sambandsflokkurin,67,8,4.0,0.5,immigration
Radikale Venstre,Siumut,67,24,20.0,0.8333333333333334,immigration
Radikale Venstre,Socialdemokratiet,67,14441,11311.0,0.7832560072017173,immigration
Radikale Venstre,Socialistisk Folkeparti,67,6848,5394.0,0.7876752336448598,immigration
Radikale Venstre,Venstre,67,14612,7548.0,0.5165617300848617,immigration
Sambandsflokkurin,Socialdemokratiet,67,56,29.0,0.5178571428571429,immigration
Sambandsflokkurin,Socialistisk Folkeparti,67,27,13.0,0.4814814814814814,immigration
Sambandsflokkurin,Venstre,67,60,60.0,1.0,immigration
Siumut,Socialdemokratiet,67,144,144.0,1.0,immigration
Siumut,Socialistisk Folkeparti,67,63,62.0,0.984126984126984,immigration
Siumut,Venstre,67,148,121.0,0.8175675675675675,immigration
Socialdemokratiet,Socialdemokratiet,67,44656,44491.0,0.996305087782157,immigration
Socialdemokratiet,Socialistisk Folkeparti,67,43727,41082.0,0.9395110572415212,immigration
Socialdemokratiet,Venstre,67,92887,51916.0,0.5589156717301668,immigration
Socialistisk Folkeparti,Socialistisk Folkeparti,67,9692,9622.0,0.992777548493603,immigration
Socialistisk Folkeparti,Venstre,67,44139,21530.0,0.4877772491447473,immigration
Venstre,Venstre,67,45519,45493.0,0.9994288099474944,immigration
Danmarksdemokraterne,Danmarksdemokraterne,68,58,29.0,0.5,immigration
Danmarksdemokraterne,Dansk Folkeparti,68,2516,2155.0,0.8565182829888712,immigration
Danmarksdemokraterne,Det Konservative Folkeparti,68,1050,765.0,0.7285714285714285,immigration
Danmarksdemokraterne,Enhedslisten,68,1743,501.0,0.2874354561101549,immigration
Danmarksdemokraterne,Liberal Alliance,68,1043,633.0,0.6069031639501438,immigration
Danmarksdemokraterne,Radikale Venstre,68,2204,970.0,0.4401088929219601,immigration
Danmarksdemokraterne,Sambandsflokkurin,68,5,4.0,0.8,immigration
Danmarksdemokraterne,Socialdemokratiet,68,5947,2664.0,0.4479569530855893,immigration
Danmarksdemokraterne,Socialistisk Folkeparti,68,2054,774.0,0.37682570593963,immigration
Danmarksdemokraterne,Venstre,68,5648,4161.0,0.7367209631728046,immigration
Dansk Folkeparti,Dansk Folkeparti,68,10439,10428.0,0.9989462592202318,immigration
Dansk Folkeparti,Det Konservative Folkeparti,68,9383,6026.0,0.6422253010764148,immigration
Dansk Folkeparti,Enhedslisten,68,15703,3301.0,0.2102146086735019,immigration
Dansk Folkeparti,Liberal Alliance,68,9390,5050.0,0.5378061767838126,immigration
Dansk Folkeparti,Radikale Venstre,68,19917,7423.0,0.3726966912687653,immigration
Dansk Folkeparti,Sambandsflokkurin,68,36,24.0,0.6666666666666666,immigration
Dansk Folkeparti,Socialdemokratiet,68,53742,20702.0,0.3852108220758438,immigration
Dansk Folkeparti,Socialistisk Folkeparti,68,18399,5275.0,0.2867003641502255,immigration
Dansk Folkeparti,Venstre,68,50841,32306.0,0.63543203320155,immigration
Det Konservative Folkeparti,Det Konservative Folkeparti,68,1574,1574.0,1.0,immigration
Det Konservative Folkeparti,Enhedslisten,68,6488,2760.0,0.4254007398273736,immigration
Det Konservative Folkeparti,Liberal Alliance,68,3878,3099.0,0.7991232594120681,immigration
Det Konservative Folkeparti,Radikale Venstre,68,8227,5367.0,0.6523641667679592,immigration
Det Konservative Folkeparti,Sambandsflokkurin,68,15,15.0,1.0,immigration
Det Konservative Folkeparti,Socialdemokratiet,68,22185,14658.0,0.6607167004732928,immigration
Det Konservative Folkeparti,Socialistisk Folkeparti,68,7583,4382.0,0.5778715547936173,immigration
Det Konservative Folkeparti,Venstre,68,21007,19798.0,0.942447755510068,immigration
Enhedslisten,Enhedslisten,68,4807,4663.0,0.9700436862908258,immigration
Enhedslisten,Liberal Alliance,68,6488,3042.0,0.468865598027127,immigration
Enhedslisten,Radikale Venstre,68,13748,10207.0,0.742435263311027,immigration
Enhedslisten,Sambandsflokkurin,68,24,8.0,0.3333333333333333,immigration
Enhedslisten,Socialdemokratiet,68,37152,27006.0,0.726905684754522,immigration
Enhedslisten,Socialistisk Folkeparti,68,12676,10443.0,0.8238403281792364,immigration
Enhedslisten,Venstre,68,35125,14332.0,0.4080284697508897,immigration
Liberal Alliance,Liberal Alliance,68,1556,1544.0,0.9922879177377892,immigration
Liberal Alliance,Radikale Venstre,68,8229,5433.0,0.6602260298942764,immigration
Liberal Alliance,Sambandsflokkurin,68,15,10.0,0.6666666666666666,immigration
Liberal Alliance,Socialdemokratiet,68,22217,14759.0,0.6643111131115812,immigration
Liberal Alliance,Socialistisk Folkeparti,68,7595,4424.0,0.5824884792626728,immigration
Liberal Alliance,Venstre,68,20999,17418.0,0.8294680699080909,immigration
Radikale Venstre,Radikale Venstre,68,7971,7900.0,0.9910927110776564,immigration
Radikale Venstre,Sambandsflokkurin,68,32,21.0,0.65625,immigration
Radikale Venstre,Socialdemokratiet,68,47053,46833.0,0.995324421397148,immigration
Radikale Venstre,Socialistisk Folkeparti,68,16120,14766.0,0.9160049627791564,immigration
Radikale Venstre,Venstre,68,44622,29119.0,0.6525704809286899,immigration
Sambandsflokkurin,Socialdemokratiet,68,88,59.0,0.6704545454545454,immigration
Sambandsflokkurin,Socialistisk Folkeparti,68,30,20.0,0.6666666666666666,immigration
Sambandsflokkurin,Venstre,68,79,79.0,1.0,immigration
Socialdemokratiet,Socialdemokratiet,68,61572,61486.0,0.9986032612226337,immigration
Socialdemokratiet,Socialistisk Folkeparti,68,43410,39425.0,0.9082008753743376,immigration
Socialdemokratiet,Venstre,68,120331,79173.0,0.6579601266506553,immigration
Socialistisk Folkeparti,Socialistisk Folkeparti,68,6778,6590.0,0.9722632044850988,immigration
Socialistisk Folkeparti,Venstre,68,41152,23568.0,0.5727060653188181,immigration
Venstre,Venstre,68,55054,54974.0,0.9985468812438696,immigration
Alternativet,Alternativet,69,3701,3689.0,0.9967576330721428,immigration
Alternativet,Danmarksdemokraterne,69,2629,795.0,0.302396348421453,immigration
Alternativet,Dansk Folkeparti,69,37084,7384.0,0.1991155215187142,immigration
Alternativet,Det Konservative Folkeparti,69,6617,2463.0,0.3722230618104881,immigration
Alternativet,Enhedslisten,69,15192,13668.0,0.8996840442338072,immigration
Alternativet,Inuit Ataqatigiit,69,30,6.0,0.2,immigration
Alternativet,Liberal Alliance,69,13560,5233.0,0.3859144542772861,immigration
Alternativet,Radikale Venstre,69,8131,7061.0,0.8684048702496618,immigration
Alternativet,Socialdemokratiet,69,49754,26585.0,0.5343288981790408,immigration
Alternativet,Socialistisk Folkeparti,69,6757,5841.0,0.8644368802723102,immigration
Alternativet,Tjóðveldi,69,10,0.0,0.0,immigration
Alternativet,Venstre,69,32335,12595.0,0.3895160043296737,immigration
Danmarksdemokraterne,Danmarksdemokraterne,69,203,150.0,0.7389162561576355,immigration
Danmarksdemokraterne,Dansk Folkeparti,69,10835,9077.0,0.8377480387632672,immigration
Danmarksdemokraterne,Det Konservative Folkeparti,69,1945,1697.0,0.8724935732647815,immigration
Danmarksdemokraterne,Enhedslisten,69,4460,1268.0,0.284304932735426,immigration
Danmarksdemokraterne,Inuit Ataqatigiit,69,9,2.0,0.2222222222222222,immigration
Danmarksdemokraterne,Liberal Alliance,69,3990,3318.0,0.8315789473684211,immigration
Danmarksdemokraterne,Radikale Venstre,69,2385,861.0,0.3610062893081761,immigration
Danmarksdemokraterne,Socialdemokratiet,69,14594,9596.0,0.6575304919830067,immigration
Danmarksdemokraterne,Socialistisk Folkeparti,69,1983,724.0,0.3651033787191124,immigration
Danmarksdemokraterne,Tjóðveldi,69,3,0.0,0.0,immigration
Danmarksdemokraterne,Venstre,69,9405,8160.0,0.8676236044657097,immigration
Dansk Folkeparti,Dansk Folkeparti,69,73765,73683.0,0.998888361689148,immigration
Dansk Folkeparti,Det Konservative Folkeparti,69,27558,19174.0,0.6957689237245083,immigration
Dansk Folkeparti,Enhedslisten,69,63249,14699.0,0.2323989312083985,immigration
Dansk Folkeparti,Inuit Ataqatigiit,69,107,21.0,0.1962616822429906,immigration
Dansk Folkeparti,Liberal Alliance,69,56396,38012.0,0.6740194340024115,immigration
Dansk Folkeparti,Radikale Venstre,69,33895,7884.0,0.2326006785661602,immigration
Dansk Folkeparti,Socialdemokratiet,69,207069,104585.0,0.5050731881643317,immigration
Dansk Folkeparti,Socialistisk Folkeparti,69,28066,7629.0,0.2718235587543647,immigration
Dansk Folkeparti,Tjóðveldi,69,44,0.0,0.0,immigration
Dansk Folkeparti,Venstre,69,133873,91706.0,0.6850223719495343,immigration
Det Konservative Folkeparti,Det Konservative Folkeparti,69,1875,1875.0,1.0,immigration
Det Konservative Folkeparti,Enhedslisten,69,11291,3583.0,0.3173323886281108,immigration
Det Konservative Folkeparti,Inuit Ataqatigiit,69,20,4.0,0.2,immigration
Det Konservative Folkeparti,Liberal Alliance,69,10060,9607.0,0.9549701789264412,immigration
Det Konservative Folkeparti,Radikale Venstre,69,6047,2774.0,0.4587398710104184,immigration
Det Konservative Folkeparti,Socialdemokratiet,69,36924,27325.0,0.7400335824937709,immigration
Det Konservative Folkeparti,Socialistisk Folkeparti,69,5007,2118.0,0.4230077890952666,immigration
Det Konservative Folkeparti,Tjóðveldi,69,7,0.0,0.0,immigration
Det Konservative Folkeparti,Venstre,69,23819,23655.0,0.9931147403333472,immigration
Enhedslisten,Enhedslisten,69,11521,11521.0,1.0,immigration
Enhedslisten,Inuit Ataqatigiit,69,45,9.0,0.2,immigration
Enhedslisten,Liberal Alliance,69,23107,7698.0,0.3331457999740338,immigration
Enhedslisten,Radikale Venstre,69,13872,11185.0,0.806300461361015,immigration
Enhedslisten,Socialdemokratiet,69,84860,42490.0,0.5007070469007777,immigration
Enhedslisten,Socialistisk Folkeparti,69,11503,9818.0,0.8535164739633139,immigration
Enhedslisten,Tjóðveldi,69,18,0.0,0.0,immigration
Enhedslisten,Venstre,69,54855,18562.0,0.3383830097529851,immigration
Inuit Ataqatigiit,Liberal Alliance,69,40,8.0,0.2,immigration
Inuit Ataqatigiit,Radikale Venstre,69,23,4.0,0.1739130434782608,immigration
Inuit Ataqatigiit,Socialdemokratiet,69,148,30.0,0.2027027027027027,immigration
Inuit Ataqatigiit,Socialistisk Folkeparti,69,20,4.0,0.2,immigration
Inuit Ataqatigiit,Tjóðveldi,69,1,1.0,1.0,immigration
Inuit Ataqatigiit,Venstre,69,104,21.0,0.2019230769230769,immigration
Liberal Alliance,Liberal Alliance,69,9051,8978.0,0.9919345928626672,immigration
Liberal Alliance,Radikale Venstre,69,12382,5737.0,0.4633338717493135,immigration
Liberal Alliance,Socialdemokratiet,69,75720,54204.0,0.7158478605388272,immigration
Liberal Alliance,Socialistisk Folkeparti,69,10266,4356.0,0.4243132670952659,immigration
Liberal Alliance,Tjóðveldi,69,16,0.0,0.0,immigration
Liberal Alliance,Venstre,69,48968,46755.0,0.9548072210423132,immigration
Radikale Venstre,Radikale Venstre,69,2989,2981.0,0.9973235195717632,immigration
Radikale Venstre,Socialdemokratiet,69,45461,27386.0,0.6024064582829238,immigration
Radikale Venstre,Socialistisk Folkeparti,69,6159,5142.0,0.8348757915245981,immigration
Radikale Venstre,Tjóðveldi,69,10,0.0,0.0,immigration
Radikale Venstre,Venstre,69,29405,14018.0,0.4767216459785751,immigration
Socialdemokratiet,Socialdemokratiet,69,134534,131359.0,0.9764000178393566,immigration
Socialdemokratiet,Socialistisk Folkeparti,69,37680,23050.0,0.6117303609341825,immigration
Socialdemokratiet,Tjóðveldi,69,60,0.0,0.0,immigration
Socialdemokratiet,Venstre,69,180229,133039.0,0.7381664438020519,immigration
Socialistisk Folkeparti,Socialistisk Folkeparti,69,1915,1903.0,0.993733681462141,immigration
Socialistisk Folkeparti,Tjóðveldi,69,8,0.0,0.0,immigration
Socialistisk Folkeparti,Venstre,69,24376,10525.0,0.4317771578601903,immigration
Tjóðveldi,Venstre,69,40,0.0,0.0,immigration
Venstre,Venstre,69,55512,55498.0,0.9997478022769852,immigration
Alternativet,Alternativet,70,728,673.0,0.9244505494505496,immigration
Alternativet,Danmarksdemokraterne,70,1050,295.0,0.2809523809523809,immigration
Alternativet,Dansk Folkeparti,70,5792,1556.0,0.268646408839779,immigration
Alternativet,Det Konservative Folkeparti,70,4759,1954.0,0.4105904601807102,immigration
Alternativet,Enhedslisten,70,5392,4899.0,0.9085682492581604,immigration
Alternativet,Liberal Alliance,70,1504,659.0,0.4381648936170212,immigration
Alternativet,Nye Borgerlige,70,1620,399.0,0.2462962962962963,immigration
Alternativet,Radikale Venstre,70,6557,5584.0,0.8516089675156322,immigration
Alternativet,Sambandsflokkurin,70,23,10.0,0.4347826086956521,immigration
Alternativet,Siumut,70,3,3.0,1.0,immigration
Alternativet,Socialdemokratiet,70,20641,12073.0,0.5849038321786735,immigration
Alternativet,Socialistisk Folkeparti,70,5917,4966.0,0.8392766604698327,immigration
Alternativet,Venstre,70,17737,7698.0,0.4340080058634493,immigration
Danmarksdemokraterne,Danmarksdemokraterne,70,145,125.0,0.8620689655172413,immigration
Danmarksdemokraterne,Dansk Folkeparti,70,2885,2699.0,0.9355285961871752,immigration
Danmarksdemokraterne,Det Konservative Folkeparti,70,2489,1714.0,0.6886299718762555,immigration
Danmarksdemokraterne,Enhedslisten,70,2758,743.0,0.2693981145757795,immigration
Danmarksdemokraterne,Liberal Alliance,70,774,502.0,0.648578811369509,immigration
Danmarksdemokraterne,Nye Borgerlige,70,836,688.0,0.8229665071770335,immigration
Danmarksdemokraterne,Radikale Venstre,70,3391,1070.0,0.315541138307284,immigration
Danmarksdemokraterne,Sambandsflokkurin,70,8,5.0,0.625,immigration
Danmarksdemokraterne,Siumut,70,1,1.0,1.0,immigration
Danmarksdemokraterne,Socialdemokratiet,70,10552,5653.0,0.5357278241091736,immigration
Danmarksdemokraterne,Socialistisk Folkeparti,70,3065,1001.0,0.3265905383360522,immigration
Danmarksdemokraterne,Venstre,70,8988,5822.0,0.6477525589675123,immigration
Dansk Folkeparti,Dansk Folkeparti,70,7220,7079.0,0.9804709141274238,immigration
Dansk Folkeparti,Det Konservative Folkeparti,70,13411,8730.0,0.6509581686675118,immigration
Dansk Folkeparti,Enhedslisten,70,15177,4027.0,0.265335705343612,immigration
Dansk Folkeparti,Liberal Alliance,70,4267,2718.0,0.6369814858214202,immigration
Dansk Folkeparti,Nye Borgerlige,70,4539,3906.0,0.8605419695968275,immigration
Dansk Folkeparti,Radikale Venstre,70,18648,5127.0,0.2749356499356499,immigration
Dansk Folkeparti,Sambandsflokkurin,70,58,36.0,0.6206896551724138,immigration
Dansk Folkeparti,Siumut,70,7,7.0,1.0,immigration
Dansk Folkeparti,Socialdemokratiet,70,58165,28426.0,0.4887131436430843,immigration
Dansk Folkeparti,Socialistisk Folkeparti,70,16842,4945.0,0.2936112100700629,immigration
Dansk Folkeparti,Venstre,70,49995,30251.0,0.605080508050805,immigration
Det Konservative Folkeparti,Det Konservative Folkeparti,70,4817,4727.0,0.9813161718912186,immigration
Det Konservative Folkeparti,Enhedslisten,70,12518,5482.0,0.4379293816903659,immigration
Det Konservative Folkeparti,Liberal Alliance,70,3534,2954.0,0.8358800226372383,immigration
Det Konservative Folkeparti,Nye Borgerlige,70,3739,2342.0,0.6263706873495587,immigration
Det Konservative Folkeparti,Radikale Venstre,70,15432,8119.0,0.5261145671332297,immigration
Det Konservative Folkeparti,Sambandsflokkurin,70,43,43.0,1.0,immigration
Det Konservative Folkeparti,Siumut,70,6,6.0,1.0,immigration
Det Konservative Folkeparti,Socialdemokratiet,70,47820,35753.0,0.7476578837306567,immigration
Det Konservative Folkeparti,Socialistisk Folkeparti,70,13927,7307.0,0.5246643211028936,immigration
Det Konservative Folkeparti,Venstre,70,40938,36678.0,0.8959402022570717,immigration
Enhedslisten,Enhedslisten,70,6151,6145.0,0.999024548853845,immigration
Enhedslisten,Liberal Alliance,70,3942,1760.0,0.4464738711314053,immigration
Enhedslisten,Nye Borgerlige,70,4229,970.0,0.2293686450697564,immigration
Enhedslisten,Radikale Venstre,70,17400,15486.0,0.89,immigration
Enhedslisten,Sambandsflokkurin,70,56,32.0,0.5714285714285714,immigration
Enhedslisten,Siumut,70,7,7.0,1.0,immigration
Enhedslisten,Socialdemokratiet,70,54400,32734.0,0.6017279411764705,immigration
Enhedslisten,Socialistisk Folkeparti,70,15736,13793.0,0.8765251652262328,immigration
Enhedslisten,Venstre,70,46745,21214.0,0.4538239383891325,immigration
Liberal Alliance,Liberal Alliance,70,320,308.0,0.9625,immigration
Liberal Alliance,Nye Borgerlige,70,1162,739.0,0.6359724612736661,immigration
Liberal Alliance,Radikale Venstre,70,4890,2581.0,0.5278118609406953,immigration
Liberal Alliance,Sambandsflokkurin,70,14,14.0,1.0,immigration
Liberal Alliance,Siumut,70,2,2.0,1.0,immigration
Liberal Alliance,Socialdemokratiet,70,15161,10799.0,0.7122881076446145,immigration
Liberal Alliance,Socialistisk Folkeparti,70,4403,2218.0,0.5037474449239155,immigration
Liberal Alliance,Venstre,70,12995,11345.0,0.8730280877260485,immigration
Nye Borgerlige,Nye Borgerlige,70,371,369.0,0.9946091644204852,immigration
Nye Borgerlige,Radikale Venstre,70,5192,1400.0,0.2696456086286595,immigration
Nye Borgerlige,Sambandsflokkurin,70,15,9.0,0.6,immigration
Nye Borgerlige,Siumut,70,2,2.0,1.0,immigration
Nye Borgerlige,Socialdemokratiet,70,16276,7424.0,0.4561317276972229,immigration
Nye Borgerlige,Socialistisk Folkeparti,70,4701,1208.0,0.2569666028504573,immigration
Nye Borgerlige,Venstre,70,13954,8237.0,0.5902966891213989,immigration
Radikale Venstre,Radikale Venstre,70,9580,9162.0,0.9563674321503132,immigration
Radikale Venstre,Sambandsflokkurin,70,69,40.0,0.5797101449275363,immigration
Radikale Venstre,Siumut,70,9,9.0,1.0,immigration
Radikale Venstre,Socialdemokratiet,70,66643,44849.0,0.6729739057365365,immigration
Radikale Venstre,Socialistisk Folkeparti,70,19352,17175.0,0.8875051674245557,immigration
Radikale Venstre,Venstre,70,57250,31184.0,0.5446986899563319,immigration
Sambandsflokkurin,Socialdemokratiet,70,183,131.0,0.7158469945355191,immigration
Sambandsflokkurin,Socialistisk Folkeparti,70,59,34.0,0.576271186440678,immigration
Sambandsflokkurin,Venstre,70,156,156.0,1.0,immigration
Siumut,Socialdemokratiet,70,27,27.0,1.0,immigration
Siumut,Socialistisk Folkeparti,70,7,7.0,1.0,immigration
Siumut,Venstre,70,24,24.0,1.0,immigration
Socialdemokratiet,Socialdemokratiet,70,101296,101242.0,0.9994669088611594,immigration
Socialdemokratiet,Socialistisk Folkeparti,70,60288,41690.0,0.6915140658174098,immigration
Socialdemokratiet,Venstre,70,180113,137739.0,0.7647365820346116,immigration
Socialistisk Folkeparti,Socialistisk Folkeparti,70,7696,7689.0,0.9990904365904366,immigration
Socialistisk Folkeparti,Venstre,70,51795,27669.0,0.5342021430640023,immigration
Venstre,Venstre,70,74291,73543.0,0.9899314856442908,immigration
Alternativet,Alternativet,71,822,810.0,0.9854014598540146,immigration
Alternativet,Danmarksdemokraterne,71,6034,2574.0,0.4265826980444149,immigration
Alternativet,Dansk Folkeparti,71,1561,262.0,0.167841127482383,immigration
Alternativet,Det Konservative Folkeparti,71,4278,2018.0,0.4717157550257129,immigration
Alternativet,Enhedslisten,71,3560,3294.0,0.9252808988764044,immigration
Alternativet,Liberal Alliance,71,6271,4798.0,0.7651092329771966,immigration
Alternativet,Moderaterne,71,7013,5184.0,0.739198631113646,immigration
Alternativet,Nye Borgerlige,71,2318,588.0,0.2536669542709232,immigration
Alternativet,Radikale Venstre,71,2970,2593.0,0.8730639730639731,immigration
Alternativet,Sambandsflokkurin,71,14,4.0,0.2857142857142857,immigration
Alternativet,Socialdemokratiet,71,23618,17311.0,0.7329579134558387,immigration
Alternativet,Socialistisk Folkeparti,71,6441,5628.0,0.8737773637633908,immigration
Alternativet,Venstre,71,10646,7674.0,0.7208341160999436,immigration
Danmarksdemokraterne,Danmarksdemokraterne,71,7115,7075.0,0.994378074490513,immigration
Danmarksdemokraterne,Dansk Folkeparti,71,4175,2324.0,0.5566467065868264,immigration
Danmarksdemokraterne,Det Konservative Folkeparti,71,11383,10111.0,0.8882544144777299,immigration
Danmarksdemokraterne,Enhedslisten,71,9462,3798.0,0.4013950538998098,immigration
Danmarksdemokraterne,Liberal Alliance,71,16535,9951.0,0.6018143332325371,immigration
Danmarksdemokraterne,Moderaterne,71,18629,9842.0,0.5283160663481669,immigration
Danmarksdemokraterne,Nye Borgerlige,71,6317,3807.0,0.602659490264366,immigration
Danmarksdemokraterne,Radikale Venstre,71,7980,3605.0,0.4517543859649123,immigration
Danmarksdemokraterne,Sambandsflokkurin,71,35,17.0,0.4857142857142857,immigration
Danmarksdemokraterne,Socialdemokratiet,71,62838,33286.0,0.5297113211750851,immigration
Danmarksdemokraterne,Socialistisk Folkeparti,71,17141,7407.0,0.4321218131964296,immigration
Danmarksdemokraterne,Venstre,71,28341,15525.0,0.5477929501429025,immigration
Dansk Folkeparti,Dansk Folkeparti,71,342,342.0,1.0,immigration
Dansk Folkeparti,Det Konservative Folkeparti,71,2918,1389.0,0.4760109664153529,immigration
Dansk Folkeparti,Enhedslisten,71,2428,519.0,0.2137561779242174,immigration
Dansk Folkeparti,Liberal Alliance,71,4293,1302.0,0.3032844164919636,immigration
Dansk Folkeparti,Moderaterne,71,4780,1309.0,0.2738493723849372,immigration
Dansk Folkeparti,Nye Borgerlige,71,1483,1235.0,0.8327714093054619,immigration
Dansk Folkeparti,Radikale Venstre,71,2064,448.0,0.2170542635658914,immigration
Dansk Folkeparti,Sambandsflokkurin,71,10,6.0,0.6,immigration
Dansk Folkeparti,Socialdemokratiet,71,16122,4534.0,0.2812306165488152,immigration
Dansk Folkeparti,Socialistisk Folkeparti,71,4401,881.0,0.2001817768688934,immigration
Dansk Folkeparti,Venstre,71,7302,2059.0,0.2819775403998904,immigration
Det Konservative Folkeparti,Det Konservative Folkeparti,71,3383,3367.0,0.995270469997044,immigration
Det Konservative Folkeparti,Enhedslisten,71,6740,3062.0,0.4543026706231454,immigration
Det Konservative Folkeparti,Liberal Alliance,71,11738,7693.0,0.6553927415232578,immigration
Det Konservative Folkeparti,Moderaterne,71,13291,7975.0,0.6000300955533819,immigration
Det Konservative Folkeparti,Nye Borgerlige,71,4588,2493.0,0.5433740191804708,immigration
Det Konservative Folkeparti,Radikale Venstre,71,5682,3051.0,0.5369588173178458,immigration
Det Konservative Folkeparti,Sambandsflokkurin,71,24,18.0,0.75,immigration
Det Konservative Folkeparti,Socialdemokratiet,71,44785,26871.0,0.6,immigration
Det Konservative Folkeparti,Socialistisk Folkeparti,71,12221,6157.0,0.5038049259471402,immigration
Det Konservative Folkeparti,Venstre,71,20138,12436.0,0.6175389810308869,immigration
Enhedslisten,Enhedslisten,71,2249,2232.0,0.992441084926634,immigration
Enhedslisten,Liberal Alliance,71,9755,7194.0,0.7374679651460789,immigration
Enhedslisten,Moderaterne,71,11039,8035.0,0.7278739016215237,immigration
Enhedslisten,Nye Borgerlige,71,3820,964.0,0.2523560209424084,immigration
Enhedslisten,Radikale Venstre,71,4720,4029.0,0.8536016949152543,immigration
Enhedslisten,Sambandsflokkurin,71,19,12.0,0.631578947368421,immigration
Enhedslisten,Socialdemokratiet,71,37221,26728.0,0.7180892506918137,immigration
Enhedslisten,Socialistisk Folkeparti,71,10148,8930.0,0.8799763500197083,immigration
Enhedslisten,Venstre,71,16752,11788.0,0.7036771728748806,immigration
Liberal Alliance,Liberal Alliance,71,7578,7564.0,0.9981525468461336,immigration
Liberal Alliance,Moderaterne,71,19256,17095.0,0.8877752388865808,immigration
Liberal Alliance,Nye Borgerlige,71,6453,2654.0,0.4112815744614908,immigration
Liberal Alliance,Radikale Venstre,71,8219,6519.0,0.7931621851806789,immigration
Liberal Alliance,Sambandsflokkurin,71,33,33.0,1.0,immigration
Liberal Alliance,Socialdemokratiet,71,64760,57182.0,0.8829833230389129,immigration
Liberal Alliance,Socialistisk Folkeparti,71,17682,13972.0,0.7901821060965954,immigration
Liberal Alliance,Venstre,71,29163,25432.0,0.8720639166066592,immigration
Moderaterne,Moderaterne,71,9817,9564.0,0.9742283793419578,immigration
Moderaterne,Nye Borgerlige,71,7512,2610.0,0.347444089456869,immigration
Moderaterne,Radikale Venstre,71,9312,7594.0,0.8155068728522337,immigration
Moderaterne,Sambandsflokkurin,71,37,37.0,1.0,immigration
Moderaterne,Socialdemokratiet,71,73366,72363.0,0.9863288171632636,immigration
Moderaterne,Socialistisk Folkeparti,71,20021,16406.0,0.8194395884321463,immigration
Moderaterne,Venstre,71,32980,32110.0,0.9736203759854456,immigration
Nye Borgerlige,Nye Borgerlige,71,1113,702.0,0.6307277628032345,immigration
Nye Borgerlige,Radikale Venstre,71,3206,945.0,0.2947598253275109,immigration
Nye Borgerlige,Sambandsflokkurin,71,11,5.0,0.4545454545454545,immigration
Nye Borgerlige,Socialdemokratiet,71,25404,8962.0,0.3527790899071012,immigration
Nye Borgerlige,Socialistisk Folkeparti,71,6898,1835.0,0.2660191359814439,immigration
Nye Borgerlige,Venstre,71,11358,4073.0,0.3586018665257968,immigration
Radikale Venstre,Radikale Venstre,71,1533,1469.0,0.9582517938682322,immigration
Radikale Venstre,Sambandsflokkurin,71,17,9.0,0.5294117647058824,immigration
Radikale Venstre,Socialdemokratiet,71,31402,25717.0,0.8189605757595058,immigration
Radikale Venstre,Socialistisk Folkeparti,71,8562,7497.0,0.8756131744919411,immigration
Radikale Venstre,Venstre,71,14105,11363.0,0.805600850762141,immigration
Sambandsflokkurin,Socialdemokratiet,71,132,132.0,1.0,immigration
Sambandsflokkurin,Socialistisk Folkeparti,71,35,26.0,0.7428571428571429,immigration
Sambandsflokkurin,Venstre,71,54,54.0,1.0,immigration
Socialdemokratiet,Socialdemokratiet,71,120000,120000.0,1.0,immigration
Socialdemokratiet,Socialistisk Folkeparti,71,67444,55307.0,0.8200432951782219,immigration
Socialdemokratiet,Venstre,71,111178,109762.0,0.987263667272302,immigration
Socialistisk Folkeparti,Socialistisk Folkeparti,71,8186,8172.0,0.9982897630100172,immigration
Socialistisk Folkeparti,Venstre,71,30323,24444.0,0.8061207664149326,immigration
Venstre,Venstre,71,23393,22826.0,0.975761980079511,immigration
Danmarksdemokraterne,Danmarksdemokraterne,65,5,5.0,1.0,bolig
Danmarksdemokraterne,Dansk Folkeparti,65,280,280.0,1.0,bolig
Danmarksdemokraterne,Det Konservative Folkeparti,65,150,150.0,1.0,bolig
Danmarksdemokraterne,Enhedslisten,65,20,5.0,0.25,bolig
Danmarksdemokraterne,Kristendemokraterne,65,40,24.0,0.6,bolig
Danmarksdemokraterne,Radikale Venstre,65,81,36.0,0.4444444444444444,bolig
Danmarksdemokraterne,Socialdemokratiet,65,649,319.0,0.4915254237288136,bolig
Danmarksdemokraterne,Socialistisk Folkeparti,65,134,51.0,0.3805970149253731,bolig
Danmarksdemokraterne,Venstre,65,723,723.0,1.0,bolig
Dansk Folkeparti,Dansk Folkeparti,65,1355,1355.0,1.0,bolig
Dansk Folkeparti,Det Konservative Folkeparti,65,1601,1601.0,1.0,bolig
Dansk Folkeparti,Enhedslisten,65,209,55.0,0.2631578947368421,bolig
Dansk Folkeparti,Kristendemokraterne,65,418,236.0,0.5645933014354066,bolig
Dansk Folkeparti,Radikale Venstre,65,849,384.0,0.4522968197879858,bolig
Dansk Folkeparti,Socialdemokratiet,65,6803,3488.0,0.5127149786858739,bolig
Dansk Folkeparti,Socialistisk Folkeparti,65,1413,525.0,0.3715498938428874,bolig
Dansk Folkeparti,Venstre,65,7545,7545.0,1.0,bolig
Det Konservative Folkeparti,Det Konservative Folkeparti,65,391,391.0,1.0,bolig
Det Konservative Folkeparti,Enhedslisten,65,115,33.0,0.2869565217391304,bolig
Det Konservative Folkeparti,Kristendemokraterne,65,230,132.0,0.5739130434782609,bolig
Det Konservative Folkeparti,Radikale Venstre,65,468,224.0,0.4786324786324786,bolig
Det Konservative Folkeparti,Socialdemokratiet,65,3736,2050.0,0.5487152034261242,bolig
Det Konservative Folkeparti,Socialistisk Folkeparti,65,768,309.0,0.40234375,bolig
Det Konservative Folkeparti,Venstre,65,4162,4162.0,1.0,bolig
Enhedslisten,Kristendemokraterne,65,30,13.0,0.4333333333333333,bolig
Enhedslisten,Radikale Venstre,65,61,32.0,0.5245901639344263,bolig
Enhedslisten,Socialdemokratiet,65,488,285.0,0.5840163934426229,bolig
Enhedslisten,Socialistisk Folkeparti,65,101,89.0,0.8811881188118812,bolig
Enhedslisten,Venstre,65,541,144.0,0.266173752310536,bolig
Kristendemokraterne,Kristendemokraterne,65,15,14.0,0.9333333333333332,bolig
Kristendemokraterne,Radikale Venstre,65,122,100.0,0.819672131147541,bolig
Kristendemokraterne,Socialdemokratiet,65,976,822.0,0.8422131147540983,bolig
Kristendemokraterne,Socialistisk Folkeparti,65,202,106.0,0.5247524752475248,bolig
Kristendemokraterne,Venstre,65,1082,619.0,0.5720887245841035,bolig
Radikale Venstre,Radikale Venstre,65,94,94.0,1.0,bolig
Radikale Venstre,Socialdemokratiet,65,1982,1832.0,0.924318869828456,bolig
Radikale Venstre,Socialistisk Folkeparti,65,411,256.0,0.6228710462287105,bolig
Radikale Venstre,Venstre,65,2198,1016.0,0.462238398544131,bolig
Socialdemokratiet,Socialdemokratiet,65,7728,7728.0,1.0,bolig
Socialdemokratiet,Socialistisk Folkeparti,65,3292,2269.0,0.6892466585662211,bolig
Socialdemokratiet,Venstre,65,17620,9226.0,0.5236095346197502,bolig
Socialistisk Folkeparti,Socialistisk Folkeparti,65,298,298.0,1.0,bolig
Socialistisk Folkeparti,Venstre,65,3637,1370.0,0.3766840802859499,bolig
Venstre,Venstre,65,9520,9520.0,1.0,bolig
Danmarksdemokraterne,Danmarksdemokraterne,66,29,28.0,0.9655172413793104,bolig
Danmarksdemokraterne,Dansk Folkeparti,66,2608,2486.0,0.9532208588957056,bolig
Danmarksdemokraterne,Det Konservative Folkeparti,66,1844,1830.0,0.9924078091106292,bolig
Danmarksdemokraterne,Enhedslisten,66,445,114.0,0.2561797752808988,bolig
Danmarksdemokraterne,Radikale Venstre,66,1474,1043.0,0.7075983717774763,bolig
Danmarksdemokraterne,Siumut,66,1,0.0,0.0,bolig
Danmarksdemokraterne,Socialdemokratiet,66,4659,2891.0,0.6205194247692638,bolig
Danmarksdemokraterne,Socialistisk Folkeparti,66,1286,642.0,0.4992223950233281,bolig
Danmarksdemokraterne,Tjóðveldi,66,2,0.0,0.0,bolig
Danmarksdemokraterne,Venstre,66,5556,5517.0,0.9929805615550756,bolig
Dansk Folkeparti,Dansk Folkeparti,66,19622,19608.0,0.9992865151360718,bolig
Dansk Folkeparti,Det Konservative Folkeparti,66,29123,27011.0,0.9274799986265152,bolig
Dansk Folkeparti,Enhedslisten,66,6957,1734.0,0.2492453643811988,bolig
Dansk Folkeparti,Radikale Venstre,66,23174,16188.0,0.6985414688875464,bolig
Dansk Folkeparti,Siumut,66,17,0.0,0.0,bolig
Dansk Folkeparti,Socialdemokratiet,66,73625,42311.0,0.5746825127334465,bolig
Dansk Folkeparti,Socialistisk Folkeparti,66,20364,9473.0,0.4651836574346886,bolig
Dansk Folkeparti,Tjóðveldi,66,35,0.0,0.0,bolig
Dansk Folkeparti,Venstre,66,86881,79879.0,0.9194070049838284,bolig
Det Konservative Folkeparti,Det Konservative Folkeparti,66,9401,9401.0,1.0,bolig
Det Konservative Folkeparti,Enhedslisten,66,4897,1092.0,0.2229936695936287,bolig
Det Konservative Folkeparti,Radikale Venstre,66,16189,12096.0,0.7471740070418185,bolig
Det Konservative Folkeparti,Siumut,66,15,0.0,0.0,bolig
Det Konservative Folkeparti,Socialdemokratiet,66,51420,33404.0,0.6496304939712174,bolig
Det Konservative Folkeparti,Socialistisk Folkeparti,66,14226,7217.0,0.507310558132996,bolig
Det Konservative Folkeparti,Tjóðveldi,66,28,0.0,0.0,bolig
Det Konservative Folkeparti,Venstre,66,60756,60721.0,0.9994239252090328,bolig
Enhedslisten,Enhedslisten,66,396,396.0,1.0,bolig
Enhedslisten,Radikale Venstre,66,3882,1622.0,0.4178258629572385,bolig
Enhedslisten,Siumut,66,3,3.0,1.0,bolig
Enhedslisten,Socialdemokratiet,66,12239,6590.0,0.5384426832257537,bolig
Enhedslisten,Socialistisk Folkeparti,66,3382,2303.0,0.6809580130100532,bolig
Enhedslisten,Tjóðveldi,66,8,8.0,1.0,bolig
Enhedslisten,Venstre,66,14484,3282.0,0.2265948632974316,bolig
Radikale Venstre,Radikale Venstre,66,5789,5715.0,0.9872171359474866,bolig
Radikale Venstre,Siumut,66,10,0.0,0.0,bolig
Radikale Venstre,Socialdemokratiet,66,40904,30890.0,0.7551828672012517,bolig
Radikale Venstre,Socialistisk Folkeparti,66,11334,7717.0,0.6808717134286218,bolig
Radikale Venstre,Tjóðveldi,66,21,11.0,0.5238095238095238,bolig
Radikale Venstre,Venstre,66,48345,35897.0,0.7425173234046955,bolig
Siumut,Socialdemokratiet,66,27,0.0,0.0,bolig
Siumut,Socialistisk Folkeparti,66,8,7.0,0.875,bolig
Siumut,Tjóðveldi,66,1,1.0,1.0,bolig
Siumut,Venstre,66,32,0.0,0.0,bolig
Socialdemokratiet,Socialdemokratiet,66,63047,62732.0,0.9950037273779878,bolig
Socialdemokratiet,Socialistisk Folkeparti,66,36050,29535.0,0.8192787794729542,bolig
Socialdemokratiet,Tjóðveldi,66,56,29.0,0.5178571428571429,bolig
Socialdemokratiet,Venstre,66,153977,99629.0,0.6470381940159894,bolig
Socialistisk Folkeparti,Socialistisk Folkeparti,66,4408,4185.0,0.949410163339383,bolig
Socialistisk Folkeparti,Tjóðveldi,66,15,14.0,0.9333333333333332,bolig
Socialistisk Folkeparti,Venstre,66,42520,21561.0,0.5070790216368768,bolig
Tjóðveldi,Venstre,66,65,0.0,0.0,bolig
Venstre,Venstre,66,88400,88310.0,0.9989819004524888,bolig
Danmarksdemokraterne,Danmarksdemokraterne,67,21,19.0,0.9047619047619048,bolig
Danmarksdemokraterne,Dansk Folkeparti,67,2165,2061.0,0.9519630484988452,bolig
Danmarksdemokraterne,Det Konservative Folkeparti,67,1328,1289.0,0.970632530120482,bolig
Danmarksdemokraterne,Enhedslisten,67,273,90.0,0.3296703296703296,bolig
Danmarksdemokraterne,Liberal Alliance,67,300,249.0,0.83,bolig
Danmarksdemokraterne,Radikale Venstre,67,558,325.0,0.5824372759856631,bolig
Danmarksdemokraterne,Siumut,67,8,7.0,0.875,bolig
Danmarksdemokraterne,Socialdemokratiet,67,3630,1806.0,0.4975206611570248,bolig
Danmarksdemokraterne,Socialistisk Folkeparti,67,1732,759.0,0.4382217090069284,bolig
Danmarksdemokraterne,Venstre,67,3595,3538.0,0.9841446453407512,bolig
Dansk Folkeparti,Dansk Folkeparti,67,24070,23692.0,0.9842958039052764,bolig
Dansk Folkeparti,Det Konservative Folkeparti,67,31247,28852.0,0.923352641853618,bolig
Dansk Folkeparti,Enhedslisten,67,6475,2321.0,0.3584555984555984,bolig
Dansk Folkeparti,Liberal Alliance,67,7438,5983.0,0.8043828986286636,bolig
Dansk Folkeparti,Radikale Venstre,67,12762,7459.0,0.5844695188841874,bolig
Dansk Folkeparti,Sambandsflokkurin,67,122,85.0,0.6967213114754098,bolig
Dansk Folkeparti,Siumut,67,64,48.0,0.75,bolig
Dansk Folkeparti,Socialdemokratiet,67,84908,43227.0,0.5091039713572337,bolig
Dansk Folkeparti,Socialistisk Folkeparti,67,40140,19083.0,0.4754110612855007,bolig
Dansk Folkeparti,Venstre,67,84727,78839.0,0.9305062140757964,bolig
Det Konservative Folkeparti,Det Konservative Folkeparti,67,8846,8748.0,0.9889215464616776,bolig
Det Konservative Folkeparti,Enhedslisten,67,3954,1426.0,0.3606474456246838,bolig
Det Konservative Folkeparti,Liberal Alliance,67,4508,3913.0,0.8680124223602484,bolig
Det Konservative Folkeparti,Radikale Venstre,67,7892,4969.0,0.6296249366447035,bolig
Det Konservative Folkeparti,Sambandsflokkurin,67,68,68.0,1.0,bolig
Det Konservative Folkeparti,Siumut,67,42,41.0,0.9761904761904762,bolig
Det Konservative Folkeparti,Socialdemokratiet,67,52202,29804.0,0.5709359794643883,bolig
Det Konservative Folkeparti,Socialistisk Folkeparti,67,24631,12343.0,0.5011164792334862,bolig
Det Konservative Folkeparti,Venstre,67,52121,51870.0,0.995184282726732,bolig
Enhedslisten,Enhedslisten,67,251,221.0,0.8804780876494024,bolig
Enhedslisten,Liberal Alliance,67,946,431.0,0.4556025369978858,bolig
Enhedslisten,Radikale Venstre,67,1623,1082.0,0.6666666666666666,bolig
Enhedslisten,Sambandsflokkurin,67,18,6.0,0.3333333333333333,bolig
Enhedslisten,Siumut,67,5,2.0,0.4,bolig
Enhedslisten,Socialdemokratiet,67,10779,8022.0,0.7442248817144448,bolig
Enhedslisten,Socialistisk Folkeparti,67,5081,4027.0,0.7925605195827593,bolig
Enhedslisten,Venstre,67,10723,3817.0,0.3559638160962417,bolig
Liberal Alliance,Liberal Alliance,67,423,318.0,0.75177304964539,bolig
Liberal Alliance,Radikale Venstre,67,1793,1266.0,0.7060791968767429,bolig
Liberal Alliance,Sambandsflokkurin,67,28,26.0,0.9285714285714286,bolig
Liberal Alliance,Siumut,67,9,9.0,1.0,bolig
Liberal Alliance,Socialdemokratiet,67,12343,7800.0,0.6319371303572875,bolig
Liberal Alliance,Socialistisk Folkeparti,67,5913,3361.0,0.5684085912396415,bolig
Liberal Alliance,Venstre,67,12302,10665.0,0.8669322061453422,bolig
Radikale Venstre,Radikale Venstre,67,1288,1215.0,0.9433229813664596,bolig
Radikale Venstre,Sambandsflokkurin,67,20,14.0,0.7,bolig
Radikale Venstre,Siumut,67,19,15.0,0.7894736842105263,bolig
Radikale Venstre,Socialdemokratiet,67,21263,17164.0,0.8072238160184357,bolig
Radikale Venstre,Socialistisk Folkeparti,67,10042,7990.0,0.7956582354112727,bolig
Radikale Venstre,Venstre,67,21281,13341.0,0.6268972322729195,bolig
Sambandsflokkurin,Socialdemokratiet,67,209,208.0,0.9952153110047848,bolig
Sambandsflokkurin,Socialistisk Folkeparti,67,100,56.0,0.56,bolig
Sambandsflokkurin,Venstre,67,192,192.0,1.0,bolig
Siumut,Socialdemokratiet,67,118,118.0,1.0,bolig
Siumut,Socialistisk Folkeparti,67,52,51.0,0.9807692307692308,bolig
Siumut,Venstre,67,121,121.0,1.0,bolig
Socialdemokratiet,Socialdemokratiet,67,68422,68140.0,0.995878518605127,bolig
Socialdemokratiet,Socialistisk Folkeparti,67,66867,62812.0,0.9393572315192844,bolig
Socialdemokratiet,Venstre,67,141341,79471.0,0.5622643111340658,bolig
Socialistisk Folkeparti,Socialistisk Folkeparti,67,14766,14697.0,0.9953271028037384,bolig
Socialistisk Folkeparti,Venstre,67,66634,32867.0,0.4932466908785304,bolig
Venstre,Venstre,67,68403,68403.0,1.0,bolig
Danmarksdemokraterne,Danmarksdemokraterne,68,79,49.0,0.620253164556962,bolig
Danmarksdemokraterne,Dansk Folkeparti,68,2955,2550.0,0.8629441624365483,bolig
Danmarksdemokraterne,Det Konservative Folkeparti,68,1202,932.0,0.7753743760399334,bolig
Danmarksdemokraterne,Enhedslisten,68,1998,919.0,0.45995995995996,bolig
Danmarksdemokraterne,Javnaðarflokkurin,68,6,2.0,0.3333333333333333,bolig
Danmarksdemokraterne,Liberal Alliance,68,1210,785.0,0.6487603305785123,bolig
Danmarksdemokraterne,Radikale Venstre,68,2659,1625.0,0.6111320045129748,bolig
Danmarksdemokraterne,Sambandsflokkurin,68,6,6.0,1.0,bolig
Danmarksdemokraterne,Socialdemokratiet,68,7004,4288.0,0.6122215876641919,bolig
Danmarksdemokraterne,Socialistisk Folkeparti,68,2376,1373.0,0.5778619528619529,bolig
Danmarksdemokraterne,Venstre,68,6675,5289.0,0.7923595505617977,bolig
Dansk Folkeparti,Dansk Folkeparti,68,13435,13415.0,0.9985113509490138,bolig
Dansk Folkeparti,Det Konservative Folkeparti,68,11779,8884.0,0.754223618303761,bolig
Dansk Folkeparti,Enhedslisten,68,19281,8647.0,0.4484725895959753,bolig
Dansk Folkeparti,Javnaðarflokkurin,68,26,0.0,0.0,bolig
Dansk Folkeparti,Liberal Alliance,68,11752,7648.0,0.6507828454731109,bolig
Dansk Folkeparti,Radikale Venstre,68,25886,14686.0,0.5673336938885885,bolig
Dansk Folkeparti,Sambandsflokkurin,68,50,50.0,1.0,bolig
Dansk Folkeparti,Socialdemokratiet,68,67386,38181.0,0.5666013712047012,bolig
Dansk Folkeparti,Socialistisk Folkeparti,68,23014,12426.0,0.5399322151733728,bolig
Dansk Folkeparti,Venstre,68,64806,46258.0,0.7137919328457242,bolig
Det Konservative Folkeparti,Det Konservative Folkeparti,68,1952,1952.0,1.0,bolig
Det Konservative Folkeparti,Enhedslisten,68,7793,3963.0,0.50853329911459,bolig
Det Konservative Folkeparti,Javnaðarflokkurin,68,6,6.0,1.0,bolig
Det Konservative Folkeparti,Liberal Alliance,68,4749,3304.0,0.6957254158770267,bolig
Det Konservative Folkeparti,Radikale Venstre,68,10460,7518.0,0.7187380497131931,bolig
Det Konservative Folkeparti,Sambandsflokkurin,68,19,19.0,1.0,bolig
Det Konservative Folkeparti,Socialdemokratiet,68,27292,19702.0,0.7218965264546388,bolig
Det Konservative Folkeparti,Socialistisk Folkeparti,68,9310,6359.0,0.6830290010741139,bolig
Det Konservative Folkeparti,Venstre,68,26178,23481.0,0.8969745587898235,bolig
Enhedslisten,Enhedslisten,68,5636,5564.0,0.9872249822569198,bolig
Enhedslisten,Javnaðarflokkurin,68,16,16.0,1.0,bolig
Enhedslisten,Liberal Alliance,68,7780,2970.0,0.3817480719794344,bolig
Enhedslisten,Radikale Venstre,68,17137,12968.0,0.7567252144482698,bolig
Enhedslisten,Sambandsflokkurin,68,32,23.0,0.71875,bolig
Enhedslisten,Socialdemokratiet,68,44667,33435.0,0.7485391900060447,bolig
Enhedslisten,Socialistisk Folkeparti,68,15234,11945.0,0.784101352238414,bolig
Enhedslisten,Venstre,68,42960,21727.0,0.5057495344506517,bolig
Javnaðarflokkurin,Liberal Alliance,68,8,0.0,0.0,bolig
Javnaðarflokkurin,Radikale Venstre,68,22,22.0,1.0,bolig
Javnaðarflokkurin,Socialdemokratiet,68,55,55.0,1.0,bolig
Javnaðarflokkurin,Socialistisk Folkeparti,68,17,17.0,1.0,bolig
Javnaðarflokkurin,Venstre,68,54,54.0,1.0,bolig
Liberal Alliance,Liberal Alliance,68,1903,1900.0,0.9984235417761428,bolig
Liberal Alliance,Radikale Venstre,68,10446,5250.0,0.5025847214244687,bolig
Liberal Alliance,Sambandsflokkurin,68,21,10.0,0.4761904761904761,bolig
Liberal Alliance,Socialdemokratiet,68,27235,13647.0,0.5010831650449789,bolig
Liberal Alliance,Socialistisk Folkeparti,68,9290,4425.0,0.476318622174381,bolig
Liberal Alliance,Venstre,68,26169,18244.0,0.6971607627345332,bolig
Radikale Venstre,Radikale Venstre,68,10521,10376.0,0.9862180401102556,bolig
Radikale Venstre,Sambandsflokkurin,68,44,43.0,0.9772727272727272,bolig
Radikale Venstre,Socialdemokratiet,68,59876,59455.0,0.9929688021911952,bolig
Radikale Venstre,Socialistisk Folkeparti,68,20460,19624.0,0.9591397849462364,bolig
Radikale Venstre,Venstre,68,57610,41853.0,0.7264884568651275,bolig
Sambandsflokkurin,Socialdemokratiet,68,117,117.0,1.0,bolig
Sambandsflokkurin,Socialistisk Folkeparti,68,34,27.0,0.7941176470588235,bolig
Sambandsflokkurin,Venstre,68,107,107.0,1.0,bolig
Socialdemokratiet,Socialdemokratiet,68,75687,75660.0,0.9996432676681596,bolig
Socialdemokratiet,Socialistisk Folkeparti,68,53326,51085.0,0.9579754716273488,bolig
Socialdemokratiet,Venstre,68,150269,109724.0,0.730183870259335,bolig
Socialistisk Folkeparti,Socialistisk Folkeparti,68,8276,8106.0,0.9794586756887386,bolig
Socialistisk Folkeparti,Venstre,68,51256,35160.0,0.6859684719837678,bolig
Venstre,Venstre,68,69794,69616.0,0.9974496375046564,bolig
Alternativet,Alternativet,69,2475,2475.0,1.0,bolig
Alternativet,Danmarksdemokraterne,69,1714,652.0,0.3803967327887981,bolig
Alternativet,Dansk Folkeparti,69,25803,9951.0,0.3856528310661551,bolig
Alternativet,Det Konservative Folkeparti,69,4658,1975.0,0.4240017174753113,bolig
Alternativet,Enhedslisten,69,10529,8601.0,0.8168866938930572,bolig
Alternativet,Inuit Ataqatigiit,69,19,0.0,0.0,bolig
Alternativet,Liberal Alliance,69,9430,3862.0,0.4095440084835631,bolig
Alternativet,Radikale Venstre,69,5642,4166.0,0.7383906416164481,bolig
Alternativet,Socialdemokratiet,69,34904,18570.0,0.5320307128122851,bolig
Alternativet,Socialistisk Folkeparti,69,4662,3783.0,0.8114543114543115,bolig
Alternativet,Venstre,69,22635,9764.0,0.4313673514468743,bolig
Danmarksdemokraterne,Danmarksdemokraterne,69,115,96.0,0.8347826086956521,bolig
Danmarksdemokraterne,Dansk Folkeparti,69,7291,6627.0,0.9089288163489232,bolig
Danmarksdemokraterne,Det Konservative Folkeparti,69,1319,1228.0,0.931008339651251,bolig
Danmarksdemokraterne,Enhedslisten,69,2986,871.0,0.2916945746818486,bolig
Danmarksdemokraterne,Inuit Ataqatigiit,69,3,0.0,0.0,bolig
Danmarksdemokraterne,Liberal Alliance,69,2662,2446.0,0.9188580015026296,bolig
Danmarksdemokraterne,Radikale Venstre,69,1596,892.0,0.5588972431077694,bolig
Danmarksdemokraterne,Socialdemokratiet,69,9890,7381.0,0.7463094034378159,bolig
Danmarksdemokraterne,Socialistisk Folkeparti,69,1323,597.0,0.4512471655328798,bolig
Danmarksdemokraterne,Venstre,69,6346,5941.0,0.9361802710368736,bolig
Dansk Folkeparti,Dansk Folkeparti,69,52832,52811.0,0.9996025136281042,bolig
Dansk Folkeparti,Det Konservative Folkeparti,69,19952,16977.0,0.8508921411387329,bolig
Dansk Folkeparti,Enhedslisten,69,45136,14688.0,0.3254165189649061,bolig
Dansk Folkeparti,Inuit Ataqatigiit,69,64,0.0,0.0,bolig
Dansk Folkeparti,Liberal Alliance,69,40312,33886.0,0.8405933717007342,bolig
Dansk Folkeparti,Radikale Venstre,69,24220,12216.0,0.5043765483071841,bolig
Dansk Folkeparti,Socialdemokratiet,69,149412,104725.0,0.7009142505287393,bolig
Dansk Folkeparti,Socialistisk Folkeparti,69,19907,9650.0,0.4847541065956698,bolig
Dansk Folkeparti,Venstre,69,96443,82129.0,0.8515807264394513,bolig
Det Konservative Folkeparti,Det Konservative Folkeparti,69,1371,1371.0,1.0,bolig
Det Konservative Folkeparti,Enhedslisten,69,8150,2311.0,0.283558282208589,bolig
Det Konservative Folkeparti,Inuit Ataqatigiit,69,12,0.0,0.0,bolig
Det Konservative Folkeparti,Liberal Alliance,69,7271,7135.0,0.9812955576949526,bolig
Det Konservative Folkeparti,Radikale Venstre,69,4360,2707.0,0.6208715596330275,bolig
Det Konservative Folkeparti,Socialdemokratiet,69,26915,21415.0,0.7956529816087683,bolig
Det Konservative Folkeparti,Socialistisk Folkeparti,69,3592,1644.0,0.4576837416481069,bolig
Det Konservative Folkeparti,Venstre,69,17321,17161.0,0.9907626580451476,bolig
Enhedslisten,Enhedslisten,69,8188,8188.0,1.0,bolig
Enhedslisten,Inuit Ataqatigiit,69,27,0.0,0.0,bolig
Enhedslisten,Liberal Alliance,69,16451,4599.0,0.2795574737098049,bolig
Enhedslisten,Radikale Venstre,69,9868,5852.0,0.5930279691933522,bolig
Enhedslisten,Socialdemokratiet,69,60985,23408.0,0.3838320898581618,bolig
Enhedslisten,Socialistisk Folkeparti,69,8127,6390.0,0.7862679955703211,bolig
Enhedslisten,Venstre,69,39340,11341.0,0.2882816471784443,bolig
Inuit Ataqatigiit,Liberal Alliance,69,24,0.0,0.0,bolig
Inuit Ataqatigiit,Radikale Venstre,69,13,0.0,0.0,bolig
Inuit Ataqatigiit,Socialdemokratiet,69,88,0.0,0.0,bolig
Inuit Ataqatigiit,Socialistisk Folkeparti,69,12,0.0,0.0,bolig
Inuit Ataqatigiit,Venstre,69,65,0.0,0.0,bolig
Liberal Alliance,Liberal Alliance,69,6449,6429.0,0.9968987439913164,bolig
Liberal Alliance,Radikale Venstre,69,8826,5464.0,0.6190799909358713,bolig
Liberal Alliance,Socialdemokratiet,69,54507,42958.0,0.788118957198158,bolig
Liberal Alliance,Socialistisk Folkeparti,69,7263,3254.0,0.4480242324108495,bolig
Liberal Alliance,Venstre,69,35207,34538.0,0.9809980969693528,bolig
Radikale Venstre,Radikale Venstre,69,2119,2097.0,0.9896177442189712,bolig
Radikale Venstre,Socialdemokratiet,69,32674,23765.0,0.7273367203280896,bolig
Radikale Venstre,Socialistisk Folkeparti,69,4358,3260.0,0.7480495640201927,bolig
Radikale Venstre,Venstre,69,21106,13452.0,0.6373543068321804,bolig
Socialdemokratiet,Socialdemokratiet,69,97815,95332.0,0.974615345294689,bolig
Socialdemokratiet,Socialistisk Folkeparti,69,26917,15224.0,0.5655905190028606,bolig
Socialdemokratiet,Venstre,69,130790,105192.0,0.804281672910773,bolig
Socialistisk Folkeparti,Socialistisk Folkeparti,69,1346,1346.0,1.0,bolig
Socialistisk Folkeparti,Venstre,69,17396,8109.0,0.4661416417567257,bolig
Venstre,Venstre,69,40245,40245.0,1.0,bolig
Alternativet,Alternativet,70,458,397.0,0.8668122270742358,bolig
Alternativet,Danmarksdemokraterne,70,776,316.0,0.4072164948453608,bolig
Alternativet,Dansk Folkeparti,70,3542,1523.0,0.429983060417843,bolig
Alternativet,Det Konservative Folkeparti,70,3050,1404.0,0.460327868852459,bolig
Alternativet,Enhedslisten,70,3414,2907.0,0.851493848857645,bolig
Alternativet,Liberal Alliance,70,869,342.0,0.3935558112773302,bolig
Alternativet,Nye Borgerlige,70,1034,320.0,0.3094777562862669,bolig
Alternativet,Radikale Venstre,70,4200,3201.0,0.7621428571428571,bolig
Alternativet,Sambandsflokkurin,70,7,2.0,0.2857142857142857,bolig
Alternativet,Socialdemokratiet,70,12746,8331.0,0.6536168209634395,bolig
Alternativet,Socialistisk Folkeparti,70,3752,3130.0,0.8342217484008528,bolig
Alternativet,Venstre,70,11020,5082.0,0.4611615245009074,bolig
Danmarksdemokraterne,Danmarksdemokraterne,70,112,99.0,0.8839285714285714,bolig
Danmarksdemokraterne,Dansk Folkeparti,70,2045,1877.0,0.9178484107579462,bolig
Danmarksdemokraterne,Det Konservative Folkeparti,70,1793,1480.0,0.8254322364751813,bolig
Danmarksdemokraterne,Enhedslisten,70,1972,811.0,0.4112576064908722,bolig
Danmarksdemokraterne,Liberal Alliance,70,499,353.0,0.7074148296593187,bolig
Danmarksdemokraterne,Nye Borgerlige,70,611,379.0,0.6202945990180033,bolig
Danmarksdemokraterne,Radikale Venstre,70,2451,1239.0,0.5055079559363526,bolig
Danmarksdemokraterne,Sambandsflokkurin,70,4,2.0,0.5,bolig
Danmarksdemokraterne,Socialdemokratiet,70,7348,4724.0,0.6428960261295591,bolig
Danmarksdemokraterne,Socialistisk Folkeparti,70,2197,988.0,0.4497041420118343,bolig
Danmarksdemokraterne,Venstre,70,6338,5287.0,0.8341748185547492,bolig
Dansk Folkeparti,Dansk Folkeparti,70,4250,4104.0,0.9656470588235294,bolig
Dansk Folkeparti,Det Konservative Folkeparti,70,8251,5996.0,0.7266997939643679,bolig
Dansk Folkeparti,Enhedslisten,70,9215,4125.0,0.4476397178513293,bolig
Dansk Folkeparti,Liberal Alliance,70,2380,1550.0,0.6512605042016807,bolig
Dansk Folkeparti,Nye Borgerlige,70,2791,1607.0,0.5757792905768542,bolig
Dansk Folkeparti,Radikale Venstre,70,11312,5800.0,0.5127298444130127,bolig
Dansk Folkeparti,Sambandsflokkurin,70,26,10.0,0.3846153846153846,bolig
Dansk Folkeparti,Socialdemokratiet,70,34463,22196.0,0.6440530423932913,bolig
Dansk Folkeparti,Socialistisk Folkeparti,70,10193,4880.0,0.4787599332875503,bolig
Dansk Folkeparti,Venstre,70,29685,22303.0,0.7513222166077144,bolig
Det Konservative Folkeparti,Det Konservative Folkeparti,70,3185,3152.0,0.9896389324960754,bolig
Det Konservative Folkeparti,Enhedslisten,70,7978,3567.0,0.4471045374780646,bolig
Det Konservative Folkeparti,Liberal Alliance,70,2019,1649.0,0.8167409608717187,bolig
Det Konservative Folkeparti,Nye Borgerlige,70,2391,1451.0,0.6068590547887913,bolig
Det Konservative Folkeparti,Radikale Venstre,70,9804,5745.0,0.585985312117503,bolig
Det Konservative Folkeparti,Sambandsflokkurin,70,19,19.0,1.0,bolig
Det Konservative Folkeparti,Socialdemokratiet,70,29567,19917.0,0.6736226198126289,bolig
Det Konservative Folkeparti,Socialistisk Folkeparti,70,8880,4318.0,0.4862612612612612,bolig
Det Konservative Folkeparti,Venstre,70,25361,23883.0,0.9417215409487008,bolig
Enhedslisten,Enhedslisten,70,3872,3865.0,0.9981921487603306,bolig
Enhedslisten,Liberal Alliance,70,2255,794.0,0.3521064301552106,bolig
Enhedslisten,Nye Borgerlige,70,2685,672.0,0.2502793296089385,bolig
Enhedslisten,Radikale Venstre,70,10941,8284.0,0.7571519970752216,bolig
Enhedslisten,Sambandsflokkurin,70,24,16.0,0.6666666666666666,bolig
Enhedslisten,Socialdemokratiet,70,33266,21708.0,0.6525581674983466,bolig
Enhedslisten,Socialistisk Folkeparti,70,9874,8325.0,0.8431233542637229,bolig
Enhedslisten,Venstre,70,28723,12584.0,0.4381157957037914,bolig
Liberal Alliance,Liberal Alliance,70,160,159.0,0.99375,bolig
Liberal Alliance,Nye Borgerlige,70,667,400.0,0.5997001499250375,bolig
Liberal Alliance,Radikale Venstre,70,2773,1539.0,0.5549945906959971,bolig
Liberal Alliance,Sambandsflokkurin,70,6,6.0,1.0,bolig
Liberal Alliance,Socialdemokratiet,70,8451,5578.0,0.660040231925216,bolig
Liberal Alliance,Socialistisk Folkeparti,70,2502,1067.0,0.426458832933653,bolig
Liberal Alliance,Venstre,70,7298,5919.0,0.8110441216771719,bolig
Nye Borgerlige,Nye Borgerlige,70,245,243.0,0.9918367346938776,bolig
Nye Borgerlige,Radikale Venstre,70,3303,886.0,0.2682409930366333,bolig
Nye Borgerlige,Sambandsflokkurin,70,7,3.0,0.4285714285714285,bolig
Nye Borgerlige,Socialdemokratiet,70,10078,3369.0,0.3342925183568168,bolig
Nye Borgerlige,Socialistisk Folkeparti,70,2972,792.0,0.2664872139973082,bolig
Nye Borgerlige,Venstre,70,8665,5028.0,0.580265435660704,bolig
Radikale Venstre,Radikale Venstre,70,6026,5848.0,0.970461334218387,bolig
Radikale Venstre,Sambandsflokkurin,70,30,20.0,0.6666666666666666,bolig
Radikale Venstre,Socialdemokratiet,70,40715,33251.0,0.8166769004052561,bolig
Radikale Venstre,Socialistisk Folkeparti,70,12139,9668.0,0.7964412225059725,bolig
Radikale Venstre,Venstre,70,35163,21494.0,0.6112675255239883,bolig
Sambandsflokkurin,Socialdemokratiet,70,78,78.0,1.0,bolig
Sambandsflokkurin,Socialistisk Folkeparti,70,27,18.0,0.6666666666666666,bolig
Sambandsflokkurin,Venstre,70,71,71.0,1.0,bolig
Socialdemokratiet,Socialdemokratiet,70,60299,60271.0,0.999535647357336,bolig
Socialdemokratiet,Socialistisk Folkeparti,70,36771,29004.0,0.7887737619319573,bolig
Socialdemokratiet,Venstre,70,107764,73814.0,0.6849597268104376,bolig
Socialistisk Folkeparti,Socialistisk Folkeparti,70,4827,4805.0,0.9954423037083074,bolig
Socialistisk Folkeparti,Venstre,70,31725,15557.0,0.4903703703703703,bolig
Venstre,Venstre,70,44743,44400.0,0.992333996379322,bolig
Alternativet,Alternativet,71,422,385.0,0.9123222748815166,bolig
Alternativet,Danmarksdemokraterne,71,3184,1406.0,0.4415829145728643,bolig
Alternativet,Dansk Folkeparti,71,870,379.0,0.435632183908046,bolig
Alternativet,Det Konservative Folkeparti,71,2184,936.0,0.4285714285714285,bolig
Alternativet,Enhedslisten,71,1806,1444.0,0.7995570321151716,bolig
Alternativet,Liberal Alliance,71,3181,1304.0,0.4099339830242062,bolig
Alternativet,Moderaterne,71,3503,1791.0,0.5112760491007707,bolig
Alternativet,Nye Borgerlige,71,1177,459.0,0.3899745114698386,bolig
Alternativet,Radikale Venstre,71,1494,1047.0,0.7008032128514057,bolig
Alternativet,Sambandsflokkurin,71,35,28.0,0.8,bolig
Alternativet,Siumut,71,4,4.0,1.0,bolig
Alternativet,Socialdemokratiet,71,12022,6243.0,0.5192979537514557,bolig
Alternativet,Socialistisk Folkeparti,71,3284,2345.0,0.714068209500609,bolig
Alternativet,Venstre,71,5592,2836.0,0.5071530758226037,bolig
Danmarksdemokraterne,Danmarksdemokraterne,71,3912,3892.0,0.994887525562372,bolig
Danmarksdemokraterne,Dansk Folkeparti,71,2413,1994.0,0.8263572316618317,bolig
Danmarksdemokraterne,Det Konservative Folkeparti,71,6039,4821.0,0.7983109786388475,bolig
Danmarksdemokraterne,Enhedslisten,71,4992,2246.0,0.4499198717948718,bolig
Danmarksdemokraterne,Liberal Alliance,71,8760,6803.0,0.7765981735159817,bolig
Danmarksdemokraterne,Moderaterne,71,9704,7205.0,0.7424773289365211,bolig
Danmarksdemokraterne,Nye Borgerlige,71,3323,2586.0,0.7782124586217274,bolig
Danmarksdemokraterne,Radikale Venstre,71,4171,2359.0,0.5655718053224646,bolig
Danmarksdemokraterne,Sambandsflokkurin,71,86,46.0,0.5348837209302325,bolig
Danmarksdemokraterne,Siumut,71,9,0.0,0.0,bolig
Danmarksdemokraterne,Socialdemokratiet,71,33253,24654.0,0.7414067903647791,bolig
Danmarksdemokraterne,Socialistisk Folkeparti,71,9114,4961.0,0.5443274083827079,bolig
Danmarksdemokraterne,Venstre,71,15473,11503.0,0.7434240289536612,bolig
Dansk Folkeparti,Dansk Folkeparti,71,212,212.0,1.0,bolig
Dansk Folkeparti,Det Konservative Folkeparti,71,1671,1164.0,0.696588868940754,bolig
Dansk Folkeparti,Enhedslisten,71,1380,618.0,0.4478260869565217,bolig
Dansk Folkeparti,Liberal Alliance,71,2420,1716.0,0.7090909090909091,bolig
Dansk Folkeparti,Moderaterne,71,2691,1833.0,0.6811594202898551,bolig
Dansk Folkeparti,Nye Borgerlige,71,894,711.0,0.7953020134228188,bolig
Dansk Folkeparti,Radikale Venstre,71,1161,678.0,0.5839793281653747,bolig
Dansk Folkeparti,Sambandsflokkurin,71,19,11.0,0.5789473684210527,bolig
Dansk Folkeparti,Siumut,71,3,0.0,0.0,bolig
Dansk Folkeparti,Socialdemokratiet,71,9210,6265.0,0.6802388707926167,bolig
Dansk Folkeparti,Socialistisk Folkeparti,71,2516,1377.0,0.5472972972972973,bolig
Dansk Folkeparti,Venstre,71,4283,2908.0,0.6789633434508522,bolig
Det Konservative Folkeparti,Det Konservative Folkeparti,71,1738,1738.0,1.0,bolig
Det Konservative Folkeparti,Enhedslisten,71,3442,1615.0,0.4692039511911679,bolig
Det Konservative Folkeparti,Liberal Alliance,71,6032,5222.0,0.8657161803713528,bolig
Det Konservative Folkeparti,Moderaterne,71,6701,5349.0,0.7982390687957022,bolig
Det Konservative Folkeparti,Nye Borgerlige,71,2300,1575.0,0.6847826086956522,bolig
Det Konservative Folkeparti,Radikale Venstre,71,2882,1877.0,0.6512838306731437,bolig
Det Konservative Folkeparti,Sambandsflokkurin,71,53,17.0,0.320754716981132,bolig
Det Konservative Folkeparti,Siumut,71,5,0.0,0.0,bolig
Det Konservative Folkeparti,Socialdemokratiet,71,22936,18428.0,0.8034530868503662,bolig
Det Konservative Folkeparti,Socialistisk Folkeparti,71,6285,3533.0,0.5621320604614161,bolig
Det Konservative Folkeparti,Venstre,71,10672,8659.0,0.8113755622188905,bolig
Enhedslisten,Enhedslisten,71,1142,1128.0,0.9877408056042032,bolig
Enhedslisten,Liberal Alliance,71,4978,1992.0,0.4001607071112896,bolig
Enhedslisten,Moderaterne,71,5535,2860.0,0.5167118337850045,bolig
Enhedslisten,Nye Borgerlige,71,1900,756.0,0.3978947368421052,bolig
Enhedslisten,Radikale Venstre,71,2388,1571.0,0.6578726968174204,bolig
Enhedslisten,Sambandsflokkurin,71,45,31.0,0.6888888888888889,bolig
Enhedslisten,Siumut,71,5,5.0,1.0,bolig
Enhedslisten,Socialdemokratiet,71,18978,9767.0,0.5146485404152176,bolig
Enhedslisten,Socialistisk Folkeparti,71,5195,4056.0,0.7807507218479307,bolig
Enhedslisten,Venstre,71,8811,4467.0,0.5069799114742934,bolig
Liberal Alliance,Liberal Alliance,71,3883,3868.0,0.9961370074684522,bolig
Liberal Alliance,Moderaterne,71,9700,7905.0,0.8149484536082474,bolig
Liberal Alliance,Nye Borgerlige,71,3282,2319.0,0.706581352833638,bolig
Liberal Alliance,Radikale Venstre,71,4164,2628.0,0.6311239193083573,bolig
Liberal Alliance,Sambandsflokkurin,71,85,46.0,0.5411764705882353,bolig
Liberal Alliance,Siumut,71,7,0.0,0.0,bolig
Liberal Alliance,Socialdemokratiet,71,33183,27048.0,0.8151161739444897,bolig
Liberal Alliance,Socialistisk Folkeparti,71,9096,4916.0,0.5404573438874231,bolig
Liberal Alliance,Venstre,71,15410,12640.0,0.8202465931213497,bolig
Moderaterne,Moderaterne,71,4868,4574.0,0.9396055875102712,bolig
Moderaterne,Nye Borgerlige,71,3707,2351.0,0.6342055570542218,bolig
Moderaterne,Radikale Venstre,71,4646,3434.0,0.7391304347826086,bolig
Moderaterne,Sambandsflokkurin,71,82,82.0,1.0,bolig
Moderaterne,Siumut,71,9,1.0,0.1111111111111111,bolig
Moderaterne,Socialdemokratiet,71,36904,35678.0,0.9667786689789724,bolig
Moderaterne,Socialistisk Folkeparti,71,10112,6969.0,0.689181170886076,bolig
Moderaterne,Venstre,71,17150,16528.0,0.963731778425656,bolig
Nye Borgerlige,Nye Borgerlige,71,501,356.0,0.7105788423153693,bolig
Nye Borgerlige,Radikale Venstre,71,1600,795.0,0.496875,bolig
Nye Borgerlige,Sambandsflokkurin,71,20,11.0,0.55,bolig
Nye Borgerlige,Siumut,71,3,0.0,0.0,bolig
Nye Borgerlige,Socialdemokratiet,71,12700,8077.0,0.6359842519685039,bolig
Nye Borgerlige,Socialistisk Folkeparti,71,3475,1628.0,0.4684892086330935,bolig
Nye Borgerlige,Venstre,71,5934,3795.0,0.6395348837209303,bolig
Radikale Venstre,Radikale Venstre,71,773,749.0,0.9689521345407504,bolig
Radikale Venstre,Sambandsflokkurin,71,36,36.0,1.0,bolig
Radikale Venstre,Siumut,71,5,4.0,0.8,bolig
Radikale Venstre,Socialdemokratiet,71,15928,12082.0,0.7585384229030638,bolig
Radikale Venstre,Socialistisk Folkeparti,71,4355,3362.0,0.7719862227324914,bolig
Radikale Venstre,Venstre,71,7387,5534.0,0.7491539190469744,bolig
Sambandsflokkurin,Socialdemokratiet,71,294,294.0,1.0,bolig
Sambandsflokkurin,Socialistisk Folkeparti,71,81,72.0,0.8888888888888888,bolig
Sambandsflokkurin,Venstre,71,119,119.0,1.0,bolig
Siumut,Socialdemokratiet,71,33,0.0,0.0,bolig
Siumut,Socialistisk Folkeparti,71,8,0.0,0.0,bolig
Siumut,Venstre,71,15,0.0,0.0,bolig
Socialdemokratiet,Socialdemokratiet,71,61375,61375.0,1.0,bolig
Socialdemokratiet,Socialistisk Folkeparti,71,34615,23842.0,0.6887765419615773,bolig
Socialdemokratiet,Venstre,71,58770,58639.0,0.9977709715841416,bolig
Socialistisk Folkeparti,Socialistisk Folkeparti,71,4224,4216.0,0.9981060606060606,bolig
Socialistisk Folkeparti,Venstre,71,16087,10924.0,0.6790576241685833,bolig
Venstre,Venstre,71,12831,12774.0,0.9955576338555062,bolig
Danmarksdemokraterne,Danmarksdemokraterne,65,117,113.0,0.9658119658119658,general
Danmarksdemokraterne,Dansk Folkeparti,65,5845,5732.0,0.980667236954662,general
Danmarksdemokraterne,Det Konservative Folkeparti,65,3023,2989.0,0.9887528944756864,general
Danmarksdemokraterne,Enhedslisten,65,443,131.0,0.2957110609480812,general
Danmarksdemokraterne,Inuit Ataqatigiit,65,25,2.0,0.08,general
Danmarksdemokraterne,Kristendemokraterne,65,813,422.0,0.5190651906519065,general
Danmarksdemokraterne,Radikale Venstre,65,1880,904.0,0.4808510638297872,general
Danmarksdemokraterne,Socialdemokratiet,65,13355,5356.0,0.401048296518158,general
Danmarksdemokraterne,Socialistisk Folkeparti,65,2865,997.0,0.3479930191972076,general
Danmarksdemokraterne,Tjóðveldi,65,16,0.0,0.0,general
Danmarksdemokraterne,Venstre,65,14326,14183.0,0.9900181488203268,general
Dansk Folkeparti,Dansk Folkeparti,65,28394,28354.0,0.9985912516728886,general
Dansk Folkeparti,Det Konservative Folkeparti,65,31384,30502.0,0.9718965077746624,general
Dansk Folkeparti,Enhedslisten,65,4581,1294.0,0.2824710761842392,general
Dansk Folkeparti,Inuit Ataqatigiit,65,193,14.0,0.0725388601036269,general
Dansk Folkeparti,Kristendemokraterne,65,8406,4323.0,0.5142755174875089,general
Dansk Folkeparti,Radikale Venstre,65,19553,8746.0,0.4472970899606198,general
Dansk Folkeparti,Socialdemokratiet,65,138135,51104.0,0.3699569261953885,general
Dansk Folkeparti,Socialistisk Folkeparti,65,29636,9371.0,0.316203266297746,general
Dansk Folkeparti,Tjóðveldi,65,128,0.0,0.0,general
Dansk Folkeparti,Venstre,65,147900,143893.0,0.9729073698444896,general
Det Konservative Folkeparti,Det Konservative Folkeparti,65,7193,7193.0,1.0,general
Det Konservative Folkeparti,Enhedslisten,65,2426,685.0,0.2823577906018137,general
Det Konservative Folkeparti,Inuit Ataqatigiit,65,112,7.0,0.0625,general
Det Konservative Folkeparti,Kristendemokraterne,65,4336,2406.0,0.5548892988929889,general
Det Konservative Folkeparti,Radikale Venstre,65,10027,4902.0,0.4888800239353745,general
Det Konservative Folkeparti,Socialdemokratiet,65,71227,29511.0,0.4143232201271989,general
Det Konservative Folkeparti,Socialistisk Folkeparti,65,15285,5258.0,0.3439973830552829,general
Det Konservative Folkeparti,Tjóðveldi,65,63,0.0,0.0,general
Det Konservative Folkeparti,Venstre,65,76410,76393.0,0.999777516031933,general
Enhedslisten,Enhedslisten,65,33,33.0,1.0,general
Enhedslisten,Inuit Ataqatigiit,65,22,21.0,0.9545454545454546,general
Enhedslisten,Kristendemokraterne,65,633,340.0,0.5371248025276462,general
Enhedslisten,Radikale Venstre,65,1466,881.0,0.6009549795361528,general
Enhedslisten,Socialdemokratiet,65,10393,6929.0,0.6666987395362263,general
Enhedslisten,Socialistisk Folkeparti,65,2272,1925.0,0.8472711267605634,general
Enhedslisten,Tjóðveldi,65,9,9.0,1.0,general
Enhedslisten,Venstre,65,11154,3191.0,0.2860857091626322,general
Inuit Ataqatigiit,Kristendemokraterne,65,28,17.0,0.6071428571428571,general
Inuit Ataqatigiit,Radikale Venstre,65,66,49.0,0.7424242424242424,general
Inuit Ataqatigiit,Socialdemokratiet,65,450,290.0,0.6444444444444445,general
Inuit Ataqatigiit,Socialistisk Folkeparti,65,108,101.0,0.9351851851851852,general
Inuit Ataqatigiit,Tjóðveldi,65,5,5.0,1.0,general
Inuit Ataqatigiit,Venstre,65,473,34.0,0.0718816067653276,general
Kristendemokraterne,Kristendemokraterne,65,290,284.0,0.9793103448275862,general
Kristendemokraterne,Radikale Venstre,65,2695,1633.0,0.6059369202226345,general
Kristendemokraterne,Socialdemokratiet,65,19065,12237.0,0.6418568056648308,general
Kristendemokraterne,Socialistisk Folkeparti,65,4091,2487.0,0.607919824003911,general
Kristendemokraterne,Tjóðveldi,65,18,14.0,0.7777777777777778,general
Kristendemokraterne,Venstre,65,20416,11146.0,0.5459443573667712,general
Radikale Venstre,Radikale Venstre,65,2500,2492.0,0.9968,general
Radikale Venstre,Socialdemokratiet,65,44291,31773.0,0.7173692172224605,general
Radikale Venstre,Socialistisk Folkeparti,65,9511,6556.0,0.6893071180738093,general
Radikale Venstre,Tjóðveldi,65,45,45.0,1.0,general
Radikale Venstre,Venstre,65,47339,22695.0,0.4794144362998795,general
Socialdemokratiet,Socialdemokratiet,65,152076,151822.0,0.9983297824771824,general
Socialdemokratiet,Socialistisk Folkeparti,65,67247,52243.0,0.7768822400999301,general
Socialdemokratiet,Tjóðveldi,65,296,231.0,0.7804054054054054,general
Socialdemokratiet,Venstre,65,335440,136272.0,0.4062485094204627,general
Socialistisk Folkeparti,Socialistisk Folkeparti,65,6279,6267.0,0.998088867654085,general
Socialistisk Folkeparti,Tjóðveldi,65,63,63.0,1.0,general
Socialistisk Folkeparti,Venstre,65,71913,24846.0,0.3455008134829586,general
Tjóðveldi,Venstre,65,305,0.0,0.0,general
Venstre,Venstre,65,174899,174829.0,0.9995997690095426,general
Danmarksdemokraterne,Danmarksdemokraterne,66,277,251.0,0.9061371841155236,general
Danmarksdemokraterne,Dansk Folkeparti,66,22563,21283.0,0.9432699552364492,general
Danmarksdemokraterne,Det Konservative Folkeparti,66,15897,15497.0,0.9748380197521544,general
Danmarksdemokraterne,Enhedslisten,66,3721,971.0,0.2609513571620532,general
Danmarksdemokraterne,Fólkaflokkurin,66,7,7.0,1.0,general
Danmarksdemokraterne,Inuit Ataqatigiit,66,18,3.0,0.1666666666666666,general
Danmarksdemokraterne,Radikale Venstre,66,12913,7556.0,0.5851467513358631,general
Danmarksdemokraterne,Siumut,66,37,14.0,0.3783783783783784,general
Danmarksdemokraterne,Socialdemokratiet,66,40547,24652.0,0.6079857942634473,general
Danmarksdemokraterne,Socialistisk Folkeparti,66,11106,4666.0,0.420133261300198,general
Danmarksdemokraterne,Tjóðveldi,66,29,2.0,0.0689655172413793,general
Danmarksdemokraterne,Venstre,66,47221,46027.0,0.9747146396730269,general
Dansk Folkeparti,Dansk Folkeparti,66,153108,152818.0,0.9981059121665752,general
Dansk Folkeparti,Det Konservative Folkeparti,66,227024,210050.0,0.9252325745295652,general
Dansk Folkeparti,Enhedslisten,66,53339,13356.0,0.2503983951705131,general
Dansk Folkeparti,Fólkaflokkurin,66,117,103.0,0.8803418803418803,general
Dansk Folkeparti,Inuit Ataqatigiit,66,234,64.0,0.2735042735042735,general
Dansk Folkeparti,Radikale Venstre,66,183609,99386.0,0.5412915488892157,general
Dansk Folkeparti,Siumut,66,375,181.0,0.4826666666666667,general
Dansk Folkeparti,Socialdemokratiet,66,581738,319926.0,0.5499486022917534,general
Dansk Folkeparti,Socialistisk Folkeparti,66,159017,61895.0,0.3892351132268877,general
Dansk Folkeparti,Tjóðveldi,66,382,64.0,0.1675392670157068,general
Dansk Folkeparti,Venstre,66,673951,622180.0,0.923182842669571,general
Det Konservative Folkeparti,Det Konservative Folkeparti,66,73424,73185.0,0.9967449335367182,general
Det Konservative Folkeparti,Enhedslisten,66,37554,9447.0,0.2515577568301645,general
Det Konservative Folkeparti,Fólkaflokkurin,66,89,89.0,1.0,general
Det Konservative Folkeparti,Inuit Ataqatigiit,66,177,47.0,0.2655367231638418,general
Det Konservative Folkeparti,Radikale Venstre,66,128145,76921.0,0.6002653244371611,general
Det Konservative Folkeparti,Siumut,66,291,126.0,0.4329896907216495,general
Det Konservative Folkeparti,Socialdemokratiet,66,406156,250227.0,0.6160859374230592,general
Det Konservative Folkeparti,Socialistisk Folkeparti,66,111316,48063.0,0.4317708146178446,general
Det Konservative Folkeparti,Tjóðveldi,66,282,39.0,0.1382978723404255,general
Det Konservative Folkeparti,Venstre,66,471957,469686.0,0.9951881209516968,general
Enhedslisten,Enhedslisten,66,2924,2919.0,0.9982900136798906,general
Enhedslisten,Fólkaflokkurin,66,20,5.0,0.25,general
Enhedslisten,Inuit Ataqatigiit,66,43,26.0,0.6046511627906976,general
Enhedslisten,Radikale Venstre,66,30165,17206.0,0.5703961544836731,general
Enhedslisten,Siumut,66,65,43.0,0.6615384615384615,general
Enhedslisten,Socialdemokratiet,66,95123,55578.0,0.5842750964540647,general
Enhedslisten,Socialistisk Folkeparti,66,26047,19988.0,0.7673820401581756,general
Enhedslisten,Tjóðveldi,66,73,62.0,0.8493150684931506,general
Enhedslisten,Venstre,66,110540,27956.0,0.2529039261805681,general
Fólkaflokkurin,Inuit Ataqatigiit,66,4,0.0,0.0,general
Fólkaflokkurin,Radikale Venstre,66,65,65.0,1.0,general
Fólkaflokkurin,Siumut,66,2,1.0,0.5,general
Fólkaflokkurin,Socialdemokratiet,66,209,209.0,1.0,general
Fólkaflokkurin,Socialistisk Folkeparti,66,55,50.0,0.9090909090909092,general
Fólkaflokkurin,Tjóðveldi,66,6,2.0,0.3333333333333333,general
Fólkaflokkurin,Venstre,66,238,238.0,1.0,general
Inuit Ataqatigiit,Radikale Venstre,66,122,61.0,0.5,general
Inuit Ataqatigiit,Siumut,66,6,6.0,1.0,general
Inuit Ataqatigiit,Socialdemokratiet,66,423,144.0,0.3404255319148936,general
Inuit Ataqatigiit,Socialistisk Folkeparti,66,120,73.0,0.6083333333333333,general
Inuit Ataqatigiit,Tjóðveldi,66,10,7.0,0.7,general
Inuit Ataqatigiit,Venstre,66,490,133.0,0.2714285714285714,general
Radikale Venstre,Radikale Venstre,66,46597,46130.0,0.9899778955726763,general
Radikale Venstre,Siumut,66,227,140.0,0.6167400881057269,general
Radikale Venstre,Socialdemokratiet,66,327940,263794.0,0.8043971458193572,general
Radikale Venstre,Socialistisk Folkeparti,66,89637,67226.0,0.7499804768120307,general
Radikale Venstre,Tjóðveldi,66,219,118.0,0.5388127853881278,general
Radikale Venstre,Venstre,66,380419,227090.0,0.596947050489066,general
Siumut,Socialdemokratiet,66,700,362.0,0.5171428571428571,general
Siumut,Socialistisk Folkeparti,66,185,116.0,0.6270270270270271,general
Siumut,Tjóðveldi,66,9,7.0,0.7777777777777778,general
Siumut,Venstre,66,813,346.0,0.4255842558425584,general
Socialdemokratiet,Socialdemokratiet,66,504334,501947.0,0.995267025423628,general
Socialdemokratiet,Socialistisk Folkeparti,66,284781,223246.0,0.7839216801682697,general
Socialdemokratiet,Tjóðveldi,66,691,358.0,0.5180897250361794,general
Socialdemokratiet,Venstre,66,1207672,741161.0,0.613710510800946,general
Socialistisk Folkeparti,Socialistisk Folkeparti,66,34563,32818.0,0.949512484448688,general
Socialistisk Folkeparti,Tjóðveldi,66,178,129.0,0.7247191011235955,general
Socialistisk Folkeparti,Venstre,66,330452,142143.0,0.4301471923305048,general
Tjóðveldi,Venstre,66,807,112.0,0.1387856257744733,general
Venstre,Venstre,66,681714,678079.0,0.9946678519144392,general
Danmarksdemokraterne,Danmarksdemokraterne,67,456,409.0,0.8969298245614035,general
Danmarksdemokraterne,Dansk Folkeparti,67,28246,26456.0,0.936628195142675,general
Danmarksdemokraterne,Det Konservative Folkeparti,67,17443,16663.0,0.9552829215157944,general
Danmarksdemokraterne,Enhedslisten,67,3622,1265.0,0.3492545554942021,general
Danmarksdemokraterne,Inuit Ataqatigiit,67,10,8.0,0.8,general
Danmarksdemokraterne,Javnaðarflokkurin,67,3,3.0,1.0,general
Danmarksdemokraterne,Liberal Alliance,67,4476,3791.0,0.8469615728328865,general
Danmarksdemokraterne,Radikale Venstre,67,7465,3950.0,0.5291359678499665,general
Danmarksdemokraterne,Sambandsflokkurin,67,36,34.0,0.9444444444444444,general
Danmarksdemokraterne,Siumut,67,78,65.0,0.8333333333333334,general
Danmarksdemokraterne,Socialdemokratiet,67,48051,25788.0,0.5366797777361554,general
Danmarksdemokraterne,Socialistisk Folkeparti,67,22638,11038.0,0.4875872426892835,general
Danmarksdemokraterne,Tjóðveldi,67,8,3.0,0.375,general
Danmarksdemokraterne,Venstre,67,47830,46157.0,0.9650219527493205,general
Dansk Folkeparti,Dansk Folkeparti,67,243283,240395.0,0.988129051351718,general
Dansk Folkeparti,Det Konservative Folkeparti,67,315635,281000.0,0.8902688231659986,general
Dansk Folkeparti,Enhedslisten,67,64481,22992.0,0.3565701524480079,general
Dansk Folkeparti,Inuit Ataqatigiit,67,221,99.0,0.4479638009049774,general
Dansk Folkeparti,Javnaðarflokkurin,67,82,65.0,0.7926829268292683,general
Dansk Folkeparti,Liberal Alliance,67,80718,64071.0,0.7937634728313387,general
Dansk Folkeparti,Radikale Venstre,67,132634,68341.0,0.5152600389040517,general
Dansk Folkeparti,Sambandsflokkurin,67,885,750.0,0.847457627118644,general
Dansk Folkeparti,Siumut,67,883,631.0,0.7146092865232163,general
Dansk Folkeparti,Socialdemokratiet,67,869851,444376.0,0.5108645043806354,general
Dansk Folkeparti,Socialistisk Folkeparti,67,408397,193758.0,0.4744354145598523,general
Dansk Folkeparti,Tjóðveldi,67,177,36.0,0.2033898305084746,general
Dansk Folkeparti,Venstre,67,872494,781692.0,0.8959282241482462,general
Det Konservative Folkeparti,Det Konservative Folkeparti,67,88879,87831.0,0.988208688216564,general
Det Konservative Folkeparti,Enhedslisten,67,39426,14952.0,0.3792421244863795,general
Det Konservative Folkeparti,Inuit Ataqatigiit,67,150,126.0,0.84,general
Det Konservative Folkeparti,Javnaðarflokkurin,67,53,53.0,1.0,general
Det Konservative Folkeparti,Liberal Alliance,67,48922,42835.0,0.8755774498180777,general
Det Konservative Folkeparti,Radikale Venstre,67,81835,50186.0,0.6132583857762571,general
Det Konservative Folkeparti,Sambandsflokkurin,67,547,546.0,0.9981718464351006,general
Det Konservative Folkeparti,Siumut,67,565,486.0,0.8601769911504424,general
Det Konservative Folkeparti,Socialdemokratiet,67,533593,322699.0,0.6047661794663723,general
Det Konservative Folkeparti,Socialistisk Folkeparti,67,250215,138650.0,0.5541234538297064,general
Det Konservative Folkeparti,Tjóðveldi,67,108,55.0,0.5092592592592593,general
Det Konservative Folkeparti,Venstre,67,535821,532579.0,0.9939494719318578,general
Enhedslisten,Enhedslisten,67,2388,2182.0,0.9137353433835846,general
Enhedslisten,Inuit Ataqatigiit,67,31,18.0,0.5806451612903226,general
Enhedslisten,Javnaðarflokkurin,67,10,8.0,0.8,general
Enhedslisten,Liberal Alliance,67,10062,4476.0,0.4448419797257006,general
Enhedslisten,Radikale Venstre,67,16732,11221.0,0.6706311259861344,general
Enhedslisten,Sambandsflokkurin,67,114,39.0,0.3421052631578947,general
Enhedslisten,Siumut,67,107,61.0,0.5700934579439252,general
Enhedslisten,Socialdemokratiet,67,108626,77566.0,0.7140647727063503,general
Enhedslisten,Socialistisk Folkeparti,67,50988,38964.0,0.7641798070134149,general
Enhedslisten,Tjóðveldi,67,26,19.0,0.7307692307692307,general
Enhedslisten,Venstre,67,108959,40549.0,0.3721491570223662,general
Inuit Ataqatigiit,Javnaðarflokkurin,67,1,1.0,1.0,general
Inuit Ataqatigiit,Liberal Alliance,67,35,29.0,0.8285714285714286,general
Inuit Ataqatigiit,Radikale Venstre,67,57,48.0,0.8421052631578947,general
Inuit Ataqatigiit,Sambandsflokkurin,67,3,3.0,1.0,general
Inuit Ataqatigiit,Siumut,67,7,7.0,1.0,general
Inuit Ataqatigiit,Socialdemokratiet,67,383,325.0,0.8485639686684073,general
Inuit Ataqatigiit,Socialistisk Folkeparti,67,182,138.0,0.7582417582417582,general
Inuit Ataqatigiit,Tjóðveldi,67,6,5.0,0.8333333333333334,general
Inuit Ataqatigiit,Venstre,67,388,327.0,0.8427835051546392,general
Javnaðarflokkurin,Liberal Alliance,67,10,10.0,1.0,general
Javnaðarflokkurin,Radikale Venstre,67,22,22.0,1.0,general
Javnaðarflokkurin,Sambandsflokkurin,67,2,2.0,1.0,general
Javnaðarflokkurin,Siumut,67,3,3.0,1.0,general
Javnaðarflokkurin,Socialdemokratiet,67,145,145.0,1.0,general
Javnaðarflokkurin,Socialistisk Folkeparti,67,75,75.0,1.0,general
Javnaðarflokkurin,Venstre,67,156,156.0,1.0,general
Liberal Alliance,Liberal Alliance,67,4764,3681.0,0.7726700251889169,general
Liberal Alliance,Radikale Venstre,67,20118,13412.0,0.6666666666666666,general
Liberal Alliance,Sambandsflokkurin,67,161,137.0,0.8509316770186336,general
Liberal Alliance,Siumut,67,147,131.0,0.891156462585034,general
Liberal Alliance,Socialdemokratiet,67,136042,86250.0,0.633995383778539,general
Liberal Alliance,Socialistisk Folkeparti,67,64060,38521.0,0.6013268810490165,general
Liberal Alliance,Tjóðveldi,67,33,20.0,0.6060606060606061,general
Liberal Alliance,Venstre,67,136030,119541.0,0.8787840917444681,general
Radikale Venstre,Radikale Venstre,67,13779,13227.0,0.9599390376660136,general
Radikale Venstre,Sambandsflokkurin,67,205,156.0,0.7609756097560976,general
Radikale Venstre,Siumut,67,233,211.0,0.9055793991416308,general
Radikale Venstre,Socialdemokratiet,67,224043,185140.0,0.8263592256843553,general
Radikale Venstre,Socialistisk Folkeparti,67,105208,85720.0,0.8147669378754467,general
Radikale Venstre,Tjóðveldi,67,50,31.0,0.62,general
Radikale Venstre,Venstre,67,224869,136816.0,0.608425349870369,general
Sambandsflokkurin,Siumut,67,5,4.0,0.8,general
Sambandsflokkurin,Socialdemokratiet,67,1515,1198.0,0.7907590759075908,general
Sambandsflokkurin,Socialistisk Folkeparti,67,703,407.0,0.5789473684210527,general
Sambandsflokkurin,Tjóðveldi,67,3,1.0,0.3333333333333333,general
Sambandsflokkurin,Venstre,67,1469,1469.0,1.0,general
Siumut,Socialdemokratiet,67,1592,1493.0,0.9378140703517588,general
Siumut,Socialistisk Folkeparti,67,713,633.0,0.8877980364656382,general
Siumut,Tjóðveldi,67,3,3.0,1.0,general
Siumut,Venstre,67,1588,1392.0,0.8765743073047859,general
Socialdemokratiet,Socialdemokratiet,67,710462,705635.0,0.9932058294461914,general
Socialdemokratiet,Socialistisk Folkeparti,67,689118,632838.0,0.918330387538854,general
Socialdemokratiet,Tjóðveldi,67,285,149.0,0.5228070175438596,general
Socialdemokratiet,Venstre,67,1474055,882554.0,0.5987252850131101,general
Socialistisk Folkeparti,Socialistisk Folkeparti,67,150994,150423.0,0.9962183927838192,general
Socialistisk Folkeparti,Tjóðveldi,67,136,81.0,0.5955882352941176,general
Socialistisk Folkeparti,Venstre,67,690882,378696.0,0.5481341242064491,general
Tjóðveldi,Venstre,67,300,153.0,0.51,general
Venstre,Venstre,67,716615,716151.0,0.9993525114601284,general
Danmarksdemokraterne,Danmarksdemokraterne,68,914,692.0,0.7571115973741794,general
Danmarksdemokraterne,Dansk Folkeparti,68,29752,26901.0,0.9041745092766872,general
Danmarksdemokraterne,Det Konservative Folkeparti,68,11913,9163.0,0.7691597414589104,general
Danmarksdemokraterne,Enhedslisten,68,20183,9077.0,0.4497349254322945,general
Danmarksdemokraterne,Inuit Ataqatigiit,68,8,4.0,0.5,general
Danmarksdemokraterne,Javnaðarflokkurin,68,23,9.0,0.391304347826087,general
Danmarksdemokraterne,Liberal Alliance,68,12241,7517.0,0.6140838166816437,general
Danmarksdemokraterne,Radikale Venstre,68,26401,15933.0,0.6034998674292641,general
Danmarksdemokraterne,Sambandsflokkurin,68,47,46.0,0.9787234042553192,general
Danmarksdemokraterne,Siumut,68,7,4.0,0.5714285714285714,general
Danmarksdemokraterne,Socialdemokratiet,68,70876,42891.0,0.6051554828150573,general
Danmarksdemokraterne,Socialistisk Folkeparti,68,23226,13664.0,0.5883062085593731,general
Danmarksdemokraterne,Venstre,68,67850,54561.0,0.804141488577745,general
Dansk Folkeparti,Dansk Folkeparti,68,119458,119226.0,0.9980578948249594,general
Dansk Folkeparti,Det Konservative Folkeparti,68,103834,72565.0,0.6988558660939577,general
Dansk Folkeparti,Enhedslisten,68,173578,76703.0,0.4418935579393702,general
Dansk Folkeparti,Inuit Ataqatigiit,68,61,26.0,0.4262295081967213,general
Dansk Folkeparti,Javnaðarflokkurin,68,104,13.0,0.125,general
Dansk Folkeparti,Liberal Alliance,68,105588,63735.0,0.6036197295147175,general
Dansk Folkeparti,Radikale Venstre,68,227705,128028.0,0.5622537932851716,general
Dansk Folkeparti,Sambandsflokkurin,68,385,334.0,0.8675324675324675,general
Dansk Folkeparti,Siumut,68,49,26.0,0.5306122448979592,general
Dansk Folkeparti,Socialdemokratiet,68,607235,341826.0,0.5629220977051718,general
Dansk Folkeparti,Socialistisk Folkeparti,68,200162,109567.0,0.5473916127936371,general
Dansk Folkeparti,Venstre,68,581724,416810.0,0.7165081722603847,general
Det Konservative Folkeparti,Det Konservative Folkeparti,68,16913,16865.0,0.9971619464317388,general
Det Konservative Folkeparti,Enhedslisten,68,69628,30072.0,0.4318952145688516,general
Det Konservative Folkeparti,Inuit Ataqatigiit,68,27,18.0,0.6666666666666666,general
Det Konservative Folkeparti,Javnaðarflokkurin,68,31,31.0,1.0,general
Det Konservative Folkeparti,Liberal Alliance,68,42275,29462.0,0.6969130691898285,general
Det Konservative Folkeparti,Radikale Venstre,68,91310,64996.0,0.7118168875260102,general
Det Konservative Folkeparti,Sambandsflokkurin,68,156,151.0,0.967948717948718,general
Det Konservative Folkeparti,Siumut,68,23,18.0,0.782608695652174,general
Det Konservative Folkeparti,Socialdemokratiet,68,243415,174178.0,0.7155598463529363,general
Det Konservative Folkeparti,Socialistisk Folkeparti,68,80277,54997.0,0.6850903745780236,general
Det Konservative Folkeparti,Venstre,68,233188,211013.0,0.9049050551486354,general
Enhedslisten,Enhedslisten,68,51390,50061.0,0.9741389375364856,general
Enhedslisten,Inuit Ataqatigiit,68,41,41.0,1.0,general
Enhedslisten,Javnaðarflokkurin,68,65,49.0,0.7538461538461538,general
Enhedslisten,Liberal Alliance,68,70732,28362.0,0.4009783407792795,general
Enhedslisten,Radikale Venstre,68,152465,105788.0,0.693851047781458,general
Enhedslisten,Sambandsflokkurin,68,252,113.0,0.4484126984126984,general
Enhedslisten,Siumut,68,33,33.0,1.0,general
Enhedslisten,Socialdemokratiet,68,407039,279308.0,0.6861946889610087,general
Enhedslisten,Socialistisk Folkeparti,68,134100,96593.0,0.7203057419835943,general
Enhedslisten,Venstre,68,389911,171357.0,0.4394772140308942,general
Inuit Ataqatigiit,Javnaðarflokkurin,68,1,1.0,1.0,general
Inuit Ataqatigiit,Liberal Alliance,68,25,15.0,0.6,general
Inuit Ataqatigiit,Radikale Venstre,68,55,43.0,0.7818181818181819,general
Inuit Ataqatigiit,Sambandsflokkurin,68,1,1.0,1.0,general
Inuit Ataqatigiit,Siumut,68,4,4.0,1.0,general
Inuit Ataqatigiit,Socialdemokratiet,68,153,126.0,0.8235294117647058,general
Inuit Ataqatigiit,Socialistisk Folkeparti,68,50,38.0,0.76,general
Inuit Ataqatigiit,Venstre,68,147,90.0,0.6122448979591837,general
Javnaðarflokkurin,Liberal Alliance,68,36,6.0,0.1666666666666666,general
Javnaðarflokkurin,Radikale Venstre,68,89,89.0,1.0,general
Javnaðarflokkurin,Sambandsflokkurin,68,1,1.0,1.0,general
Javnaðarflokkurin,Siumut,68,1,1.0,1.0,general
Javnaðarflokkurin,Socialdemokratiet,68,232,232.0,1.0,general
Javnaðarflokkurin,Socialistisk Folkeparti,68,74,74.0,1.0,general
Javnaðarflokkurin,Venstre,68,226,226.0,1.0,general
Liberal Alliance,Liberal Alliance,68,17283,17183.0,0.9942139674824972,general
Liberal Alliance,Radikale Venstre,68,92767,52175.0,0.5624306057110826,general
Liberal Alliance,Sambandsflokkurin,68,157,101.0,0.643312101910828,general
Liberal Alliance,Siumut,68,20,15.0,0.75,general
Liberal Alliance,Socialdemokratiet,68,247571,138558.0,0.5596697513036665,general
Liberal Alliance,Socialistisk Folkeparti,68,81555,44109.0,0.54084973330881,general
Liberal Alliance,Venstre,68,237065,164262.0,0.69289857212157,general
Radikale Venstre,Radikale Venstre,68,91625,90644.0,0.9892933151432468,general
Radikale Venstre,Sambandsflokkurin,68,339,271.0,0.799410029498525,general
Radikale Venstre,Siumut,68,43,43.0,1.0,general
Radikale Venstre,Socialdemokratiet,68,534158,531213.0,0.9944866500174104,general
Radikale Venstre,Socialistisk Folkeparti,68,175992,169878.0,0.9652597845356607,general
Radikale Venstre,Venstre,68,512406,372225.0,0.7264259200711936,general
Sambandsflokkurin,Siumut,68,1,1.0,1.0,general
Sambandsflokkurin,Socialdemokratiet,68,917,743.0,0.8102508178844057,general
Sambandsflokkurin,Socialistisk Folkeparti,68,286,226.0,0.7902097902097902,general
Sambandsflokkurin,Venstre,68,839,838.0,0.99880810488677,general
Siumut,Socialdemokratiet,68,126,126.0,1.0,general
Siumut,Socialistisk Folkeparti,68,38,38.0,1.0,general
Siumut,Venstre,68,118,90.0,0.7627118644067796,general
Socialdemokratiet,Socialdemokratiet,68,690121,689577.0,0.9992117324353266,general
Socialdemokratiet,Socialistisk Folkeparti,68,469139,452974.0,0.9655432611656674,general
Socialdemokratiet,Venstre,68,1366692,998256.0,0.730417680062516,general
Socialistisk Folkeparti,Socialistisk Folkeparti,68,70192,68932.0,0.9820492363802142,general
Socialistisk Folkeparti,Venstre,68,450110,314381.0,0.6984537113150119,general
Venstre,Venstre,68,633094,631989.0,0.9982546035817744,general
Alternativet,Alternativet,69,23402,23388.0,0.9994017605332878,general
Alternativet,Danmarksdemokraterne,69,14659,6134.0,0.418446005866703,general
Alternativet,Dansk Folkeparti,69,232415,93640.0,0.402899984940731,general
Alternativet,Det Konservative Folkeparti,69,41476,18416.0,0.4440158163757353,general
Alternativet,Enhedslisten,69,94779,77450.0,0.8171641397355954,general
Alternativet,Inuit Ataqatigiit,69,714,136.0,0.1904761904761904,general
Alternativet,Liberal Alliance,69,85098,37132.0,0.4363439798820184,general
Alternativet,Radikale Venstre,69,51113,37146.0,0.7267427073347289,general
Alternativet,Siumut,69,18,18.0,1.0,general
Alternativet,Socialdemokratiet,69,310506,174638.0,0.5624303556130961,general
Alternativet,Socialistisk Folkeparti,69,42098,34149.0,0.8111786783220105,general
Alternativet,Tjóðveldi,69,130,20.0,0.1538461538461538,general
Alternativet,Venstre,69,203765,90613.0,0.4446936421858513,general
Danmarksdemokraterne,Danmarksdemokraterne,69,993,830.0,0.8358509566968781,general
Danmarksdemokraterne,Dansk Folkeparti,69,60066,55139.0,0.9179735624146772,general
Danmarksdemokraterne,Det Konservative Folkeparti,69,10764,9765.0,0.907190635451505,general
Danmarksdemokraterne,Enhedslisten,69,24585,8314.0,0.3381736831401261,general
Danmarksdemokraterne,Inuit Ataqatigiit,69,146,26.0,0.1780821917808219,general
Danmarksdemokraterne,Liberal Alliance,69,22115,19563.0,0.8846032104906172,general
Danmarksdemokraterne,Radikale Venstre,69,13283,7783.0,0.5859369118422043,general
Danmarksdemokraterne,Siumut,69,4,3.0,0.75,general
Danmarksdemokraterne,Socialdemokratiet,69,80626,57529.0,0.7135291345223626,general
Danmarksdemokraterne,Socialistisk Folkeparti,69,10957,5183.0,0.473030939125673,general
Danmarksdemokraterne,Tjóðveldi,69,34,5.0,0.1470588235294117,general
Danmarksdemokraterne,Venstre,69,52313,47710.0,0.912010398944813,general
Dansk Folkeparti,Dansk Folkeparti,69,457372,457166.0,0.9995496007626178,general
Dansk Folkeparti,Det Konservative Folkeparti,69,170852,142604.0,0.8346639196497554,general
Dansk Folkeparti,Enhedslisten,69,390436,133772.0,0.3426220942740935,general
Dansk Folkeparti,Inuit Ataqatigiit,69,2698,345.0,0.1278724981467754,general
Dansk Folkeparti,Liberal Alliance,69,350390,289613.0,0.8265447073261223,general
Dansk Folkeparti,Radikale Venstre,69,210514,114323.0,0.5430660193621327,general
Dansk Folkeparti,Siumut,69,64,19.0,0.296875,general
Dansk Folkeparti,Socialdemokratiet,69,1278925,831228.0,0.6499427253357312,general
Dansk Folkeparti,Socialistisk Folkeparti,69,173285,76426.0,0.4410422136942032,general
Dansk Folkeparti,Tjóðveldi,69,573,112.0,0.1954624781849912,general
Dansk Folkeparti,Venstre,69,835656,698275.0,0.8356010128569651,general
Det Konservative Folkeparti,Det Konservative Folkeparti,69,11625,11614.0,0.9990537634408602,general
Det Konservative Folkeparti,Enhedslisten,69,69756,23082.0,0.330896266987786,general
Det Konservative Folkeparti,Inuit Ataqatigiit,69,483,69.0,0.1428571428571428,general
Det Konservative Folkeparti,Liberal Alliance,69,62541,60053.0,0.960218096928415,general
Det Konservative Folkeparti,Radikale Venstre,69,37579,24608.0,0.6548338167593603,general
Det Konservative Folkeparti,Siumut,69,12,12.0,1.0,general
Det Konservative Folkeparti,Socialdemokratiet,69,228218,178046.0,0.7801575686405103,general
Det Konservative Folkeparti,Socialistisk Folkeparti,69,30932,15115.0,0.4886525281262123,general
Det Konservative Folkeparti,Tjóðveldi,69,100,11.0,0.11,general
Det Konservative Folkeparti,Venstre,69,148744,146606.0,0.9856263109772496,general
Enhedslisten,Enhedslisten,69,70831,70748.0,0.9988281966935382,general
Enhedslisten,Inuit Ataqatigiit,69,1083,222.0,0.2049861495844875,general
Enhedslisten,Liberal Alliance,69,142946,47805.0,0.3344269864144502,general
Enhedslisten,Radikale Venstre,69,85814,53174.0,0.6196424825786002,general
Enhedslisten,Siumut,69,27,27.0,1.0,general
Enhedslisten,Socialdemokratiet,69,521916,243060.0,0.4657071252845285,general
Enhedslisten,Socialistisk Folkeparti,69,70694,55550.0,0.7857809715110193,general
Enhedslisten,Tjóðveldi,69,234,27.0,0.1153846153846153,general
Enhedslisten,Venstre,69,340915,111520.0,0.3271196632591702,general
Inuit Ataqatigiit,Liberal Alliance,69,966,129.0,0.1335403726708074,general
Inuit Ataqatigiit,Radikale Venstre,69,582,136.0,0.2336769759450171,general
Inuit Ataqatigiit,Siumut,69,2,2.0,1.0,general
Inuit Ataqatigiit,Socialdemokratiet,69,3518,1448.0,0.4115974985787379,general
Inuit Ataqatigiit,Socialistisk Folkeparti,69,487,142.0,0.2915811088295688,general
Inuit Ataqatigiit,Tjóðveldi,69,8,8.0,1.0,general
Inuit Ataqatigiit,Venstre,69,2457,343.0,0.1396011396011396,general
Liberal Alliance,Liberal Alliance,69,56339,56100.0,0.9957578231775502,general
Liberal Alliance,Radikale Venstre,69,77070,49206.0,0.638458544180615,general
Liberal Alliance,Siumut,69,24,24.0,1.0,general
Liberal Alliance,Socialdemokratiet,69,468393,352544.0,0.752667097928449,general
Liberal Alliance,Socialistisk Folkeparti,69,63461,29935.0,0.4717070326657317,general
Liberal Alliance,Tjóðveldi,69,206,24.0,0.116504854368932,general
Liberal Alliance,Venstre,69,306057,292493.0,0.95568145802906,general
Radikale Venstre,Radikale Venstre,69,18539,18463.0,0.9959005340093856,general
Radikale Venstre,Siumut,69,15,15.0,1.0,general
Radikale Venstre,Socialdemokratiet,69,281117,208681.0,0.7423279275177239,general
Radikale Venstre,Socialistisk Folkeparti,69,38129,28788.0,0.7550158671877049,general
Radikale Venstre,Tjóðveldi,69,126,20.0,0.1587301587301587,general
Radikale Venstre,Venstre,69,183831,121821.0,0.6626793087128939,general
Siumut,Socialdemokratiet,69,92,92.0,1.0,general
Siumut,Socialistisk Folkeparti,69,15,15.0,1.0,general
Siumut,Venstre,69,66,66.0,1.0,general
Socialdemokratiet,Socialdemokratiet,69,827533,813596.0,0.9831583755572284,general
Socialdemokratiet,Socialistisk Folkeparti,69,231592,145222.0,0.6270596566375349,general
Socialdemokratiet,Tjóðveldi,69,765,116.0,0.1516339869281045,general
Socialdemokratiet,Venstre,69,1120086,881583.0,0.78706724305098,general
Socialistisk Folkeparti,Socialistisk Folkeparti,69,11798,11781.0,0.9985590778097982,general
Socialistisk Folkeparti,Tjóðveldi,69,104,20.0,0.1923076923076923,general
Socialistisk Folkeparti,Venstre,69,151418,73989.0,0.4886407164273732,general
Tjóðveldi,Venstre,69,505,57.0,0.1128712871287128,general
Venstre,Venstre,69,348855,348769.0,0.9997534792392254,general
Alternativet,Alternativet,70,5085,4452.0,0.8755162241887906,general
Alternativet,Danmarksdemokraterne,70,7175,3214.0,0.4479442508710801,general
Alternativet,Dansk Folkeparti,70,38137,17436.0,0.45719380129533,general
Alternativet,Det Konservative Folkeparti,70,30718,15650.0,0.5094732729995443,general
Alternativet,Enhedslisten,70,35319,30508.0,0.8637843653557575,general
Alternativet,Inuit Ataqatigiit,70,407,348.0,0.855036855036855,general
Alternativet,Liberal Alliance,70,9634,4776.0,0.4957442391529998,general
Alternativet,Nye Borgerlige,70,10351,3831.0,0.3701091681963095,general
Alternativet,Radikale Venstre,70,43225,34619.0,0.8009022556390978,general
Alternativet,Sambandsflokkurin,70,70,48.0,0.6857142857142857,general
Alternativet,Siumut,70,170,167.0,0.9823529411764704,general
Alternativet,Socialdemokratiet,70,134969,96859.0,0.7176388652209026,general
Alternativet,Socialistisk Folkeparti,70,38616,32422.0,0.8396001657344107,general
Alternativet,Venstre,70,116710,61586.0,0.5276840030845686,general
Danmarksdemokraterne,Danmarksdemokraterne,70,904,811.0,0.8971238938053098,general
Danmarksdemokraterne,Dansk Folkeparti,70,19050,17879.0,0.938530183727034,general
Danmarksdemokraterne,Det Konservative Folkeparti,70,15943,11654.0,0.7309791130903845,general
Danmarksdemokraterne,Enhedslisten,70,17944,7614.0,0.4243201069995542,general
Danmarksdemokraterne,Inuit Ataqatigiit,70,203,29.0,0.1428571428571428,general
Danmarksdemokraterne,Liberal Alliance,70,4872,3232.0,0.6633825944170771,general
Danmarksdemokraterne,Nye Borgerlige,70,5350,3866.0,0.7226168224299065,general
Danmarksdemokraterne,Radikale Venstre,70,22054,11063.0,0.5016323569420513,general
Danmarksdemokraterne,Sambandsflokkurin,70,30,26.0,0.8666666666666667,general
Danmarksdemokraterne,Siumut,70,109,52.0,0.4770642201834862,general
Danmarksdemokraterne,Socialdemokratiet,70,68052,38749.0,0.5694028096161758,general
Danmarksdemokraterne,Socialistisk Folkeparti,70,19837,9574.0,0.4826334627211776,general
Danmarksdemokraterne,Venstre,70,58589,44121.0,0.7530594480192527,general
Dansk Folkeparti,Dansk Folkeparti,70,46126,45335.0,0.982851320296579,general
Dansk Folkeparti,Det Konservative Folkeparti,70,84779,58753.0,0.6930136000660541,general
Dansk Folkeparti,Enhedslisten,70,96487,42459.0,0.4400489185071564,general
Dansk Folkeparti,Inuit Ataqatigiit,70,827,125.0,0.151148730350665,general
Dansk Folkeparti,Liberal Alliance,70,26306,17338.0,0.6590891811753973,general
Dansk Folkeparti,Nye Borgerlige,70,28440,21391.0,0.7521448663853727,general
Dansk Folkeparti,Radikale Venstre,70,118051,59944.0,0.5077805355312535,general
Dansk Folkeparti,Sambandsflokkurin,70,181,153.0,0.8453038674033149,general
Dansk Folkeparti,Siumut,70,548,314.0,0.572992700729927,general
Dansk Folkeparti,Socialdemokratiet,70,368840,207303.0,0.5620404511441275,general
Dansk Folkeparti,Socialistisk Folkeparti,70,106728,52798.0,0.4946967993403793,general
Dansk Folkeparti,Venstre,70,317822,226576.0,0.7129021905343242,general
Det Konservative Folkeparti,Det Konservative Folkeparti,70,30384,30041.0,0.9887111637704056,general
Det Konservative Folkeparti,Enhedslisten,70,78927,37840.0,0.4794303596994691,general
Det Konservative Folkeparti,Inuit Ataqatigiit,70,527,342.0,0.6489563567362429,general
Det Konservative Folkeparti,Liberal Alliance,70,21402,16610.0,0.7760956919914027,general
Det Konservative Folkeparti,Nye Borgerlige,70,23090,14833.0,0.642399307059333,general
Det Konservative Folkeparti,Radikale Venstre,70,96565,60557.0,0.6271112722000725,general
Det Konservative Folkeparti,Sambandsflokkurin,70,134,134.0,1.0,general
Det Konservative Folkeparti,Siumut,70,442,181.0,0.4095022624434389,general
Det Konservative Folkeparti,Socialdemokratiet,70,299739,210116.0,0.7009965336509429,general
Det Konservative Folkeparti,Socialistisk Folkeparti,70,87569,49747.0,0.5680891639735522,general
Det Konservative Folkeparti,Venstre,70,256967,229985.0,0.8949981904291212,general
Enhedslisten,Enhedslisten,70,39030,38871.0,0.9959262106072252,general
Enhedslisten,Inuit Ataqatigiit,70,731,717.0,0.9808481532147744,general
Enhedslisten,Liberal Alliance,70,24258,11496.0,0.4739055157061588,general
Enhedslisten,Nye Borgerlige,70,26378,9177.0,0.347903555993631,general
Enhedslisten,Radikale Venstre,70,110044,89466.0,0.8130020718985134,general
Enhedslisten,Sambandsflokkurin,70,169,121.0,0.7159763313609467,general
Enhedslisten,Siumut,70,451,444.0,0.984478935698448,general
Enhedslisten,Socialdemokratiet,70,343407,249997.0,0.7279904020593639,general
Enhedslisten,Socialistisk Folkeparti,70,99522,86114.0,0.865276019372601,general
Enhedslisten,Venstre,70,296368,146468.0,0.4942099012039087,general
Inuit Ataqatigiit,Liberal Alliance,70,208,98.0,0.4711538461538461,general
Inuit Ataqatigiit,Nye Borgerlige,70,210,32.0,0.1523809523809524,general
Inuit Ataqatigiit,Radikale Venstre,70,928,928.0,1.0,general
Inuit Ataqatigiit,Sambandsflokkurin,70,1,1.0,1.0,general
Inuit Ataqatigiit,Siumut,70,6,6.0,1.0,general
Inuit Ataqatigiit,Socialdemokratiet,70,2914,2914.0,1.0,general
Inuit Ataqatigiit,Socialistisk Folkeparti,70,738,738.0,1.0,general
Inuit Ataqatigiit,Venstre,70,2583,1435.0,0.5555555555555556,general
Liberal Alliance,Liberal Alliance,70,1841,1797.0,0.9760999456816948,general
Liberal Alliance,Nye Borgerlige,70,7064,4836.0,0.6845979614949037,general
Liberal Alliance,Radikale Venstre,70,29807,18025.0,0.604723722615493,general
Liberal Alliance,Sambandsflokkurin,70,42,42.0,1.0,general
Liberal Alliance,Siumut,70,159,81.0,0.5094339622641509,general
Liberal Alliance,Socialdemokratiet,70,92980,60270.0,0.6482039148203915,general
Liberal Alliance,Socialistisk Folkeparti,70,26944,14668.0,0.5443883610451307,general
Liberal Alliance,Venstre,70,80039,61923.0,0.7736603405839653,general
Nye Borgerlige,Nye Borgerlige,70,2275,2265.0,0.9956043956043956,general
Nye Borgerlige,Radikale Venstre,70,32262,13166.0,0.408096212262104,general
Nye Borgerlige,Sambandsflokkurin,70,47,36.0,0.7659574468085106,general
Nye Borgerlige,Siumut,70,116,50.0,0.4310344827586206,general
Nye Borgerlige,Socialdemokratiet,70,101069,45456.0,0.4497521495216139,general
Nye Borgerlige,Socialistisk Folkeparti,70,29192,10948.0,0.3750342559605371,general
Nye Borgerlige,Venstre,70,86907,53977.0,0.6210892103052689,general
Radikale Venstre,Radikale Venstre,70,60273,58428.0,0.969389278781544,general
Radikale Venstre,Sambandsflokkurin,70,204,164.0,0.803921568627451,general
Radikale Venstre,Siumut,70,560,560.0,1.0,general
Radikale Venstre,Socialdemokratiet,70,419154,357626.0,0.8532090830577783,general
Radikale Venstre,Socialistisk Folkeparti,70,121755,107018.0,0.8789618496160322,general
Radikale Venstre,Venstre,70,361922,232597.0,0.6426716253778438,general
Sambandsflokkurin,Siumut,70,1,1.0,1.0,general
Sambandsflokkurin,Socialdemokratiet,70,580,499.0,0.8603448275862069,general
Sambandsflokkurin,Socialistisk Folkeparti,70,185,144.0,0.7783783783783784,general
Sambandsflokkurin,Venstre,70,490,489.0,0.9979591836734694,general
Siumut,Socialdemokratiet,70,1666,1666.0,1.0,general
Siumut,Socialistisk Folkeparti,70,559,559.0,1.0,general
Siumut,Venstre,70,1424,604.0,0.4241573033707865,general
Socialdemokratiet,Socialdemokratiet,70,636297,635943.0,0.9994436560285528,general
Socialdemokratiet,Socialistisk Folkeparti,70,379155,314751.0,0.8301380701823793,general
Socialdemokratiet,Venstre,70,1136292,817895.0,0.7197929757491912,general
Socialistisk Folkeparti,Socialistisk Folkeparti,70,48540,48437.0,0.9978780387309436,general
Socialistisk Folkeparti,Venstre,70,327077,190653.0,0.5828994395815053,general
Venstre,Venstre,70,471485,466163.0,0.988712260199158,general
Alternativet,Alternativet,71,4770,4430.0,0.9287211740041929,general
Alternativet,Danmarksdemokraterne,71,35617,18718.0,0.525535558862341,general
Alternativet,Dansk Folkeparti,71,9660,4561.0,0.4721532091097308,general
Alternativet,Det Konservative Folkeparti,71,24593,12921.0,0.525393404627333,general
Alternativet,Enhedslisten,71,20491,16582.0,0.8092333219462203,general
Alternativet,Inuit Ataqatigiit,71,18,7.0,0.3888888888888889,general
Alternativet,Javnaðarflokkurin,71,22,9.0,0.4090909090909091,general
Alternativet,Liberal Alliance,71,35607,21072.0,0.5917937484202545,general
Alternativet,Moderaterne,71,40026,23097.0,0.5770499175535901,general
Alternativet,Nye Borgerlige,71,13479,6070.0,0.4503301431856962,general
Alternativet,Radikale Venstre,71,17173,12365.0,0.7200256216153263,general
Alternativet,Sambandsflokkurin,71,382,222.0,0.581151832460733,general
Alternativet,Siumut,71,11,8.0,0.7272727272727273,general
Alternativet,Socialdemokratiet,71,136537,78560.0,0.5753751730300212,general
Alternativet,Socialistisk Folkeparti,71,37035,28339.0,0.7651950857297152,general
Alternativet,Venstre,71,62296,35477.0,0.5694908180300501,general
Danmarksdemokraterne,Danmarksdemokraterne,71,43442,43284.0,0.9963629667142396,general
Danmarksdemokraterne,Dansk Folkeparti,71,26599,19273.0,0.7245761118839054,general
Danmarksdemokraterne,Det Konservative Folkeparti,71,67446,53681.0,0.795910802716247,general
Danmarksdemokraterne,Enhedslisten,71,56120,27366.0,0.4876336421952958,general
Danmarksdemokraterne,Inuit Ataqatigiit,71,44,18.0,0.4090909090909091,general
Danmarksdemokraterne,Javnaðarflokkurin,71,64,19.0,0.296875,general
Danmarksdemokraterne,Liberal Alliance,71,97151,70373.0,0.724367222159319,general
Danmarksdemokraterne,Moderaterne,71,109875,67835.0,0.6173833902161547,general
Danmarksdemokraterne,Nye Borgerlige,71,37603,28522.0,0.7585033109060447,general
Danmarksdemokraterne,Radikale Venstre,71,47551,26784.0,0.5632689112742109,general
Danmarksdemokraterne,Sambandsflokkurin,71,986,365.0,0.370182555780933,general
Danmarksdemokraterne,Siumut,71,37,19.0,0.5135135135135135,general
Danmarksdemokraterne,Socialdemokratiet,71,374296,228975.0,0.6117484557676277,general
Danmarksdemokraterne,Socialistisk Folkeparti,71,101883,55915.0,0.5488157985139818,general
Danmarksdemokraterne,Venstre,71,170627,106103.0,0.6218417952610079,general
Dansk Folkeparti,Dansk Folkeparti,71,2353,2331.0,0.9906502337441564,general
Dansk Folkeparti,Det Konservative Folkeparti,71,18337,12157.0,0.662976495609969,general
Dansk Folkeparti,Enhedslisten,71,15279,7358.0,0.4815760193729956,general
Dansk Folkeparti,Inuit Ataqatigiit,71,15,3.0,0.2,general
Dansk Folkeparti,Javnaðarflokkurin,71,20,5.0,0.25,general
Dansk Folkeparti,Liberal Alliance,71,26491,17538.0,0.6620361632252463,general
Dansk Folkeparti,Moderaterne,71,29941,16646.0,0.5559600547743896,general
Dansk Folkeparti,Nye Borgerlige,71,9769,7940.0,0.8127751049237384,general
Dansk Folkeparti,Radikale Venstre,71,12994,6595.0,0.50754194243497,general
Dansk Folkeparti,Sambandsflokkurin,71,309,221.0,0.7152103559870551,general
Dansk Folkeparti,Siumut,71,10,2.0,0.2,general
Dansk Folkeparti,Socialdemokratiet,71,101758,55830.0,0.5486546512313528,general
Dansk Folkeparti,Socialistisk Folkeparti,71,27716,14381.0,0.5188699668061769,general
Dansk Folkeparti,Venstre,71,46428,25663.0,0.5527483415180494,general
Det Konservative Folkeparti,Det Konservative Folkeparti,71,19491,19425.0,0.996613821763891,general
Det Konservative Folkeparti,Enhedslisten,71,38818,20257.0,0.521845535576279,general
Det Konservative Folkeparti,Inuit Ataqatigiit,71,31,11.0,0.3548387096774194,general
Det Konservative Folkeparti,Javnaðarflokkurin,71,43,11.0,0.2558139534883721,general
Det Konservative Folkeparti,Liberal Alliance,71,67193,52141.0,0.7759885702379712,general
Det Konservative Folkeparti,Moderaterne,71,76099,52746.0,0.6931234313197282,general
Det Konservative Folkeparti,Nye Borgerlige,71,26132,17731.0,0.6785167610592377,general
Det Konservative Folkeparti,Radikale Venstre,71,32924,21794.0,0.6619487304094278,general
Det Konservative Folkeparti,Sambandsflokkurin,71,656,378.0,0.5762195121951219,general
Det Konservative Folkeparti,Siumut,71,23,12.0,0.5217391304347826,general
Det Konservative Folkeparti,Socialdemokratiet,71,258978,179618.0,0.6935647043378202,general
Det Konservative Folkeparti,Socialistisk Folkeparti,71,70490,42977.0,0.6096893176337069,general
Det Konservative Folkeparti,Venstre,71,117992,82744.0,0.7012678825683097,general
Enhedslisten,Enhedslisten,71,13003,12863.0,0.9892332538644928,general
Enhedslisten,Inuit Ataqatigiit,71,28,10.0,0.3571428571428571,general
Enhedslisten,Javnaðarflokkurin,71,39,16.0,0.4102564102564102,general
Enhedslisten,Liberal Alliance,71,55806,31894.0,0.5715156076407555,general
Enhedslisten,Moderaterne,71,63283,37618.0,0.5944408450926789,general
Enhedslisten,Nye Borgerlige,71,21802,9318.0,0.427391982386937,general
Enhedslisten,Radikale Venstre,71,27424,19861.0,0.7242196616102684,general
Enhedslisten,Sambandsflokkurin,71,546,431.0,0.7893772893772893,general
Enhedslisten,Siumut,71,21,15.0,0.7142857142857143,general
Enhedslisten,Socialdemokratiet,71,215512,126748.0,0.5881250232005643,general
Enhedslisten,Socialistisk Folkeparti,71,58631,48252.0,0.8229776057034675,general
Enhedslisten,Venstre,71,98173,57187.0,0.5825125034378088,general
Inuit Ataqatigiit,Javnaðarflokkurin,71,3,3.0,1.0,general
Inuit Ataqatigiit,Liberal Alliance,71,44,16.0,0.3636363636363636,general
Inuit Ataqatigiit,Moderaterne,71,52,46.0,0.8846153846153846,general
Inuit Ataqatigiit,Nye Borgerlige,71,16,3.0,0.1875,general
Inuit Ataqatigiit,Radikale Venstre,71,23,11.0,0.4782608695652174,general
Inuit Ataqatigiit,Sambandsflokkurin,71,3,3.0,1.0,general
Inuit Ataqatigiit,Siumut,71,1,1.0,1.0,general
Inuit Ataqatigiit,Socialdemokratiet,71,161,161.0,1.0,general
Inuit Ataqatigiit,Socialistisk Folkeparti,71,47,17.0,0.3617021276595745,general
Inuit Ataqatigiit,Venstre,71,73,73.0,1.0,general
Javnaðarflokkurin,Liberal Alliance,71,61,16.0,0.2622950819672131,general
Javnaðarflokkurin,Moderaterne,71,76,66.0,0.868421052631579,general
Javnaðarflokkurin,Nye Borgerlige,71,23,5.0,0.217391304347826,general
Javnaðarflokkurin,Radikale Venstre,71,32,16.0,0.5,general
Javnaðarflokkurin,Sambandsflokkurin,71,3,3.0,1.0,general
Javnaðarflokkurin,Socialdemokratiet,71,238,238.0,1.0,general
Javnaðarflokkurin,Socialistisk Folkeparti,71,65,26.0,0.4,general
Javnaðarflokkurin,Venstre,71,102,102.0,1.0,general
Liberal Alliance,Liberal Alliance,71,42957,42815.0,0.996694368787392,general
Liberal Alliance,Moderaterne,71,109499,79444.0,0.7255226075123974,general
Liberal Alliance,Nye Borgerlige,71,37069,25050.0,0.6757668132401737,general
Liberal Alliance,Radikale Venstre,71,47284,32572.0,0.6888588105913205,general
Liberal Alliance,Sambandsflokkurin,71,986,649.0,0.6582150101419878,general
Liberal Alliance,Siumut,71,34,18.0,0.5294117647058824,general
Liberal Alliance,Socialdemokratiet,71,372408,268209.0,0.7202020364761229,general
Liberal Alliance,Socialistisk Folkeparti,71,101365,64959.0,0.6408424998766833,general
Liberal Alliance,Venstre,71,169536,122352.0,0.7216874292185731,general
Moderaterne,Moderaterne,71,56012,52629.0,0.93960222809398,general
Moderaterne,Nye Borgerlige,71,42604,22156.0,0.520045066190968,general
Moderaterne,Radikale Venstre,71,53764,42186.0,0.7846514396250279,general
Moderaterne,Sambandsflokkurin,71,1084,1071.0,0.9880073800738008,general
Moderaterne,Siumut,71,41,33.0,0.8048780487804879,general
Moderaterne,Socialdemokratiet,71,422195,407978.0,0.9663259868070442,general
Moderaterne,Socialistisk Folkeparti,71,114947,83490.0,0.726334745578397,general
Moderaterne,Venstre,71,192082,184597.0,0.9610322674691018,general
Nye Borgerlige,Nye Borgerlige,71,5842,4178.0,0.7151660390277302,general
Nye Borgerlige,Radikale Venstre,71,18530,8818.0,0.4758769562871019,general
Nye Borgerlige,Sambandsflokkurin,71,248,89.0,0.3588709677419355,general
Nye Borgerlige,Siumut,71,12,3.0,0.25,general
Nye Borgerlige,Socialdemokratiet,71,145449,74862.0,0.5146958727801497,general
Nye Borgerlige,Socialistisk Folkeparti,71,39515,18615.0,0.4710869290142984,general
Nye Borgerlige,Venstre,71,66325,34603.0,0.5217188088955899,general
Radikale Venstre,Radikale Venstre,71,9039,8750.0,0.9680274366633476,general
Radikale Venstre,Sambandsflokkurin,71,444,377.0,0.8490990990990991,general
Radikale Venstre,Siumut,71,19,14.0,0.7368421052631579,general
Radikale Venstre,Socialdemokratiet,71,183067,146294.0,0.7991281880404442,general
Radikale Venstre,Socialistisk Folkeparti,71,49775,40717.0,0.8180210949271722,general
Radikale Venstre,Venstre,71,83264,66066.0,0.7934521521906226,general
Sambandsflokkurin,Siumut,71,1,1.0,1.0,general
Sambandsflokkurin,Socialdemokratiet,71,3596,3596.0,1.0,general
Sambandsflokkurin,Socialistisk Folkeparti,71,988,824.0,0.8340080971659919,general
Sambandsflokkurin,Venstre,71,1525,1523.0,0.998688524590164,general
Siumut,Socialdemokratiet,71,126,93.0,0.7380952380952381,general
Siumut,Socialistisk Folkeparti,71,35,18.0,0.5142857142857142,general
Siumut,Venstre,71,57,42.0,0.7368421052631579,general
Socialdemokratiet,Socialdemokratiet,71,698053,697898.0,0.9997779538229904,general
Socialdemokratiet,Socialistisk Folkeparti,71,391185,285462.0,0.7297365696537443,general
Socialdemokratiet,Venstre,71,654671,650783.0,0.9940611391065132,general
Socialistisk Folkeparti,Socialistisk Folkeparti,71,47455,47304.0,0.9968180381413972,general
Socialistisk Folkeparti,Venstre,71,178141,128994.0,0.7241117990805036,general
Venstre,Venstre,71,139957,138354.0,0.9885464821337984,general
