aktørid,aktør,Period,party
5,Frank Aaen,65,Enhedslisten
1183,Michael Thomsen,65,Socialistisk Folkeparti
1172,Mia Falkenberg,65,Dansk Folkeparti
1162,Meta Fuglsang,65,Socialistisk Folkeparti
1146,Marlene Harpsøe,65,Dansk Folkeparti
1124,Marion Pedersen,65,Venstre
1121,Marie Fugl,65,Socialistisk Folkeparti
20496,Henrik Rejnholt Andersen,65,Moderaterne
1116,Marianne Saxtoft,65,Radikale Venstre
1115,Marianne Pedersen,65,Venstre
1094,Margot Torp,65,Socialdemokratiet
1090,Malou Aamund,65,Liberal Alliance
1087,Malene Søgaard-Andersen,65,Socialistisk Folkeparti
1085,Majbrit Berlau,65,Enhedslisten
1067,Lykke Roed,65,Dansk Folkeparti
20527,Nanna Høyrup,65,Alternativet
1201,Mogens Camre,65,Socialdemokratiet
1047,Louise Frevert,65,Dansk Folkeparti
20415,Mohammad Rona,65,Moderaterne
1234,Morten Homann,65,Socialistisk Folkeparti
1357,Helge Sander,65,Venstre
20400,Sandra Elisabeth Skalvig,65,Liberal Alliance
1353,Peder Sass,65,Socialdemokratiet
1334,Peter Laigaard,65,Liberal Alliance
1325,Ole Vagn Christensen,65,Socialdemokratiet
1319,Ole Stavad (udpeget af S),65,Socialdemokratiet
1311,Ole Glahn,65,Radikale Venstre
1299,Helle Sjelle,65,Det Konservative Folkeparti
1280,Niels Sindal,65,Socialdemokratiet
20411,Leila Stockmarr,65,Enhedslisten
1269,Niels Høiby,65,Liberal Alliance
1258,Nanna Westerby,65,Socialistisk Folkeparti
1256,Pia Gjellerup (udpeget af S),65,Socialdemokratiet
1250,Jan Trøjborg,65,Socialdemokratiet
1249,Allan Niebuhr,65,Det Konservative Folkeparti
1219,Mogens Nørgård,65,Kristendemokraterne
1358,Julie Rademacher,65,Socialdemokratiet
1044,Lotte Thiim Bertelsen,65,Socialistisk Folkeparti
1023,Lone Møller (udpeget af S),65,Socialdemokratiet
20580,Lean Milo,65,Moderaterne
668,Naser Khader,65,Radikale Venstre
667,Søren Egge Rasmussen,65,Enhedslisten
666,Jørn Pedersen,65,Socialdemokratiet
665,Helge Adam Møller,65,Det Konservative Folkeparti
664,Pia Christmas-Møller,65,Det Konservative Folkeparti
663,Christian H. Hansen,65,Dansk Folkeparti
662,Poul Nødgaard,65,Dansk Folkeparti
20599,Søren Rasmussen,65,Dansk Folkeparti
661,Jens Rohde,65,Venstre
660,Svend Erik Hovmand,65,Venstre
657,Pia Larsen,65,Venstre
656,Jesper Kiel,65,Enhedslisten
655,Rune Lund,65,Enhedslisten
654,Lone Dybkjær,65,Radikale Venstre
669,Frank Jensen,65,Socialdemokratiet
1039,Lotte Bundsgaard,65,Socialdemokratiet
670,Lars Emil Johansen,65,Siumut
672,Kuupik Kleist,65,Inuit Ataqatigiit
951,Lissa Mathiasen,65,Socialdemokratiet
920,Lise Hækkerup,65,Socialdemokratiet
918,Lisbeth Petersen,65,Venstre
20539,Noah Sturis,65,Alternativet
856,Line Barfod,65,Enhedslisten
801,Lene Hansen,65,Socialdemokratiet
794,Lene Garsdal,65,Socialistisk Folkeparti
725,Preben Rudiengaard,65,Venstre
680,Morten Helveg Petersen,65,Radikale Venstre
679,Per Kaalund,65,Socialdemokratiet
678,Klaus Hækkerup (udpeget af S),65,Socialdemokratiet
20559,Reza Javid,65,Enhedslisten
677,Jesper Langballe,65,Dansk Folkeparti
676,Søren Krarup,65,Dansk Folkeparti
675,Hanne Severinsen,65,Venstre
671,Niels Helveg Petersen,65,Radikale Venstre
653,Lise von Seelen,65,Socialdemokratiet
1362,Per Bisgaard,65,Venstre
1375,Per Løkken,65,Det Konservative Folkeparti
1747,Jytte Wittrock,65,Socialdemokratiet
1746,Tove Fergo,65,Venstre
20393,Katrine Daugaard,65,Liberal Alliance
1745,Ulrik Kragh,65,Venstre
1744,Kamal Qureshi,65,Socialistisk Folkeparti
1740,Karina Sørensen,65,Dansk Folkeparti
1739,Thor Gunnar Kofoed,65,Venstre
1731,Flemming Hansen,65,Det Konservative Folkeparti
1730,Elsebeth Gerner Nielsen,65,Radikale Venstre
1727,Jette Bergenholz Bautrup,65,Socialdemokratiet
20394,Steffen W. Frølund,65,Liberal Alliance
1718,Svend Heiselberg,65,Venstre
1636,Aase D. Madsen (udpeget af DF),65,Dansk Folkeparti
1623,Aage Frandsen,65,Socialistisk Folkeparti
1619,Yildiz Akdogan,65,Socialdemokratiet
1749,Jens Vibjerg (udpeget af V),65,Venstre
1618,Walter Christophersen,65,Dansk Folkeparti
1751,Inger Bierbaum,65,Socialdemokratiet
1753,Flemming Oppfeldt,65,Venstre
1777,Anita Knakkergaard,65,Dansk Folkeparti
1774,Jørgen Winther,65,Venstre
1773,Carsten Bo Jensen,65,Socialdemokratiet
1771,Uno Larsson,65,Dansk Folkeparti
1770,Erik Mortensen,65,Socialdemokratiet
20391,Sólbjørg Jakobsen,65,Liberal Alliance
1769,Birthe Skaarup (udpeget af DF),65,Dansk Folkeparti
1768,Grete Schødts,65,Socialdemokratiet
1767,Arne Toft,65,Socialdemokratiet
1761,Else Theill Sørensen,65,Det Konservative Folkeparti
1760,Helga Moos,65,Venstre
1759,Kaj Ikast,65,Det Konservative Folkeparti
1757,Irene Simonsen,65,Venstre
20392,Lars-Christian Brask,65,Liberal Alliance
1755,Colette L. Brix,65,Dansk Folkeparti
1752,Jørn Jespersen,65,Socialistisk Folkeparti
1371,Per Dalgaard,65,Dansk Folkeparti
1558,Tove Videbæk,65,Kristendemokraterne
20395,Alexander Ryle,65,Liberal Alliance
1444,Poul Henrik Hedeboe,65,Socialistisk Folkeparti
1440,Poul Erik Christensen,65,Radikale Venstre
1433,Poul Fischer,65,Dansk Folkeparti
1431,Pia Kristensen,65,Dansk Folkeparti
20398,Helena Artmann Andresen,65,Liberal Alliance
1417,Pia Boisen,65,Enhedslisten
1414,Peter Christian Christensen,65,Socialdemokratiet
1413,Peter Westermann,65,Socialistisk Folkeparti
1410,Peter Madsen,65,Venstre
1398,Peter Brixtofte,65,Venstre
1393,Pernille Blach Hansen,65,Socialdemokratiet
1392,Pernille Søndergaard,65,Enhedslisten
20399,Louise Brown,65,Liberal Alliance
1385,Pernille Frahm (udpeget af SF),65,Socialistisk Folkeparti
1378,Per Ørum Jørgensen,65,Det Konservative Folkeparti
1447,Poul Qvist Jørgensen,65,Socialdemokratiet
1557,Bodil Kornbek,65,Kristendemokraterne
1454,Rasmus Jarlov,65,Det Konservative Folkeparti
20397,Steffen Larsen,65,Liberal Alliance
1556,Jann Sjursen,65,Kristendemokraterne
1513,Kisser Franciska Lehnert,65,Liberal Alliance
1504,Laura Lindahl,65,Liberal Alliance
1503,Hans Vestager,65,Radikale Venstre
1502,Karl H. Bornhøft,65,Socialistisk Folkeparti
1495,Bendt Bendtsen,65,Det Konservative Folkeparti
1484,Sofia Rossen,65,Inuit Ataqatigiit
20396,Jens Meilvang,65,Liberal Alliance
1478,Simon Pihl Sørensen,65,Socialdemokratiet
1474,Sidsel Leth Svensson,65,Det Konservative Folkeparti
1473,Sidsel Homann,65,Socialistisk Folkeparti
1471,Sanne Schroll,65,Socialistisk Folkeparti
1470,Sandy Brinck,65,Socialdemokratiet
1463,Ritt Bjerregaard,65,Socialdemokratiet
1461,Rikke Hvilshøj,65,Venstre
1455,René Skau Björnsson,65,Socialdemokratiet
20629,Nikoline Erbs Hillers-Bendtsen,65,Alternativet
652,Lene Jensen,65,Socialdemokratiet
651,Jens Christian Lund,65,Socialdemokratiet
208,Simon Kollerup,65,Socialdemokratiet
207,Jakob Ellemann-Jensen,65,Venstre
206,Troels Lund Poulsen,65,Venstre
205,Jonas Dahl,65,Socialistisk Folkeparti
202,Peder Christensen,65,Socialdemokratiet
20916,Kenneth Bjerg Andersen,65,Moderaterne
201,Thomas Jensen,65,Socialdemokratiet
200,Jane Heitmann,65,Venstre
199,Karsten Hønge,65,Socialistisk Folkeparti
198,Anne Baastrup,65,Socialistisk Folkeparti
197,Mette Gjerskov,65,Socialdemokratiet
195,Pernille Vigsø Bagge,65,Socialistisk Folkeparti
194,Kristian Pihl Lorentzen,65,Venstre
20917,Tina Cartey Hansen,65,Det Konservative Folkeparti
193,Karsten Nonbo,65,Venstre
209,Camilla Hersom,65,Radikale Venstre
192,Fatma Øktem,65,Venstre
210,Birgitte Josefsen,65,Venstre
211,Jørn Dohrmann,65,Dansk Folkeparti
20820,Carl Andersen,65,Liberal Alliance
226,Ole Sohn,65,Socialistisk Folkeparti
225,Uffe Elbæk,65,Radikale Venstre
224,Flemming Møller Mortensen,65,Socialdemokratiet
223,Henrik Høegh,65,Venstre
221,Pia Adelsteen,65,Dansk Folkeparti
220,Morten Bødskov,65,Socialdemokratiet
219,Lisbeth Bech-Nielsen,65,Socialistisk Folkeparti
20823,Morten Vehl,65,Danmarksdemokraterne
217,Lars Christian Lilleholt,65,Venstre
216,Mikkel Dencker,65,Dansk Folkeparti
215,Jørgen Arbo-Bæhr,65,Enhedslisten
214,Jeppe Bruus,65,Socialdemokratiet
213,Jens Joel,65,Socialdemokratiet
212,Eyvind Vesselbo,65,Venstre
20841,Lars Arne Christensen,65,Moderaterne
231,Manu Sareen,65,Radikale Venstre
191,Zenia Stampe,65,Radikale Venstre
189,Mai Mercado,65,Det Konservative Folkeparti
164,Hans Andersen,65,Venstre
163,Ellen Trane Nørby,65,Venstre
162,Karina Adsbøl,65,Dansk Folkeparti
161,Liv Holm Andersen,65,Radikale Venstre
160,Jan Johansen,65,Socialdemokratiet
159,Lars Dohn,65,Enhedslisten
158,Eigil Andersen,65,Socialistisk Folkeparti
20962,Claus Jørgensen,65,Socialistisk Folkeparti
156,Lone Loklindt,65,Radikale Venstre
155,Villum Christensen,65,Liberal Alliance
154,Mogens Jensen,65,Socialdemokratiet
153,Per Stig Møller,65,Det Konservative Folkeparti
152,Ida Auken,65,Socialistisk Folkeparti
149,Lars Barfoed,65,Det Konservative Folkeparti
148,Anders Samuelsen,65,Radikale Venstre
20941,Preben Friis-Hauge,65,Venstre
190,Thyra Frank,65,Liberal Alliance
167,Dan Jørgensen,65,Socialdemokratiet
171,Per Clausen,65,Enhedslisten
188,Sanne Rubinke,65,Socialistisk Folkeparti
187,Julie Skovsby,65,Socialdemokratiet
20925,Dina Raabjerg,65,Det Konservative Folkeparti
185,Nadeem Farooq,65,Radikale Venstre
184,Lennart Damsbo-Andersen,65,Socialdemokratiet
183,Bent Bøgsted,65,Dansk Folkeparti
182,Inger Støjberg,65,Venstre
181,Annette Lind,65,Socialdemokratiet
180,Peter Juel-Jensen,65,Venstre
179,Hans Christian Thoning,65,Venstre
20930,Louise Mehnke,65,Socialdemokratiet
178,Michael Aastrup Jensen,65,Venstre
176,Søren Søndergaard,65,Enhedslisten
173,Jacob Jensen,65,Venstre
172,Pernille Rosenkrantz-Theil,65,Enhedslisten
168,Anni Matthiesen,65,Venstre
234,Anders Fogh Rasmussen,65,Venstre
235,Jeppe Kofod,65,Socialdemokratiet
238,Morten Messerschmidt,65,Dansk Folkeparti
363,Jacob Bjerregaard,65,Socialdemokratiet
362,Vivi Kier,65,Det Konservative Folkeparti
20747,Jenny Andresen,65,Danmarksdemokraterne
354,Mette Boye,65,Socialistisk Folkeparti
353,Lykke Friis,65,Venstre
352,Henrik Dam Kristensen,65,Socialdemokratiet
351,Sophie Hæstorp Andersen,65,Socialdemokratiet
350,Gitte Lillelund Bech,65,Venstre
348,Villy Søvndal,65,Socialistisk Folkeparti
344,Linda Kristiansen,65,Radikale Venstre
20767,Andreas Karlsen,65,Det Konservative Folkeparti
343,Mie Bergmann,65,Radikale Venstre
305,Jens Ejner Christensen,65,Venstre
304,Jacob Lund,65,Socialdemokratiet
303,Anita Christensen,65,Dansk Folkeparti
364,Birthe Rønn Hornbech,65,Venstre
302,Benedikte Kiær,65,Det Konservative Folkeparti
365,Karen Jespersen,65,Socialdemokratiet
367,Karen Touborg,65,Socialistisk Folkeparti
650,Hüseyin Arac,65,Socialdemokratiet
649,Jakob Axel Nielsen,65,Det Konservative Folkeparti
648,Carina Christensen,65,Det Konservative Folkeparti
647,Charlotte Antonsen (udpeget af V),65,Venstre
646,Jens Hald,65,Venstre
20635,Markus E. Olsen,65,Siumut
645,Christian Mejdahl,65,Venstre
386,Claus Larsen-Jensen (udpeget af),65,Socialdemokratiet
384,Mogens Lykketoft,65,Socialdemokratiet
379,Kristen Touborg,65,Socialistisk Folkeparti
378,Merete Dea Larsen,65,Dansk Folkeparti
376,Annika Smith,65,Socialistisk Folkeparti
371,Niels Christian Nielsen,65,Socialdemokratiet
20642,Anne Hegelund,65,Enhedslisten
370,Thomas Medom,65,Socialistisk Folkeparti
366,Daniel Toft Jakobsen,65,Socialdemokratiet
297,Maja Panduro (udpeget af S),65,Socialdemokratiet
296,Ulla Tørnæs,65,Venstre
20779,Runa Friis Hansen,65,Enhedslisten
263,Mette Hjermind Dencker,65,Dansk Folkeparti
262,Sjúrður Skaale,65,Tjóðveldi
261,Esben Lunde Larsen,65,Venstre
20798,Mads Olsen,65,Socialistisk Folkeparti
260,Leif Lahn Jensen,65,Socialdemokratiet
259,Anne-Mette Winther Christiansen (udpeget af V),65,Venstre
258,Poul Andersen,65,Socialdemokratiet
257,Bjarne Laustsen,65,Socialdemokratiet
252,Pia Kjærsgaard,65,Dansk Folkeparti
249,Kirsten Brosbøl (udpeget af S),65,Socialdemokratiet
247,Edmund Joensen,65,Venstre
20805,Jan Carlsen,65,Moderaterne
246,Orla Hav,65,Socialdemokratiet
245,Leif Mikkelsen,65,Venstre
244,Magnus Heunicke,65,Socialdemokratiet
264,Rasmus Prehn,65,Socialdemokratiet
265,Eva Kjer Hansen,65,Venstre
266,Rasmus Horn Langhoff,65,Socialdemokratiet
268,Helle Løvgreen Mølvig,65,Radikale Venstre
294,Doris Jakobsen,65,Siumut
288,Torben Hansen (udpeget af S),65,Socialdemokratiet
286,Ane Halsboe-Jørgensen,65,Socialdemokratiet
282,Sanne Bjørn,65,Radikale Venstre
281,Finn Thranum,65,Venstre
280,Karen J. Klint (udpeget af S),65,Socialdemokratiet
279,Tina Nedergaard,65,Venstre
1778,Svend Auken,65,Socialdemokratiet
20781,Gunvor Wibroe,65,Socialdemokratiet
277,Johan Lund Olsen,65,Inuit Ataqatigiit
276,Pernille Boye Koch,65,Radikale Venstre
273,Per Husted,65,Socialdemokratiet
272,Ole Hækkerup,65,Socialdemokratiet
271,Kristian Jensen,65,Venstre
270,Claus Hjort Frederiksen,65,Venstre
20790,Ken Kristensen,65,Venstre
278,Karin Gaardsted,65,Socialdemokratiet
1779,Else Winther Andersen,65,Venstre
1790,Freddy Dam (udpeget af V),65,Venstre
20390,Mike Villa Fonseca,65,Moderaterne
17736,Per Nørhave,65,Dansk Folkeparti
17629,Mads Fuglede,65,Venstre
17628,Carl Valentin,65,Socialistisk Folkeparti
17543,Marianne Bredal,65,Venstre
17360,Merete Scheelsbeck,65,Det Konservative Folkeparti
17267,Kristian Hegaard,65,Radikale Venstre
20365,Matilde Powers,65,Socialdemokratiet
17247,Klaus Markussen,65,Venstre
17141,Brigitte Klintskov Jerkel,65,Det Konservative Folkeparti
17140,Orla Østerby,65,Det Konservative Folkeparti
17134,Jonathan Simmel,65,Enhedslisten
16952,Helle Osther,65,Enhedslisten
16757,Danny K. Malkowski,65,Liberal Alliance
16728,Kirsten Normann Andersen,65,Socialistisk Folkeparti
20366,Thomas Skriver Jensen,65,Socialdemokratiet
17752,Anders Stjernholm,65,Alternativet
16610,Lars Aslan Rasmussen,65,Socialdemokratiet
20364,Frederik Vad,65,Socialdemokratiet
17963,Øjvind Vilsholm,65,Enhedslisten
18694,Victoria Velasquez,65,Enhedslisten
20362,Thomas Monberg,65,Socialdemokratiet
18693,Mai Villadsen,65,Enhedslisten
18692,Susanne Zimmer,65,Alternativet
18691,Sikandar Siddique,65,Alternativet
18688,Aki-Matilda Høegh-Dam,65,Siumut
18614,Rigmor Dam,65,Javnaðarflokkurin
18545,Henrik Old,65,Javnaðarflokkurin
18415,Julius Graakjær Grantzau,65,Alternativet
20363,Sara Emil Baaring,65,Socialdemokratiet
18291,Erik Lund,65,Det Konservative Folkeparti
18278,Serdal Benli,65,Socialistisk Folkeparti
18265,Carsten Kissmeyer,65,Venstre
17990,Tommy Ahlers,65,Venstre
17988,Bjarni Hammer,65,Javnaðarflokkurin
17827,Tina Boel,65,Socialistisk Folkeparti
18695,Kim Valentin,65,Venstre
16603,Sarah Glerup,65,Enhedslisten
16503,Anne Paulin,65,Socialdemokratiet
20369,Helle Bonnesen,65,Det Konservative Folkeparti
15794,Trine Torp,65,Socialistisk Folkeparti
15793,Mette Abildgaard,65,Det Konservative Folkeparti
15792,Rasmus Nordqvist,65,Alternativet
15791,Eva Flyvholm,65,Enhedslisten
15790,Marcus Knuth,65,Venstre
15789,Jeppe Jakobsen,65,Dansk Folkeparti
15788,Jacob Mark,65,Socialistisk Folkeparti
20370,Christina Olumeko,65,Alternativet
15787,Kaare Dybvad Bek,65,Socialdemokratiet
15786,René Gade,65,Alternativet
15785,Jakob Sølvhøj,65,Enhedslisten
15784,Søren Pape Poulsen,65,Det Konservative Folkeparti
15783,Josephine Fock,65,Alternativet
15782,Britt Bager,65,Venstre
15795,May-Britt Kattrup,65,Liberal Alliance
16582,Peder Hvelplund,65,Enhedslisten
15796,Jan Erik Messmann,65,Dansk Folkeparti
15798,Dorthe Ullemose,65,Dansk Folkeparti
16473,Malou Lunderød,65,Socialdemokratiet
16428,Emrah Tuncer,65,Radikale Venstre
16374,Anders Johansson,65,Det Konservative Folkeparti
20367,Kris Jensen Skriver,65,Socialdemokratiet
16351,Malte Larsen,65,Socialdemokratiet
16180,Kasper Roug,65,Socialdemokratiet
16176,Nikolaj Amstrup,65,Alternativet
16092,Sisse Marie Welling,65,Socialistisk Folkeparti
16074,Steen Holm Iversen,65,Liberal Alliance
16073,Rasmus Vestergaard Madsen,65,Enhedslisten
16072,Carsten Kudsk,65,Dansk Folkeparti
20368,Maria Durhuus,65,Socialdemokratiet
15881,Magni Arge,65,Tjóðveldi
15800,Henrik Dahl,65,Liberal Alliance
15799,Roger Courage Matthisen,65,Alternativet
15797,Christian Poll,65,Alternativet
18696,Morten Dahlin,65,Venstre
18697,Stén Knuth,65,Venstre
18698,Marlene Ambo-Rasmussen,65,Venstre
19569,Maja Torp,65,Venstre
19480,Henrik Vinther,65,Radikale Venstre
19475,Susan Kronborg,65,Radikale Venstre
20355,Kim Edberg Andersen,65,Nye Borgerlige
19221,Hanne Bjørn-Klausen,65,Det Konservative Folkeparti
19196,Ruben Kidde,65,Radikale Venstre
19146,Anna Brændemose,65,Socialistisk Folkeparti
19142,Barbara Gaardlykke Apol,65,Javnaðarflokkurin
19133,Anders G. Christensen,65,Venstre
19016,Dorthe Hindborg,65,Socialdemokratiet
19002,Gitte Willumsen,65,Venstre
20356,Mikkel Bjørn,65,Nye Borgerlige
19000,Theresa Berg Andersen,65,Socialistisk Folkeparti
18953,Mira Issa Bloch,65,Alternativet
18917,Balder Mørk Andersen,65,Socialistisk Folkeparti
19637,Kenneth Mikkelsen,65,Venstre
18882,Tanja Larsson,65,Socialdemokratiet
19684,Mads Andersen,65,Det Konservative Folkeparti
19806,Alexander Grandt,65,Socialdemokratiet
20351,Franciska Rosenkilde,65,Alternativet
20350,Nick Zimmermann,65,Dansk Folkeparti
20349,Anna Falkenberg,65,Sambandsflokkurin
20144,Maria Gudme,65,Socialdemokratiet
20051,Theis Kylling Hommeltoft,65,Socialdemokratiet
19996,Helgi Abrahamsen,65,Sambandsflokkurin
20353,Sascha Faxe,65,Alternativet
19982,Jan Bjergskov Larsen,65,Socialistisk Folkeparti
19948,Mark Grossmann,65,Venstre
19928,Kim Aas,65,Socialdemokratiet
19920,Karsten Filsø,65,Socialistisk Folkeparti
19919,Brian Bressendorff,65,Socialdemokratiet
19809,Christina Thorholm,65,Radikale Venstre
19807,Anne Rasmussen,65,Venstre
20354,Theresa Scavenius,65,Alternativet
19748,Stine Pilt Olsen,65,Det Konservative Folkeparti
18830,Nils Sjøberg,65,Radikale Venstre
18736,Egil Hulgaard,65,Det Konservative Folkeparti
18729,Katrine Robsøe,65,Radikale Venstre
18711,Birgitte Bergman,65,Det Konservative Folkeparti
18710,Katarina Ammitzbøll,65,Det Konservative Folkeparti
18709,Signe Munk,65,Socialistisk Folkeparti
18708,Charlotte Broman Mølbæk,65,Socialistisk Folkeparti
20360,Sofie Lippert,65,Socialistisk Folkeparti
18707,Astrid Carøe,65,Socialistisk Folkeparti
18706,Anne Valentina Berthelsen,65,Socialistisk Folkeparti
18705,Ina Strøjer-Schmidt,65,Socialistisk Folkeparti
18704,Halime Oguz,65,Socialistisk Folkeparti
18703,Alex Vanopslagh,65,Liberal Alliance
18702,Anne Honoré Østergaard,65,Venstre
18701,Marie Bjerre,65,Venstre
20361,Fie Hækkerup,65,Socialdemokratiet
18700,Heidi Bank,65,Venstre
18699,Christoffer Aagaard Melson,65,Venstre
18712,Niels Flemming Hansen,65,Det Konservative Folkeparti
18713,Mona Juul,65,Det Konservative Folkeparti
18714,Kasper Sand Kjær,65,Socialdemokratiet
20359,Sigurd Agersnap,65,Socialistisk Folkeparti
20357,Lise Bertelsen,65,Det Konservative Folkeparti
18728,Anne Sophie Callesen,65,Radikale Venstre
18727,Kathrine Olldag,65,Radikale Venstre
18726,Stinus Lindgreen,65,Radikale Venstre
18725,Samira Nawa,65,Radikale Venstre
18724,Lars Boje Mathiesen,65,Nye Borgerlige
18723,Pernille Vermund,65,Nye Borgerlige
15781,Claus Kvist Hansen,65,Dansk Folkeparti
18722,Peter Seier Christensen,65,Nye Borgerlige
18721,Mette Thiesen,65,Nye Borgerlige
18720,Camilla Fabricius,65,Socialdemokratiet
18719,Birgitte Vind,65,Socialdemokratiet
18718,Anders Kronborg,65,Socialdemokratiet
18717,Bjørn Brandenborg,65,Socialdemokratiet
18716,Rasmus Stoklund,65,Socialdemokratiet
18715,Henrik Møller,65,Socialdemokratiet
20358,Marianne Bigum,65,Socialistisk Folkeparti
20966,Frederik Bloch Münster,65,Det Konservative Folkeparti
20371,Linea Søgaard-Lidell,65,Venstre
15779,Carsten Bach,65,Liberal Alliance
3087,Elisabeth Geday,65,Radikale Venstre
3086,Johs. Poulsen,65,Radikale Venstre
3085,Kim Mortensen,65,Socialdemokratiet
3084,Troels Christensen (udpeget af V),65,Venstre
3083,Charlotte Fischer,65,Radikale Venstre
20384,Nanna W. Gotfredsen,65,Moderaterne
3082,Henrik Brodersen,65,Dansk Folkeparti
3081,Kurt Kirkegaard,65,Venstre
3042,"Frode Sørensen, Hjørring",65,Socialdemokratiet
2156,Gitte Seeberg,65,Det Konservative Folkeparti
2103,Britta Schall Holberg,65,Venstre
1951,Flemming Møller (udpeget af V),65,Venstre
1948,Birgitte Møller,65,Radikale Venstre
20385,Charlotte Bagge Hansen,65,Moderaterne
1947,Søren Hansen,65,Socialdemokratiet
3088,Bente Dahl,65,Radikale Venstre
1916,Christian Wedell-Neergaard,65,Det Konservative Folkeparti
3089,Joan Erlandsen,65,Venstre
3090,Tina Petersen,65,Dansk Folkeparti
20381,Karin Liltorp,65,Moderaterne
4515,Jørgen S. Lundsgaard,65,Det Konservative Folkeparti
4434,Abbas Razvi,65,Radikale Venstre
4433,Jens Jørgen Nygaard,65,Det Konservative Folkeparti
4428,Jens Borking,65,Enhedslisten
3998,Thomas Krog,65,Socialistisk Folkeparti
3997,Tina Bostrup,65,Radikale Venstre
3996,Henrik Fruergaard,65,Venstre
20382,Mette Kierkgaard,65,Moderaterne
3995,Egil Møller,65,Dansk Folkeparti
3994,Jesper Kinch-Jensen,65,Socialdemokratiet
3993,Grethe H. Nielsen,65,Socialdemokratiet
3992,Bjørn Medom Nielsen,65,Socialdemokratiet
3093,Anfinn Kallsberg,65,Fólkaflokkurin
3092,Vibeke Grave,65,Socialdemokratiet
20383,Jeppe Søe,65,Moderaterne
4956,Ib Poulsen,65,Dansk Folkeparti
1914,Jakob Jensen,65,Socialdemokratiet
1911,Henning Gjellerod,65,Socialdemokratiet
1824,Anders Møller,65,Venstre
1823,Knud Erik Kirkegaard,65,Det Konservative Folkeparti
1822,Jens Peter Vernersen,65,Socialdemokratiet
1821,Sven Buhrkall,65,Venstre
1818,Ester Larsen,65,Venstre
1817,Jens Christian Larsen,65,Venstre
1815,Jette Jespersen,65,Dansk Folkeparti
20389,Peter Have,65,Moderaterne
1814,Gudrun Laub,65,Venstre
1811,Erik Larsen (udpeget af V),65,Venstre
1805,Inge-Lene Ebdrup,65,Venstre
1804,Jan Petersen (udpeget af S),65,Socialdemokratiet
1793,Keld Albrechtsen,65,Enhedslisten
1792,Svend Aage Jensby,65,Venstre
1791,Henrik Vestergaard,65,Venstre
20388,Jon Stephensen,65,Moderaterne
1912,Ida Jørgensen,65,Radikale Venstre
1829,Thor Pedersen,65,Venstre
1831,Freddie H. Madsen,65,Dansk Folkeparti
1891,Thomas Adelskov,65,Socialdemokratiet
1887,Connie Hedegaard,65,Det Konservative Folkeparti
20386,Rasmus Lund-Nielsen,65,Moderaterne
1886,Jacob Buksti,65,Socialdemokratiet
1885,Inge Dahl-Sørensen,65,Venstre
1883,Anne Grete Holmsgaard (udpeget af SF),65,Socialistisk Folkeparti
1882,Henriette Kjær,65,Det Konservative Folkeparti
1881,Elisabeth Arnold,65,Radikale Venstre
1880,Anne-Marie Meldgaard,65,Socialdemokratiet
1879,Lars Kramer Mikkelsen,65,Socialdemokratiet
20387,Kristian Klarskov,65,Moderaterne
1850,Christian Lund Jepsen,65,Venstre
1845,Søren Gade,65,Venstre
1844,Jens Kirk,65,Venstre
1833,Høgni Hoydal,65,Tjóðveldi
1830,Helge Mortensen,65,Socialdemokratiet
4957,Tage Leegaard,65,Det Konservative Folkeparti
4965,Hanne Agersnap (udpeget af SF),65,Socialistisk Folkeparti
4968,Knud Kristensen,65,Det Konservative Folkeparti
15761,Karina Due,65,Dansk Folkeparti
15760,Lea Wermelin,65,Socialdemokratiet
20374,Kenneth Fredslund Petersen,65,Danmarksdemokraterne
15758,Aleqa Hammond,65,Siumut
15757,Aaja Chemnitz,65,Inuit Ataqatigiit
14372,Susanne Eilersen (udpeget af DF),65,Dansk Folkeparti
14000,Nick Nielsen,65,Siumut
13843,Bente Bendix,65,Venstre
13836,Helge Vagn Jacobsen,65,Radikale Venstre
13727,Sarah Nørris,65,Enhedslisten
20375,Charlotte Munch,65,Danmarksdemokraterne
12285,Ida Damborg,65,Socialistisk Folkeparti
12284,Marie-Louise Andreassen,65,Radikale Venstre
12283,Aksel V. Johannesen,65,Javnaðarflokkurin
11702,Per Larsen,65,Det Konservative Folkeparti
15762,Christian Rabjerg Madsen,65,Socialdemokratiet
11586,Bilal Inekci,65,Socialistisk Folkeparti
15763,Peter Kofod,65,Dansk Folkeparti
15765,Carl Holst,65,Venstre
15778,Carolina Magdalene Maier,65,Alternativet
15777,Pelle Dragsted,65,Enhedslisten
15776,Peter Hummelgaard,65,Socialdemokratiet
15775,Torsten Gejl,65,Alternativet
15774,Lise Bech,65,Dansk Folkeparti
20372,Betina Kastbjerg,65,Danmarksdemokraterne
15773,Christina Egelund,65,Liberal Alliance
15772,Ulla Sandbæk,65,Alternativet
15771,Morten Løkkegaard,65,Venstre
15770,Mattias Tesfaye,65,Socialdemokratiet
15769,Maria Reumert Gjerding,65,Enhedslisten
15768,Pernille Schnoor,65,Socialdemokratiet
15767,Pernille Bendixen,65,Dansk Folkeparti
20373,Susie Jessen,65,Danmarksdemokraterne
15766,Erik Christensen (udpeget af S),65,Socialdemokratiet
15764,Jan Rytkjær Callesen,65,Dansk Folkeparti
11585,Jens Arne Hedegaard,65,Venstre
11584,Daniel Rugholm,65,Det Konservative Folkeparti
20376,Kristian Bøgsted,65,Danmarksdemokraterne
6689,Juliane Henningsen Heilmann,65,Inuit Ataqatigiit
6688,Henrik Rasmussen,65,Det Konservative Folkeparti
6687,Kaj Leo Johannesen,65,Sambandsflokkurin
20379,Tobias Grotkjær Elmstrøm,65,Moderaterne
6686,Torben Lund,65,Socialistisk Folkeparti
6685,Anders Broholm,65,Venstre
6684,Annita á Fríðriksmørk,65,Tjóðveldi
5905,"Mogens Jensen, Brøndby",65,Socialdemokratiet
5593,Carsten Hansen,65,Socialdemokratiet
5468,Dorrit Knudsen,65,Socialdemokratiet
5182,Anne Marie Geisler Andersen,65,Radikale Venstre
20380,Monika Rubin,65,Moderaterne
5132,Flemming Bonne,65,Socialistisk Folkeparti
4971,Jane Alrø Sørensen,65,Socialistisk Folkeparti
4969,Jørgen Poulsen,65,Liberal Alliance
6701,Kenneth F. Christensen,65,Socialdemokratiet
6737,Johannes Lebech,65,Radikale Venstre
7633,Torben Hansen,65,Socialdemokratiet
8319,Jytte Andersen,65,Socialdemokratiet
11583,Kenneth Kristensen Berth,65,Dansk Folkeparti
11412,Anna Kirsten Olesen,65,Socialdemokratiet
10707,Erikanell Asmuss Lorentsen,65,Radikale Venstre
10706,Jette Plesner Dali,65,Dansk Folkeparti
10705,Bente Kronborg Holst,65,Dansk Folkeparti
10704,Kasper Krüger,65,Venstre
10702,Helle Dam,65,Socialdemokratiet
15780,Tilde Bork,65,Dansk Folkeparti
20377,Henrik Frandsen,65,Moderaterne
10690,Steen Konradsen,65,Det Konservative Folkeparti
10107,Bruno Jerup,65,Enhedslisten
9976,Jette Gottlieb,65,Enhedslisten
9780,Tórbjørn Jacobsen,65,Tjóðveldi
8917,Thomas Horn,65,Socialdemokratiet
8910,Karin Storgaard,65,Dansk Folkeparti
20378,Rosa Eriksen,65,Moderaterne
10691,Kurt Scheelsbeck,65,Det Konservative Folkeparti
147,Johanne Schmidt-Nielsen,65,Enhedslisten
20352,Helene Brydensholt,65,Alternativet
55,Marianne Jelved,65,Radikale Venstre
112,Lotte Rod,65,Radikale Venstre
74,Mette Reissmann,65,Socialdemokratiet
123,Andreas Steenberg,65,Radikale Venstre
95,Steen Gade,65,Socialistisk Folkeparti
28,Henrik Sass Larsen,65,Socialdemokratiet
131,Lene Espersen,65,Det Konservative Folkeparti
24,Karsten Lauritzen,65,Venstre
94,Peter Christensen,65,Venstre
21143,Morten Klessen,65,Socialdemokratiet
113,Jens Henrik Thulesen Dahl,65,Dansk Folkeparti
138,Mette Frederiksen,65,Socialdemokratiet
93,Louise Elholm,65,Venstre
33,Holger K. Nielsen,65,Socialistisk Folkeparti
50,Liselott Blixt,65,Dansk Folkeparti
75,Jeppe Mikkelsen,65,Radikale Venstre
139,Thomas Danielsen,65,Venstre
96,Mike Legarth,65,Det Konservative Folkeparti
73,Merete Riisager,65,Liberal Alliance
71,Tom Behnke,65,Uden for Folketingsgrupperne
57,Jakob Engel-Schmidt,65,Venstre
141,Martin Lidegaard,65,Radikale Venstre
18,Alex Ahrendtsen,65,Dansk Folkeparti
98,René Christensen,65,Dansk Folkeparti
72,Karen Ellemann,65,Venstre
21076,Charlotte Nellemann,65,Liberal Alliance
130,Sophie Løhde,65,Venstre
124,Kim Christiansen,65,Dansk Folkeparti
111,Joachim B. Olsen,65,Liberal Alliance
21206,Elvira Kûitse,65,Naleraq
23,Bjarne Corydon,65,Socialdemokratiet
97,Jesper Petersen,65,Socialistisk Folkeparti
56,Karin Nødgaard,65,Dansk Folkeparti
21186,Mads Madsen Henriksen,65,Socialdemokratiet
21161,Lisa Perkins,65,Liberal Alliance
99,Ole Birk Olesen,65,Liberal Alliance
77,Kristian Thulesen Dahl,65,Dansk Folkeparti
92,Carsten Hansen,65,Socialdemokratiet
47,Karen Hækkerup (udpeget af S),65,Socialdemokratiet
81,Mads Rørvig,65,Venstre
21075,Michael Rosenmark,65,Danmarksdemokraterne
118,Trine Bramsen,65,Socialdemokratiet
134,Christian Friis Bach,65,Radikale Venstre
21044,Lasse Haugaard Pedersen,65,Socialdemokratiet
85,Özlem Sara Cekic,65,Socialistisk Folkeparti
133,John Dyrby Paulsen,65,Socialdemokratiet
21194,Joachim Hoffmann-Petersen,65,Det Konservative Folkeparti
21159,Ammar Ali,65,Moderaterne
43,Pia Olsen Dyhr,65,Socialistisk Folkeparti
82,Hans Kristian Skibby,65,Dansk Folkeparti
83,Brian Mikkelsen,65,Det Konservative Folkeparti
44,Henning Hyllested,65,Enhedslisten
84,Troels Ravn,65,Socialdemokratiet
120,Benny Engelbrecht,65,Socialdemokratiet
39,Christian Juhl,65,Enhedslisten
86,Marlene Borst Hansen,65,Radikale Venstre
116,Morten Østergaard,65,Radikale Venstre
34,Søren Espersen,65,Dansk Folkeparti
78,Marie Krarup,65,Dansk Folkeparti
49,Erling Bonnesen,65,Venstre
88,Martin Geertsen,65,Venstre
132,Søren Pind,65,Venstre
121,Karina Lorentzen Dehnhardt,65,Socialistisk Folkeparti
135,Mette Bock,65,Liberal Alliance
79,Christian Langballe (udpeget af DF),65,Dansk Folkeparti
87,Finn Sørensen,65,Enhedslisten
20976,Caroline Stage Olsen,65,Moderaterne
38,Astrid Krag,65,Socialistisk Folkeparti
117,Simon Emil Ammitzbøll-Bille,65,Radikale Venstre
48,Peter Skaarup,65,Dansk Folkeparti
80,Torsten Schack Pedersen,65,Venstre
122,Stine Brix,65,Enhedslisten
110,Rosa Lund,65,Enhedslisten
119,Dennis Flydtkjær,65,Dansk Folkeparti
103,Anne Sina,65,Socialdemokratiet
68,Nikolaj Villumsen,65,Enhedslisten
67,Nick Hækkerup,65,Socialdemokratiet
100,Sofie Carsten Nielsen,65,Radikale Venstre
64,Flemming Damgaard Larsen,65,Venstre
13,Sara Olsvig,65,Inuit Ataqatigiit
21168,Erik Veje Rasmussen,65,Venstre
126,Kim Andersen (udpeget af V),65,Venstre
101,Morten Marinus,65,Dansk Folkeparti
108,Charlotte Dyremose,65,Det Konservative Folkeparti
129,Bertel Haarder,65,Venstre
62,Annette Vilhelmsen,65,Socialistisk Folkeparti
109,Trine Pertou Mach,65,Socialistisk Folkeparti
69,Pernille Skipper,65,Enhedslisten
12,Nicolai Wammen,65,Socialdemokratiet
144,Helle Thorning-Schmidt,65,Socialdemokratiet
145,Lars Løkke Rasmussen,65,Venstre
59,Rasmus Helveg Petersen,65,Radikale Venstre
106,Margrethe Vestager,65,Radikale Venstre
127,Preben Bang Henriksen,65,Venstre
102,Jan E. Jørgensen,65,Venstre
70,Martin Henriksen (udpeget af DF),65,Dansk Folkeparti
17,Christine Antorini,65,Socialistisk Folkeparti
21083,Thorkild Holmboe-Hay,65,Socialdemokratiet
125,Hans Christian Schmidt,65,Venstre
15758,Aleqa Hammond,66,Siumut
126,Kim Andersen (udpeget af V),66,Venstre
79,Christian Langballe (udpeget af DF),66,Dansk Folkeparti
353,Lykke Friis,66,Venstre
3089,Joan Erlandsen,66,Venstre
15761,Karina Due,66,Dansk Folkeparti
20383,Jeppe Søe,66,Moderaterne
350,Gitte Lillelund Bech,66,Venstre
20747,Jenny Andresen,66,Danmarksdemokraterne
354,Mette Boye,66,Socialistisk Folkeparti
4428,Jens Borking,66,Enhedslisten
344,Linda Kristiansen,66,Radikale Venstre
3088,Bente Dahl,66,Radikale Venstre
3995,Egil Møller,66,Dansk Folkeparti
4433,Jens Jørgen Nygaard,66,Det Konservative Folkeparti
3090,Tina Petersen,66,Dansk Folkeparti
261,Esben Lunde Larsen,66,Venstre
15760,Lea Wermelin,66,Socialdemokratiet
3092,Vibeke Grave,66,Socialdemokratiet
121,Karina Lorentzen Dehnhardt,66,Socialistisk Folkeparti
351,Sophie Hæstorp Andersen,66,Socialdemokratiet
78,Marie Krarup,66,Dansk Folkeparti
262,Sjúrður Skaale,66,Tjóðveldi
3993,Grethe H. Nielsen,66,Socialdemokratiet
15762,Christian Rabjerg Madsen,66,Socialdemokratiet
3996,Henrik Fruergaard,66,Venstre
3994,Jesper Kinch-Jensen,66,Socialdemokratiet
3992,Bjørn Medom Nielsen,66,Socialdemokratiet
3093,Anfinn Kallsberg,66,Fólkaflokkurin
20374,Kenneth Fredslund Petersen,66,Danmarksdemokraterne
348,Villy Søvndal,66,Socialistisk Folkeparti
21168,Erik Veje Rasmussen,66,Venstre
3997,Tina Bostrup,66,Radikale Venstre
20382,Mette Kierkgaard,66,Moderaterne
352,Henrik Dam Kristensen,66,Socialdemokratiet
68,Nikolaj Villumsen,66,Enhedslisten
3998,Thomas Krog,66,Socialistisk Folkeparti
271,Kristian Jensen,66,Venstre
3086,Johs. Poulsen,66,Radikale Venstre
1951,Flemming Møller (udpeget af V),66,Venstre
367,Karen Touborg,66,Socialistisk Folkeparti
258,Poul Andersen,66,Socialdemokratiet
1948,Birgitte Møller,66,Radikale Venstre
15766,Erik Christensen (udpeget af S),66,Socialdemokratiet
1947,Søren Hansen,66,Socialdemokratiet
20385,Charlotte Bagge Hansen,66,Moderaterne
15767,Pernille Bendixen,66,Dansk Folkeparti
20642,Anne Hegelund,66,Enhedslisten
370,Thomas Medom,66,Socialistisk Folkeparti
1916,Christian Wedell-Neergaard,66,Det Konservative Folkeparti
1914,Jakob Jensen,66,Socialdemokratiet
15768,Pernille Schnoor,66,Socialdemokratiet
371,Niels Christian Nielsen,66,Socialdemokratiet
1912,Ida Jørgensen,66,Radikale Venstre
82,Hans Kristian Skibby,66,Dansk Folkeparti
1911,Henning Gjellerod,66,Socialdemokratiet
257,Bjarne Laustsen,66,Socialdemokratiet
119,Dennis Flydtkjær,66,Dansk Folkeparti
376,Annika Smith,66,Socialistisk Folkeparti
1891,Thomas Adelskov,66,Socialdemokratiet
81,Mads Rørvig,66,Venstre
3087,Elisabeth Geday,66,Radikale Venstre
20373,Susie Jessen,66,Danmarksdemokraterne
366,Daniel Toft Jakobsen,66,Socialdemokratiet
362,Vivi Kier,66,Det Konservative Folkeparti
3085,Kim Mortensen,66,Socialdemokratiet
260,Leif Lahn Jensen,66,Socialdemokratiet
3084,Troels Christensen (udpeget af V),66,Venstre
80,Torsten Schack Pedersen,66,Venstre
363,Jacob Bjerregaard,66,Socialdemokratiet
3083,Charlotte Fischer,66,Radikale Venstre
3082,Henrik Brodersen,66,Dansk Folkeparti
120,Benny Engelbrecht,66,Socialdemokratiet
364,Birthe Rønn Hornbech,66,Venstre
20384,Nanna W. Gotfredsen,66,Moderaterne
3081,Kurt Kirkegaard,66,Venstre
15763,Peter Kofod,66,Dansk Folkeparti
20798,Mads Olsen,66,Socialistisk Folkeparti
365,Karen Jespersen,66,Socialdemokratiet
3042,"Frode Sørensen, Hjørring",66,Socialdemokratiet
15764,Jan Rytkjær Callesen,66,Dansk Folkeparti
2156,Gitte Seeberg,66,Det Konservative Folkeparti
259,Anne-Mette Winther Christiansen (udpeget af V),66,Venstre
67,Nick Hækkerup,66,Socialdemokratiet
15765,Carl Holst,66,Venstre
2103,Britta Schall Holberg,66,Venstre
4434,Abbas Razvi,66,Radikale Venstre
15757,Aaja Chemnitz,66,Inuit Ataqatigiit
20767,Andreas Karlsen,66,Det Konservative Folkeparti
11702,Per Larsen,66,Det Konservative Folkeparti
9780,Tórbjørn Jacobsen,66,Tjóðveldi
279,Tina Nedergaard,66,Venstre
268,Helle Løvgreen Mølvig,66,Radikale Venstre
12283,Aksel V. Johannesen,66,Javnaðarflokkurin
72,Karen Ellemann,66,Venstre
8917,Thomas Horn,66,Socialdemokratiet
8910,Karin Storgaard,66,Dansk Folkeparti
20790,Ken Kristensen,66,Venstre
280,Karen J. Klint (udpeget af S),66,Socialdemokratiet
12284,Marie-Louise Andreassen,66,Radikale Venstre
8319,Jytte Andersen,66,Socialdemokratiet
266,Rasmus Horn Langhoff,66,Socialdemokratiet
20378,Rosa Eriksen,66,Moderaterne
7633,Torben Hansen,66,Socialdemokratiet
20375,Charlotte Munch,66,Danmarksdemokraterne
281,Finn Thranum,66,Venstre
6737,Johannes Lebech,66,Radikale Venstre
12285,Ida Damborg,66,Socialistisk Folkeparti
6701,Kenneth F. Christensen,66,Socialdemokratiet
73,Merete Riisager,66,Liberal Alliance
11586,Bilal Inekci,66,Socialistisk Folkeparti
282,Sanne Bjørn,66,Radikale Venstre
9976,Jette Gottlieb,66,Enhedslisten
124,Kim Christiansen,66,Dansk Folkeparti
11583,Kenneth Kristensen Berth,66,Dansk Folkeparti
20376,Kristian Bøgsted,66,Danmarksdemokraterne
11412,Anna Kirsten Olesen,66,Socialdemokratiet
272,Ole Hækkerup,66,Socialdemokratiet
11584,Daniel Rugholm,66,Det Konservative Folkeparti
10707,Erikanell Asmuss Lorentsen,66,Radikale Venstre
10706,Jette Plesner Dali,66,Dansk Folkeparti
273,Per Husted,66,Socialdemokratiet
10705,Bente Kronborg Holst,66,Dansk Folkeparti
11585,Jens Arne Hedegaard,66,Venstre
270,Claus Hjort Frederiksen,66,Venstre
10704,Kasper Krüger,66,Venstre
71,Tom Behnke,66,Uden for Folketingsgrupperne
276,Pernille Boye Koch,66,Radikale Venstre
10702,Helle Dam,66,Socialdemokratiet
10691,Kurt Scheelsbeck,66,Det Konservative Folkeparti
20377,Henrik Frandsen,66,Moderaterne
125,Hans Christian Schmidt,66,Venstre
277,Johan Lund Olsen,66,Inuit Ataqatigiit
10107,Bruno Jerup,66,Enhedslisten
20781,Gunvor Wibroe,66,Socialdemokratiet
278,Karin Gaardsted,66,Socialdemokratiet
343,Mie Bergmann,66,Radikale Venstre
6689,Juliane Henningsen Heilmann,66,Inuit Ataqatigiit
286,Ane Halsboe-Jørgensen,66,Socialdemokratiet
4971,Jane Alrø Sørensen,66,Socialistisk Folkeparti
75,Jeppe Mikkelsen,66,Radikale Venstre
4969,Jørgen Poulsen,66,Liberal Alliance
13843,Bente Bendix,66,Venstre
303,Anita Christensen,66,Dansk Folkeparti
4968,Knud Kristensen,66,Det Konservative Folkeparti
4965,Hanne Agersnap (udpeget af SF),66,Socialistisk Folkeparti
122,Stine Brix,66,Enhedslisten
304,Jacob Lund,66,Socialdemokratiet
4957,Tage Leegaard,66,Det Konservative Folkeparti
264,Rasmus Prehn,66,Socialdemokratiet
14000,Nick Nielsen,66,Siumut
4956,Ib Poulsen,66,Dansk Folkeparti
14372,Susanne Eilersen (udpeget af DF),66,Dansk Folkeparti
263,Mette Hjermind Dencker,66,Dansk Folkeparti
21044,Lasse Haugaard Pedersen,66,Socialdemokratiet
70,Martin Henriksen (udpeget af DF),66,Dansk Folkeparti
305,Jens Ejner Christensen,66,Venstre
4515,Jørgen S. Lundsgaard,66,Det Konservative Folkeparti
77,Kristian Thulesen Dahl,66,Dansk Folkeparti
20381,Karin Liltorp,66,Moderaterne
302,Benedikte Kiær,66,Det Konservative Folkeparti
6688,Henrik Rasmussen,66,Det Konservative Folkeparti
13836,Helge Vagn Jacobsen,66,Radikale Venstre
5132,Flemming Bonne,66,Socialistisk Folkeparti
69,Pernille Skipper,66,Enhedslisten
6687,Kaj Leo Johannesen,66,Sambandsflokkurin
6686,Torben Lund,66,Socialistisk Folkeparti
20379,Tobias Grotkjær Elmstrøm,66,Moderaterne
123,Andreas Steenberg,66,Radikale Venstre
288,Torben Hansen (udpeget af S),66,Socialdemokratiet
6685,Anders Broholm,66,Venstre
20779,Runa Friis Hansen,66,Enhedslisten
1887,Connie Hedegaard,66,Det Konservative Folkeparti
265,Eva Kjer Hansen,66,Venstre
294,Doris Jakobsen,66,Siumut
13727,Sarah Nørris,66,Enhedslisten
6684,Annita á Fríðriksmørk,66,Tjóðveldi
74,Mette Reissmann,66,Socialdemokratiet
5905,"Mogens Jensen, Brøndby",66,Socialdemokratiet
296,Ulla Tørnæs,66,Venstre
5593,Carsten Hansen,66,Socialdemokratiet
5468,Dorrit Knudsen,66,Socialdemokratiet
5182,Anne Marie Geisler Andersen,66,Radikale Venstre
297,Maja Panduro (udpeget af S),66,Socialdemokratiet
21161,Lisa Perkins,66,Liberal Alliance
20380,Monika Rubin,66,Moderaterne
1779,Else Winther Andersen,66,Venstre
84,Troels Ravn,66,Socialdemokratiet
1886,Jacob Buksti,66,Socialdemokratiet
20352,Helene Brydensholt,66,Alternativet
1473,Sidsel Homann,66,Socialistisk Folkeparti
20539,Noah Sturis,66,Alternativet
1471,Sanne Schroll,66,Socialistisk Folkeparti
856,Line Barfod,66,Enhedslisten
1470,Sandy Brinck,66,Socialdemokratiet
1463,Ritt Bjerregaard,66,Socialdemokratiet
98,René Christensen,66,Dansk Folkeparti
918,Lisbeth Petersen,66,Venstre
1461,Rikke Hvilshøj,66,Venstre
1455,René Skau Björnsson,66,Socialdemokratiet
20397,Steffen Larsen,66,Liberal Alliance
920,Lise Hækkerup,66,Socialdemokratiet
1454,Rasmus Jarlov,66,Det Konservative Folkeparti
1447,Poul Qvist Jørgensen,66,Socialdemokratiet
110,Rosa Lund,66,Enhedslisten
951,Lissa Mathiasen,66,Socialdemokratiet
1444,Poul Henrik Hedeboe,66,Socialistisk Folkeparti
1023,Lone Møller (udpeget af S),66,Socialdemokratiet
1440,Poul Erik Christensen,66,Radikale Venstre
99,Ole Birk Olesen,66,Liberal Alliance
1433,Poul Fischer,66,Dansk Folkeparti
21076,Charlotte Nellemann,66,Liberal Alliance
1039,Lotte Bundsgaard,66,Socialdemokratiet
1431,Pia Kristensen,66,Dansk Folkeparti
801,Lene Hansen,66,Socialdemokratiet
1417,Pia Boisen,66,Enhedslisten
1474,Sidsel Leth Svensson,66,Det Konservative Folkeparti
1478,Simon Pihl Sørensen,66,Socialdemokratiet
1636,Aase D. Madsen (udpeget af DF),66,Dansk Folkeparti
676,Søren Krarup,66,Dansk Folkeparti
1623,Aage Frandsen,66,Socialistisk Folkeparti
1619,Yildiz Akdogan,66,Socialdemokratiet
20559,Reza Javid,66,Enhedslisten
677,Jesper Langballe,66,Dansk Folkeparti
1618,Walter Christophersen,66,Dansk Folkeparti
1558,Tove Videbæk,66,Kristendemokraterne
1557,Bodil Kornbek,66,Kristendemokraterne
678,Klaus Hækkerup (udpeget af S),66,Socialdemokratiet
96,Mike Legarth,66,Det Konservative Folkeparti
1556,Jann Sjursen,66,Kristendemokraterne
20395,Alexander Ryle,66,Liberal Alliance
679,Per Kaalund,66,Socialdemokratiet
1513,Kisser Franciska Lehnert,66,Liberal Alliance
1504,Laura Lindahl,66,Liberal Alliance
1503,Hans Vestager,66,Radikale Venstre
680,Morten Helveg Petersen,66,Radikale Venstre
1502,Karl H. Bornhøft,66,Socialistisk Folkeparti
1495,Bendt Bendtsen,66,Det Konservative Folkeparti
111,Joachim B. Olsen,66,Liberal Alliance
725,Preben Rudiengaard,66,Venstre
1484,Sofia Rossen,66,Inuit Ataqatigiit
97,Jesper Petersen,66,Socialistisk Folkeparti
794,Lene Garsdal,66,Socialistisk Folkeparti
20396,Jens Meilvang,66,Liberal Alliance
20394,Steffen W. Frølund,66,Liberal Alliance
20398,Helena Artmann Andresen,66,Liberal Alliance
1414,Peter Christian Christensen,66,Socialdemokratiet
20496,Henrik Rejnholt Andersen,66,Moderaterne
1116,Marianne Saxtoft,66,Radikale Venstre
1325,Ole Vagn Christensen,66,Socialdemokratiet
1319,Ole Stavad (udpeget af S),66,Socialdemokratiet
108,Charlotte Dyremose,66,Det Konservative Folkeparti
1121,Marie Fugl,66,Socialistisk Folkeparti
1311,Ole Glahn,66,Radikale Venstre
1299,Helle Sjelle,66,Det Konservative Folkeparti
1124,Marion Pedersen,66,Venstre
1280,Niels Sindal,66,Socialdemokratiet
1269,Niels Høiby,66,Liberal Alliance
103,Anne Sina,66,Socialdemokratiet
20411,Leila Stockmarr,66,Enhedslisten
1146,Marlene Harpsøe,66,Dansk Folkeparti
1258,Nanna Westerby,66,Socialistisk Folkeparti
1256,Pia Gjellerup (udpeget af S),66,Socialdemokratiet
1162,Meta Fuglsang,66,Socialistisk Folkeparti
1250,Jan Trøjborg,66,Socialdemokratiet
1249,Allan Niebuhr,66,Det Konservative Folkeparti
1234,Morten Homann,66,Socialistisk Folkeparti
1172,Mia Falkenberg,66,Dansk Folkeparti
1219,Mogens Nørgård,66,Kristendemokraterne
106,Margrethe Vestager,66,Radikale Venstre
1201,Mogens Camre,66,Socialdemokratiet
1183,Michael Thomsen,66,Socialistisk Folkeparti
102,Jan E. Jørgensen,66,Venstre
1044,Lotte Thiim Bertelsen,66,Socialistisk Folkeparti
1334,Peter Laigaard,66,Liberal Alliance
1115,Marianne Pedersen,66,Venstre
21083,Thorkild Holmboe-Hay,66,Socialdemokratiet
20527,Nanna Høyrup,66,Alternativet
1413,Peter Westermann,66,Socialistisk Folkeparti
1047,Louise Frevert,66,Dansk Folkeparti
1410,Peter Madsen,66,Venstre
100,Sofie Carsten Nielsen,66,Radikale Venstre
1398,Peter Brixtofte,66,Uden for Folketingsgrupperne
1067,Lykke Roed,66,Dansk Folkeparti
1393,Pernille Blach Hansen,66,Socialdemokratiet
1392,Pernille Søndergaard,66,Enhedslisten
109,Trine Pertou Mach,66,Socialistisk Folkeparti
1085,Majbrit Berlau,66,Enhedslisten
1385,Pernille Frahm (udpeget af SF),66,Socialistisk Folkeparti
20399,Louise Brown,66,Liberal Alliance
1087,Malene Søgaard-Andersen,66,Socialistisk Folkeparti
1378,Per Ørum Jørgensen,66,Det Konservative Folkeparti
1375,Per Løkken,66,Det Konservative Folkeparti
101,Morten Marinus,66,Dansk Folkeparti
1090,Malou Aamund,66,Liberal Alliance
1371,Per Dalgaard,66,Dansk Folkeparti
1362,Per Bisgaard,66,Venstre
1094,Margot Torp,66,Socialdemokratiet
1358,Julie Rademacher,66,Socialdemokratiet
1357,Helge Sander,66,Venstre
1353,Peder Sass,66,Socialdemokratiet
20400,Sandra Elisabeth Skalvig,66,Liberal Alliance
675,Hanne Severinsen,66,Venstre
112,Lotte Rod,66,Radikale Venstre
95,Steen Gade,66,Socialistisk Folkeparti
649,Jakob Axel Nielsen,66,Det Konservative Folkeparti
20388,Jon Stephensen,66,Moderaterne
1823,Knud Erik Kirkegaard,66,Det Konservative Folkeparti
650,Hüseyin Arac,66,Socialdemokratiet
1822,Jens Peter Vernersen,66,Socialdemokratiet
1821,Sven Buhrkall,66,Venstre
1818,Ester Larsen,66,Venstre
651,Jens Christian Lund,66,Socialdemokratiet
1817,Jens Christian Larsen,66,Venstre
1815,Jette Jespersen,66,Dansk Folkeparti
20629,Nikoline Erbs Hillers-Bendtsen,66,Alternativet
86,Marlene Borst Hansen,66,Radikale Venstre
652,Lene Jensen,66,Socialdemokratiet
1814,Gudrun Laub,66,Venstre
20389,Peter Have,66,Moderaterne
117,Simon Emil Ammitzbøll-Bille,66,Radikale Venstre
653,Lise von Seelen,66,Socialdemokratiet
1811,Erik Larsen (udpeget af V),66,Venstre
1805,Inge-Lene Ebdrup,66,Venstre
654,Lone Dybkjær,66,Radikale Venstre
1804,Jan Petersen (udpeget af S),66,Socialdemokratiet
1793,Keld Albrechtsen,66,Enhedslisten
1792,Svend Aage Jensby,66,Venstre
655,Rune Lund,66,Enhedslisten
1791,Henrik Vestergaard,66,Venstre
85,Özlem Sara Cekic,66,Socialistisk Folkeparti
87,Finn Sørensen,66,Enhedslisten
1824,Anders Møller,66,Uden for Folketingsgrupperne
648,Carina Christensen,66,Det Konservative Folkeparti
21159,Ammar Ali,66,Moderaterne
20386,Rasmus Lund-Nielsen,66,Moderaterne
21075,Michael Rosenmark,66,Danmarksdemokraterne
379,Kristen Touborg,66,Socialistisk Folkeparti
1885,Inge Dahl-Sørensen,66,Venstre
1883,Anne Grete Holmsgaard (udpeget af SF),66,Socialistisk Folkeparti
83,Brian Mikkelsen,66,Det Konservative Folkeparti
384,Mogens Lykketoft,66,Socialdemokratiet
1882,Henriette Kjær,66,Det Konservative Folkeparti
1881,Elisabeth Arnold,66,Radikale Venstre
386,Claus Larsen-Jensen (udpeget af),66,Socialdemokratiet
1880,Anne-Marie Meldgaard,66,Socialdemokratiet
1879,Lars Kramer Mikkelsen,66,Socialdemokratiet
20635,Markus E. Olsen,66,Siumut
645,Christian Mejdahl,66,Venstre
1850,Christian Lund Jepsen,66,Venstre
20387,Kristian Klarskov,66,Moderaterne
1845,Søren Gade,66,Venstre
118,Trine Bramsen,66,Socialdemokratiet
646,Jens Hald,66,Venstre
1844,Jens Kirk,66,Venstre
647,Charlotte Antonsen (udpeget af V),66,Venstre
1833,Høgni Hoydal,66,Tjóðveldi
1831,Freddie H. Madsen,66,Dansk Folkeparti
1830,Helge Mortensen,66,Socialdemokratiet
1829,Thor Pedersen,66,Venstre
1790,Freddy Dam (udpeget af V),66,Venstre
656,Jesper Kiel,66,Enhedslisten
145,Lars Løkke Rasmussen,66,Venstre
666,Jørn Pedersen,66,Socialdemokratiet
1752,Jørn Jespersen,66,Socialistisk Folkeparti
93,Louise Elholm,66,Venstre
113,Jens Henrik Thulesen Dahl,66,Dansk Folkeparti
667,Søren Egge Rasmussen,66,Enhedslisten
1751,Inger Bierbaum,66,Socialdemokratiet
20580,Lean Milo,66,Moderaterne
668,Naser Khader,66,Radikale Venstre
1749,Jens Vibjerg (udpeget af V),66,Venstre
1747,Jytte Wittrock,66,Socialdemokratiet
1746,Tove Fergo,66,Venstre
669,Frank Jensen,66,Socialdemokratiet
1745,Ulrik Kragh,66,Venstre
20393,Katrine Daugaard,66,Liberal Alliance
1744,Kamal Qureshi,66,Socialistisk Folkeparti
670,Lars Emil Johansen,66,Siumut
94,Peter Christensen,66,Venstre
1740,Karina Sørensen,66,Dansk Folkeparti
671,Niels Helveg Petersen,66,Radikale Venstre
1739,Thor Gunnar Kofoed,66,Venstre
1731,Flemming Hansen,66,Det Konservative Folkeparti
1730,Elsebeth Gerner Nielsen,66,Radikale Venstre
672,Kuupik Kleist,66,Inuit Ataqatigiit
1727,Jette Bergenholz Bautrup,66,Socialdemokratiet
1718,Svend Heiselberg,66,Venstre
1753,Flemming Oppfeldt,66,Uden for Folketingsgrupperne
20392,Lars-Christian Brask,66,Liberal Alliance
21143,Morten Klessen,66,Socialdemokratiet
1755,Colette L. Brix,66,Dansk Folkeparti
20390,Mike Villa Fonseca,66,Moderaterne
1778,Svend Auken,66,Socialdemokratiet
657,Pia Larsen,66,Venstre
1777,Anita Knakkergaard,66,Dansk Folkeparti
1774,Jørgen Winther,66,Venstre
660,Svend Erik Hovmand,66,Venstre
1773,Carsten Bo Jensen,66,Socialdemokratiet
88,Martin Geertsen,66,Venstre
1771,Uno Larsson,66,Dansk Folkeparti
20599,Søren Rasmussen,66,Dansk Folkeparti
116,Morten Østergaard,66,Radikale Venstre
661,Jens Rohde,66,Venstre
378,Merete Dea Larsen,66,Dansk Folkeparti
1770,Erik Mortensen,66,Socialdemokratiet
662,Poul Nødgaard,66,Dansk Folkeparti
20391,Sólbjørg Jakobsen,66,Liberal Alliance
1768,Grete Schødts,66,Socialdemokratiet
663,Christian H. Hansen,66,Dansk Folkeparti
1767,Arne Toft,66,Socialdemokratiet
1761,Else Theill Sørensen,66,Det Konservative Folkeparti
92,Carsten Hansen,66,Socialdemokratiet
664,Pia Christmas-Møller,66,Det Konservative Folkeparti
1760,Helga Moos,66,Venstre
1759,Kaj Ikast,66,Det Konservative Folkeparti
1757,Irene Simonsen,66,Venstre
665,Helge Adam Møller,66,Det Konservative Folkeparti
1769,Birthe Skaarup (udpeget af DF),66,Dansk Folkeparti
15769,Maria Reumert Gjerding,66,Enhedslisten
10690,Steen Konradsen,66,Det Konservative Folkeparti
20415,Mohammad Rona,66,Moderaterne
17247,Klaus Markussen,66,Venstre
207,Jakob Ellemann-Jensen,66,Venstre
20365,Matilde Powers,66,Socialdemokratiet
18736,Egil Hulgaard,66,Det Konservative Folkeparti
17141,Brigitte Klintskov Jerkel,66,Det Konservative Folkeparti
168,Anni Matthiesen,66,Venstre
23,Bjarne Corydon,66,Socialdemokratiet
208,Simon Kollerup,66,Socialdemokratiet
17267,Kristian Hegaard,66,Radikale Venstre
17140,Orla Østerby,66,Det Konservative Folkeparti
18830,Nils Sjøberg,66,Radikale Venstre
18882,Tanja Larsson,66,Socialdemokratiet
17134,Jonathan Simmel,66,Enhedslisten
167,Dan Jørgensen,66,Socialdemokratiet
132,Søren Pind,66,Venstre
209,Camilla Hersom,66,Radikale Venstre
16952,Helle Osther,66,Enhedslisten
18917,Balder Mørk Andersen,66,Socialistisk Folkeparti
48,Peter Skaarup,66,Dansk Folkeparti
16757,Danny K. Malkowski,66,Liberal Alliance
18729,Katrine Robsøe,66,Radikale Venstre
206,Troels Lund Poulsen,66,Venstre
18725,Samira Nawa,66,Radikale Venstre
17827,Tina Boel,66,Socialistisk Folkeparti
17752,Anders Stjernholm,66,Alternativet
20364,Frederik Vad,66,Socialdemokratiet
18726,Stinus Lindgreen,66,Radikale Venstre
202,Peder Christensen,66,Socialdemokratiet
172,Pernille Rosenkrantz-Theil,66,Enhedslisten
17736,Per Nørhave,66,Dansk Folkeparti
17360,Merete Scheelsbeck,66,Det Konservative Folkeparti
18727,Kathrine Olldag,66,Radikale Venstre
205,Jonas Dahl,66,Socialistisk Folkeparti
17628,Carl Valentin,66,Socialistisk Folkeparti
47,Karen Hækkerup (udpeget af S),66,Socialdemokratiet
20357,Lise Bertelsen,66,Det Konservative Folkeparti
18728,Anne Sophie Callesen,66,Radikale Venstre
171,Per Clausen,66,Enhedslisten
17543,Marianne Bredal,66,Venstre
139,Thomas Danielsen,66,Venstre
17629,Mads Fuglede,66,Venstre
20841,Lars Arne Christensen,66,Moderaterne
210,Birgitte Josefsen,66,Venstre
18953,Mira Issa Bloch,66,Alternativet
214,Jeppe Bruus,66,Socialdemokratiet
16351,Malte Larsen,66,Socialdemokratiet
50,Liselott Blixt,66,Dansk Folkeparti
21206,Elvira Kûitse,66,Naleraq
20367,Kris Jensen Skriver,66,Socialdemokratiet
19142,Barbara Gaardlykke Apol,66,Javnaðarflokkurin
16180,Kasper Roug,66,Socialdemokratiet
131,Lene Espersen,66,Det Konservative Folkeparti
19133,Anders G. Christensen,66,Venstre
161,Liv Holm Andersen,66,Radikale Venstre
141,Martin Lidegaard,66,Radikale Venstre
19146,Anna Brændemose,66,Socialistisk Folkeparti
16176,Nikolaj Amstrup,66,Alternativet
216,Mikkel Dencker,66,Dansk Folkeparti
16092,Sisse Marie Welling,66,Socialistisk Folkeparti
19196,Ruben Kidde,66,Radikale Venstre
16074,Steen Holm Iversen,66,Liberal Alliance
160,Jan Johansen,66,Socialdemokratiet
215,Jørgen Arbo-Bæhr,66,Enhedslisten
16374,Anders Johansson,66,Det Konservative Folkeparti
16428,Emrah Tuncer,66,Radikale Venstre
162,Karina Adsbøl,66,Dansk Folkeparti
16728,Kirsten Normann Andersen,66,Socialistisk Folkeparti
164,Hans Andersen,66,Venstre
16610,Lars Aslan Rasmussen,66,Socialdemokratiet
20366,Thomas Skriver Jensen,66,Socialdemokratiet
20941,Preben Friis-Hauge,66,Venstre
211,Jørn Dohrmann,66,Dansk Folkeparti
20356,Mikkel Bjørn,66,Nye Borgerlige
16603,Sarah Glerup,66,Enhedslisten
49,Erling Bonnesen,66,Venstre
34,Søren Espersen,66,Dansk Folkeparti
16582,Peder Hvelplund,66,Enhedslisten
212,Eyvind Vesselbo,66,Venstre
163,Ellen Trane Nørby,66,Venstre
19002,Gitte Willumsen,66,Venstre
18,Alex Ahrendtsen,66,Dansk Folkeparti
16503,Anne Paulin,66,Socialdemokratiet
19016,Dorthe Hindborg,66,Socialdemokratiet
16473,Malou Lunderød,66,Socialdemokratiet
213,Jens Joel,66,Socialdemokratiet
201,Thomas Jensen,66,Socialdemokratiet
133,John Dyrby Paulsen,66,Socialdemokratiet
24,Karsten Lauritzen,66,Venstre
20916,Kenneth Bjerg Andersen,66,Moderaterne
20361,Fie Hækkerup,66,Socialdemokratiet
190,Thyra Frank,66,Liberal Alliance
33,Holger K. Nielsen,66,Socialistisk Folkeparti
18713,Mona Juul,66,Det Konservative Folkeparti
18699,Christoffer Aagaard Melson,66,Venstre
18698,Marlene Ambo-Rasmussen,66,Venstre
20359,Sigurd Agersnap,66,Socialistisk Folkeparti
18714,Kasper Sand Kjær,66,Socialdemokratiet
182,Inger Støjberg,66,Venstre
191,Zenia Stampe,66,Radikale Venstre
181,Annette Lind,66,Socialdemokratiet
18696,Morten Dahlin,66,Venstre
21194,Joachim Hoffmann-Petersen,66,Det Konservative Folkeparti
18715,Henrik Møller,66,Socialdemokratiet
18716,Rasmus Stoklund,66,Socialdemokratiet
18695,Kim Valentin,66,Venstre
192,Fatma Øktem,66,Venstre
18694,Victoria Velasquez,66,Enhedslisten
18697,Stén Knuth,66,Venstre
18700,Heidi Bank,66,Venstre
38,Astrid Krag,66,Socialistisk Folkeparti
189,Mai Mercado,66,Det Konservative Folkeparti
20925,Dina Raabjerg,66,Det Konservative Folkeparti
20360,Sofie Lippert,66,Socialistisk Folkeparti
185,Nadeem Farooq,66,Radikale Venstre
18706,Anne Valentina Berthelsen,66,Socialistisk Folkeparti
184,Lennart Damsbo-Andersen,66,Socialdemokratiet
18708,Charlotte Broman Mølbæk,66,Socialistisk Folkeparti
18709,Signe Munk,66,Socialistisk Folkeparti
135,Mette Bock,66,Liberal Alliance
187,Julie Skovsby,66,Socialdemokratiet
18705,Ina Strøjer-Schmidt,66,Socialistisk Folkeparti
18704,Halime Oguz,66,Socialistisk Folkeparti
18710,Katarina Ammitzbøll,66,Det Konservative Folkeparti
183,Bent Bøgsted,66,Dansk Folkeparti
18703,Alex Vanopslagh,66,Liberal Alliance
188,Sanne Rubinke,66,Socialistisk Folkeparti
18711,Birgitte Bergman,66,Det Konservative Folkeparti
18702,Anne Honoré Østergaard,66,Venstre
18712,Niels Flemming Hansen,66,Det Konservative Folkeparti
18701,Marie Bjerre,66,Venstre
39,Christian Juhl,66,Enhedslisten
20823,Morten Vehl,66,Danmarksdemokraterne
20917,Tina Cartey Hansen,66,Det Konservative Folkeparti
138,Mette Frederiksen,66,Socialdemokratiet
20358,Marianne Bigum,66,Socialistisk Folkeparti
18721,Mette Thiesen,66,Nye Borgerlige
198,Anne Baastrup,66,Socialistisk Folkeparti
18291,Erik Lund,66,Det Konservative Folkeparti
20363,Sara Emil Baaring,66,Socialdemokratiet
18278,Serdal Benli,66,Socialistisk Folkeparti
18722,Peter Seier Christensen,66,Nye Borgerlige
176,Søren Søndergaard,66,Enhedslisten
20930,Louise Mehnke,66,Socialdemokratiet
199,Karsten Hønge,66,Socialistisk Folkeparti
17990,Tommy Ahlers,66,Venstre
18723,Pernille Vermund,66,Nye Borgerlige
17988,Bjarni Hammer,66,Javnaðarflokkurin
200,Jane Heitmann,66,Venstre
18724,Lars Boje Mathiesen,66,Nye Borgerlige
44,Henning Hyllested,66,Enhedslisten
17963,Øjvind Vilsholm,66,Enhedslisten
173,Jacob Jensen,66,Venstre
18265,Carsten Kissmeyer,66,Venstre
18415,Julius Graakjær Grantzau,66,Alternativet
43,Pia Olsen Dyhr,66,Socialistisk Folkeparti
18545,Henrik Old,66,Javnaðarflokkurin
193,Karsten Nonbo,66,Venstre
18717,Bjørn Brandenborg,66,Socialdemokratiet
18693,Mai Villadsen,66,Enhedslisten
20362,Thomas Monberg,66,Socialdemokratiet
134,Christian Friis Bach,66,Radikale Venstre
18718,Anders Kronborg,66,Socialdemokratiet
194,Kristian Pihl Lorentzen,66,Venstre
179,Hans Christian Thoning,66,Venstre
18692,Susanne Zimmer,66,Alternativet
28,Henrik Sass Larsen,66,Socialdemokratiet
18691,Sikandar Siddique,66,Alternativet
18719,Birgitte Vind,66,Socialdemokratiet
20976,Caroline Stage Olsen,66,Moderaterne
195,Pernille Vigsø Bagge,66,Socialistisk Folkeparti
18688,Aki-Matilda Høegh-Dam,66,Siumut
18614,Rigmor Dam,66,Javnaðarflokkurin
18720,Camilla Fabricius,66,Socialdemokratiet
178,Michael Aastrup Jensen,66,Venstre
197,Mette Gjerskov,66,Socialdemokratiet
180,Peter Juel-Jensen,66,Venstre
20355,Kim Edberg Andersen,66,Nye Borgerlige
19000,Theresa Berg Andersen,66,Socialistisk Folkeparti
18707,Astrid Carøe,66,Socialistisk Folkeparti
15789,Jeppe Jakobsen,66,Dansk Folkeparti
15778,Carolina Magdalene Maier,66,Alternativet
226,Ole Sohn,66,Socialistisk Folkeparti
20820,Carl Andersen,66,Liberal Alliance
15790,Marcus Knuth,66,Venstre
19807,Anne Rasmussen,66,Venstre
13,Sara Olsvig,66,Inuit Ataqatigiit
245,Leif Mikkelsen,66,Venstre
20144,Maria Gudme,66,Socialdemokratiet
15791,Eva Flyvholm,66,Enhedslisten
15777,Pelle Dragsted,66,Enhedslisten
62,Annette Vilhelmsen,66,Socialistisk Folkeparti
225,Uffe Elbæk,66,Radikale Venstre
155,Villum Christensen,66,Liberal Alliance
15792,Rasmus Nordqvist,66,Alternativet
19806,Alexander Grandt,66,Socialdemokratiet
20805,Jan Carlsen,66,Moderaterne
56,Karin Nødgaard,66,Dansk Folkeparti
20349,Anna Falkenberg,66,Sambandsflokkurin
156,Lone Loklindt,66,Radikale Venstre
15794,Trine Torp,66,Socialistisk Folkeparti
19748,Stine Pilt Olsen,66,Det Konservative Folkeparti
224,Flemming Møller Mortensen,66,Socialdemokratiet
20051,Theis Kylling Hommeltoft,66,Socialdemokratiet
15775,Torsten Gejl,66,Alternativet
20962,Claus Jørgensen,66,Socialistisk Folkeparti
15793,Mette Abildgaard,66,Det Konservative Folkeparti
59,Rasmus Helveg Petersen,66,Radikale Venstre
20354,Theresa Scavenius,66,Alternativet
246,Orla Hav,66,Socialdemokratiet
15776,Peter Hummelgaard,66,Socialdemokratiet
20369,Helle Bonnesen,66,Det Konservative Folkeparti
15795,May-Britt Kattrup,66,Liberal Alliance
154,Mogens Jensen,66,Socialdemokratiet
19996,Helgi Abrahamsen,66,Sambandsflokkurin
19948,Mark Grossmann,66,Venstre
15783,Josephine Fock,66,Alternativet
235,Jeppe Kofod,66,Socialdemokratiet
15782,Britt Bager,66,Venstre
152,Ida Auken,66,Socialistisk Folkeparti
129,Bertel Haarder,66,Venstre
238,Morten Messerschmidt,66,Dansk Folkeparti
15784,Søren Pape Poulsen,66,Det Konservative Folkeparti
19928,Kim Aas,66,Socialdemokratiet
20353,Sascha Faxe,66,Alternativet
15785,Jakob Sølvhøj,66,Enhedslisten
15781,Claus Kvist Hansen,66,Dansk Folkeparti
234,Anders Fogh Rasmussen,66,Venstre
12,Nicolai Wammen,66,Socialdemokratiet
153,Per Stig Møller,66,Det Konservative Folkeparti
15786,René Gade,66,Alternativet
15780,Tilde Bork,66,Dansk Folkeparti
149,Lars Barfoed,66,Det Konservative Folkeparti
144,Helle Thorning-Schmidt,66,Socialdemokratiet
15779,Carsten Bach,66,Liberal Alliance
15788,Jacob Mark,66,Socialistisk Folkeparti
19809,Christina Thorholm,66,Radikale Venstre
231,Manu Sareen,66,Radikale Venstre
57,Jakob Engel-Schmidt,66,Venstre
19982,Jan Bjergskov Larsen,66,Socialistisk Folkeparti
244,Magnus Heunicke,66,Socialdemokratiet
15787,Kaare Dybvad Bek,66,Socialdemokratiet
16073,Rasmus Vestergaard Madsen,66,Enhedslisten
20371,Linea Søgaard-Lidell,66,Venstre
20370,Christina Olumeko,66,Alternativet
19920,Karsten Filsø,66,Socialistisk Folkeparti
19919,Brian Bressendorff,66,Socialdemokratiet
15774,Lise Bech,66,Dansk Folkeparti
148,Anders Samuelsen,66,Radikale Venstre
247,Edmund Joensen,66,Venstre
19569,Maja Torp,66,Venstre
15799,Roger Courage Matthisen,66,Alternativet
15772,Ulla Sandbæk,66,Alternativet
127,Preben Bang Henriksen,66,Venstre
249,Kirsten Brosbøl (udpeget af S),66,Socialdemokratiet
19480,Henrik Vinther,66,Radikale Venstre
147,Johanne Schmidt-Nielsen,66,Enhedslisten
15800,Henrik Dahl,66,Liberal Alliance
159,Lars Dohn,66,Enhedslisten
19475,Susan Kronborg,66,Radikale Venstre
20966,Frederik Bloch Münster,66,Det Konservative Folkeparti
20368,Maria Durhuus,66,Socialdemokratiet
15798,Dorthe Ullemose,66,Dansk Folkeparti
17,Christine Antorini,66,Socialistisk Folkeparti
15881,Magni Arge,66,Tjóðveldi
15771,Morten Løkkegaard,66,Venstre
219,Lisbeth Bech-Nielsen,66,Socialistisk Folkeparti
64,Flemming Damgaard Larsen,66,Venstre
55,Marianne Jelved,66,Radikale Venstre
20351,Franciska Rosenkilde,66,Alternativet
16072,Carsten Kudsk,66,Dansk Folkeparti
252,Pia Kjærsgaard,66,Dansk Folkeparti
19221,Hanne Bjørn-Klausen,66,Det Konservative Folkeparti
21186,Mads Madsen Henriksen,66,Socialdemokratiet
217,Lars Christian Lilleholt,66,Venstre
15770,Mattias Tesfaye,66,Socialdemokratiet
5,Frank Aaen,66,Enhedslisten
158,Eigil Andersen,66,Socialistisk Folkeparti
220,Morten Bødskov,66,Socialdemokratiet
223,Henrik Høegh,66,Venstre
15796,Jan Erik Messmann,66,Dansk Folkeparti
19684,Mads Andersen,66,Det Konservative Folkeparti
130,Sophie Løhde,66,Venstre
15797,Christian Poll,66,Alternativet
19637,Kenneth Mikkelsen,66,Venstre
15773,Christina Egelund,66,Liberal Alliance
20350,Nick Zimmermann,66,Dansk Folkeparti
221,Pia Adelsteen,66,Dansk Folkeparti
20372,Betina Kastbjerg,66,Danmarksdemokraterne
18719,Birgitte Vind,67,Socialdemokratiet
1201,Mogens Camre,67,Dansk Folkeparti
18708,Charlotte Broman Mølbæk,67,Socialistisk Folkeparti
1760,Helga Moos,67,Venstre
1311,Ole Glahn,67,Radikale Venstre
18712,Niels Flemming Hansen,67,Det Konservative Folkeparti
1299,Helle Sjelle,67,Det Konservative Folkeparti
1768,Grete Schødts,67,Socialdemokratiet
1745,Ulrik Kragh,67,Venstre
20411,Leila Stockmarr,67,Enhedslisten
1757,Irene Simonsen,67,Venstre
1769,Birthe Skaarup (udpeget af DF),67,Dansk Folkeparti
18713,Mona Juul,67,Det Konservative Folkeparti
18709,Signe Munk,67,Socialistisk Folkeparti
1755,Colette L. Brix,67,Dansk Folkeparti
20349,Anna Falkenberg,67,Sambandsflokkurin
1740,Karina Sørensen,67,Dansk Folkeparti
102,Jan E. Jørgensen,67,Venstre
20393,Katrine Daugaard,67,Liberal Alliance
1319,Ole Stavad (udpeget af S),67,Socialdemokratiet
20351,Franciska Rosenkilde,67,Alternativet
5,Frank Aaen,67,Enhedslisten
1770,Erik Mortensen,67,Socialdemokratiet
1256,Pia Gjellerup (udpeget af S),67,Socialdemokratiet
19948,Mark Grossmann,67,Venstre
20359,Sigurd Agersnap,67,Socialistisk Folkeparti
20358,Marianne Bigum,67,Socialistisk Folkeparti
18707,Astrid Carøe,67,Socialistisk Folkeparti
1744,Kamal Qureshi,67,Socialistisk Folkeparti
1753,Flemming Oppfeldt,67,Uden for Folketingsgrupperne
103,Anne Sina,67,Socialdemokratiet
1249,Allan Niebuhr,67,Det Konservative Folkeparti
18718,Anders Kronborg,67,Socialdemokratiet
20352,Helene Brydensholt,67,Alternativet
1749,Jens Vibjerg (udpeget af V),67,Venstre
20051,Theis Kylling Hommeltoft,67,Socialdemokratiet
1761,Else Theill Sørensen,67,Det Konservative Folkeparti
33,Holger K. Nielsen,67,Socialistisk Folkeparti
18714,Kasper Sand Kjær,67,Socialdemokratiet
1752,Jørn Jespersen,67,Socialistisk Folkeparti
93,Louise Elholm,67,Venstre
1234,Morten Homann,67,Socialistisk Folkeparti
18716,Rasmus Stoklund,67,Socialdemokratiet
1751,Inger Bierbaum,67,Socialdemokratiet
18711,Birgitte Bergman,67,Det Konservative Folkeparti
18715,Henrik Møller,67,Socialdemokratiet
20144,Maria Gudme,67,Socialdemokratiet
20350,Nick Zimmermann,67,Dansk Folkeparti
1759,Kaj Ikast,67,Det Konservative Folkeparti
18710,Katarina Ammitzbøll,67,Det Konservative Folkeparti
1269,Niels Høiby,67,Liberal Alliance
1258,Nanna Westerby,67,Socialistisk Folkeparti
21143,Morten Klessen,67,Socialdemokratiet
1280,Niels Sindal,67,Socialdemokratiet
19982,Jan Bjergskov Larsen,67,Socialistisk Folkeparti
1746,Tove Fergo,67,Venstre
92,Carsten Hansen,67,Socialdemokratiet
20392,Lars-Christian Brask,67,Liberal Alliance
28,Henrik Sass Larsen,67,Socialdemokratiet
20391,Sólbjørg Jakobsen,67,Liberal Alliance
18717,Bjørn Brandenborg,67,Socialdemokratiet
1767,Arne Toft,67,Socialdemokratiet
19996,Helgi Abrahamsen,67,Sambandsflokkurin
1250,Jan Trøjborg,67,Socialdemokratiet
1219,Mogens Nørgård,67,Kristendemokraterne
1747,Jytte Wittrock,67,Socialdemokratiet
18720,Camilla Fabricius,67,Socialdemokratiet
99,Ole Birk Olesen,67,Liberal Alliance
1739,Thor Gunnar Kofoed,67,Venstre
1470,Sandy Brinck,67,Socialdemokratiet
1410,Peter Madsen,67,Venstre
19569,Maja Torp,67,Venstre
18,Alex Ahrendtsen,67,Dansk Folkeparti
19000,Theresa Berg Andersen,67,Socialistisk Folkeparti
1471,Sanne Schroll,67,Socialistisk Folkeparti
1473,Sidsel Homann,67,Socialistisk Folkeparti
1398,Peter Brixtofte,67,Uden for Folketingsgrupperne
19637,Kenneth Mikkelsen,67,Venstre
100,Sofie Carsten Nielsen,67,Radikale Venstre
18953,Mira Issa Bloch,67,Alternativet
20396,Jens Meilvang,67,Liberal Alliance
1393,Pernille Blach Hansen,67,Socialdemokratiet
1474,Sidsel Leth Svensson,67,Det Konservative Folkeparti
19684,Mads Andersen,67,Det Konservative Folkeparti
20356,Mikkel Bjørn,67,Nye Borgerlige
1392,Pernille Søndergaard,67,Enhedslisten
18917,Balder Mørk Andersen,67,Socialistisk Folkeparti
20354,Theresa Scavenius,67,Alternativet
1478,Simon Pihl Sørensen,67,Socialdemokratiet
97,Jesper Petersen,67,Socialistisk Folkeparti
18882,Tanja Larsson,67,Socialdemokratiet
1484,Sofia Rossen,67,Inuit Ataqatigiit
19002,Gitte Willumsen,67,Venstre
1463,Ritt Bjerregaard,67,Socialdemokratiet
19016,Dorthe Hindborg,67,Socialdemokratiet
21206,Elvira Kûitse,67,Naleraq
1433,Poul Fischer,67,Dansk Folkeparti
19196,Ruben Kidde,67,Radikale Venstre
20355,Kim Edberg Andersen,67,Nye Borgerlige
19221,Hanne Bjørn-Klausen,67,Det Konservative Folkeparti
1440,Poul Erik Christensen,67,Radikale Venstre
19146,Anna Brændemose,67,Socialistisk Folkeparti
1431,Pia Kristensen,67,Dansk Folkeparti
1444,Poul Henrik Hedeboe,67,Socialistisk Folkeparti
21083,Thorkild Holmboe-Hay,67,Socialdemokratiet
17,Christine Antorini,67,Socialdemokratiet
1417,Pia Boisen,67,Enhedslisten
1385,Pernille Frahm (udpeget af SF),67,Socialistisk Folkeparti
19142,Barbara Gaardlykke Apol,67,Javnaðarflokkurin
20397,Steffen Larsen,67,Liberal Alliance
1454,Rasmus Jarlov,67,Det Konservative Folkeparti
1414,Peter Christian Christensen,67,Socialdemokratiet
19475,Susan Kronborg,67,Radikale Venstre
19133,Anders G. Christensen,67,Venstre
1455,René Skau Björnsson,67,Socialdemokratiet
98,René Christensen,67,Dansk Folkeparti
20398,Helena Artmann Andresen,67,Liberal Alliance
1413,Peter Westermann,67,Socialistisk Folkeparti
19480,Henrik Vinther,67,Radikale Venstre
1461,Rikke Hvilshøj,67,Venstre
1447,Poul Qvist Jørgensen,67,Socialdemokratiet
18830,Nils Sjøberg,67,Radikale Venstre
19748,Stine Pilt Olsen,67,Det Konservative Folkeparti
1378,Per Ørum Jørgensen,67,Det Konservative Folkeparti
1619,Yildiz Akdogan,67,Socialdemokratiet
18725,Samira Nawa,67,Radikale Venstre
1623,Aage Frandsen,67,Socialistisk Folkeparti
1357,Helge Sander,67,Venstre
1353,Peder Sass,67,Socialdemokratiet
95,Steen Gade,67,Socialistisk Folkeparti
19919,Brian Bressendorff,67,Socialdemokratiet
1636,Aase D. Madsen (udpeget af DF),67,Dansk Folkeparti
18724,Lars Boje Mathiesen,67,Nye Borgerlige
19920,Karsten Filsø,67,Socialistisk Folkeparti
24,Karsten Lauritzen,67,Venstre
19809,Christina Thorholm,67,Radikale Venstre
18723,Pernille Vermund,67,Nye Borgerlige
1718,Svend Heiselberg,67,Venstre
18722,Peter Seier Christensen,67,Nye Borgerlige
19928,Kim Aas,67,Socialdemokratiet
20353,Sascha Faxe,67,Alternativet
1727,Jette Bergenholz Bautrup,67,Socialdemokratiet
18721,Mette Thiesen,67,Nye Borgerlige
1730,Elsebeth Gerner Nielsen,67,Radikale Venstre
20400,Sandra Elisabeth Skalvig,67,Liberal Alliance
12,Nicolai Wammen,67,Socialdemokratiet
1325,Ole Vagn Christensen,67,Socialdemokratiet
1731,Flemming Hansen,67,Det Konservative Folkeparti
1334,Peter Laigaard,67,Liberal Alliance
94,Peter Christensen,67,Venstre
18726,Stinus Lindgreen,67,Radikale Venstre
1618,Walter Christophersen,67,Dansk Folkeparti
1495,Bendt Bendtsen,67,Det Konservative Folkeparti
18736,Egil Hulgaard,67,Det Konservative Folkeparti
1502,Karl H. Bornhøft,67,Socialistisk Folkeparti
13,Sara Olsvig,67,Inuit Ataqatigiit
1503,Hans Vestager,67,Radikale Venstre
23,Bjarne Corydon,67,Socialdemokratiet
19806,Alexander Grandt,67,Socialdemokratiet
1504,Laura Lindahl,67,Liberal Alliance
20395,Alexander Ryle,67,Liberal Alliance
20399,Louise Brown,67,Liberal Alliance
18729,Katrine Robsøe,67,Radikale Venstre
1358,Julie Rademacher,67,Socialdemokratiet
1375,Per Løkken,67,Det Konservative Folkeparti
18728,Anne Sophie Callesen,67,Radikale Venstre
96,Mike Legarth,67,Det Konservative Folkeparti
1556,Jann Sjursen,67,Kristendemokraterne
19807,Anne Rasmussen,67,Venstre
1371,Per Dalgaard,67,Dansk Folkeparti
18727,Kathrine Olldag,67,Radikale Venstre
1557,Bodil Kornbek,67,Kristendemokraterne
101,Morten Marinus,67,Dansk Folkeparti
1558,Tove Videbæk,67,Kristendemokraterne
20357,Lise Bertelsen,67,Det Konservative Folkeparti
1362,Per Bisgaard,67,Venstre
1513,Kisser Franciska Lehnert,67,Liberal Alliance
20394,Steffen W. Frølund,67,Liberal Alliance
15769,Maria Reumert Gjerding,67,Enhedslisten
1771,Uno Larsson,67,Dansk Folkeparti
6701,Kenneth F. Christensen,67,Socialdemokratiet
15798,Dorthe Ullemose,67,Dansk Folkeparti
6689,Juliane Henningsen Heilmann,67,Inuit Ataqatigiit
15799,Roger Courage Matthisen,67,Alternativet
73,Merete Riisager,67,Liberal Alliance
6688,Henrik Rasmussen,67,Det Konservative Folkeparti
15797,Christian Poll,67,Alternativet
6687,Kaj Leo Johannesen,67,Sambandsflokkurin
6686,Torben Lund,67,Socialistisk Folkeparti
15800,Henrik Dahl,67,Liberal Alliance
21161,Lisa Perkins,67,Liberal Alliance
55,Marianne Jelved,67,Radikale Venstre
6685,Anders Broholm,67,Venstre
15881,Magni Arge,67,Tjóðveldi
20368,Maria Durhuus,67,Socialdemokratiet
20379,Tobias Grotkjær Elmstrøm,67,Moderaterne
6737,Johannes Lebech,67,Radikale Venstre
15796,Jan Erik Messmann,67,Dansk Folkeparti
10107,Bruno Jerup,67,Enhedslisten
15792,Rasmus Nordqvist,67,Alternativet
20369,Helle Bonnesen,67,Det Konservative Folkeparti
15793,Mette Abildgaard,67,Det Konservative Folkeparti
9976,Jette Gottlieb,67,Enhedslisten
9780,Tórbjørn Jacobsen,67,Tjóðveldi
20378,Rosa Eriksen,67,Moderaterne
15794,Trine Torp,67,Socialistisk Folkeparti
8917,Thomas Horn,67,Socialdemokratiet
72,Karen Ellemann,67,Venstre
8910,Karin Storgaard,67,Dansk Folkeparti
8319,Jytte Andersen,67,Socialdemokratiet
15795,May-Britt Kattrup,67,Liberal Alliance
7633,Torben Hansen,67,Socialdemokratiet
56,Karin Nødgaard,67,Dansk Folkeparti
20377,Henrik Frandsen,67,Moderaterne
16072,Carsten Kudsk,67,Dansk Folkeparti
5905,"Mogens Jensen, Brøndby",67,Socialdemokratiet
4957,Tage Leegaard,67,Det Konservative Folkeparti
4956,Ib Poulsen,67,Dansk Folkeparti
16351,Malte Larsen,67,Socialdemokratiet
21186,Mads Madsen Henriksen,67,Socialdemokratiet
16374,Anders Johansson,67,Det Konservative Folkeparti
4515,Jørgen S. Lundsgaard,67,Det Konservative Folkeparti
4965,Hanne Agersnap (udpeget af SF),67,Socialistisk Folkeparti
16428,Emrah Tuncer,67,Radikale Venstre
4434,Abbas Razvi,67,Radikale Venstre
16503,Anne Paulin,67,Socialdemokratiet
77,Kristian Thulesen Dahl,67,Dansk Folkeparti
20381,Karin Liltorp,67,Moderaterne
4433,Jens Jørgen Nygaard,67,Det Konservative Folkeparti
49,Erling Bonnesen,67,Venstre
16473,Malou Lunderød,67,Socialdemokratiet
6684,Annita á Fríðriksmørk,67,Tjóðveldi
16180,Kasper Roug,67,Socialdemokratiet
75,Jeppe Mikkelsen,67,Radikale Venstre
74,Mette Reissmann,67,Socialdemokratiet
5593,Carsten Hansen,67,Socialdemokratiet
16073,Rasmus Vestergaard Madsen,67,Enhedslisten
5468,Dorrit Knudsen,67,Socialdemokratiet
5182,Anne Marie Geisler Andersen,67,Radikale Venstre
16074,Steen Holm Iversen,67,Liberal Alliance
4968,Knud Kristensen,67,Det Konservative Folkeparti
5132,Flemming Bonne,67,Socialistisk Folkeparti
16176,Nikolaj Amstrup,67,Alternativet
4971,Jane Alrø Sørensen,67,Socialistisk Folkeparti
20367,Kris Jensen Skriver,67,Socialdemokratiet
50,Liselott Blixt,67,Dansk Folkeparti
20380,Monika Rubin,67,Moderaterne
4969,Jørgen Poulsen,67,Liberal Alliance
16092,Sisse Marie Welling,67,Socialistisk Folkeparti
4428,Jens Borking,67,Enhedslisten
106,Margrethe Vestager,67,Radikale Venstre
15791,Eva Flyvholm,67,Enhedslisten
15775,Torsten Gejl,67,Alternativet
62,Annette Vilhelmsen,67,Socialistisk Folkeparti
15758,Aleqa Hammond,67,Siumut
15776,Peter Hummelgaard,67,Socialdemokratiet
15777,Pelle Dragsted,67,Enhedslisten
15757,Aaja Chemnitz,67,Inuit Ataqatigiit
15760,Lea Wermelin,67,Socialdemokratiet
68,Nikolaj Villumsen,67,Enhedslisten
20371,Linea Søgaard-Lidell,67,Venstre
20374,Kenneth Fredslund Petersen,67,Danmarksdemokraterne
14372,Susanne Eilersen (udpeget af DF),67,Dansk Folkeparti
14000,Nick Nielsen,67,Siumut
15779,Carsten Bach,67,Liberal Alliance
13843,Bente Bendix,67,Venstre
15778,Carolina Magdalene Maier,67,Alternativet
13836,Helge Vagn Jacobsen,67,Radikale Venstre
15761,Karina Due,67,Dansk Folkeparti
15762,Christian Rabjerg Madsen,67,Socialdemokratiet
15768,Pernille Schnoor,67,Socialdemokratiet
15770,Mattias Tesfaye,67,Socialdemokratiet
15767,Pernille Bendixen,67,Dansk Folkeparti
21168,Erik Veje Rasmussen,67,Venstre
15766,Erik Christensen (udpeget af S),67,Socialdemokratiet
15771,Morten Løkkegaard,67,Venstre
15774,Lise Bech,67,Dansk Folkeparti
20372,Betina Kastbjerg,67,Danmarksdemokraterne
15772,Ulla Sandbæk,67,Alternativet
20373,Susie Jessen,67,Danmarksdemokraterne
15764,Jan Rytkjær Callesen,67,Dansk Folkeparti
67,Nick Hækkerup,67,Socialdemokratiet
15763,Peter Kofod,67,Dansk Folkeparti
15773,Christina Egelund,67,Liberal Alliance
15765,Carl Holst,67,Venstre
10690,Steen Konradsen,67,Det Konservative Folkeparti
15780,Tilde Bork,67,Dansk Folkeparti
15781,Claus Kvist Hansen,67,Dansk Folkeparti
15787,Kaare Dybvad Bek,67,Socialdemokratiet
11412,Anna Kirsten Olesen,67,Socialdemokratiet
57,Jakob Engel-Schmidt,67,Venstre
20376,Kristian Bøgsted,67,Danmarksdemokraterne
10707,Erikanell Asmuss Lorentsen,67,Radikale Venstre
15788,Jacob Mark,67,Socialistisk Folkeparti
11583,Kenneth Kristensen Berth,67,Dansk Folkeparti
10706,Jette Plesner Dali,67,Dansk Folkeparti
15789,Jeppe Jakobsen,67,Dansk Folkeparti
10704,Kasper Krüger,67,Venstre
10702,Helle Dam,67,Socialdemokratiet
15790,Marcus Knuth,67,Venstre
71,Tom Behnke,67,Uden for Folketingsgrupperne
10691,Kurt Scheelsbeck,67,Det Konservative Folkeparti
10705,Bente Kronborg Holst,67,Dansk Folkeparti
13727,Sarah Nørris,67,Enhedslisten
70,Martin Henriksen (udpeget af DF),67,Dansk Folkeparti
11584,Daniel Rugholm,67,Det Konservative Folkeparti
59,Rasmus Helveg Petersen,67,Radikale Venstre
12285,Ida Damborg,67,Socialistisk Folkeparti
69,Pernille Skipper,67,Enhedslisten
15782,Britt Bager,67,Venstre
12284,Marie-Louise Andreassen,67,Radikale Venstre
20375,Charlotte Munch,67,Danmarksdemokraterne
15786,René Gade,67,Alternativet
12283,Aksel V. Johannesen,67,Javnaðarflokkurin
11702,Per Larsen,67,Det Konservative Folkeparti
11586,Bilal Inekci,67,Socialistisk Folkeparti
15784,Søren Pape Poulsen,67,Det Konservative Folkeparti
15785,Jakob Sølvhøj,67,Enhedslisten
11585,Jens Arne Hedegaard,67,Venstre
20370,Christina Olumeko,67,Alternativet
15783,Josephine Fock,67,Alternativet
3998,Thomas Krog,67,Socialistisk Folkeparti
16582,Peder Hvelplund,67,Enhedslisten
3997,Tina Bostrup,67,Radikale Venstre
1833,Høgni Hoydal,67,Tjóðveldi
1831,Freddie H. Madsen,67,Dansk Folkeparti
1830,Helge Mortensen,67,Socialdemokratiet
18693,Mai Villadsen,67,Enhedslisten
1829,Thor Pedersen,67,Venstre
39,Christian Juhl,67,Enhedslisten
18692,Susanne Zimmer,67,Alternativet
1824,Anders Møller,67,Uden for Folketingsgrupperne
1823,Knud Erik Kirkegaard,67,Det Konservative Folkeparti
85,Özlem Sara Cekic,67,Socialistisk Folkeparti
20388,Jon Stephensen,67,Moderaterne
1822,Jens Peter Vernersen,67,Socialdemokratiet
18695,Kim Valentin,67,Venstre
1821,Sven Buhrkall,67,Venstre
18694,Victoria Velasquez,67,Enhedslisten
1818,Ester Larsen,67,Venstre
84,Troels Ravn,67,Socialdemokratiet
64,Flemming Damgaard Larsen,67,Venstre
43,Pia Olsen Dyhr,67,Socialistisk Folkeparti
1882,Henriette Kjær,67,Det Konservative Folkeparti
18415,Julius Graakjær Grantzau,67,Alternativet
83,Brian Mikkelsen,67,Det Konservative Folkeparti
1881,Elisabeth Arnold,67,Radikale Venstre
1880,Anne-Marie Meldgaard,67,Socialdemokratiet
1844,Jens Kirk,67,Venstre
1879,Lars Kramer Mikkelsen,67,Socialdemokratiet
18614,Rigmor Dam,67,Javnaðarflokkurin
1850,Christian Lund Jepsen,67,Venstre
18688,Aki-Matilda Høegh-Dam,67,Siumut
1845,Søren Gade,67,Venstre
18691,Sikandar Siddique,67,Alternativet
20362,Thomas Monberg,67,Socialdemokratiet
18545,Henrik Old,67,Javnaðarflokkurin
18291,Erik Lund,67,Det Konservative Folkeparti
18696,Morten Dahlin,67,Venstre
1815,Jette Jespersen,67,Dansk Folkeparti
87,Finn Sørensen,67,Enhedslisten
1790,Freddy Dam (udpeget af V),67,Venstre
18703,Alex Vanopslagh,67,Liberal Alliance
1779,Else Winther Andersen,67,Venstre
18704,Halime Oguz,67,Socialistisk Folkeparti
1778,Svend Auken,67,Socialdemokratiet
1791,Henrik Vestergaard,67,Venstre
20390,Mike Villa Fonseca,67,Moderaterne
18705,Ina Strøjer-Schmidt,67,Socialistisk Folkeparti
1774,Jørgen Winther,67,Venstre
20360,Sofie Lippert,67,Socialistisk Folkeparti
34,Søren Espersen,67,Dansk Folkeparti
1773,Carsten Bo Jensen,67,Socialdemokratiet
18706,Anne Valentina Berthelsen,67,Socialistisk Folkeparti
1777,Anita Knakkergaard,67,Dansk Folkeparti
1817,Jens Christian Larsen,67,Venstre
18702,Anne Honoré Østergaard,67,Venstre
1792,Svend Aage Jensby,67,Venstre
18697,Stén Knuth,67,Venstre
18698,Marlene Ambo-Rasmussen,67,Venstre
20361,Fie Hækkerup,67,Socialdemokratiet
1814,Gudrun Laub,67,Venstre
18699,Christoffer Aagaard Melson,67,Venstre
86,Marlene Borst Hansen,67,Radikale Venstre
21194,Joachim Hoffmann-Petersen,67,Det Konservative Folkeparti
38,Astrid Krag,67,Socialistisk Folkeparti
18700,Heidi Bank,67,Venstre
20389,Peter Have,67,Moderaterne
1805,Inge-Lene Ebdrup,67,Liberal Alliance
1804,Jan Petersen (udpeget af S),67,Socialdemokratiet
1793,Keld Albrechtsen,67,Enhedslisten
18701,Marie Bjerre,67,Venstre
1811,Erik Larsen (udpeget af V),67,Venstre
1883,Anne Grete Holmsgaard (udpeget af SF),67,Socialistisk Folkeparti
20386,Rasmus Lund-Nielsen,67,Moderaterne
18278,Serdal Benli,67,Socialistisk Folkeparti
79,Christian Langballe (udpeget af DF),67,Dansk Folkeparti
3089,Joan Erlandsen,67,Venstre
3088,Bente Dahl,67,Radikale Venstre
17140,Orla Østerby,67,Det Konservative Folkeparti
20365,Matilde Powers,67,Socialdemokratiet
20383,Jeppe Søe,67,Moderaterne
17134,Jonathan Simmel,67,Enhedslisten
3087,Elisabeth Geday,67,Radikale Venstre
17141,Brigitte Klintskov Jerkel,67,Det Konservative Folkeparti
3085,Kim Mortensen,67,Socialdemokratiet
3084,Troels Christensen (udpeget af V),67,Venstre
17247,Klaus Markussen,67,Venstre
17267,Kristian Hegaard,67,Radikale Venstre
3083,Charlotte Fischer,67,Radikale Venstre
3086,Johs. Poulsen,67,Radikale Venstre
80,Torsten Schack Pedersen,67,Venstre
48,Peter Skaarup,67,Dansk Folkeparti
3092,Vibeke Grave,67,Socialdemokratiet
20366,Thomas Skriver Jensen,67,Socialdemokratiet
3996,Henrik Fruergaard,67,Venstre
16603,Sarah Glerup,67,Enhedslisten
3995,Egil Møller,67,Dansk Folkeparti
78,Marie Krarup,67,Dansk Folkeparti
16610,Lars Aslan Rasmussen,67,Socialdemokratiet
3090,Tina Petersen,67,Dansk Folkeparti
3994,Jesper Kinch-Jensen,67,Socialdemokratiet
3993,Grethe H. Nielsen,67,Socialdemokratiet
16728,Kirsten Normann Andersen,67,Socialistisk Folkeparti
3992,Bjørn Medom Nielsen,67,Socialdemokratiet
3093,Anfinn Kallsberg,67,Fólkaflokkurin
16757,Danny K. Malkowski,67,Liberal Alliance
16952,Helle Osther,67,Enhedslisten
20382,Mette Kierkgaard,67,Moderaterne
3082,Henrik Brodersen,67,Dansk Folkeparti
17360,Merete Scheelsbeck,67,Det Konservative Folkeparti
47,Karen Hækkerup (udpeget af S),67,Socialdemokratiet
1914,Jakob Jensen,67,Socialdemokratiet
44,Henning Hyllested,67,Enhedslisten
1912,Ida Jørgensen,67,Radikale Venstre
17963,Øjvind Vilsholm,67,Enhedslisten
1911,Henning Gjellerod,67,Socialdemokratiet
17988,Bjarni Hammer,67,Javnaðarflokkurin
20385,Charlotte Bagge Hansen,67,Moderaterne
82,Hans Kristian Skibby,67,Dansk Folkeparti
1887,Connie Hedegaard,67,Det Konservative Folkeparti
17990,Tommy Ahlers,67,Venstre
1886,Jacob Buksti,67,Socialdemokratiet
18265,Carsten Kissmeyer,67,Venstre
20363,Sara Emil Baaring,67,Socialdemokratiet
1885,Inge Dahl-Sørensen,67,Venstre
1891,Thomas Adelskov,67,Socialdemokratiet
21159,Ammar Ali,67,Moderaterne
1916,Christian Wedell-Neergaard,67,Det Konservative Folkeparti
17827,Tina Boel,67,Socialistisk Folkeparti
3081,Kurt Kirkegaard,67,Venstre
17543,Marianne Bredal,67,Venstre
20384,Nanna W. Gotfredsen,67,Moderaterne
3042,"Frode Sørensen, Hjørring",67,Socialdemokratiet
17628,Carl Valentin,67,Socialistisk Folkeparti
2156,Gitte Seeberg,67,Liberal Alliance
2103,Britta Schall Holberg,67,Venstre
17629,Mads Fuglede,67,Venstre
20364,Frederik Vad,67,Socialdemokratiet
17736,Per Nørhave,67,Dansk Folkeparti
1951,Flemming Møller (udpeget af V),67,Venstre
81,Mads Rørvig,67,Venstre
1948,Birgitte Møller,67,Radikale Venstre
1947,Søren Hansen,67,Socialdemokratiet
17752,Anders Stjernholm,67,Alternativet
88,Martin Geertsen,67,Venstre
20387,Kristian Klarskov,67,Moderaterne
145,Lars Løkke Rasmussen,67,Venstre
124,Kim Christiansen,67,Dansk Folkeparti
129,Bertel Haarder,67,Venstre
231,Manu Sareen,67,Radikale Venstre
226,Ole Sohn,67,Socialistisk Folkeparti
646,Jens Hald,67,Venstre
225,Uffe Elbæk,67,Radikale Venstre
677,Jesper Langballe,67,Dansk Folkeparti
20820,Carl Andersen,67,Liberal Alliance
224,Flemming Møller Mortensen,67,Socialdemokratiet
676,Søren Krarup,67,Dansk Folkeparti
223,Henrik Høegh,67,Venstre
221,Pia Adelsteen,67,Dansk Folkeparti
130,Sophie Løhde,67,Venstre
220,Morten Bødskov,67,Socialdemokratiet
679,Per Kaalund,67,Socialdemokratiet
219,Lisbeth Bech-Nielsen,67,Socialistisk Folkeparti
217,Lars Christian Lilleholt,67,Venstre
216,Mikkel Dencker,67,Dansk Folkeparti
20823,Morten Vehl,67,Danmarksdemokraterne
678,Klaus Hækkerup (udpeget af S),67,Socialdemokratiet
234,Anders Fogh Rasmussen,67,Venstre
20559,Reza Javid,67,Enhedslisten
235,Jeppe Kofod,67,Socialdemokratiet
259,Anne-Mette Winther Christiansen (udpeget af V),67,Venstre
669,Frank Jensen,67,Socialdemokratiet
20798,Mads Olsen,67,Socialistisk Folkeparti
258,Poul Andersen,67,Socialdemokratiet
670,Lars Emil Johansen,67,Siumut
257,Bjarne Laustsen,67,Socialdemokratiet
252,Pia Kjærsgaard,67,Dansk Folkeparti
249,Kirsten Brosbøl (udpeget af S),67,Socialdemokratiet
671,Niels Helveg Petersen,67,Radikale Venstre
247,Edmund Joensen,67,Sambandsflokkurin
127,Preben Bang Henriksen,67,Venstre
246,Orla Hav,67,Socialdemokratiet
245,Leif Mikkelsen,67,Liberal Alliance
20805,Jan Carlsen,67,Moderaterne
112,Lotte Rod,67,Radikale Venstre
672,Kuupik Kleist,67,Inuit Ataqatigiit
244,Magnus Heunicke,67,Socialdemokratiet
238,Morten Messerschmidt,67,Dansk Folkeparti
675,Hanne Severinsen,67,Venstre
111,Joachim B. Olsen,67,Liberal Alliance
215,Jørgen Arbo-Bæhr,67,Enhedslisten
680,Morten Helveg Petersen,67,Radikale Venstre
214,Jeppe Bruus,67,Socialdemokratiet
133,John Dyrby Paulsen,67,Socialdemokratiet
20916,Kenneth Bjerg Andersen,67,Moderaterne
920,Lise Hækkerup,67,Socialdemokratiet
199,Karsten Hønge,67,Socialistisk Folkeparti
951,Lissa Mathiasen,67,Socialdemokratiet
198,Anne Baastrup,67,Socialistisk Folkeparti
197,Mette Gjerskov,67,Socialdemokratiet
195,Pernille Vigsø Bagge,67,Socialistisk Folkeparti
1023,Lone Møller (udpeget af S),67,Socialdemokratiet
194,Kristian Pihl Lorentzen,67,Venstre
193,Karsten Nonbo,67,Venstre
134,Christian Friis Bach,67,Radikale Venstre
1039,Lotte Bundsgaard,67,Socialdemokratiet
192,Fatma Øktem,67,Venstre
20917,Tina Cartey Hansen,67,Det Konservative Folkeparti
191,Zenia Stampe,67,Radikale Venstre
20527,Nanna Høyrup,67,Alternativet
1044,Lotte Thiim Bertelsen,67,Socialistisk Folkeparti
190,Thyra Frank,67,Liberal Alliance
200,Jane Heitmann,67,Venstre
260,Leif Lahn Jensen,67,Socialdemokratiet
110,Rosa Lund,67,Enhedslisten
20976,Caroline Stage Olsen,67,Moderaterne
131,Lene Espersen,67,Det Konservative Folkeparti
213,Jens Joel,67,Socialdemokratiet
725,Preben Rudiengaard,67,Venstre
212,Eyvind Vesselbo,67,Venstre
211,Jørn Dohrmann,67,Dansk Folkeparti
794,Lene Garsdal,67,Socialistisk Folkeparti
210,Birgitte Josefsen,67,Venstre
20539,Noah Sturis,67,Alternativet
209,Camilla Hersom,67,Radikale Venstre
801,Lene Hansen,67,Socialdemokratiet
20841,Lars Arne Christensen,67,Moderaterne
208,Simon Kollerup,67,Socialdemokratiet
132,Søren Pind,67,Venstre
207,Jakob Ellemann-Jensen,67,Venstre
856,Line Barfod,67,Enhedslisten
206,Troels Lund Poulsen,67,Venstre
205,Jonas Dahl,67,Socialistisk Folkeparti
202,Peder Christensen,67,Socialdemokratiet
918,Lisbeth Petersen,67,Venstre
201,Thomas Jensen,67,Socialdemokratiet
126,Kim Andersen (udpeget af V),67,Venstre
261,Esben Lunde Larsen,67,Venstre
262,Sjúrður Skaale,67,Tjóðveldi
362,Vivi Kier,67,Det Konservative Folkeparti
651,Jens Christian Lund,67,Socialdemokratiet
354,Mette Boye,67,Socialistisk Folkeparti
117,Simon Emil Ammitzbøll-Bille,67,Radikale Venstre
652,Lene Jensen,67,Socialdemokratiet
353,Lykke Friis,67,Venstre
20747,Jenny Andresen,67,Danmarksdemokraterne
352,Henrik Dam Kristensen,67,Socialdemokratiet
653,Lise von Seelen,67,Socialdemokratiet
351,Sophie Hæstorp Andersen,67,Socialdemokratiet
350,Gitte Lillelund Bech,67,Venstre
121,Karina Lorentzen Dehnhardt,67,Socialistisk Folkeparti
654,Lone Dybkjær,67,Radikale Venstre
348,Villy Søvndal,67,Socialistisk Folkeparti
344,Linda Kristiansen,67,Radikale Venstre
343,Mie Bergmann,67,Radikale Venstre
305,Jens Ejner Christensen,67,Venstre
20767,Andreas Karlsen,67,Det Konservative Folkeparti
655,Rune Lund,67,Enhedslisten
120,Benny Engelbrecht,67,Socialdemokratiet
304,Jacob Lund,67,Socialdemokratiet
363,Jacob Bjerregaard,67,Socialdemokratiet
364,Birthe Rønn Hornbech,67,Venstre
645,Christian Mejdahl,67,Venstre
386,Claus Larsen-Jensen (udpeget af),67,Socialdemokratiet
20635,Markus E. Olsen,67,Siumut
647,Charlotte Antonsen (udpeget af V),67,Venstre
384,Mogens Lykketoft,67,Socialdemokratiet
379,Kristen Touborg,67,Socialistisk Folkeparti
378,Merete Dea Larsen,67,Dansk Folkeparti
21075,Michael Rosenmark,67,Danmarksdemokraterne
376,Annika Smith,67,Socialistisk Folkeparti
648,Carina Christensen,67,Det Konservative Folkeparti
371,Niels Christian Nielsen,67,Socialdemokratiet
119,Dennis Flydtkjær,67,Dansk Folkeparti
370,Thomas Medom,67,Socialistisk Folkeparti
649,Jakob Axel Nielsen,67,Det Konservative Folkeparti
367,Karen Touborg,67,Socialistisk Folkeparti
20642,Anne Hegelund,67,Enhedslisten
366,Daniel Toft Jakobsen,67,Socialdemokratiet
650,Hüseyin Arac,67,Socialdemokratiet
365,Karen Jespersen,67,Venstre
20629,Nikoline Erbs Hillers-Bendtsen,67,Alternativet
189,Mai Mercado,67,Det Konservative Folkeparti
303,Anita Christensen,67,Dansk Folkeparti
656,Jesper Kiel,67,Enhedslisten
273,Per Husted,67,Socialdemokratiet
664,Pia Christmas-Møller,67,Det Konservative Folkeparti
272,Ole Hækkerup,67,Socialdemokratiet
271,Kristian Jensen,67,Venstre
21044,Lasse Haugaard Pedersen,67,Socialdemokratiet
270,Claus Hjort Frederiksen,67,Venstre
268,Helle Løvgreen Mølvig,67,Radikale Venstre
665,Helge Adam Møller,67,Det Konservative Folkeparti
125,Hans Christian Schmidt,67,Venstre
266,Rasmus Horn Langhoff,67,Socialdemokratiet
113,Jens Henrik Thulesen Dahl,67,Dansk Folkeparti
666,Jørn Pedersen,67,Socialdemokratiet
20790,Ken Kristensen,67,Venstre
265,Eva Kjer Hansen,67,Venstre
20580,Lean Milo,67,Moderaterne
264,Rasmus Prehn,67,Socialdemokratiet
667,Søren Egge Rasmussen,67,Enhedslisten
263,Mette Hjermind Dencker,67,Dansk Folkeparti
668,Naser Khader,67,Liberal Alliance
276,Pernille Boye Koch,67,Radikale Venstre
122,Stine Brix,67,Enhedslisten
20781,Gunvor Wibroe,67,Socialdemokratiet
277,Johan Lund Olsen,67,Inuit Ataqatigiit
302,Benedikte Kiær,67,Det Konservative Folkeparti
297,Maja Panduro (udpeget af S),67,Socialdemokratiet
296,Ulla Tørnæs,67,Venstre
657,Pia Larsen,67,Venstre
294,Doris Jakobsen,67,Siumut
288,Torben Hansen (udpeget af S),67,Socialdemokratiet
20779,Runa Friis Hansen,67,Enhedslisten
20599,Søren Rasmussen,67,Dansk Folkeparti
286,Ane Halsboe-Jørgensen,67,Socialdemokratiet
123,Andreas Steenberg,67,Radikale Venstre
116,Morten Østergaard,67,Radikale Venstre
660,Svend Erik Hovmand,67,Venstre
282,Sanne Bjørn,67,Radikale Venstre
661,Jens Rohde,67,Venstre
281,Finn Thranum,67,Venstre
280,Karen J. Klint (udpeget af S),67,Socialdemokratiet
662,Poul Nødgaard,67,Dansk Folkeparti
279,Tina Nedergaard,67,Venstre
278,Karin Gaardsted,67,Socialdemokratiet
663,Christian H. Hansen,67,Dansk Folkeparti
1047,Louise Frevert,67,Uden for Folketingsgrupperne
118,Trine Bramsen,67,Socialdemokratiet
138,Mette Frederiksen,67,Socialdemokratiet
172,Pernille Rosenkrantz-Theil,67,Enhedslisten
182,Inger Støjberg,67,Venstre
1085,Majbrit Berlau,67,Enhedslisten
141,Martin Lidegaard,67,Radikale Venstre
171,Per Clausen,67,Enhedslisten
1146,Marlene Harpsøe,67,Dansk Folkeparti
160,Jan Johansen,67,Socialdemokratiet
144,Helle Thorning-Schmidt,67,Socialdemokratiet
183,Bent Bøgsted,67,Dansk Folkeparti
168,Anni Matthiesen,67,Venstre
149,Lars Barfoed,67,Det Konservative Folkeparti
20925,Dina Raabjerg,67,Det Konservative Folkeparti
1115,Marianne Pedersen,67,Venstre
184,Lennart Damsbo-Andersen,67,Socialdemokratiet
161,Liv Holm Andersen,67,Radikale Venstre
139,Thomas Danielsen,67,Venstre
20496,Henrik Rejnholt Andersen,67,Moderaterne
153,Per Stig Møller,67,Det Konservative Folkeparti
181,Annette Lind,67,Socialdemokratiet
1162,Meta Fuglsang,67,Socialistisk Folkeparti
178,Michael Aastrup Jensen,67,Venstre
1090,Malou Aamund,67,Liberal Alliance
156,Lone Loklindt,67,Radikale Venstre
155,Villum Christensen,67,Liberal Alliance
20962,Claus Jørgensen,67,Socialistisk Folkeparti
176,Søren Søndergaard,67,Enhedslisten
21076,Charlotte Nellemann,67,Liberal Alliance
179,Hans Christian Thoning,67,Venstre
154,Mogens Jensen,67,Socialdemokratiet
20930,Louise Mehnke,67,Socialdemokratiet
158,Eigil Andersen,67,Socialistisk Folkeparti
173,Jacob Jensen,67,Venstre
180,Peter Juel-Jensen,67,Venstre
1094,Margot Torp,67,Socialdemokratiet
1087,Malene Søgaard-Andersen,67,Socialistisk Folkeparti
1124,Marion Pedersen,67,Venstre
159,Lars Dohn,67,Enhedslisten
148,Anders Samuelsen,67,Liberal Alliance
1172,Mia Falkenberg,67,Dansk Folkeparti
152,Ida Auken,67,Socialistisk Folkeparti
167,Dan Jørgensen,67,Socialdemokratiet
1183,Michael Thomsen,67,Socialistisk Folkeparti
147,Johanne Schmidt-Nielsen,67,Enhedslisten
1121,Marie Fugl,67,Socialistisk Folkeparti
163,Ellen Trane Nørby,67,Venstre
20415,Mohammad Rona,67,Moderaterne
162,Karina Adsbøl,67,Dansk Folkeparti
185,Nadeem Farooq,67,Radikale Venstre
1067,Lykke Roed,67,Dansk Folkeparti
20966,Frederik Bloch Münster,67,Det Konservative Folkeparti
108,Charlotte Dyremose,67,Det Konservative Folkeparti
135,Mette Bock,67,Liberal Alliance
188,Sanne Rubinke,67,Socialistisk Folkeparti
109,Trine Pertou Mach,67,Socialistisk Folkeparti
187,Julie Skovsby,67,Socialdemokratiet
164,Hans Andersen,67,Venstre
1116,Marianne Saxtoft,67,Radikale Venstre
20941,Preben Friis-Hauge,67,Venstre
11583,Kenneth Kristensen Berth,68,Dansk Folkeparti
158,Eigil Andersen,68,Socialistisk Folkeparti
6686,Torben Lund,68,Socialistisk Folkeparti
286,Ane Halsboe-Jørgensen,68,Socialdemokratiet
19480,Henrik Vinther,68,Radikale Venstre
19475,Susan Kronborg,68,Radikale Venstre
6687,Kaj Leo Johannesen,68,Sambandsflokkurin
12284,Marie-Louise Andreassen,68,Radikale Venstre
73,Merete Riisager,68,Liberal Alliance
20779,Runa Friis Hansen,68,Enhedslisten
19002,Gitte Willumsen,68,Venstre
6688,Henrik Rasmussen,68,Det Konservative Folkeparti
282,Sanne Bjørn,68,Radikale Venstre
266,Rasmus Horn Langhoff,68,Socialdemokratiet
6689,Juliane Henningsen Heilmann,68,Inuit Ataqatigiit
123,Andreas Steenberg,68,Radikale Venstre
69,Pernille Skipper,68,Enhedslisten
141,Martin Lidegaard,68,Radikale Venstre
19569,Maja Torp,68,Venstre
288,Torben Hansen (udpeget af S),68,Socialdemokratiet
19637,Kenneth Mikkelsen,68,Venstre
13,Sara Olsvig,68,Inuit Ataqatigiit
122,Stine Brix,68,Enhedslisten
4971,Jane Alrø Sørensen,68,Socialistisk Folkeparti
20790,Ken Kristensen,68,Venstre
18,Alex Ahrendtsen,68,Dansk Folkeparti
297,Maja Panduro (udpeget af S),68,Socialdemokratiet
5132,Flemming Bonne,68,Socialistisk Folkeparti
265,Eva Kjer Hansen,68,Venstre
5182,Anne Marie Geisler Andersen,68,Radikale Venstre
5468,Dorrit Knudsen,68,Socialdemokratiet
74,Mette Reissmann,68,Socialdemokratiet
12285,Ida Damborg,68,Socialistisk Folkeparti
296,Ulla Tørnæs,68,Venstre
19684,Mads Andersen,68,Det Konservative Folkeparti
5593,Carsten Hansen,68,Socialdemokratiet
5905,"Mogens Jensen, Brøndby",68,Socialdemokratiet
125,Hans Christian Schmidt,68,Venstre
156,Lone Loklindt,68,Radikale Venstre
20379,Tobias Grotkjær Elmstrøm,68,Moderaterne
294,Doris Jakobsen,68,Siumut
20354,Theresa Scavenius,68,Alternativet
6684,Annita á Fríðriksmørk,68,Tjóðveldi
6701,Kenneth F. Christensen,68,Socialdemokratiet
6685,Anders Broholm,68,Venstre
20378,Rosa Eriksen,68,Moderaterne
162,Karina Adsbøl,68,Dansk Folkeparti
12283,Aksel V. Johannesen,68,Javnaðarflokkurin
10691,Kurt Scheelsbeck,68,Det Konservative Folkeparti
71,Tom Behnke,68,Uden for Folketingsgrupperne
276,Pernille Boye Koch,68,Radikale Venstre
11586,Bilal Inekci,68,Socialistisk Folkeparti
20355,Kim Edberg Andersen,68,Nye Borgerlige
11585,Jens Arne Hedegaard,68,Venstre
124,Kim Christiansen,68,Dansk Folkeparti
20941,Preben Friis-Hauge,68,Venstre
10702,Helle Dam,68,Socialdemokratiet
270,Claus Hjort Frederiksen,68,Venstre
20781,Gunvor Wibroe,68,Socialdemokratiet
19146,Anna Brændemose,68,Socialistisk Folkeparti
10704,Kasper Krüger,68,Venstre
11584,Daniel Rugholm,68,Det Konservative Folkeparti
19142,Barbara Gaardlykke Apol,68,Javnaðarflokkurin
10705,Bente Kronborg Holst,68,Dansk Folkeparti
10706,Jette Plesner Dali,68,Dansk Folkeparti
20376,Kristian Bøgsted,68,Danmarksdemokraterne
272,Ole Hækkerup,68,Socialdemokratiet
10707,Erikanell Asmuss Lorentsen,68,Radikale Venstre
161,Liv Holm Andersen,68,Radikale Venstre
11412,Anna Kirsten Olesen,68,Socialdemokratiet
70,Martin Henriksen (udpeget af DF),68,Dansk Folkeparti
271,Kristian Jensen,68,Venstre
273,Per Husted,68,Socialdemokratiet
281,Finn Thranum,68,Venstre
10690,Steen Konradsen,68,Det Konservative Folkeparti
277,Johan Lund Olsen,68,Inuit Ataqatigiit
159,Lars Dohn,68,Enhedslisten
19133,Anders G. Christensen,68,Venstre
6737,Johannes Lebech,68,Radikale Venstre
21161,Lisa Perkins,68,Liberal Alliance
20375,Charlotte Munch,68,Danmarksdemokraterne
7633,Torben Hansen,68,Socialdemokratiet
280,Karen J. Klint (udpeget af S),68,Socialdemokratiet
19221,Hanne Bjørn-Klausen,68,Det Konservative Folkeparti
8319,Jytte Andersen,68,Socialdemokratiet
72,Karen Ellemann,68,Venstre
19016,Dorthe Hindborg,68,Socialdemokratiet
160,Jan Johansen,68,Socialdemokratiet
8910,Karin Storgaard,68,Dansk Folkeparti
17,Christine Antorini,68,Socialdemokratiet
8917,Thomas Horn,68,Socialdemokratiet
11702,Per Larsen,68,Det Konservative Folkeparti
21044,Lasse Haugaard Pedersen,68,Socialdemokratiet
9780,Tórbjørn Jacobsen,68,Tjóðveldi
278,Karin Gaardsted,68,Socialdemokratiet
268,Helle Løvgreen Mølvig,68,Radikale Venstre
19196,Ruben Kidde,68,Radikale Venstre
9976,Jette Gottlieb,68,Enhedslisten
20377,Henrik Frandsen,68,Moderaterne
10107,Bruno Jerup,68,Enhedslisten
279,Tina Nedergaard,68,Venstre
302,Benedikte Kiær,68,Det Konservative Folkeparti
188,Sanne Rubinke,68,Socialistisk Folkeparti
20966,Frederik Bloch Münster,68,Det Konservative Folkeparti
119,Dennis Flydtkjær,68,Dansk Folkeparti
1914,Jakob Jensen,68,Socialdemokratiet
370,Thomas Medom,68,Socialistisk Folkeparti
20144,Maria Gudme,68,Socialdemokratiet
1916,Christian Wedell-Neergaard,68,Det Konservative Folkeparti
367,Karen Touborg,68,Socialistisk Folkeparti
1947,Søren Hansen,68,Socialdemokratiet
81,Mads Rørvig,68,Venstre
148,Anders Samuelsen,68,Liberal Alliance
1948,Birgitte Møller,68,Radikale Venstre
20051,Theis Kylling Hommeltoft,68,Socialdemokratiet
1951,Flemming Møller (udpeget af V),68,Venstre
366,Daniel Toft Jakobsen,68,Socialdemokratiet
19996,Helgi Abrahamsen,68,Sambandsflokkurin
20642,Anne Hegelund,68,Enhedslisten
2103,Britta Schall Holberg,68,Venstre
365,Karen Jespersen,68,Venstre
2156,Gitte Seeberg,68,Uden for Folketingsgrupperne
20384,Nanna W. Gotfredsen,68,Moderaterne
21159,Ammar Ali,68,Moderaterne
19982,Jan Bjergskov Larsen,68,Socialistisk Folkeparti
3042,"Frode Sørensen, Hjørring",68,Socialdemokratiet
364,Birthe Rønn Hornbech,68,Venstre
3081,Kurt Kirkegaard,68,Venstre
149,Lars Barfoed,68,Det Konservative Folkeparti
3082,Henrik Brodersen,68,Dansk Folkeparti
80,Torsten Schack Pedersen,68,Venstre
363,Jacob Bjerregaard,68,Socialdemokratiet
19948,Mark Grossmann,68,Venstre
5,Frank Aaen,68,Enhedslisten
144,Helle Thorning-Schmidt,68,Socialdemokratiet
20385,Charlotte Bagge Hansen,68,Moderaterne
371,Niels Christian Nielsen,68,Socialdemokratiet
1845,Søren Gade,68,Venstre
645,Christian Mejdahl,68,Venstre
20351,Franciska Rosenkilde,68,Alternativet
118,Trine Bramsen,68,Socialdemokratiet
1850,Christian Lund Jepsen,68,Venstre
386,Claus Larsen-Jensen (udpeget af),68,Socialdemokratiet
1879,Lars Kramer Mikkelsen,68,Socialdemokratiet
1880,Anne-Marie Meldgaard,68,Socialdemokratiet
83,Brian Mikkelsen,68,Det Konservative Folkeparti
145,Lars Løkke Rasmussen,68,Venstre
1881,Elisabeth Arnold,68,Radikale Venstre
384,Mogens Lykketoft,68,Socialdemokratiet
1882,Henriette Kjær,68,Det Konservative Folkeparti
20386,Rasmus Lund-Nielsen,68,Moderaterne
20635,Markus E. Olsen,68,Siumut
1883,Anne Grete Holmsgaard (udpeget af SF),68,Socialistisk Folkeparti
379,Kristen Touborg,68,Socialistisk Folkeparti
20350,Nick Zimmermann,68,Dansk Folkeparti
1885,Inge Dahl-Sørensen,68,Venstre
378,Merete Dea Larsen,68,Dansk Folkeparti
147,Johanne Schmidt-Nielsen,68,Enhedslisten
1886,Jacob Buksti,68,Socialdemokratiet
1887,Connie Hedegaard,68,Det Konservative Folkeparti
20352,Helene Brydensholt,68,Alternativet
82,Hans Kristian Skibby,68,Dansk Folkeparti
376,Annika Smith,68,Socialistisk Folkeparti
1891,Thomas Adelskov,68,Socialdemokratiet
20349,Anna Falkenberg,68,Sambandsflokkurin
1911,Henning Gjellerod,68,Socialdemokratiet
1912,Ida Jørgensen,68,Radikale Venstre
4969,Jørgen Poulsen,68,Radikale Venstre
3083,Charlotte Fischer,68,Radikale Venstre
362,Vivi Kier,68,Det Konservative Folkeparti
21206,Elvira Kûitse,68,Naleraq
19807,Anne Rasmussen,68,Venstre
121,Karina Lorentzen Dehnhardt,68,Socialistisk Folkeparti
3996,Henrik Fruergaard,68,Venstre
3997,Tina Bostrup,68,Radikale Venstre
344,Linda Kristiansen,68,Radikale Venstre
3998,Thomas Krog,68,Socialistisk Folkeparti
4428,Jens Borking,68,Enhedslisten
20381,Karin Liltorp,68,Moderaterne
77,Kristian Thulesen Dahl,68,Dansk Folkeparti
4433,Jens Jørgen Nygaard,68,Det Konservative Folkeparti
343,Mie Bergmann,68,Radikale Venstre
154,Mogens Jensen,68,Socialdemokratiet
4434,Abbas Razvi,68,Radikale Venstre
305,Jens Ejner Christensen,68,Venstre
19806,Alexander Grandt,68,Socialdemokratiet
4515,Jørgen S. Lundsgaard,68,Det Konservative Folkeparti
304,Jacob Lund,68,Socialdemokratiet
19000,Theresa Berg Andersen,68,Socialistisk Folkeparti
4956,Ib Poulsen,68,Dansk Folkeparti
155,Villum Christensen,68,Liberal Alliance
20767,Andreas Karlsen,68,Det Konservative Folkeparti
4957,Tage Leegaard,68,Det Konservative Folkeparti
4965,Hanne Agersnap (udpeget af SF),68,Socialistisk Folkeparti
75,Jeppe Mikkelsen,68,Radikale Venstre
303,Anita Christensen,68,Dansk Folkeparti
19748,Stine Pilt Olsen,68,Det Konservative Folkeparti
4968,Knud Kristensen,68,Det Konservative Folkeparti
20380,Monika Rubin,68,Moderaterne
348,Villy Søvndal,68,Socialistisk Folkeparti
3084,Troels Christensen (udpeget af V),68,Venstre
3995,Egil Møller,68,Dansk Folkeparti
19809,Christina Thorholm,68,Radikale Venstre
152,Ida Auken,68,Socialistisk Folkeparti
19928,Kim Aas,68,Socialdemokratiet
3085,Kim Mortensen,68,Socialdemokratiet
120,Benny Engelbrecht,68,Socialdemokratiet
3086,Johs. Poulsen,68,Radikale Venstre
20383,Jeppe Søe,68,Moderaterne
3087,Elisabeth Geday,68,Radikale Venstre
354,Mette Boye,68,Socialistisk Folkeparti
12,Nicolai Wammen,68,Socialdemokratiet
3088,Bente Dahl,68,Radikale Venstre
20353,Sascha Faxe,68,Alternativet
79,Christian Langballe (udpeget af DF),68,Dansk Folkeparti
353,Lykke Friis,68,Venstre
3089,Joan Erlandsen,68,Venstre
19920,Karsten Filsø,68,Socialistisk Folkeparti
3090,Tina Petersen,68,Dansk Folkeparti
352,Henrik Dam Kristensen,68,Socialdemokratiet
19919,Brian Bressendorff,68,Socialdemokratiet
3092,Vibeke Grave,68,Socialdemokratiet
20747,Jenny Andresen,68,Danmarksdemokraterne
3093,Anfinn Kallsberg,68,Fólkaflokkurin
351,Sophie Hæstorp Andersen,68,Socialdemokratiet
3992,Bjørn Medom Nielsen,68,Socialdemokratiet
20382,Mette Kierkgaard,68,Moderaterne
153,Per Stig Møller,68,Det Konservative Folkeparti
3993,Grethe H. Nielsen,68,Socialdemokratiet
78,Marie Krarup,68,Dansk Folkeparti
350,Gitte Lillelund Bech,68,Venstre
3994,Jesper Kinch-Jensen,68,Socialdemokratiet
20962,Claus Jørgensen,68,Socialistisk Folkeparti
13727,Sarah Nørris,68,Enhedslisten
261,Esben Lunde Larsen,68,Venstre
13836,Helge Vagn Jacobsen,68,Radikale Venstre
18714,Kasper Sand Kjær,68,Socialdemokratiet
209,Camilla Hersom,68,Radikale Venstre
181,Annette Lind,68,Socialdemokratiet
16952,Helle Osther,68,Enhedslisten
18713,Mona Juul,68,Det Konservative Folkeparti
17134,Jonathan Simmel,68,Enhedslisten
20365,Matilde Powers,68,Socialdemokratiet
208,Simon Kollerup,68,Socialdemokratiet
18712,Niels Flemming Hansen,68,Det Konservative Folkeparti
17140,Orla Østerby,68,Det Konservative Folkeparti
20841,Lars Arne Christensen,68,Moderaterne
207,Jakob Ellemann-Jensen,68,Venstre
17141,Brigitte Klintskov Jerkel,68,Det Konservative Folkeparti
48,Peter Skaarup,68,Dansk Folkeparti
132,Søren Pind,68,Venstre
182,Inger Støjberg,68,Venstre
17267,Kristian Hegaard,68,Radikale Venstre
47,Karen Hækkerup (udpeget af S),68,Socialdemokratiet
206,Troels Lund Poulsen,68,Venstre
20359,Sigurd Agersnap,68,Socialistisk Folkeparti
17360,Merete Scheelsbeck,68,Det Konservative Folkeparti
17543,Marianne Bredal,68,Venstre
205,Jonas Dahl,68,Socialistisk Folkeparti
18711,Birgitte Bergman,68,Det Konservative Folkeparti
17628,Carl Valentin,68,Socialistisk Folkeparti
20364,Frederik Vad,68,Socialdemokratiet
17629,Mads Fuglede,68,Venstre
202,Peder Christensen,68,Socialdemokratiet
17247,Klaus Markussen,68,Venstre
16757,Danny K. Malkowski,68,Liberal Alliance
16728,Kirsten Normann Andersen,68,Socialistisk Folkeparti
18715,Henrik Møller,68,Socialdemokratiet
18718,Anders Kronborg,68,Socialdemokratiet
50,Liselott Blixt,68,Dansk Folkeparti
16176,Nikolaj Amstrup,68,Alternativet
215,Jørgen Arbo-Bæhr,68,Enhedslisten
20823,Morten Vehl,68,Danmarksdemokraterne
16180,Kasper Roug,68,Socialdemokratiet
214,Jeppe Bruus,68,Socialdemokratiet
179,Hans Christian Thoning,68,Venstre
18717,Bjørn Brandenborg,68,Socialdemokratiet
16351,Malte Larsen,68,Socialdemokratiet
213,Jens Joel,68,Socialdemokratiet
16374,Anders Johansson,68,Det Konservative Folkeparti
28,Henrik Sass Larsen,68,Socialdemokratiet
131,Lene Espersen,68,Det Konservative Folkeparti
16428,Emrah Tuncer,68,Radikale Venstre
16473,Malou Lunderød,68,Socialdemokratiet
49,Erling Bonnesen,68,Venstre
212,Eyvind Vesselbo,68,Venstre
18716,Rasmus Stoklund,68,Socialdemokratiet
16503,Anne Paulin,68,Socialdemokratiet
20366,Thomas Skriver Jensen,68,Socialdemokratiet
16582,Peder Hvelplund,68,Enhedslisten
211,Jørn Dohrmann,68,Dansk Folkeparti
180,Peter Juel-Jensen,68,Venstre
16603,Sarah Glerup,68,Enhedslisten
20976,Caroline Stage Olsen,68,Moderaterne
16610,Lars Aslan Rasmussen,68,Socialdemokratiet
21186,Mads Madsen Henriksen,68,Socialdemokratiet
210,Birgitte Josefsen,68,Venstre
20925,Dina Raabjerg,68,Det Konservative Folkeparti
33,Holger K. Nielsen,68,Socialistisk Folkeparti
17736,Per Nørhave,68,Dansk Folkeparti
18710,Katarina Ammitzbøll,68,Det Konservative Folkeparti
194,Kristian Pihl Lorentzen,68,Venstre
18692,Susanne Zimmer,68,Alternativet
39,Christian Juhl,68,Enhedslisten
193,Karsten Nonbo,68,Venstre
18693,Mai Villadsen,68,Enhedslisten
185,Nadeem Farooq,68,Radikale Venstre
192,Fatma Øktem,68,Venstre
18705,Ina Strøjer-Schmidt,68,Socialistisk Folkeparti
18694,Victoria Velasquez,68,Enhedslisten
134,Christian Friis Bach,68,Radikale Venstre
18695,Kim Valentin,68,Venstre
191,Zenia Stampe,68,Radikale Venstre
18696,Morten Dahlin,68,Venstre
34,Søren Espersen,68,Dansk Folkeparti
18697,Stén Knuth,68,Venstre
20360,Sofie Lippert,68,Socialistisk Folkeparti
20361,Fie Hækkerup,68,Socialdemokratiet
20917,Tina Cartey Hansen,68,Det Konservative Folkeparti
18698,Marlene Ambo-Rasmussen,68,Venstre
38,Astrid Krag,68,Socialistisk Folkeparti
18704,Halime Oguz,68,Socialistisk Folkeparti
190,Thyra Frank,68,Liberal Alliance
187,Julie Skovsby,68,Socialdemokratiet
18699,Christoffer Aagaard Melson,68,Venstre
18700,Heidi Bank,68,Venstre
189,Mai Mercado,68,Det Konservative Folkeparti
18703,Alex Vanopslagh,68,Liberal Alliance
18701,Marie Bjerre,68,Venstre
18702,Anne Honoré Østergaard,68,Venstre
18691,Sikandar Siddique,68,Alternativet
20367,Kris Jensen Skriver,68,Socialdemokratiet
20362,Thomas Monberg,68,Socialdemokratiet
18706,Anne Valentina Berthelsen,68,Socialistisk Folkeparti
17752,Anders Stjernholm,68,Alternativet
44,Henning Hyllested,68,Enhedslisten
201,Thomas Jensen,68,Socialdemokratiet
17827,Tina Boel,68,Socialistisk Folkeparti
200,Jane Heitmann,68,Venstre
17963,Øjvind Vilsholm,68,Enhedslisten
183,Bent Bøgsted,68,Dansk Folkeparti
18709,Signe Munk,68,Socialistisk Folkeparti
18708,Charlotte Broman Mølbæk,68,Socialistisk Folkeparti
21194,Joachim Hoffmann-Petersen,68,Det Konservative Folkeparti
17988,Bjarni Hammer,68,Javnaðarflokkurin
199,Karsten Hønge,68,Socialistisk Folkeparti
17990,Tommy Ahlers,68,Venstre
20363,Sara Emil Baaring,68,Socialdemokratiet
133,John Dyrby Paulsen,68,Socialdemokratiet
18265,Carsten Kissmeyer,68,Venstre
20916,Kenneth Bjerg Andersen,68,Moderaterne
18707,Astrid Carøe,68,Socialistisk Folkeparti
18278,Serdal Benli,68,Socialistisk Folkeparti
198,Anne Baastrup,68,Socialistisk Folkeparti
184,Lennart Damsbo-Andersen,68,Socialdemokratiet
18291,Erik Lund,68,Det Konservative Folkeparti
43,Pia Olsen Dyhr,68,Socialistisk Folkeparti
18415,Julius Graakjær Grantzau,68,Alternativet
197,Mette Gjerskov,68,Socialdemokratiet
135,Mette Bock,68,Liberal Alliance
18545,Henrik Old,68,Javnaðarflokkurin
18614,Rigmor Dam,68,Javnaðarflokkurin
195,Pernille Vigsø Bagge,68,Socialistisk Folkeparti
18688,Aki-Matilda Høegh-Dam,68,Siumut
16092,Sisse Marie Welling,68,Socialistisk Folkeparti
20358,Marianne Bigum,68,Socialistisk Folkeparti
16074,Steen Holm Iversen,68,Liberal Alliance
15767,Pernille Bendixen,68,Dansk Folkeparti
18736,Egil Hulgaard,68,Det Konservative Folkeparti
15768,Pernille Schnoor,68,Socialdemokratiet
64,Flemming Damgaard Larsen,68,Venstre
15769,Maria Reumert Gjerding,68,Enhedslisten
252,Pia Kjærsgaard,68,Dansk Folkeparti
15770,Mattias Tesfaye,68,Socialdemokratiet
20372,Betina Kastbjerg,68,Danmarksdemokraterne
249,Kirsten Brosbøl (udpeget af S),68,Socialdemokratiet
15771,Morten Løkkegaard,68,Venstre
15772,Ulla Sandbæk,68,Alternativet
247,Edmund Joensen,68,Sambandsflokkurin
21168,Erik Veje Rasmussen,68,Venstre
168,Anni Matthiesen,68,Venstre
18729,Katrine Robsøe,68,Radikale Venstre
15773,Christina Egelund,68,Liberal Alliance
127,Preben Bang Henriksen,68,Venstre
15774,Lise Bech,68,Dansk Folkeparti
62,Annette Vilhelmsen,68,Socialistisk Folkeparti
246,Orla Hav,68,Socialdemokratiet
15775,Torsten Gejl,68,Alternativet
23,Bjarne Corydon,68,Socialdemokratiet
15776,Peter Hummelgaard,68,Socialdemokratiet
245,Leif Mikkelsen,68,Liberal Alliance
18728,Anne Sophie Callesen,68,Radikale Venstre
15777,Pelle Dragsted,68,Enhedslisten
20371,Linea Søgaard-Lidell,68,Venstre
15778,Carolina Magdalene Maier,68,Alternativet
244,Magnus Heunicke,68,Socialdemokratiet
257,Bjarne Laustsen,68,Socialdemokratiet
171,Per Clausen,68,Enhedslisten
15766,Erik Christensen (udpeget af S),68,Socialdemokratiet
18830,Nils Sjøberg,68,Radikale Venstre
163,Ellen Trane Nørby,68,Venstre
18953,Mira Issa Bloch,68,Alternativet
13843,Bente Bendix,68,Venstre
14000,Nick Nielsen,68,Siumut
20374,Kenneth Fredslund Petersen,68,Danmarksdemokraterne
68,Nikolaj Villumsen,68,Enhedslisten
263,Mette Hjermind Dencker,68,Dansk Folkeparti
14372,Susanne Eilersen (udpeget af DF),68,Dansk Folkeparti
15757,Aaja Chemnitz,68,Inuit Ataqatigiit
262,Sjúrður Skaale,68,Tjóðveldi
164,Hans Andersen,68,Venstre
15758,Aleqa Hammond,68,Siumut
18917,Balder Mørk Andersen,68,Socialistisk Folkeparti
20356,Mikkel Bjørn,68,Nye Borgerlige
15760,Lea Wermelin,68,Socialdemokratiet
15761,Karina Due,68,Dansk Folkeparti
260,Leif Lahn Jensen,68,Socialdemokratiet
18882,Tanja Larsson,68,Socialdemokratiet
15762,Christian Rabjerg Madsen,68,Socialdemokratiet
67,Nick Hækkerup,68,Socialdemokratiet
126,Kim Andersen (udpeget af V),68,Venstre
15763,Peter Kofod,68,Dansk Folkeparti
20373,Susie Jessen,68,Danmarksdemokraterne
259,Anne-Mette Winther Christiansen (udpeget af V),68,Venstre
139,Thomas Danielsen,68,Venstre
15764,Jan Rytkjær Callesen,68,Dansk Folkeparti
167,Dan Jørgensen,68,Socialdemokratiet
15765,Carl Holst,68,Venstre
258,Poul Andersen,68,Socialdemokratiet
20798,Mads Olsen,68,Socialistisk Folkeparti
264,Rasmus Prehn,68,Socialdemokratiet
18727,Kathrine Olldag,68,Radikale Venstre
15779,Carsten Bach,68,Liberal Alliance
224,Flemming Møller Mortensen,68,Socialdemokratiet
15793,Mette Abildgaard,68,Det Konservative Folkeparti
56,Karin Nødgaard,68,Dansk Folkeparti
20820,Carl Andersen,68,Liberal Alliance
15794,Trine Torp,68,Socialistisk Folkeparti
223,Henrik Høegh,68,Venstre
18721,Mette Thiesen,68,Nye Borgerlige
15795,May-Britt Kattrup,68,Liberal Alliance
221,Pia Adelsteen,68,Dansk Folkeparti
15796,Jan Erik Messmann,68,Dansk Folkeparti
176,Søren Søndergaard,68,Enhedslisten
18720,Camilla Fabricius,68,Socialdemokratiet
15797,Christian Poll,68,Alternativet
15798,Dorthe Ullemose,68,Dansk Folkeparti
20368,Maria Durhuus,68,Socialdemokratiet
220,Morten Bødskov,68,Socialdemokratiet
178,Michael Aastrup Jensen,68,Venstre
15799,Roger Courage Matthisen,68,Alternativet
130,Sophie Løhde,68,Venstre
55,Marianne Jelved,68,Radikale Venstre
15800,Henrik Dahl,68,Liberal Alliance
18719,Birgitte Vind,68,Socialdemokratiet
219,Lisbeth Bech-Nielsen,68,Socialistisk Folkeparti
15881,Magni Arge,68,Tjóðveldi
217,Lars Christian Lilleholt,68,Venstre
16072,Carsten Kudsk,68,Dansk Folkeparti
138,Mette Frederiksen,68,Socialdemokratiet
16073,Rasmus Vestergaard Madsen,68,Enhedslisten
216,Mikkel Dencker,68,Dansk Folkeparti
15792,Rasmus Nordqvist,68,Alternativet
18726,Stinus Lindgreen,68,Radikale Venstre
18722,Peter Seier Christensen,68,Nye Borgerlige
15791,Eva Flyvholm,68,Enhedslisten
20805,Jan Carlsen,68,Moderaterne
15780,Tilde Bork,68,Dansk Folkeparti
59,Rasmus Helveg Petersen,68,Radikale Venstre
238,Morten Messerschmidt,68,Dansk Folkeparti
15781,Claus Kvist Hansen,68,Dansk Folkeparti
172,Pernille Rosenkrantz-Theil,68,Socialdemokratiet
15782,Britt Bager,68,Venstre
235,Jeppe Kofod,68,Socialdemokratiet
20357,Lise Bertelsen,68,Det Konservative Folkeparti
15783,Josephine Fock,68,Alternativet
15784,Søren Pape Poulsen,68,Det Konservative Folkeparti
20370,Christina Olumeko,68,Alternativet
18725,Samira Nawa,68,Radikale Venstre
234,Anders Fogh Rasmussen,68,Venstre
20930,Louise Mehnke,68,Socialdemokratiet
15785,Jakob Sølvhøj,68,Enhedslisten
18724,Lars Boje Mathiesen,68,Nye Borgerlige
15786,René Gade,68,Alternativet
231,Manu Sareen,68,Radikale Venstre
15787,Kaare Dybvad Bek,68,Socialdemokratiet
57,Jakob Engel-Schmidt,68,Venstre
129,Bertel Haarder,68,Venstre
15788,Jacob Mark,68,Socialistisk Folkeparti
226,Ole Sohn,68,Socialistisk Folkeparti
173,Jacob Jensen,68,Venstre
15789,Jeppe Jakobsen,68,Dansk Folkeparti
15790,Marcus Knuth,68,Venstre
18723,Pernille Vermund,68,Nye Borgerlige
24,Karsten Lauritzen,68,Venstre
20369,Helle Bonnesen,68,Det Konservative Folkeparti
225,Uffe Elbæk,68,Radikale Venstre
1473,Sidsel Homann,68,Socialistisk Folkeparti
646,Jens Hald,68,Venstre
1759,Kaj Ikast,68,Det Konservative Folkeparti
1357,Helge Sander,68,Venstre
664,Pia Christmas-Møller,68,Uden for Folketingsgrupperne
1094,Margot Torp,68,Socialdemokratiet
1760,Helga Moos,68,Venstre
1761,Else Theill Sørensen,68,Det Konservative Folkeparti
20391,Sólbjørg Jakobsen,68,Liberal Alliance
663,Christian H. Hansen,68,Uden for Folketingsgrupperne
92,Carsten Hansen,68,Socialdemokratiet
1767,Arne Toft,68,Socialdemokratiet
662,Poul Nødgaard,68,Dansk Folkeparti
1768,Grete Schødts,68,Socialdemokratiet
1334,Peter Laigaard,68,Liberal Alliance
1115,Marianne Pedersen,68,Venstre
1769,Birthe Skaarup (udpeget af DF),68,Dansk Folkeparti
108,Charlotte Dyremose,68,Det Konservative Folkeparti
88,Martin Geertsen,68,Venstre
661,Jens Rohde,68,Venstre
1353,Peder Sass,68,Socialdemokratiet
1770,Erik Mortensen,68,Socialdemokratiet
1358,Julie Rademacher,68,Socialdemokratiet
113,Jens Henrik Thulesen Dahl,68,Dansk Folkeparti
1747,Jytte Wittrock,68,Socialdemokratiet
20399,Louise Brown,68,Liberal Alliance
93,Louise Elholm,68,Venstre
1371,Per Dalgaard,68,Dansk Folkeparti
1749,Jens Vibjerg (udpeget af V),68,Venstre
1090,Malou Aamund,68,Venstre
667,Søren Egge Rasmussen,68,Enhedslisten
1751,Inger Bierbaum,68,Socialdemokratiet
1757,Irene Simonsen,68,Venstre
20392,Lars-Christian Brask,68,Liberal Alliance
1362,Per Bisgaard,68,Venstre
666,Jørn Pedersen,68,Socialdemokratiet
20580,Lean Milo,68,Moderaterne
1753,Flemming Oppfeldt,68,Uden for Folketingsgrupperne
665,Helge Adam Møller,68,Det Konservative Folkeparti
1454,Rasmus Jarlov,68,Det Konservative Folkeparti
1755,Colette L. Brix,68,Dansk Folkeparti
101,Morten Marinus,68,Dansk Folkeparti
1752,Jørn Jespersen,68,Socialistisk Folkeparti
1771,Uno Larsson,68,Dansk Folkeparti
1325,Ole Vagn Christensen,68,Socialdemokratiet
1116,Marianne Saxtoft,68,Radikale Venstre
1280,Niels Sindal,68,Socialdemokratiet
1124,Marion Pedersen,68,Venstre
654,Lone Dybkjær,68,Radikale Venstre
1793,Keld Albrechtsen,68,Enhedslisten
1269,Niels Høiby,68,Liberal Alliance
21075,Michael Rosenmark,68,Danmarksdemokraterne
1804,Jan Petersen (udpeget af S),68,Socialdemokratiet
20389,Peter Have,68,Moderaterne
1792,Svend Aage Jensby,68,Venstre
1805,Inge-Lene Ebdrup,68,Liberal Alliance
21076,Charlotte Nellemann,68,Liberal Alliance
653,Lise von Seelen,68,Socialdemokratiet
1811,Erik Larsen (udpeget af V),68,Venstre
1258,Nanna Westerby,68,Socialistisk Folkeparti
1146,Marlene Harpsøe,68,Dansk Folkeparti
652,Lene Jensen,68,Socialdemokratiet
1814,Gudrun Laub,68,Venstre
1256,Pia Gjellerup (udpeget af S),68,Socialdemokratiet
86,Marlene Borst Hansen,68,Radikale Venstre
1791,Henrik Vestergaard,68,Venstre
655,Rune Lund,68,Enhedslisten
1299,Helle Sjelle,68,Det Konservative Folkeparti
660,Svend Erik Hovmand,68,Venstre
1773,Carsten Bo Jensen,68,Socialdemokratiet
20400,Sandra Elisabeth Skalvig,68,Liberal Alliance
1774,Jørgen Winther,68,Venstre
1319,Ole Stavad (udpeget af S),68,Socialdemokratiet
20390,Mike Villa Fonseca,68,Moderaterne
21143,Morten Klessen,68,Socialdemokratiet
657,Pia Larsen,68,Venstre
1777,Anita Knakkergaard,68,Dansk Folkeparti
102,Jan E. Jørgensen,68,Venstre
116,Morten Østergaard,68,Radikale Venstre
20599,Søren Rasmussen,68,Dansk Folkeparti
1311,Ole Glahn,68,Radikale Venstre
1778,Svend Auken,68,Socialdemokratiet
1121,Marie Fugl,68,Socialistisk Folkeparti
656,Jesper Kiel,68,Enhedslisten
1779,Else Winther Andersen,68,Venstre
87,Finn Sørensen,68,Enhedslisten
1790,Freddy Dam (udpeget af V),68,Venstre
668,Naser Khader,68,Det Konservative Folkeparti
1375,Per Løkken,68,Det Konservative Folkeparti
1746,Tove Fergo,68,Venstre
1087,Malene Søgaard-Andersen,68,Socialistisk Folkeparti
1478,Simon Pihl Sørensen,68,Socialdemokratiet
725,Preben Rudiengaard,68,Venstre
1484,Sofia Rossen,68,Inuit Ataqatigiit
1433,Poul Fischer,68,Dansk Folkeparti
20527,Nanna Høyrup,68,Alternativet
1495,Bendt Bendtsen,68,Det Konservative Folkeparti
680,Morten Helveg Petersen,68,Radikale Venstre
1431,Pia Kristensen,68,Dansk Folkeparti
20539,Noah Sturis,68,Alternativet
1502,Karl H. Bornhøft,68,Socialistisk Folkeparti
99,Ole Birk Olesen,68,Liberal Alliance
1503,Hans Vestager,68,Radikale Venstre
20395,Alexander Ryle,68,Liberal Alliance
1417,Pia Boisen,68,Enhedslisten
1504,Laura Lindahl,68,Liberal Alliance
679,Per Kaalund,68,Socialdemokratiet
96,Mike Legarth,68,Det Konservative Folkeparti
111,Joachim B. Olsen,68,Liberal Alliance
1039,Lotte Bundsgaard,68,Socialdemokratiet
97,Jesper Petersen,68,Socialistisk Folkeparti
794,Lene Garsdal,68,Socialistisk Folkeparti
1023,Lone Møller (udpeget af S),68,Socialdemokratiet
920,Lise Hækkerup,68,Socialdemokratiet
1455,René Skau Björnsson,68,Socialdemokratiet
98,René Christensen,68,Dansk Folkeparti
918,Lisbeth Petersen,68,Venstre
1461,Rikke Hvilshøj,68,Venstre
1447,Poul Qvist Jørgensen,68,Socialdemokratiet
110,Rosa Lund,68,Enhedslisten
20397,Steffen Larsen,68,Liberal Alliance
1463,Ritt Bjerregaard,68,Socialdemokratiet
1444,Poul Henrik Hedeboe,68,Socialistisk Folkeparti
856,Line Barfod,68,Enhedslisten
951,Lissa Mathiasen,68,Socialdemokratiet
1470,Sandy Brinck,68,Socialdemokratiet
21083,Thorkild Holmboe-Hay,68,Socialdemokratiet
1471,Sanne Schroll,68,Socialistisk Folkeparti
20396,Jens Meilvang,68,Liberal Alliance
801,Lene Hansen,68,Socialdemokratiet
1474,Sidsel Leth Svensson,68,Det Konservative Folkeparti
1440,Poul Erik Christensen,68,Radikale Venstre
1513,Kisser Franciska Lehnert,68,Liberal Alliance
651,Jens Christian Lund,68,Socialdemokratiet
678,Klaus Hækkerup (udpeget af S),68,Socialdemokratiet
1556,Jann Sjursen,68,Kristendemokraterne
100,Sofie Carsten Nielsen,68,Radikale Venstre
1727,Jette Bergenholz Bautrup,68,Socialdemokratiet
1730,Elsebeth Gerner Nielsen,68,Radikale Venstre
1392,Pernille Søndergaard,68,Enhedslisten
671,Niels Helveg Petersen,68,Radikale Venstre
1731,Flemming Hansen,68,Det Konservative Folkeparti
94,Peter Christensen,68,Venstre
112,Lotte Rod,68,Radikale Venstre
672,Kuupik Kleist,68,Inuit Ataqatigiit
1739,Thor Gunnar Kofoed,68,Venstre
1385,Pernille Frahm (udpeget af SF),68,Socialistisk Folkeparti
1085,Majbrit Berlau,68,Enhedslisten
1740,Karina Sørensen,68,Dansk Folkeparti
670,Lars Emil Johansen,68,Siumut
1378,Per Ørum Jørgensen,68,Kristendemokraterne
1744,Kamal Qureshi,68,Socialistisk Folkeparti
669,Frank Jensen,68,Socialdemokratiet
1745,Ulrik Kragh,68,Venstre
20393,Katrine Daugaard,68,Liberal Alliance
1067,Lykke Roed,68,Dansk Folkeparti
1393,Pernille Blach Hansen,68,Socialdemokratiet
1718,Svend Heiselberg,68,Venstre
1044,Lotte Thiim Bertelsen,68,Socialistisk Folkeparti
1557,Bodil Kornbek,68,Kristendemokraterne
1413,Peter Westermann,68,Socialistisk Folkeparti
677,Jesper Langballe,68,Dansk Folkeparti
1558,Tove Videbæk,68,Kristendemokraterne
20398,Helena Artmann Andresen,68,Liberal Alliance
1618,Walter Christophersen,68,Dansk Folkeparti
1410,Peter Madsen,68,Venstre
1619,Yildiz Akdogan,68,Socialdemokratiet
1047,Louise Frevert,68,Uden for Folketingsgrupperne
20394,Steffen W. Frølund,68,Liberal Alliance
95,Steen Gade,68,Socialistisk Folkeparti
676,Søren Krarup,68,Dansk Folkeparti
1623,Aage Frandsen,68,Socialistisk Folkeparti
1398,Peter Brixtofte,68,Uden for Folketingsgrupperne
675,Hanne Severinsen,68,Venstre
1636,Aase D. Madsen (udpeget af DF),68,Dansk Folkeparti
109,Trine Pertou Mach,68,Socialistisk Folkeparti
20559,Reza Javid,68,Enhedslisten
1414,Peter Christian Christensen,68,Socialdemokratiet
1815,Jette Jespersen,68,Dansk Folkeparti
20496,Henrik Rejnholt Andersen,68,Moderaterne
1818,Ester Larsen,68,Venstre
1830,Helge Mortensen,68,Socialdemokratiet
1823,Knud Erik Kirkegaard,68,Det Konservative Folkeparti
20411,Leila Stockmarr,68,Enhedslisten
1183,Michael Thomsen,68,Socialistisk Folkeparti
1824,Anders Møller,68,Uden for Folketingsgrupperne
106,Margrethe Vestager,68,Radikale Venstre
1234,Morten Homann,68,Socialistisk Folkeparti
1172,Mia Falkenberg,68,Dansk Folkeparti
649,Jakob Axel Nielsen,68,Det Konservative Folkeparti
85,Özlem Sara Cekic,68,Socialistisk Folkeparti
1201,Mogens Camre,68,Dansk Folkeparti
1822,Jens Peter Vernersen,68,Socialdemokratiet
648,Carina Christensen,68,Det Konservative Folkeparti
1162,Meta Fuglsang,68,Socialistisk Folkeparti
20387,Kristian Klarskov,68,Moderaterne
20629,Nikoline Erbs Hillers-Bendtsen,68,Alternativet
1249,Allan Niebuhr,68,Det Konservative Folkeparti
84,Troels Ravn,68,Socialdemokratiet
20415,Mohammad Rona,68,Moderaterne
1829,Thor Pedersen,68,Venstre
1833,Høgni Hoydal,68,Tjóðveldi
1250,Jan Trøjborg,68,Socialdemokratiet
647,Charlotte Antonsen (udpeget af V),68,Venstre
1219,Mogens Nørgård,68,Kristendemokraterne
1817,Jens Christian Larsen,68,Venstre
1831,Freddie H. Madsen,68,Dansk Folkeparti
1821,Sven Buhrkall,68,Venstre
650,Hüseyin Arac,68,Socialdemokratiet
117,Simon Emil Ammitzbøll-Bille,68,Liberal Alliance
1844,Jens Kirk,68,Venstre
20388,Jon Stephensen,68,Moderaterne
103,Anne Sina,68,Socialdemokratiet
1618,Walter Christophersen,69,Dansk Folkeparti
18708,Charlotte Broman Mølbæk,69,Socialistisk Folkeparti
225,Uffe Elbæk,69,Alternativet
1727,Jette Bergenholz Bautrup,69,Socialdemokratiet
15778,Carolina Magdalene Maier,69,Alternativet
15789,Jeppe Jakobsen,69,Dansk Folkeparti
135,Mette Bock,69,Liberal Alliance
1219,Mogens Nørgård,69,Kristendemokraterne
15777,Pelle Dragsted,69,Enhedslisten
376,Annika Smith,69,Socialistisk Folkeparti
15779,Carsten Bach,69,Liberal Alliance
1067,Lykke Roed,69,Dansk Folkeparti
18707,Astrid Carøe,69,Socialistisk Folkeparti
378,Merete Dea Larsen,69,Dansk Folkeparti
148,Anders Samuelsen,69,Liberal Alliance
1718,Svend Heiselberg,69,Venstre
15780,Tilde Bork,69,Dansk Folkeparti
244,Magnus Heunicke,69,Socialdemokratiet
21168,Erik Veje Rasmussen,69,Venstre
15790,Marcus Knuth,69,Venstre
183,Bent Bøgsted,69,Dansk Folkeparti
20144,Maria Gudme,69,Socialdemokratiet
18710,Katarina Ammitzbøll,69,Det Konservative Folkeparti
94,Peter Christensen,69,Venstre
246,Orla Hav,69,Socialdemokratiet
19996,Helgi Abrahamsen,69,Sambandsflokkurin
1410,Peter Madsen,69,Venstre
15775,Torsten Gejl,69,Alternativet
33,Holger K. Nielsen,69,Socialistisk Folkeparti
1730,Elsebeth Gerner Nielsen,69,Radikale Venstre
20369,Helle Bonnesen,69,Det Konservative Folkeparti
127,Preben Bang Henriksen,69,Venstre
1891,Thomas Adelskov,69,Socialdemokratiet
15776,Peter Hummelgaard,69,Socialdemokratiet
18702,Anne Honoré Østergaard,69,Venstre
18709,Signe Munk,69,Socialistisk Folkeparti
20371,Linea Søgaard-Lidell,69,Venstre
245,Leif Mikkelsen,69,Liberal Alliance
1392,Pernille Søndergaard,69,Enhedslisten
20559,Reza Javid,69,Enhedslisten
184,Lennart Damsbo-Andersen,69,Socialdemokratiet
59,Rasmus Helveg Petersen,69,Radikale Venstre
238,Morten Messerschmidt,69,Dansk Folkeparti
187,Julie Skovsby,69,Socialdemokratiet
1398,Peter Brixtofte,69,Uden for Folketingsgrupperne
1623,Aage Frandsen,69,Socialistisk Folkeparti
15788,Jacob Mark,69,Socialistisk Folkeparti
5,Frank Aaen,69,Enhedslisten
15785,Jakob Sølvhøj,69,Enhedslisten
20398,Helena Artmann Andresen,69,Liberal Alliance
20360,Sofie Lippert,69,Socialistisk Folkeparti
18704,Halime Oguz,69,Socialistisk Folkeparti
1886,Jacob Buksti,69,Socialdemokratiet
34,Søren Espersen,69,Dansk Folkeparti
129,Bertel Haarder,69,Venstre
15786,René Gade,69,Alternativet
1047,Louise Frevert,69,Uden for Folketingsgrupperne
676,Søren Krarup,69,Dansk Folkeparti
231,Manu Sareen,69,Radikale Venstre
57,Jakob Engel-Schmidt,69,Venstre
1830,Helge Mortensen,69,Socialdemokratiet
1619,Yildiz Akdogan,69,Socialdemokratiet
15787,Kaare Dybvad Bek,69,Socialdemokratiet
82,Hans Kristian Skibby,69,Dansk Folkeparti
21076,Charlotte Nellemann,69,Liberal Alliance
18705,Ina Strøjer-Schmidt,69,Socialistisk Folkeparti
675,Hanne Severinsen,69,Venstre
672,Kuupik Kleist,69,Inuit Ataqatigiit
15781,Claus Kvist Hansen,69,Dansk Folkeparti
1393,Pernille Blach Hansen,69,Socialdemokratiet
1887,Connie Hedegaard,69,Det Konservative Folkeparti
20805,Jan Carlsen,69,Moderaterne
18706,Anne Valentina Berthelsen,69,Socialistisk Folkeparti
15782,Britt Bager,69,Venstre
20051,Theis Kylling Hommeltoft,69,Socialdemokratiet
235,Jeppe Kofod,69,Socialdemokratiet
20394,Steffen W. Frølund,69,Liberal Alliance
1636,Aase D. Madsen (udpeget af DF),69,Dansk Folkeparti
95,Steen Gade,69,Socialistisk Folkeparti
15774,Lise Bech,69,Dansk Folkeparti
15783,Josephine Fock,69,Alternativet
185,Nadeem Farooq,69,Radikale Venstre
20370,Christina Olumeko,69,Alternativet
226,Ole Sohn,69,Socialdemokratiet
18703,Alex Vanopslagh,69,Liberal Alliance
234,Anders Fogh Rasmussen,69,Venstre
15784,Søren Pape Poulsen,69,Det Konservative Folkeparti
671,Niels Helveg Petersen,69,Radikale Venstre
21159,Ammar Ali,69,Moderaterne
106,Margrethe Vestager,69,Radikale Venstre
261,Esben Lunde Larsen,69,Venstre
149,Lars Barfoed,69,Det Konservative Folkeparti
1234,Morten Homann,69,Socialistisk Folkeparti
668,Naser Khader,69,Det Konservative Folkeparti
93,Louise Elholm,69,Venstre
15760,Lea Wermelin,69,Socialdemokratiet
20358,Marianne Bigum,69,Socialistisk Folkeparti
18717,Bjørn Brandenborg,69,Socialdemokratiet
260,Leif Lahn Jensen,69,Socialdemokratiet
15761,Karina Due,69,Dansk Folkeparti
179,Hans Christian Thoning,69,Venstre
1375,Per Løkken,69,Det Konservative Folkeparti
1746,Tove Fergo,69,Venstre
1824,Anders Møller,69,Uden for Folketingsgrupperne
20383,Jeppe Søe,69,Moderaterne
18716,Rasmus Stoklund,69,Socialdemokratiet
20373,Susie Jessen,69,Danmarksdemokraterne
1087,Malene Søgaard-Andersen,69,Socialistisk Folkeparti
28,Henrik Sass Larsen,69,Socialdemokratiet
15763,Peter Kofod,69,Dansk Folkeparti
18715,Henrik Møller,69,Socialdemokratiet
259,Anne-Mette Winther Christiansen (udpeget af V),69,Venstre
67,Nick Hækkerup,69,Socialdemokratiet
1745,Ulrik Kragh,69,Venstre
15758,Aleqa Hammond,69,Siumut
20496,Henrik Rejnholt Andersen,69,Moderaterne
20399,Louise Brown,69,Liberal Alliance
1090,Malou Aamund,69,Venstre
119,Dennis Flydtkjær,69,Dansk Folkeparti
13843,Bente Bendix,69,Venstre
178,Michael Aastrup Jensen,69,Venstre
20374,Kenneth Fredslund Petersen,69,Danmarksdemokraterne
68,Nikolaj Villumsen,69,Enhedslisten
20790,Ken Kristensen,69,Venstre
667,Søren Egge Rasmussen,69,Enhedslisten
14000,Nick Nielsen,69,Siumut
1747,Jytte Wittrock,69,Socialdemokratiet
18719,Birgitte Vind,69,Socialdemokratiet
263,Mette Hjermind Dencker,69,Dansk Folkeparti
1749,Jens Vibjerg (udpeget af V),69,Venstre
20629,Nikoline Erbs Hillers-Bendtsen,69,Alternativet
14372,Susanne Eilersen (udpeget af DF),69,Dansk Folkeparti
370,Thomas Medom,69,Socialistisk Folkeparti
1371,Per Dalgaard,69,Dansk Folkeparti
262,Sjúrður Skaale,69,Javnaðarflokkurin
15757,Aaja Chemnitz,69,Inuit Ataqatigiit
18718,Anders Kronborg,69,Socialdemokratiet
1914,Jakob Jensen,69,Socialdemokratiet
20392,Lars-Christian Brask,69,Liberal Alliance
20359,Sigurd Agersnap,69,Socialistisk Folkeparti
19982,Jan Bjergskov Larsen,69,Socialistisk Folkeparti
180,Peter Juel-Jensen,69,Venstre
670,Lars Emil Johansen,69,Siumut
18712,Niels Flemming Hansen,69,Det Konservative Folkeparti
20385,Charlotte Bagge Hansen,69,Moderaterne
15770,Mattias Tesfaye,69,Socialdemokratiet
1911,Henning Gjellerod,69,Socialdemokratiet
182,Inger Støjberg,69,Venstre
249,Kirsten Brosbøl (udpeget af S),69,Socialdemokratiet
1739,Thor Gunnar Kofoed,69,Venstre
15771,Morten Løkkegaard,69,Venstre
1385,Pernille Frahm (udpeget af SF),69,Socialistisk Folkeparti
20372,Betina Kastbjerg,69,Danmarksdemokraterne
18711,Birgitte Bergman,69,Det Konservative Folkeparti
21206,Elvira Kûitse,69,Naleraq
15772,Ulla Sandbæk,69,Alternativet
144,Helle Thorning-Schmidt,69,Socialdemokratiet
15791,Eva Flyvholm,69,Enhedslisten
20393,Katrine Daugaard,69,Liberal Alliance
1731,Flemming Hansen,69,Det Konservative Folkeparti
1829,Thor Pedersen,69,Venstre
15773,Christina Egelund,69,Liberal Alliance
100,Sofie Carsten Nielsen,69,Radikale Venstre
62,Annette Vilhelmsen,69,Socialistisk Folkeparti
247,Edmund Joensen,69,Sambandsflokkurin
15764,Jan Rytkjær Callesen,69,Dansk Folkeparti
1085,Majbrit Berlau,69,Enhedslisten
371,Niels Christian Nielsen,69,Socialdemokratiet
126,Kim Andersen (udpeget af V),69,Venstre
1912,Ida Jørgensen,69,Radikale Venstre
258,Poul Andersen,69,Socialdemokratiet
669,Frank Jensen,69,Socialdemokratiet
15765,Carl Holst,69,Venstre
21194,Joachim Hoffmann-Petersen,69,Det Konservative Folkeparti
18714,Kasper Sand Kjær,69,Socialdemokratiet
1744,Kamal Qureshi,69,Socialistisk Folkeparti
648,Carina Christensen,69,Det Konservative Folkeparti
15766,Erik Christensen (udpeget af S),69,Socialdemokratiet
15769,Maria Reumert Gjerding,69,Enhedslisten
1378,Per Ørum Jørgensen,69,Kristendemokraterne
112,Lotte Rod,69,Radikale Venstre
15767,Pernille Bendixen,69,Dansk Folkeparti
181,Annette Lind,69,Socialdemokratiet
64,Flemming Damgaard Larsen,69,Venstre
20798,Mads Olsen,69,Socialistisk Folkeparti
18713,Mona Juul,69,Det Konservative Folkeparti
15768,Pernille Schnoor,69,Socialdemokratiet
1740,Karina Sørensen,69,Dansk Folkeparti
20925,Dina Raabjerg,69,Det Konservative Folkeparti
252,Pia Kjærsgaard,69,Dansk Folkeparti
257,Bjarne Laustsen,69,Socialdemokratiet
188,Sanne Rubinke,69,Socialistisk Folkeparti
15793,Mette Abildgaard,69,Det Konservative Folkeparti
109,Trine Pertou Mach,69,Socialistisk Folkeparti
1440,Poul Erik Christensen,69,Radikale Venstre
16757,Danny K. Malkowski,69,Liberal Alliance
195,Pernille Vigsø Bagge,69,Socialistisk Folkeparti
97,Jesper Petersen,69,Socialdemokratiet
1473,Sidsel Homann,69,Socialistisk Folkeparti
20350,Nick Zimmermann,69,Dansk Folkeparti
16952,Helle Osther,69,Enhedslisten
20365,Matilde Powers,69,Socialdemokratiet
801,Lene Hansen,69,Socialdemokratiet
208,Simon Kollerup,69,Socialdemokratiet
18545,Henrik Old,69,Javnaðarflokkurin
17134,Jonathan Simmel,69,Enhedslisten
1471,Sanne Schroll,69,Socialistisk Folkeparti
1879,Lars Kramer Mikkelsen,69,Socialdemokratiet
20397,Steffen Larsen,69,Liberal Alliance
17140,Orla Østerby,69,Det Konservative Folkeparti
18415,Julius Graakjær Grantzau,69,Alternativet
207,Jakob Ellemann-Jensen,69,Venstre
20396,Jens Meilvang,69,Liberal Alliance
17141,Brigitte Klintskov Jerkel,69,Det Konservative Folkeparti
951,Lissa Mathiasen,69,Socialdemokratiet
209,Camilla Hersom,69,Radikale Venstre
18614,Rigmor Dam,69,Javnaðarflokkurin
48,Peter Skaarup,69,Dansk Folkeparti
20362,Thomas Monberg,69,Socialdemokratiet
1833,Høgni Hoydal,69,Tjóðveldi
16503,Anne Paulin,69,Socialdemokratiet
725,Preben Rudiengaard,69,Venstre
18691,Sikandar Siddique,69,Alternativet
131,Lene Espersen,69,Det Konservative Folkeparti
194,Kristian Pihl Lorentzen,69,Venstre
16582,Peder Hvelplund,69,Enhedslisten
211,Jørn Dohrmann,69,Dansk Folkeparti
1478,Simon Pihl Sørensen,69,Socialdemokratiet
147,Johanne Schmidt-Nielsen,69,Enhedslisten
197,Mette Gjerskov,69,Socialdemokratiet
16603,Sarah Glerup,69,Enhedslisten
18688,Aki-Matilda Høegh-Dam,69,Siumut
210,Birgitte Josefsen,69,Venstre
1201,Mogens Camre,69,Dansk Folkeparti
16610,Lars Aslan Rasmussen,69,Socialdemokratiet
118,Trine Bramsen,69,Socialdemokratiet
20527,Nanna Høyrup,69,Alternativet
1474,Sidsel Leth Svensson,69,Det Konservative Folkeparti
83,Brian Mikkelsen,69,Det Konservative Folkeparti
794,Lene Garsdal,69,Socialistisk Folkeparti
16728,Kirsten Normann Andersen,69,Socialistisk Folkeparti
1880,Anne-Marie Meldgaard,69,Socialdemokratiet
21186,Mads Madsen Henriksen,69,Socialdemokratiet
1470,Sandy Brinck,69,Socialdemokratiet
20841,Lars Arne Christensen,69,Moderaterne
202,Peder Christensen,69,Socialdemokratiet
1461,Rikke Hvilshøj,69,Venstre
1844,Jens Kirk,69,Venstre
20351,Franciska Rosenkilde,69,Alternativet
17736,Per Nørhave,69,Dansk Folkeparti
1447,Poul Qvist Jørgensen,69,Socialdemokratiet
918,Lisbeth Petersen,69,Venstre
201,Thomas Jensen,69,Socialdemokratiet
645,Christian Mejdahl,69,Venstre
17752,Anders Stjernholm,69,Alternativet
17629,Mads Fuglede,69,Venstre
17990,Tommy Ahlers,69,Venstre
920,Lise Hækkerup,69,Socialdemokratiet
1455,René Skau Björnsson,69,Socialdemokratiet
17827,Tina Boel,69,Socialistisk Folkeparti
199,Karsten Hønge,69,Socialistisk Folkeparti
20363,Sara Emil Baaring,69,Socialdemokratiet
200,Jane Heitmann,69,Venstre
98,René Christensen,69,Dansk Folkeparti
17963,Øjvind Vilsholm,69,Enhedslisten
17988,Bjarni Hammer,69,Javnaðarflokkurin
1845,Søren Gade,69,Venstre
44,Henning Hyllested,69,Enhedslisten
212,Eyvind Vesselbo,69,Venstre
18265,Carsten Kissmeyer,69,Venstre
17628,Carl Valentin,69,Socialistisk Folkeparti
17247,Klaus Markussen,69,Venstre
20916,Kenneth Bjerg Andersen,69,Moderaterne
47,Karen Hækkerup (udpeget af S),69,Socialdemokratiet
386,Claus Larsen-Jensen (udpeget af),69,Socialdemokratiet
206,Troels Lund Poulsen,69,Venstre
145,Lars Løkke Rasmussen,69,Venstre
17267,Kristian Hegaard,69,Radikale Venstre
18291,Erik Lund,69,Det Konservative Folkeparti
856,Line Barfod,69,Enhedslisten
133,John Dyrby Paulsen,69,Socialdemokratiet
198,Anne Baastrup,69,Socialistisk Folkeparti
1463,Ritt Bjerregaard,69,Socialdemokratiet
1444,Poul Henrik Hedeboe,69,Socialistisk Folkeparti
43,Pia Olsen Dyhr,69,Socialistisk Folkeparti
132,Søren Pind,69,Venstre
17543,Marianne Bredal,69,Venstre
18278,Serdal Benli,69,Socialistisk Folkeparti
20364,Frederik Vad,69,Socialdemokratiet
205,Jonas Dahl,69,Socialistisk Folkeparti
1850,Christian Lund Jepsen,69,Venstre
110,Rosa Lund,69,Enhedslisten
646,Jens Hald,69,Venstre
17360,Merete Scheelsbeck,69,Det Konservative Folkeparti
18701,Marie Bjerre,69,Venstre
1484,Sofia Rossen,69,Inuit Ataqatigiit
1433,Poul Fischer,69,Dansk Folkeparti
379,Kristen Touborg,69,Socialistisk Folkeparti
15797,Christian Poll,69,Alternativet
20368,Maria Durhuus,69,Socialdemokratiet
18698,Marlene Ambo-Rasmussen,69,Venstre
220,Morten Bødskov,69,Socialdemokratiet
1883,Anne Grete Holmsgaard (udpeget af SF),69,Socialistisk Folkeparti
15798,Dorthe Ullemose,69,Dansk Folkeparti
678,Klaus Hækkerup (udpeget af S),69,Socialdemokratiet
55,Marianne Jelved,69,Radikale Venstre
1414,Peter Christian Christensen,69,Socialdemokratiet
38,Astrid Krag,69,Socialdemokratiet
15799,Roger Courage Matthisen,69,Alternativet
1513,Kisser Franciska Lehnert,69,Liberal Alliance
647,Charlotte Antonsen (udpeget af V),69,Venstre
18697,Stén Knuth,69,Venstre
15800,Henrik Dahl,69,Liberal Alliance
134,Christian Friis Bach,69,Radikale Venstre
219,Lisbeth Bech-Nielsen,69,Socialistisk Folkeparti
1172,Mia Falkenberg,69,Dansk Folkeparti
130,Sophie Løhde,69,Venstre
15881,Magni Arge,69,Tjóðveldi
190,Thyra Frank,69,Liberal Alliance
1556,Jann Sjursen,69,Kristendemokraterne
1044,Lotte Thiim Bertelsen,69,Socialistisk Folkeparti
15796,Jan Erik Messmann,69,Dansk Folkeparti
1558,Tove Videbæk,69,Kristendemokraterne
15792,Rasmus Nordqvist,69,Alternativet
56,Karin Nødgaard,69,Dansk Folkeparti
224,Flemming Møller Mortensen,69,Socialdemokratiet
1885,Inge Dahl-Sørensen,69,Venstre
20352,Helene Brydensholt,69,Alternativet
138,Mette Frederiksen,69,Socialdemokratiet
20635,Markus E. Olsen,69,Siumut
677,Jesper Langballe,69,Dansk Folkeparti
18700,Heidi Bank,69,Venstre
20361,Fie Hækkerup,69,Socialdemokratiet
1413,Peter Westermann,69,Socialistisk Folkeparti
15794,Trine Torp,69,Socialistisk Folkeparti
223,Henrik Høegh,69,Venstre
1557,Bodil Kornbek,69,Kristendemokraterne
84,Troels Ravn,69,Socialdemokratiet
20820,Carl Andersen,69,Liberal Alliance
20917,Tina Cartey Hansen,69,Det Konservative Folkeparti
15795,May-Britt Kattrup,69,Liberal Alliance
18699,Christoffer Aagaard Melson,69,Venstre
221,Pia Adelsteen,69,Dansk Folkeparti
111,Joachim B. Olsen,69,Liberal Alliance
189,Mai Mercado,69,Det Konservative Folkeparti
217,Lars Christian Lilleholt,69,Venstre
1504,Laura Lindahl,69,Liberal Alliance
1831,Freddie H. Madsen,69,Dansk Folkeparti
20386,Rasmus Lund-Nielsen,69,Moderaterne
16180,Kasper Roug,69,Socialdemokratiet
192,Fatma Øktem,69,Venstre
214,Jeppe Bruus,69,Socialdemokratiet
21083,Thorkild Holmboe-Hay,69,Socialdemokratiet
1431,Pia Kristensen,69,Dansk Folkeparti
1495,Bendt Bendtsen,69,Det Konservative Folkeparti
16351,Malte Larsen,69,Socialdemokratiet
20823,Morten Vehl,69,Danmarksdemokraterne
18693,Mai Villadsen,69,Enhedslisten
384,Mogens Lykketoft,69,Socialdemokratiet
213,Jens Joel,69,Socialdemokratiet
680,Morten Helveg Petersen,69,Radikale Venstre
16374,Anders Johansson,69,Det Konservative Folkeparti
193,Karsten Nonbo,69,Venstre
20539,Noah Sturis,69,Alternativet
16428,Emrah Tuncer,69,Radikale Venstre
18692,Susanne Zimmer,69,Alternativet
1023,Lone Møller (udpeget af S),69,Socialdemokratiet
49,Erling Bonnesen,69,Venstre
39,Christian Juhl,69,Enhedslisten
16473,Malou Lunderød,69,Socialdemokratiet
1881,Elisabeth Arnold,69,Radikale Venstre
20366,Thomas Skriver Jensen,69,Socialdemokratiet
1502,Karl H. Bornhøft,69,Socialistisk Folkeparti
16176,Nikolaj Amstrup,69,Alternativet
16072,Carsten Kudsk,69,Dansk Folkeparti
18696,Morten Dahlin,69,Venstre
1039,Lotte Bundsgaard,69,Socialdemokratiet
679,Per Kaalund,69,Socialdemokratiet
20976,Caroline Stage Olsen,69,Moderaterne
20349,Anna Falkenberg,69,Sambandsflokkurin
191,Zenia Stampe,69,Radikale Venstre
16073,Rasmus Vestergaard Madsen,69,Enhedslisten
216,Mikkel Dencker,69,Dansk Folkeparti
96,Mike Legarth,69,Det Konservative Folkeparti
18694,Victoria Velasquez,69,Enhedslisten
1882,Henriette Kjær,69,Det Konservative Folkeparti
18695,Kim Valentin,69,Venstre
20367,Kris Jensen Skriver,69,Socialdemokratiet
50,Liselott Blixt,69,Dansk Folkeparti
1417,Pia Boisen,69,Enhedslisten
1503,Hans Vestager,69,Radikale Venstre
16092,Sisse Marie Welling,69,Socialistisk Folkeparti
99,Ole Birk Olesen,69,Liberal Alliance
20387,Kristian Klarskov,69,Moderaterne
215,Jørgen Arbo-Bæhr,69,Enhedslisten
20395,Alexander Ryle,69,Liberal Alliance
16074,Steen Holm Iversen,69,Liberal Alliance
13836,Helge Vagn Jacobsen,69,Radikale Venstre
15762,Christian Rabjerg Madsen,69,Socialdemokratiet
1454,Rasmus Jarlov,69,Det Konservative Folkeparti
19480,Henrik Vinther,69,Radikale Venstre
1771,Uno Larsson,69,Dansk Folkeparti
6688,Henrik Rasmussen,69,Det Konservative Folkeparti
1269,Niels Høiby,69,Liberal Alliance
19920,Karsten Filsø,69,Socialistisk Folkeparti
282,Sanne Bjørn,69,Radikale Venstre
660,Svend Erik Hovmand,69,Venstre
3996,Henrik Fruergaard,69,Venstre
3083,Charlotte Fischer,69,Radikale Venstre
6689,Juliane Henningsen Heilmann,69,Inuit Ataqatigiit
18917,Balder Mørk Andersen,69,Socialistisk Folkeparti
20378,Rosa Eriksen,69,Moderaterne
1325,Ole Vagn Christensen,69,Socialdemokratiet
20779,Runa Friis Hansen,69,Enhedslisten
164,Hans Andersen,69,Venstre
20389,Peter Have,69,Moderaterne
6701,Kenneth F. Christensen,69,Socialdemokratiet
2156,Gitte Seeberg,69,Uden for Folketingsgrupperne
1116,Marianne Saxtoft,69,Radikale Venstre
18953,Mira Issa Bloch,69,Alternativet
1793,Keld Albrechtsen,69,Enhedslisten
19475,Susan Kronborg,69,Radikale Venstre
657,Pia Larsen,69,Venstre
6685,Anders Broholm,69,Venstre
19000,Theresa Berg Andersen,69,Socialistisk Folkeparti
1751,Inger Bierbaum,69,Socialdemokratiet
286,Ane Halsboe-Jørgensen,69,Socialdemokratiet
20390,Mike Villa Fonseca,69,Moderaterne
163,Ellen Trane Nørby,69,Venstre
139,Thomas Danielsen,69,Venstre
3998,Thomas Krog,69,Socialistisk Folkeparti
18,Alex Ahrendtsen,69,Dansk Folkeparti
344,Linda Kristiansen,69,Radikale Venstre
73,Merete Riisager,69,Liberal Alliance
1773,Carsten Bo Jensen,69,Socialdemokratiet
1821,Sven Buhrkall,69,Venstre
158,Eigil Andersen,69,Socialistisk Folkeparti
3997,Tina Bostrup,69,Radikale Venstre
6687,Kaj Leo Johannesen,69,Sambandsflokkurin
6686,Torben Lund,69,Socialistisk Folkeparti
1774,Jørgen Winther,69,Venstre
1770,Erik Mortensen,69,Socialdemokratiet
365,Karen Jespersen,69,Venstre
18830,Nils Sjøberg,69,Radikale Venstre
21075,Michael Rosenmark,69,Danmarksdemokraterne
8910,Karin Storgaard,69,Dansk Folkeparti
17,Christine Antorini,69,Socialdemokratiet
167,Dan Jørgensen,69,Socialdemokratiet
20354,Theresa Scavenius,69,Alternativet
279,Tina Nedergaard,69,Venstre
3994,Jesper Kinch-Jensen,69,Socialdemokratiet
1250,Jan Trøjborg,69,Socialdemokratiet
8917,Thomas Horn,69,Socialdemokratiet
18736,Egil Hulgaard,69,Det Konservative Folkeparti
1334,Peter Laigaard,69,Liberal Alliance
1768,Grete Schødts,69,Socialdemokratiet
1822,Jens Peter Vernersen,69,Socialdemokratiet
86,Marlene Borst Hansen,69,Radikale Venstre
9780,Tórbjørn Jacobsen,69,Tjóðveldi
108,Charlotte Dyremose,69,Det Konservative Folkeparti
1804,Jan Petersen (udpeget af S),69,Socialdemokratiet
20356,Mikkel Bjørn,69,Nye Borgerlige
72,Karen Ellemann,69,Venstre
19569,Maja Torp,69,Venstre
661,Jens Rohde,69,Venstre
6737,Johannes Lebech,69,Radikale Venstre
141,Martin Lidegaard,69,Radikale Venstre
348,Villy Søvndal,69,Socialistisk Folkeparti
123,Andreas Steenberg,69,Radikale Venstre
20384,Nanna W. Gotfredsen,69,Moderaterne
1124,Marion Pedersen,69,Venstre
18882,Tanja Larsson,69,Socialdemokratiet
281,Finn Thranum,69,Venstre
88,Martin Geertsen,69,Venstre
1249,Allan Niebuhr,69,Det Konservative Folkeparti
280,Karen J. Klint (udpeget af S),69,Socialdemokratiet
3995,Egil Møller,69,Dansk Folkeparti
1115,Marianne Pedersen,69,Venstre
19809,Christina Thorholm,69,Radikale Venstre
1769,Birthe Skaarup (udpeget af DF),69,Dansk Folkeparti
2103,Britta Schall Holberg,69,Venstre
8319,Jytte Andersen,69,Socialdemokratiet
7633,Torben Hansen,69,Socialdemokratiet
20377,Henrik Frandsen,69,Moderaterne
288,Torben Hansen (udpeget af S),69,Socialdemokratiet
1319,Ole Stavad (udpeget af S),69,Socialdemokratiet
4968,Knud Kristensen,69,Det Konservative Folkeparti
19142,Barbara Gaardlykke Apol,69,Javnaðarflokkurin
20767,Andreas Karlsen,69,Det Konservative Folkeparti
102,Jan E. Jørgensen,69,Venstre
1779,Else Winther Andersen,69,Venstre
4969,Jørgen Poulsen,69,Radikale Venstre
4434,Abbas Razvi,69,Radikale Venstre
161,Liv Holm Andersen,69,Radikale Venstre
302,Benedikte Kiær,69,Det Konservative Folkeparti
80,Torsten Schack Pedersen,69,Venstre
87,Finn Sørensen,69,Enhedslisten
656,Jesper Kiel,69,Enhedslisten
4971,Jane Alrø Sørensen,69,Socialistisk Folkeparti
20355,Kim Edberg Andersen,69,Nye Borgerlige
1280,Niels Sindal,69,Socialdemokratiet
19133,Anders G. Christensen,69,Venstre
297,Maja Panduro (udpeget af S),69,Socialdemokratiet
19919,Brian Bressendorff,69,Socialdemokratiet
116,Morten Østergaard,69,Radikale Venstre
305,Jens Ejner Christensen,69,Venstre
20599,Søren Rasmussen,69,Dansk Folkeparti
304,Jacob Lund,69,Socialdemokratiet
3082,Henrik Brodersen,69,Dansk Folkeparti
4956,Ib Poulsen,69,Dansk Folkeparti
1121,Marie Fugl,69,Socialistisk Folkeparti
160,Jan Johansen,69,Socialdemokratiet
19146,Anna Brændemose,69,Socialistisk Folkeparti
4515,Jørgen S. Lundsgaard,69,Det Konservative Folkeparti
655,Rune Lund,69,Enhedslisten
343,Mie Bergmann,69,Radikale Venstre
1818,Ester Larsen,69,Venstre
20941,Preben Friis-Hauge,69,Venstre
75,Jeppe Mikkelsen,69,Radikale Venstre
1299,Helle Sjelle,69,Det Konservative Folkeparti
303,Anita Christensen,69,Dansk Folkeparti
1790,Freddy Dam (udpeget af V),69,Venstre
4965,Hanne Agersnap (udpeget af SF),69,Socialistisk Folkeparti
19196,Ruben Kidde,69,Radikale Venstre
20380,Monika Rubin,69,Moderaterne
4957,Tage Leegaard,69,Det Konservative Folkeparti
20381,Karin Liltorp,69,Moderaterne
20353,Sascha Faxe,69,Alternativet
1778,Svend Auken,69,Socialdemokratiet
5593,Carsten Hansen,69,Socialdemokratiet
19002,Gitte Willumsen,69,Venstre
20379,Tobias Grotkjær Elmstrøm,69,Moderaterne
121,Karina Lorentzen Dehnhardt,69,Socialistisk Folkeparti
12,Nicolai Wammen,69,Socialdemokratiet
21044,Lasse Haugaard Pedersen,69,Socialdemokratiet
654,Lone Dybkjær,69,Radikale Venstre
103,Anne Sina,69,Socialdemokratiet
5905,"Mogens Jensen, Brøndby",69,Socialdemokratiet
20966,Frederik Bloch Münster,69,Det Konservative Folkeparti
77,Kristian Thulesen Dahl,69,Dansk Folkeparti
20411,Leila Stockmarr,69,Enhedslisten
294,Doris Jakobsen,69,Siumut
3042,"Frode Sørensen, Hjørring",69,Socialdemokratiet
650,Hüseyin Arac,69,Socialdemokratiet
20642,Anne Hegelund,69,Enhedslisten
6684,Annita á Fríðriksmørk,69,Tjóðveldi
1777,Anita Knakkergaard,69,Dansk Folkeparti
21143,Morten Klessen,69,Socialdemokratiet
364,Birthe Rønn Hornbech,69,Venstre
4428,Jens Borking,69,Enhedslisten
4433,Jens Jørgen Nygaard,69,Det Konservative Folkeparti
5132,Flemming Bonne,69,Socialistisk Folkeparti
1792,Svend Aage Jensby,69,Venstre
3081,Kurt Kirkegaard,69,Venstre
20388,Jon Stephensen,69,Moderaterne
122,Stine Brix,69,Enhedslisten
1311,Ole Glahn,69,Radikale Venstre
5182,Anne Marie Geisler Andersen,69,Radikale Venstre
19221,Hanne Bjørn-Klausen,69,Det Konservative Folkeparti
159,Lars Dohn,69,Enhedslisten
363,Jacob Bjerregaard,69,Socialdemokratiet
74,Mette Reissmann,69,Socialdemokratiet
296,Ulla Tørnæs,69,Venstre
85,Özlem Sara Cekic,69,Socialistisk Folkeparti
5468,Dorrit Knudsen,69,Socialdemokratiet
153,Per Stig Møller,69,Det Konservative Folkeparti
20400,Sandra Elisabeth Skalvig,69,Liberal Alliance
162,Karina Adsbøl,69,Dansk Folkeparti
19016,Dorthe Hindborg,69,Socialdemokratiet
350,Gitte Lillelund Bech,69,Venstre
117,Simon Emil Ammitzbøll-Bille,69,Liberal Alliance
278,Karin Gaardsted,69,Socialdemokratiet
1757,Irene Simonsen,69,Venstre
19748,Stine Pilt Olsen,69,Det Konservative Folkeparti
1358,Julie Rademacher,69,Socialdemokratiet
649,Jakob Axel Nielsen,69,Det Konservative Folkeparti
11584,Daniel Rugholm,69,Det Konservative Folkeparti
173,Jacob Jensen,69,Venstre
270,Claus Hjort Frederiksen,69,Venstre
3089,Joan Erlandsen,69,Venstre
20580,Lean Milo,69,Moderaterne
92,Carsten Hansen,69,Socialdemokratiet
11585,Jens Arne Hedegaard,69,Venstre
1814,Gudrun Laub,69,Venstre
353,Lykke Friis,69,Venstre
18723,Pernille Vermund,69,Nye Borgerlige
155,Villum Christensen,69,Liberal Alliance
268,Helle Løvgreen Mølvig,69,Radikale Venstre
3088,Bente Dahl,69,Radikale Venstre
18724,Lars Boje Mathiesen,69,Nye Borgerlige
11586,Bilal Inekci,69,Socialistisk Folkeparti
11583,Kenneth Kristensen Berth,69,Dansk Folkeparti
152,Ida Auken,69,Radikale Venstre
272,Ole Hækkerup,69,Socialdemokratiet
3092,Vibeke Grave,69,Socialdemokratiet
1811,Erik Larsen (udpeget af V),69,Venstre
1759,Kaj Ikast,69,Det Konservative Folkeparti
10707,Erikanell Asmuss Lorentsen,69,Radikale Venstre
1258,Nanna Westerby,69,Socialistisk Folkeparti
1948,Birgitte Møller,69,Radikale Venstre
70,Martin Henriksen (udpeget af DF),69,Dansk Folkeparti
352,Henrik Dam Kristensen,69,Socialdemokratiet
18725,Samira Nawa,69,Radikale Venstre
664,Pia Christmas-Møller,69,Uden for Folketingsgrupperne
362,Vivi Kier,69,Det Konservative Folkeparti
11412,Anna Kirsten Olesen,69,Socialdemokratiet
101,Morten Marinus,69,Dansk Folkeparti
1146,Marlene Harpsøe,69,Dansk Folkeparti
20357,Lise Bertelsen,69,Det Konservative Folkeparti
271,Kristian Jensen,69,Venstre
652,Lene Jensen,69,Socialdemokratiet
172,Pernille Rosenkrantz-Theil,69,Socialdemokratiet
1256,Pia Gjellerup (udpeget af S),69,Socialdemokratiet
20375,Charlotte Munch,69,Danmarksdemokraterne
1815,Jette Jespersen,69,Dansk Folkeparti
265,Eva Kjer Hansen,69,Venstre
1752,Jørn Jespersen,69,Socialistisk Folkeparti
154,Mogens Jensen,69,Socialdemokratiet
12285,Ida Damborg,69,Socialistisk Folkeparti
1362,Per Bisgaard,69,Venstre
19948,Mark Grossmann,69,Venstre
666,Jørn Pedersen,69,Socialdemokratiet
125,Hans Christian Schmidt,69,Venstre
176,Søren Søndergaard,69,Enhedslisten
1916,Christian Wedell-Neergaard,69,Det Konservative Folkeparti
13727,Sarah Nørris,69,Enhedslisten
3086,Johs. Poulsen,69,Radikale Venstre
20415,Mohammad Rona,69,Moderaterne
120,Benny Engelbrecht,69,Socialdemokratiet
264,Rasmus Prehn,69,Socialdemokratiet
18720,Camilla Fabricius,69,Socialdemokratiet
18721,Mette Thiesen,69,Nye Borgerlige
81,Mads Rørvig,69,Venstre
12284,Marie-Louise Andreassen,69,Radikale Venstre
354,Mette Boye,69,Socialistisk Folkeparti
18722,Peter Seier Christensen,69,Nye Borgerlige
1755,Colette L. Brix,69,Dansk Folkeparti
19807,Anne Rasmussen,69,Venstre
651,Jens Christian Lund,69,Socialdemokratiet
11702,Per Larsen,69,Det Konservative Folkeparti
1947,Søren Hansen,69,Socialdemokratiet
69,Pernille Skipper,69,Enhedslisten
665,Helge Adam Møller,69,Det Konservative Folkeparti
79,Christian Langballe (udpeget af DF),69,Dansk Folkeparti
3085,Kim Mortensen,69,Socialdemokratiet
12283,Aksel V. Johannesen,69,Javnaðarflokkurin
24,Karsten Lauritzen,69,Venstre
266,Rasmus Horn Langhoff,69,Socialdemokratiet
19806,Alexander Grandt,69,Socialdemokratiet
3087,Elisabeth Geday,69,Radikale Venstre
1753,Flemming Oppfeldt,69,Uden for Folketingsgrupperne
1823,Knud Erik Kirkegaard,69,Det Konservative Folkeparti
367,Karen Touborg,69,Socialistisk Folkeparti
1357,Helge Sander,69,Venstre
3090,Tina Petersen,69,Dansk Folkeparti
10706,Jette Plesner Dali,69,Dansk Folkeparti
71,Tom Behnke,69,Uden for Folketingsgrupperne
18728,Anne Sophie Callesen,69,Radikale Venstre
276,Pernille Boye Koch,69,Uden for Folketingsgrupperne
653,Lise von Seelen,69,Socialdemokratiet
10691,Kurt Scheelsbeck,69,Det Konservative Folkeparti
351,Sophie Hæstorp Andersen,69,Socialdemokratiet
1761,Else Theill Sørensen,69,Det Konservative Folkeparti
366,Daniel Toft Jakobsen,69,Socialdemokratiet
663,Christian H. Hansen,69,Uden for Folketingsgrupperne
13,Sara Olsvig,69,Inuit Ataqatigiit
20382,Mette Kierkgaard,69,Moderaterne
10702,Helle Dam,69,Socialdemokratiet
156,Lone Loklindt,69,Radikale Venstre
3093,Anfinn Kallsberg,69,Fólkaflokkurin
18727,Kathrine Olldag,69,Radikale Venstre
3992,Bjørn Medom Nielsen,69,Socialdemokratiet
10690,Steen Konradsen,69,Det Konservative Folkeparti
1805,Inge-Lene Ebdrup,69,Liberal Alliance
1951,Flemming Møller (udpeget af V),69,Venstre
662,Poul Nødgaard,69,Dansk Folkeparti
9976,Jette Gottlieb,69,Enhedslisten
3993,Grethe H. Nielsen,69,Socialdemokratiet
18729,Katrine Robsøe,69,Radikale Venstre
19637,Kenneth Mikkelsen,69,Venstre
20747,Jenny Andresen,69,Danmarksdemokraterne
21161,Lisa Perkins,69,Liberal Alliance
20391,Sólbjørg Jakobsen,69,Liberal Alliance
168,Anni Matthiesen,69,Venstre
1767,Arne Toft,69,Socialdemokratiet
10107,Bruno Jerup,69,Enhedslisten
78,Marie Krarup,69,Dansk Folkeparti
20962,Claus Jørgensen,69,Socialistisk Folkeparti
1353,Peder Sass,69,Socialdemokratiet
23,Bjarne Corydon,69,Socialdemokratiet
1183,Michael Thomsen,69,Socialistisk Folkeparti
277,Johan Lund Olsen,69,Inuit Ataqatigiit
1094,Margot Torp,69,Socialdemokratiet
1791,Henrik Vestergaard,69,Venstre
20781,Gunvor Wibroe,69,Socialdemokratiet
10704,Kasper Krüger,69,Venstre
1760,Helga Moos,69,Venstre
3084,Troels Christensen (udpeget af V),69,Venstre
124,Kim Christiansen,69,Dansk Folkeparti
113,Jens Henrik Thulesen Dahl,69,Dansk Folkeparti
1817,Jens Christian Larsen,69,Venstre
1162,Meta Fuglsang,69,Socialistisk Folkeparti
20930,Louise Mehnke,69,Socialdemokratiet
20376,Kristian Bøgsted,69,Danmarksdemokraterne
171,Per Clausen,69,Enhedslisten
19928,Kim Aas,69,Socialdemokratiet
273,Per Husted,69,Socialdemokratiet
18726,Stinus Lindgreen,69,Radikale Venstre
19684,Mads Andersen,69,Det Konservative Folkeparti
10705,Bente Kronborg Holst,69,Dansk Folkeparti
133,John Dyrby Paulsen,70,Socialdemokratiet
199,Karsten Hønge,70,Socialistisk Folkeparti
19196,Ruben Kidde,70,Radikale Venstre
18265,Carsten Kissmeyer,70,Venstre
19806,Alexander Grandt,70,Socialdemokratiet
98,René Christensen,70,Dansk Folkeparti
1280,Niels Sindal,70,Socialdemokratiet
193,Karsten Nonbo,70,Venstre
19480,Henrik Vinther,70,Radikale Venstre
20351,Franciska Rosenkilde,70,Alternativet
20354,Theresa Scavenius,70,Alternativet
154,Mogens Jensen,70,Socialdemokratiet
18614,Rigmor Dam,70,Javnaðarflokkurin
19684,Mads Andersen,70,Det Konservative Folkeparti
13,Sara Olsvig,70,Inuit Ataqatigiit
158,Eigil Andersen,70,Socialistisk Folkeparti
156,Lone Loklindt,70,Radikale Venstre
106,Margrethe Vestager,70,Radikale Venstre
1124,Marion Pedersen,70,Venstre
1431,Pia Kristensen,70,Dansk Folkeparti
18278,Serdal Benli,70,Socialistisk Folkeparti
18415,Julius Graakjær Grantzau,70,Alternativet
951,Lissa Mathiasen,70,Socialdemokratiet
19475,Susan Kronborg,70,Radikale Venstre
1023,Lone Møller (udpeget af S),70,Socialdemokratiet
1121,Marie Fugl,70,Socialistisk Folkeparti
17988,Bjarni Hammer,70,Javnaðarflokkurin
102,Jan E. Jørgensen,70,Venstre
1269,Niels Høiby,70,Liberal Alliance
153,Per Stig Møller,70,Det Konservative Folkeparti
20353,Sascha Faxe,70,Alternativet
18692,Susanne Zimmer,70,Alternativet
12,Nicolai Wammen,70,Socialdemokratiet
147,Johanne Schmidt-Nielsen,70,Enhedslisten
159,Lars Dohn,70,Enhedslisten
20941,Preben Friis-Hauge,70,Venstre
1433,Poul Fischer,70,Dansk Folkeparti
198,Anne Baastrup,70,Socialistisk Folkeparti
43,Pia Olsen Dyhr,70,Socialistisk Folkeparti
19809,Christina Thorholm,70,Radikale Venstre
20916,Kenneth Bjerg Andersen,70,Moderaterne
18291,Erik Lund,70,Det Konservative Folkeparti
20397,Steffen Larsen,70,Liberal Alliance
194,Kristian Pihl Lorentzen,70,Venstre
195,Pernille Vigsø Bagge,70,Socialistisk Folkeparti
39,Christian Juhl,70,Enhedslisten
920,Lise Hækkerup,70,Socialdemokratiet
19748,Stine Pilt Olsen,70,Det Konservative Folkeparti
20527,Nanna Høyrup,70,Alternativet
1201,Mogens Camre,70,Dansk Folkeparti
1250,Jan Trøjborg,70,Socialdemokratiet
21076,Charlotte Nellemann,70,Liberal Alliance
1146,Marlene Harpsøe,70,Dansk Folkeparti
1256,Pia Gjellerup (udpeget af S),70,Socialdemokratiet
1444,Poul Henrik Hedeboe,70,Socialistisk Folkeparti
1440,Poul Erik Christensen,70,Radikale Venstre
145,Lars Løkke Rasmussen,70,Venstre
19807,Anne Rasmussen,70,Venstre
19569,Maja Torp,70,Venstre
197,Mette Gjerskov,70,Socialdemokratiet
19637,Kenneth Mikkelsen,70,Venstre
18545,Henrik Old,70,Javnaðarflokkurin
20350,Nick Zimmermann,70,Dansk Folkeparti
141,Martin Lidegaard,70,Radikale Venstre
1258,Nanna Westerby,70,Socialistisk Folkeparti
20415,Mohammad Rona,70,Moderaterne
17990,Tommy Ahlers,70,Venstre
1447,Poul Qvist Jørgensen,70,Socialdemokratiet
18688,Aki-Matilda Høegh-Dam,70,Siumut
20362,Thomas Monberg,70,Socialdemokratiet
19221,Hanne Bjørn-Klausen,70,Det Konservative Folkeparti
155,Villum Christensen,70,Liberal Alliance
18691,Sikandar Siddique,70,Alternativet
1362,Per Bisgaard,70,Venstre
19146,Anna Brændemose,70,Socialistisk Folkeparti
18727,Kathrine Olldag,70,Radikale Venstre
1385,Pernille Frahm (udpeget af SF),70,Socialistisk Folkeparti
18711,Birgitte Bergman,70,Det Konservative Folkeparti
171,Per Clausen,70,Enhedslisten
182,Inger Støjberg,70,Venstre
18726,Stinus Lindgreen,70,Radikale Venstre
18712,Niels Flemming Hansen,70,Det Konservative Folkeparti
19928,Kim Aas,70,Socialdemokratiet
1357,Helge Sander,70,Venstre
181,Annette Lind,70,Socialdemokratiet
1085,Majbrit Berlau,70,Enhedslisten
18725,Samira Nawa,70,Radikale Venstre
18713,Mona Juul,70,Det Konservative Folkeparti
172,Pernille Rosenkrantz-Theil,70,Socialdemokratiet
1378,Per Ørum Jørgensen,70,Kristendemokraterne
100,Sofie Carsten Nielsen,70,Radikale Venstre
101,Morten Marinus,70,Dansk Folkeparti
23,Bjarne Corydon,70,Socialdemokratiet
135,Mette Bock,70,Liberal Alliance
19996,Helgi Abrahamsen,70,Sambandsflokkurin
1094,Margot Torp,70,Socialdemokratiet
18729,Katrine Robsøe,70,Radikale Venstre
1392,Pernille Søndergaard,70,Enhedslisten
18708,Charlotte Broman Mølbæk,70,Socialistisk Folkeparti
33,Holger K. Nielsen,70,Socialistisk Folkeparti
183,Bent Bøgsted,70,Dansk Folkeparti
20925,Dina Raabjerg,70,Det Konservative Folkeparti
168,Anni Matthiesen,70,Venstre
20359,Sigurd Agersnap,70,Socialistisk Folkeparti
18728,Anne Sophie Callesen,70,Radikale Venstre
152,Ida Auken,70,Radikale Venstre
1067,Lykke Roed,70,Dansk Folkeparti
18710,Katarina Ammitzbøll,70,Det Konservative Folkeparti
1353,Peder Sass,70,Socialdemokratiet
20930,Louise Mehnke,70,Socialdemokratiet
18709,Signe Munk,70,Socialistisk Folkeparti
19982,Jan Bjergskov Larsen,70,Socialistisk Folkeparti
20966,Frederik Bloch Münster,70,Det Konservative Folkeparti
18714,Kasper Sand Kjær,70,Socialdemokratiet
1090,Malou Aamund,70,Venstre
1087,Malene Søgaard-Andersen,70,Socialistisk Folkeparti
24,Karsten Lauritzen,70,Venstre
18718,Anders Kronborg,70,Socialdemokratiet
149,Lars Barfoed,70,Det Konservative Folkeparti
1371,Per Dalgaard,70,Dansk Folkeparti
18721,Mette Thiesen,70,Nye Borgerlige
138,Mette Frederiksen,70,Socialdemokratiet
20411,Leila Stockmarr,70,Enhedslisten
1234,Morten Homann,70,Socialistisk Folkeparti
20962,Claus Jørgensen,70,Socialistisk Folkeparti
18719,Birgitte Vind,70,Socialdemokratiet
21194,Joachim Hoffmann-Petersen,70,Det Konservative Folkeparti
176,Søren Søndergaard,70,Enhedslisten
18720,Camilla Fabricius,70,Socialdemokratiet
19948,Mark Grossmann,70,Venstre
178,Michael Aastrup Jensen,70,Venstre
5,Frank Aaen,70,Enhedslisten
103,Anne Sina,70,Socialdemokratiet
18722,Peter Seier Christensen,70,Nye Borgerlige
18724,Lars Boje Mathiesen,70,Nye Borgerlige
28,Henrik Sass Larsen,70,Socialdemokratiet
108,Charlotte Dyremose,70,Det Konservative Folkeparti
180,Peter Juel-Jensen,70,Venstre
1162,Meta Fuglsang,70,Socialistisk Folkeparti
20496,Henrik Rejnholt Andersen,70,Moderaterne
20357,Lise Bertelsen,70,Det Konservative Folkeparti
18717,Bjørn Brandenborg,70,Socialdemokratiet
18715,Henrik Møller,70,Socialdemokratiet
1375,Per Løkken,70,Det Konservative Folkeparti
1358,Julie Rademacher,70,Socialdemokratiet
173,Jacob Jensen,70,Venstre
20399,Louise Brown,70,Liberal Alliance
18716,Rasmus Stoklund,70,Socialdemokratiet
20358,Marianne Bigum,70,Socialistisk Folkeparti
179,Hans Christian Thoning,70,Venstre
18723,Pernille Vermund,70,Nye Borgerlige
18707,Astrid Carøe,70,Socialistisk Folkeparti
148,Anders Samuelsen,70,Liberal Alliance
1334,Peter Laigaard,70,Liberal Alliance
99,Ole Birk Olesen,70,Liberal Alliance
19016,Dorthe Hindborg,70,Socialdemokratiet
18697,Stén Knuth,70,Venstre
1414,Peter Christian Christensen,70,Socialdemokratiet
1311,Ole Glahn,70,Radikale Venstre
190,Thyra Frank,70,Liberal Alliance
162,Karina Adsbøl,70,Dansk Folkeparti
20355,Kim Edberg Andersen,70,Nye Borgerlige
144,Helle Thorning-Schmidt,70,Socialdemokratiet
18698,Marlene Ambo-Rasmussen,70,Venstre
109,Trine Pertou Mach,70,Socialistisk Folkeparti
1116,Marianne Saxtoft,70,Radikale Venstre
1413,Peter Westermann,70,Socialistisk Folkeparti
18699,Christoffer Aagaard Melson,70,Venstre
134,Christian Friis Bach,70,Radikale Venstre
189,Mai Mercado,70,Det Konservative Folkeparti
19002,Gitte Willumsen,70,Venstre
19000,Theresa Berg Andersen,70,Socialistisk Folkeparti
161,Liv Holm Andersen,70,Radikale Venstre
38,Astrid Krag,70,Socialdemokratiet
192,Fatma Øktem,70,Venstre
160,Jan Johansen,70,Socialdemokratiet
1172,Mia Falkenberg,70,Dansk Folkeparti
17,Christine Antorini,70,Socialdemokratiet
19142,Barbara Gaardlykke Apol,70,Javnaðarflokkurin
18694,Victoria Velasquez,70,Enhedslisten
1417,Pia Boisen,70,Enhedslisten
1039,Lotte Bundsgaard,70,Socialdemokratiet
20349,Anna Falkenberg,70,Sambandsflokkurin
20400,Sandra Elisabeth Skalvig,70,Liberal Alliance
18695,Kim Valentin,70,Venstre
20361,Fie Hækkerup,70,Socialdemokratiet
191,Zenia Stampe,70,Radikale Venstre
19919,Brian Bressendorff,70,Socialdemokratiet
19133,Anders G. Christensen,70,Venstre
18696,Morten Dahlin,70,Venstre
1299,Helle Sjelle,70,Det Konservative Folkeparti
18693,Mai Villadsen,70,Enhedslisten
18700,Heidi Bank,70,Venstre
20917,Tina Cartey Hansen,70,Det Konservative Folkeparti
1219,Mogens Nørgård,70,Kristendemokraterne
18882,Tanja Larsson,70,Socialdemokratiet
1398,Peter Brixtofte,70,Uden for Folketingsgrupperne
1115,Marianne Pedersen,70,Venstre
18705,Ina Strøjer-Schmidt,70,Socialistisk Folkeparti
185,Nadeem Farooq,70,Radikale Venstre
20352,Helene Brydensholt,70,Alternativet
1047,Louise Frevert,70,Uden for Folketingsgrupperne
20051,Theis Kylling Hommeltoft,70,Socialdemokratiet
20398,Helena Artmann Andresen,70,Liberal Alliance
1393,Pernille Blach Hansen,70,Socialdemokratiet
18706,Anne Valentina Berthelsen,70,Socialistisk Folkeparti
167,Dan Jørgensen,70,Socialdemokratiet
184,Lennart Damsbo-Andersen,70,Socialdemokratiet
20356,Mikkel Bjørn,70,Nye Borgerlige
18736,Egil Hulgaard,70,Det Konservative Folkeparti
18830,Nils Sjøberg,70,Radikale Venstre
1044,Lotte Thiim Bertelsen,70,Socialistisk Folkeparti
18704,Halime Oguz,70,Socialistisk Folkeparti
19920,Karsten Filsø,70,Socialistisk Folkeparti
188,Sanne Rubinke,70,Socialistisk Folkeparti
163,Ellen Trane Nørby,70,Venstre
18701,Marie Bjerre,70,Venstre
20144,Maria Gudme,70,Socialdemokratiet
1410,Peter Madsen,70,Venstre
1249,Allan Niebuhr,70,Det Konservative Folkeparti
18953,Mira Issa Bloch,70,Alternativet
1325,Ole Vagn Christensen,70,Socialdemokratiet
139,Thomas Danielsen,70,Venstre
20360,Sofie Lippert,70,Socialistisk Folkeparti
34,Søren Espersen,70,Dansk Folkeparti
187,Julie Skovsby,70,Socialdemokratiet
18,Alex Ahrendtsen,70,Dansk Folkeparti
18703,Alex Vanopslagh,70,Liberal Alliance
18917,Balder Mørk Andersen,70,Socialistisk Folkeparti
164,Hans Andersen,70,Venstre
18702,Anne Honoré Østergaard,70,Venstre
1319,Ole Stavad (udpeget af S),70,Socialdemokratiet
225,Uffe Elbæk,70,Alternativet
20363,Sara Emil Baaring,70,Socialdemokratiet
286,Ane Halsboe-Jørgensen,70,Socialdemokratiet
1773,Carsten Bo Jensen,70,Socialdemokratiet
6686,Torben Lund,70,Socialistisk Folkeparti
73,Merete Riisager,70,Liberal Alliance
6687,Kaj Leo Johannesen,70,Sambandsflokkurin
20390,Mike Villa Fonseca,70,Moderaterne
1771,Uno Larsson,70,Dansk Folkeparti
282,Sanne Bjørn,70,Radikale Venstre
6688,Henrik Rasmussen,70,Det Konservative Folkeparti
20378,Rosa Eriksen,70,Moderaterne
660,Svend Erik Hovmand,70,Venstre
6689,Juliane Henningsen Heilmann,70,Inuit Ataqatigiit
281,Finn Thranum,70,Venstre
657,Pia Larsen,70,Venstre
1770,Erik Mortensen,70,Socialdemokratiet
6737,Johannes Lebech,70,Radikale Venstre
20779,Runa Friis Hansen,70,Enhedslisten
280,Karen J. Klint (udpeget af S),70,Socialdemokratiet
7633,Torben Hansen,70,Socialdemokratiet
72,Karen Ellemann,70,Venstre
1769,Birthe Skaarup (udpeget af DF),70,Dansk Folkeparti
8319,Jytte Andersen,70,Socialdemokratiet
661,Jens Rohde,70,Radikale Venstre
123,Andreas Steenberg,70,Radikale Venstre
8910,Karin Storgaard,70,Dansk Folkeparti
279,Tina Nedergaard,70,Venstre
88,Martin Geertsen,70,Venstre
1768,Grete Schødts,70,Socialdemokratiet
6701,Kenneth F. Christensen,70,Socialdemokratiet
6685,Anders Broholm,70,Venstre
288,Torben Hansen (udpeget af S),70,Socialdemokratiet
6684,Annita á Fríðriksmørk,70,Tjóðveldi
655,Rune Lund,70,Enhedslisten
1790,Freddy Dam (udpeget af V),70,Venstre
4957,Tage Leegaard,70,Det Konservative Folkeparti
20380,Monika Rubin,70,Moderaterne
303,Anita Christensen,70,Dansk Folkeparti
4965,Hanne Agersnap (udpeget af SF),70,Socialistisk Folkeparti
4968,Knud Kristensen,70,Det Konservative Folkeparti
21206,Elvira Kûitse,70,Naleraq
1779,Else Winther Andersen,70,Venstre
302,Benedikte Kiær,70,Det Konservative Folkeparti
4969,Jørgen Poulsen,70,Radikale Venstre
4971,Jane Alrø Sørensen,70,Socialistisk Folkeparti
20767,Andreas Karlsen,70,Det Konservative Folkeparti
297,Maja Panduro (udpeget af S),70,Socialdemokratiet
1778,Svend Auken,70,Socialdemokratiet
5132,Flemming Bonne,70,Socialistisk Folkeparti
74,Mette Reissmann,70,Socialdemokratiet
656,Jesper Kiel,70,Enhedslisten
5182,Anne Marie Geisler Andersen,70,Radikale Venstre
296,Ulla Tørnæs,70,Venstre
5468,Dorrit Knudsen,70,Socialdemokratiet
20379,Tobias Grotkjær Elmstrøm,70,Moderaterne
87,Finn Sørensen,70,Enhedslisten
1777,Anita Knakkergaard,70,Dansk Folkeparti
5593,Carsten Hansen,70,Socialdemokratiet
122,Stine Brix,70,Enhedslisten
294,Doris Jakobsen,70,Siumut
5905,"Mogens Jensen, Brøndby",70,Socialdemokratiet
1774,Jørgen Winther,70,Venstre
8917,Thomas Horn,70,Socialdemokratiet
75,Jeppe Mikkelsen,70,Radikale Venstre
20377,Henrik Frandsen,70,Moderaterne
9780,Tórbjørn Jacobsen,70,Tjóðveldi
270,Claus Hjort Frederiksen,70,Venstre
11584,Daniel Rugholm,70,Det Konservative Folkeparti
11585,Jens Arne Hedegaard,70,Venstre
20375,Charlotte Munch,70,Danmarksdemokraterne
268,Helle Løvgreen Mølvig,70,Radikale Venstre
92,Carsten Hansen,70,Socialdemokratiet
11586,Bilal Inekci,70,Socialistisk Folkeparti
1454,Rasmus Jarlov,70,Det Konservative Folkeparti
1755,Colette L. Brix,70,Dansk Folkeparti
11702,Per Larsen,70,Det Konservative Folkeparti
266,Rasmus Horn Langhoff,70,Socialdemokratiet
665,Helge Adam Møller,70,Det Konservative Folkeparti
12283,Aksel V. Johannesen,70,Javnaðarflokkurin
1757,Irene Simonsen,70,Venstre
1753,Flemming Oppfeldt,70,Uden for Folketingsgrupperne
1752,Jørn Jespersen,70,Socialistisk Folkeparti
265,Eva Kjer Hansen,70,Venstre
12285,Ida Damborg,70,Socialistisk Folkeparti
666,Jørn Pedersen,70,Socialdemokratiet
13727,Sarah Nørris,70,Enhedslisten
264,Rasmus Prehn,70,Socialdemokratiet
1751,Inger Bierbaum,70,Socialdemokratiet
13836,Helge Vagn Jacobsen,70,Radikale Venstre
20374,Kenneth Fredslund Petersen,70,Danmarksdemokraterne
68,Nikolaj Villumsen,70,Enhedslisten
125,Hans Christian Schmidt,70,Venstre
13843,Bente Bendix,70,Venstre
263,Mette Hjermind Dencker,70,Dansk Folkeparti
12284,Marie-Louise Andreassen,70,Radikale Venstre
11583,Kenneth Kristensen Berth,70,Dansk Folkeparti
664,Pia Christmas-Møller,70,Uden for Folketingsgrupperne
271,Kristian Jensen,70,Venstre
662,Poul Nødgaard,70,Dansk Folkeparti
9976,Jette Gottlieb,70,Enhedslisten
1767,Arne Toft,70,Socialdemokratiet
277,Johan Lund Olsen,70,Inuit Ataqatigiit
10107,Bruno Jerup,70,Enhedslisten
71,Tom Behnke,70,Uden for Folketingsgrupperne
113,Jens Henrik Thulesen Dahl,70,Dansk Folkeparti
10690,Steen Konradsen,70,Det Konservative Folkeparti
276,Pernille Boye Koch,70,Uden for Folketingsgrupperne
1761,Else Theill Sørensen,70,Det Konservative Folkeparti
10691,Kurt Scheelsbeck,70,Det Konservative Folkeparti
663,Christian H. Hansen,70,Uden for Folketingsgrupperne
20580,Lean Milo,70,Moderaterne
10702,Helle Dam,70,Socialdemokratiet
273,Per Husted,70,Socialdemokratiet
1760,Helga Moos,70,Venstre
10704,Kasper Krüger,70,Venstre
20376,Kristian Bøgsted,70,Danmarksdemokraterne
10705,Bente Kronborg Holst,70,Dansk Folkeparti
21161,Lisa Perkins,70,Liberal Alliance
272,Ole Hækkerup,70,Socialdemokratiet
10706,Jette Plesner Dali,70,Dansk Folkeparti
20391,Sólbjørg Jakobsen,70,Liberal Alliance
70,Martin Henriksen (udpeget af DF),70,Dansk Folkeparti
1759,Kaj Ikast,70,Det Konservative Folkeparti
10707,Erikanell Asmuss Lorentsen,70,Radikale Venstre
124,Kim Christiansen,70,Dansk Folkeparti
20781,Gunvor Wibroe,70,Socialdemokratiet
11412,Anna Kirsten Olesen,70,Socialdemokratiet
278,Karin Gaardsted,70,Socialdemokratiet
14000,Nick Nielsen,70,Siumut
4956,Ib Poulsen,70,Dansk Folkeparti
4515,Jørgen S. Lundsgaard,70,Det Konservative Folkeparti
1911,Henning Gjellerod,70,Socialdemokratiet
1912,Ida Jørgensen,70,Radikale Venstre
1824,Anders Møller,70,Uden for Folketingsgrupperne
370,Thomas Medom,70,Socialistisk Folkeparti
648,Carina Christensen,70,Det Konservative Folkeparti
1914,Jakob Jensen,70,Socialdemokratiet
117,Simon Emil Ammitzbøll-Bille,70,Liberal Alliance
1823,Knud Erik Kirkegaard,70,Det Konservative Folkeparti
1916,Christian Wedell-Neergaard,70,Det Konservative Folkeparti
367,Karen Touborg,70,Socialistisk Folkeparti
81,Mads Rørvig,70,Venstre
1947,Søren Hansen,70,Socialdemokratiet
119,Dennis Flydtkjær,70,Dansk Folkeparti
371,Niels Christian Nielsen,70,Socialdemokratiet
649,Jakob Axel Nielsen,70,Det Konservative Folkeparti
366,Daniel Toft Jakobsen,70,Socialdemokratiet
1822,Jens Peter Vernersen,70,Socialdemokratiet
1951,Flemming Møller (udpeget af V),70,Venstre
20384,Nanna W. Gotfredsen,70,Moderaterne
2103,Britta Schall Holberg,70,Venstre
365,Karen Jespersen,70,Venstre
1821,Sven Buhrkall,70,Venstre
2156,Gitte Seeberg,70,Uden for Folketingsgrupperne
3042,"Frode Sørensen, Hjørring",70,Socialdemokratiet
364,Birthe Rønn Hornbech,70,Venstre
80,Torsten Schack Pedersen,70,Venstre
3081,Kurt Kirkegaard,70,Venstre
1818,Ester Larsen,70,Venstre
1948,Birgitte Møller,70,Radikale Venstre
20385,Charlotte Bagge Hansen,70,Moderaterne
1891,Thomas Adelskov,70,Socialdemokratiet
1829,Thor Pedersen,70,Venstre
1845,Søren Gade,70,Venstre
1844,Jens Kirk,70,Venstre
1850,Christian Lund Jepsen,70,Venstre
386,Claus Larsen-Jensen (udpeget af),70,Socialdemokratiet
83,Brian Mikkelsen,70,Det Konservative Folkeparti
646,Jens Hald,70,Venstre
1879,Lars Kramer Mikkelsen,70,Socialdemokratiet
1833,Høgni Hoydal,70,Tjóðveldi
1880,Anne-Marie Meldgaard,70,Socialdemokratiet
20386,Rasmus Lund-Nielsen,70,Moderaterne
384,Mogens Lykketoft,70,Socialdemokratiet
1881,Elisabeth Arnold,70,Radikale Venstre
1831,Freddie H. Madsen,70,Dansk Folkeparti
1882,Henriette Kjær,70,Det Konservative Folkeparti
118,Trine Bramsen,70,Socialdemokratiet
379,Kristen Touborg,70,Socialistisk Folkeparti
1883,Anne Grete Holmsgaard (udpeget af SF),70,Socialistisk Folkeparti
647,Charlotte Antonsen (udpeget af V),70,Venstre
20387,Kristian Klarskov,70,Moderaterne
1885,Inge Dahl-Sørensen,70,Venstre
378,Merete Dea Larsen,70,Dansk Folkeparti
1830,Helge Mortensen,70,Socialdemokratiet
1886,Jacob Buksti,70,Socialdemokratiet
82,Hans Kristian Skibby,70,Dansk Folkeparti
20635,Markus E. Olsen,70,Siumut
376,Annika Smith,70,Socialistisk Folkeparti
20629,Nikoline Erbs Hillers-Bendtsen,70,Alternativet
1887,Connie Hedegaard,70,Det Konservative Folkeparti
84,Troels Ravn,70,Socialdemokratiet
20642,Anne Hegelund,70,Enhedslisten
304,Jacob Lund,70,Socialdemokratiet
363,Jacob Bjerregaard,70,Socialdemokratiet
650,Hüseyin Arac,70,Socialdemokratiet
3993,Grethe H. Nielsen,70,Socialdemokratiet
350,Gitte Lillelund Bech,70,Venstre
3994,Jesper Kinch-Jensen,70,Socialdemokratiet
1804,Jan Petersen (udpeget af S),70,Socialdemokratiet
20747,Jenny Andresen,70,Danmarksdemokraterne
348,Villy Søvndal,70,Socialistisk Folkeparti
3995,Egil Møller,70,Dansk Folkeparti
86,Marlene Borst Hansen,70,Radikale Venstre
1793,Keld Albrechtsen,70,Enhedslisten
3996,Henrik Fruergaard,70,Venstre
344,Linda Kristiansen,70,Radikale Venstre
3997,Tina Bostrup,70,Radikale Venstre
20381,Karin Liltorp,70,Moderaterne
653,Lise von Seelen,70,Socialdemokratiet
77,Kristian Thulesen Dahl,70,Dansk Folkeparti
4428,Jens Borking,70,Enhedslisten
20389,Peter Have,70,Moderaterne
1792,Svend Aage Jensby,70,Venstre
121,Karina Lorentzen Dehnhardt,70,Socialistisk Folkeparti
343,Mie Bergmann,70,Radikale Venstre
4433,Jens Jørgen Nygaard,70,Det Konservative Folkeparti
654,Lone Dybkjær,70,Radikale Venstre
21044,Lasse Haugaard Pedersen,70,Socialdemokratiet
20599,Søren Rasmussen,70,Dansk Folkeparti
4434,Abbas Razvi,70,Radikale Venstre
305,Jens Ejner Christensen,70,Venstre
116,Morten Østergaard,70,Radikale Venstre
1791,Henrik Vestergaard,70,Venstre
3998,Thomas Krog,70,Socialistisk Folkeparti
3992,Bjørn Medom Nielsen,70,Socialdemokratiet
1805,Inge-Lene Ebdrup,70,Liberal Alliance
78,Marie Krarup,70,Dansk Folkeparti
85,Özlem Sara Cekic,70,Socialistisk Folkeparti
20388,Jon Stephensen,70,Moderaterne
3083,Charlotte Fischer,70,Radikale Venstre
1817,Jens Christian Larsen,70,Venstre
362,Vivi Kier,70,Det Konservative Folkeparti
3084,Troels Christensen (udpeget af V),70,Venstre
20383,Jeppe Søe,70,Moderaterne
21143,Morten Klessen,70,Socialdemokratiet
3085,Kim Mortensen,70,Socialdemokratiet
1815,Jette Jespersen,70,Dansk Folkeparti
3086,Johs. Poulsen,70,Radikale Venstre
79,Christian Langballe (udpeget af DF),70,Dansk Folkeparti
354,Mette Boye,70,Socialistisk Folkeparti
3087,Elisabeth Geday,70,Radikale Venstre
120,Benny Engelbrecht,70,Socialdemokratiet
651,Jens Christian Lund,70,Socialdemokratiet
3088,Bente Dahl,70,Radikale Venstre
353,Lykke Friis,70,Venstre
1814,Gudrun Laub,70,Venstre
3089,Joan Erlandsen,70,Venstre
352,Henrik Dam Kristensen,70,Socialdemokratiet
652,Lene Jensen,70,Socialdemokratiet
3090,Tina Petersen,70,Dansk Folkeparti
1811,Erik Larsen (udpeget af V),70,Venstre
3092,Vibeke Grave,70,Socialdemokratiet
20382,Mette Kierkgaard,70,Moderaterne
21159,Ammar Ali,70,Moderaterne
351,Sophie Hæstorp Andersen,70,Socialdemokratiet
3093,Anfinn Kallsberg,70,Fólkaflokkurin
3082,Henrik Brodersen,70,Dansk Folkeparti
1749,Jens Vibjerg (udpeget af V),70,Venstre
69,Pernille Skipper,70,Enhedslisten
667,Søren Egge Rasmussen,70,Enhedslisten
15799,Roger Courage Matthisen,70,Alternativet
219,Lisbeth Bech-Nielsen,70,Socialistisk Folkeparti
15800,Henrik Dahl,70,Liberal Alliance
1504,Laura Lindahl,70,Liberal Alliance
15881,Magni Arge,70,Tjóðveldi
130,Sophie Løhde,70,Venstre
217,Lars Christian Lilleholt,70,Venstre
16072,Carsten Kudsk,70,Dansk Folkeparti
216,Mikkel Dencker,70,Dansk Folkeparti
679,Per Kaalund,70,Socialdemokratiet
16073,Rasmus Vestergaard Madsen,70,Enhedslisten
20367,Kris Jensen Skriver,70,Socialdemokratiet
50,Liselott Blixt,70,Dansk Folkeparti
16074,Steen Holm Iversen,70,Liberal Alliance
1503,Hans Vestager,70,Radikale Venstre
16092,Sisse Marie Welling,70,Socialistisk Folkeparti
20539,Noah Sturis,70,Alternativet
96,Mike Legarth,70,Det Konservative Folkeparti
215,Jørgen Arbo-Bæhr,70,Enhedslisten
16176,Nikolaj Amstrup,70,Alternativet
1502,Karl H. Bornhøft,70,Socialistisk Folkeparti
214,Jeppe Bruus,70,Socialdemokratiet
16180,Kasper Roug,70,Socialdemokratiet
20395,Alexander Ryle,70,Liberal Alliance
1495,Bendt Bendtsen,70,Det Konservative Folkeparti
16351,Malte Larsen,70,Socialdemokratiet
213,Jens Joel,70,Socialdemokratiet
1513,Kisser Franciska Lehnert,70,Liberal Alliance
678,Klaus Hækkerup (udpeget af S),70,Socialdemokratiet
15798,Dorthe Ullemose,70,Dansk Folkeparti
220,Morten Bødskov,70,Socialdemokratiet
15789,Jeppe Jakobsen,70,Dansk Folkeparti
20369,Helle Bonnesen,70,Det Konservative Folkeparti
129,Bertel Haarder,70,Venstre
645,Christian Mejdahl,70,Venstre
15790,Marcus Knuth,70,Venstre
95,Steen Gade,70,Socialistisk Folkeparti
15791,Eva Flyvholm,70,Enhedslisten
20394,Steffen W. Frølund,70,Liberal Alliance
56,Karin Nødgaard,70,Dansk Folkeparti
20976,Caroline Stage Olsen,70,Moderaterne
1558,Tove Videbæk,70,Kristendemokraterne
15792,Rasmus Nordqvist,70,Alternativet
224,Flemming Møller Mortensen,70,Socialdemokratiet
16374,Anders Johansson,70,Det Konservative Folkeparti
15793,Mette Abildgaard,70,Det Konservative Folkeparti
14372,Susanne Eilersen (udpeget af DF),70,Dansk Folkeparti
1557,Bodil Kornbek,70,Kristendemokraterne
15794,Trine Torp,70,Socialistisk Folkeparti
677,Jesper Langballe,70,Dansk Folkeparti
15795,May-Britt Kattrup,70,Liberal Alliance
221,Pia Adelsteen,70,Dansk Folkeparti
111,Joachim B. Olsen,70,Liberal Alliance
15796,Jan Erik Messmann,70,Dansk Folkeparti
20368,Maria Durhuus,70,Socialdemokratiet
1556,Jann Sjursen,70,Kristendemokraterne
20820,Carl Andersen,70,Liberal Alliance
15797,Christian Poll,70,Alternativet
55,Marianne Jelved,70,Radikale Venstre
21083,Thorkild Holmboe-Hay,70,Socialdemokratiet
49,Erling Bonnesen,70,Venstre
680,Morten Helveg Petersen,70,Radikale Venstre
16428,Emrah Tuncer,70,Radikale Venstre
1470,Sandy Brinck,70,Socialdemokratiet
17247,Klaus Markussen,70,Venstre
47,Karen Hækkerup (udpeget af S),70,Socialdemokratiet
206,Troels Lund Poulsen,70,Venstre
17267,Kristian Hegaard,70,Radikale Venstre
20396,Jens Meilvang,70,Liberal Alliance
1463,Ritt Bjerregaard,70,Socialdemokratiet
17360,Merete Scheelsbeck,70,Det Konservative Folkeparti
20364,Frederik Vad,70,Socialdemokratiet
20841,Lars Arne Christensen,70,Moderaterne
205,Jonas Dahl,70,Socialistisk Folkeparti
17543,Marianne Bredal,70,Venstre
856,Line Barfod,70,Enhedslisten
17141,Brigitte Klintskov Jerkel,70,Det Konservative Folkeparti
17628,Carl Valentin,70,Socialistisk Folkeparti
202,Peder Christensen,70,Socialdemokratiet
1461,Rikke Hvilshøj,70,Venstre
17629,Mads Fuglede,70,Venstre
21186,Mads Madsen Henriksen,70,Socialdemokratiet
17736,Per Nørhave,70,Dansk Folkeparti
44,Henning Hyllested,70,Enhedslisten
201,Thomas Jensen,70,Socialdemokratiet
17752,Anders Stjernholm,70,Alternativet
1455,René Skau Björnsson,70,Socialdemokratiet
918,Lisbeth Petersen,70,Venstre
17827,Tina Boel,70,Socialistisk Folkeparti
200,Jane Heitmann,70,Venstre
17963,Øjvind Vilsholm,70,Enhedslisten
132,Søren Pind,70,Venstre
1618,Walter Christophersen,70,Dansk Folkeparti
207,Jakob Ellemann-Jensen,70,Venstre
17140,Orla Østerby,70,Det Konservative Folkeparti
20366,Thomas Skriver Jensen,70,Socialdemokratiet
20823,Morten Vehl,70,Danmarksdemokraterne
212,Eyvind Vesselbo,70,Venstre
1484,Sofia Rossen,70,Inuit Ataqatigiit
16473,Malou Lunderød,70,Socialdemokratiet
16503,Anne Paulin,70,Socialdemokratiet
725,Preben Rudiengaard,70,Venstre
1478,Simon Pihl Sørensen,70,Socialdemokratiet
16582,Peder Hvelplund,70,Enhedslisten
211,Jørn Dohrmann,70,Dansk Folkeparti
16603,Sarah Glerup,70,Enhedslisten
131,Lene Espersen,70,Det Konservative Folkeparti
210,Birgitte Josefsen,70,Venstre
110,Rosa Lund,70,Enhedslisten
16610,Lars Aslan Rasmussen,70,Socialdemokratiet
48,Peter Skaarup,70,Dansk Folkeparti
16728,Kirsten Normann Andersen,70,Socialistisk Folkeparti
209,Camilla Hersom,70,Radikale Venstre
794,Lene Garsdal,70,Socialistisk Folkeparti
16757,Danny K. Malkowski,70,Liberal Alliance
20365,Matilde Powers,70,Socialdemokratiet
1473,Sidsel Homann,70,Socialistisk Folkeparti
16952,Helle Osther,70,Enhedslisten
208,Simon Kollerup,70,Socialdemokratiet
97,Jesper Petersen,70,Socialdemokratiet
17134,Jonathan Simmel,70,Enhedslisten
1471,Sanne Schroll,70,Socialistisk Folkeparti
801,Lene Hansen,70,Socialdemokratiet
1474,Sidsel Leth Svensson,70,Det Konservative Folkeparti
15788,Jacob Mark,70,Socialistisk Folkeparti
223,Henrik Høegh,70,Venstre
676,Søren Krarup,70,Dansk Folkeparti
1740,Karina Sørensen,70,Dansk Folkeparti
15768,Pernille Schnoor,70,Alternativet
20372,Betina Kastbjerg,70,Danmarksdemokraterne
252,Pia Kjærsgaard,70,Dansk Folkeparti
15769,Maria Reumert Gjerding,70,Enhedslisten
670,Lars Emil Johansen,70,Siumut
20798,Mads Olsen,70,Socialistisk Folkeparti
20559,Reza Javid,70,Enhedslisten
15770,Mattias Tesfaye,70,Socialdemokratiet
249,Kirsten Brosbøl (udpeget af S),70,Socialdemokratiet
1739,Thor Gunnar Kofoed,70,Venstre
15771,Morten Løkkegaard,70,Venstre
15767,Pernille Bendixen,70,Dansk Folkeparti
247,Edmund Joensen,70,Sambandsflokkurin
1731,Flemming Hansen,70,Det Konservative Folkeparti
15773,Christina Egelund,70,Liberal Alliance
62,Annette Vilhelmsen,70,Socialistisk Folkeparti
246,Orla Hav,70,Socialdemokratiet
15774,Lise Bech,70,Dansk Folkeparti
20393,Katrine Daugaard,70,Liberal Alliance
1730,Elsebeth Gerner Nielsen,70,Radikale Venstre
15775,Torsten Gejl,70,Alternativet
20371,Linea Søgaard-Lidell,70,Venstre
245,Leif Mikkelsen,70,Liberal Alliance
15776,Peter Hummelgaard,70,Socialdemokratiet
671,Niels Helveg Petersen,70,Radikale Venstre
15772,Ulla Sandbæk,70,Alternativet
64,Flemming Damgaard Larsen,70,Venstre
257,Bjarne Laustsen,70,Socialdemokratiet
15766,Erik Christensen (udpeget af S),70,Socialdemokratiet
20790,Ken Kristensen,70,Venstre
262,Sjúrður Skaale,70,Javnaðarflokkurin
15757,Aaja Chemnitz,70,Inuit Ataqatigiit
20392,Lars-Christian Brask,70,Liberal Alliance
1747,Jytte Wittrock,70,Socialdemokratiet
261,Esben Lunde Larsen,70,Venstre
15758,Aleqa Hammond,70,Nunatta Qitornai
15760,Lea Wermelin,70,Socialdemokratiet
67,Nick Hækkerup,70,Socialdemokratiet
260,Leif Lahn Jensen,70,Socialdemokratiet
15761,Karina Due,70,Dansk Folkeparti
20373,Susie Jessen,70,Danmarksdemokraterne
1746,Tove Fergo,70,Venstre
15762,Christian Rabjerg Madsen,70,Socialdemokratiet
668,Naser Khader,70,Det Konservative Folkeparti
21075,Michael Rosenmark,70,Danmarksdemokraterne
259,Anne-Mette Winther Christiansen (udpeget af V),70,Venstre
93,Louise Elholm,70,Venstre
15763,Peter Kofod,70,Dansk Folkeparti
112,Lotte Rod,70,Radikale Venstre
1745,Ulrik Kragh,70,Venstre
15764,Jan Rytkjær Callesen,70,Dansk Folkeparti
258,Poul Andersen,70,Socialdemokratiet
15765,Carl Holst,70,Venstre
669,Frank Jensen,70,Socialdemokratiet
1744,Kamal Qureshi,70,Socialistisk Folkeparti
126,Kim Andersen (udpeget af V),70,Venstre
94,Peter Christensen,70,Venstre
15777,Pelle Dragsted,70,Enhedslisten
1183,Michael Thomsen,70,Socialistisk Folkeparti
20370,Christina Olumeko,70,Alternativet
21168,Erik Veje Rasmussen,70,Venstre
1623,Aage Frandsen,70,Socialistisk Folkeparti
15785,Jakob Sølvhøj,70,Enhedslisten
238,Morten Messerschmidt,70,Dansk Folkeparti
57,Jakob Engel-Schmidt,70,Venstre
675,Hanne Severinsen,70,Venstre
15780,Tilde Bork,70,Dansk Folkeparti
672,Kuupik Kleist,70,Inuit Ataqatigiit
15781,Claus Kvist Hansen,70,Dansk Folkeparti
15779,Carsten Bach,70,Liberal Alliance
15784,Søren Pape Poulsen,70,Det Konservative Folkeparti
231,Manu Sareen,70,Radikale Venstre
59,Rasmus Helveg Petersen,70,Radikale Venstre
235,Jeppe Kofod,70,Socialdemokratiet
234,Anders Fogh Rasmussen,70,Venstre
15786,René Gade,70,Alternativet
1718,Svend Heiselberg,70,Venstre
15783,Josephine Fock,70,Alternativet
15782,Britt Bager,70,Venstre
15778,Carolina Magdalene Maier,70,Alternativet
1636,Aase D. Madsen (udpeget af DF),70,Dansk Folkeparti
20805,Jan Carlsen,70,Moderaterne
15787,Kaare Dybvad Bek,70,Socialdemokratiet
244,Magnus Heunicke,70,Socialdemokratiet
1619,Yildiz Akdogan,70,Socialdemokratiet
1727,Jette Bergenholz Bautrup,70,Socialdemokratiet
127,Preben Bang Henriksen,70,Venstre
226,Ole Sohn,70,Socialdemokratiet
20387,Kristian Klarskov,71,Moderaterne
20352,Helene Brydensholt,71,Alternativet
21143,Morten Klessen,71,Socialdemokratiet
20375,Charlotte Munch,71,Danmarksdemokraterne
20962,Claus Jørgensen,71,Socialistisk Folkeparti
20635,Markus E. Olsen,71,Siumut
20380,Monika Rubin,71,Moderaterne
21161,Lisa Perkins,71,Liberal Alliance
20362,Thomas Monberg,71,Socialdemokratiet
20358,Marianne Bigum,71,Socialistisk Folkeparti
20779,Runa Friis Hansen,71,Enhedslisten
20385,Charlotte Bagge Hansen,71,Moderaterne
20369,Helle Bonnesen,71,Det Konservative Folkeparti
20527,Nanna Høyrup,71,Alternativet
20767,Andreas Karlsen,71,Det Konservative Folkeparti
20363,Sara Emil Baaring,71,Socialdemokratiet
20629,Nikoline Erbs Hillers-Bendtsen,71,Alternativet
20917,Tina Cartey Hansen,71,Det Konservative Folkeparti
20386,Rasmus Lund-Nielsen,71,Moderaterne
20790,Ken Kristensen,71,Venstre
20355,Kim Edberg Andersen,71,Nye Borgerlige
21186,Mads Madsen Henriksen,71,Socialdemokratiet
20364,Frederik Vad,71,Socialdemokratiet
20374,Kenneth Fredslund Petersen,71,Danmarksdemokraterne
21168,Erik Veje Rasmussen,71,Venstre
20841,Lars Arne Christensen,71,Moderaterne
20392,Lars-Christian Brask,71,Liberal Alliance
20396,Jens Meilvang,71,Liberal Alliance
20925,Dina Raabjerg,71,Det Konservative Folkeparti
21075,Michael Rosenmark,71,Danmarksdemokraterne
20805,Jan Carlsen,71,Moderaterne
20411,Leila Stockmarr,71,Enhedslisten
20781,Gunvor Wibroe,71,Socialdemokratiet
20357,Lise Bertelsen,71,Det Konservative Folkeparti
20373,Susie Jessen,71,Danmarksdemokraterne
20360,Sofie Lippert,71,Socialistisk Folkeparti
20399,Louise Brown,71,Liberal Alliance
20391,Sólbjørg Jakobsen,71,Liberal Alliance
20379,Tobias Grotkjær Elmstrøm,71,Moderaterne
20366,Thomas Skriver Jensen,71,Socialdemokratiet
20397,Steffen Larsen,71,Liberal Alliance
21083,Thorkild Holmboe-Hay,71,Socialdemokratiet
20539,Noah Sturis,71,Alternativet
20747,Jenny Andresen,71,Danmarksdemokraterne
21159,Ammar Ali,71,Moderaterne
20381,Karin Liltorp,71,Moderaterne
20371,Linea Søgaard-Lidell,71,Venstre
20580,Lean Milo,71,Moderaterne
20941,Preben Friis-Hauge,71,Venstre
20356,Mikkel Bjørn,71,Nye Borgerlige
20496,Henrik Rejnholt Andersen,71,Moderaterne
20361,Fie Hækkerup,71,Socialdemokratiet
20382,Mette Kierkgaard,71,Moderaterne
20398,Helena Artmann Andresen,71,Liberal Alliance
20820,Carl Andersen,71,Liberal Alliance
20930,Louise Mehnke,71,Socialdemokratiet
20359,Sigurd Agersnap,71,Socialistisk Folkeparti
20377,Henrik Frandsen,71,Moderaterne
20393,Katrine Daugaard,71,Liberal Alliance
20367,Kris Jensen Skriver,71,Socialdemokratiet
21044,Lasse Haugaard Pedersen,71,Socialdemokratiet
20394,Steffen W. Frølund,71,Liberal Alliance
20798,Mads Olsen,71,Socialistisk Folkeparti
20353,Sascha Faxe,71,Alternativet
20389,Peter Have,71,Moderaterne
20400,Sandra Elisabeth Skalvig,71,Liberal Alliance
20599,Søren Rasmussen,71,Dansk Folkeparti
20384,Nanna W. Gotfredsen,71,Moderaterne
20378,Rosa Eriksen,71,Moderaterne
20559,Reza Javid,71,Enhedslisten
20365,Matilde Powers,71,Socialdemokratiet
20372,Betina Kastbjerg,71,Danmarksdemokraterne
20368,Maria Durhuus,71,Socialdemokratiet
20916,Kenneth Bjerg Andersen,71,Moderaterne
20395,Alexander Ryle,71,Liberal Alliance
20370,Christina Olumeko,71,Alternativet
21194,Joachim Hoffmann-Petersen,71,Det Konservative Folkeparti
20823,Morten Vehl,71,Danmarksdemokraterne
20415,Mohammad Rona,71,Moderaterne
20376,Kristian Bøgsted,71,Danmarksdemokraterne
20390,Mike Villa Fonseca,71,Moderaterne
20383,Jeppe Søe,71,Moderaterne
20976,Caroline Stage Olsen,71,Moderaterne
20642,Anne Hegelund,71,Enhedslisten
21076,Charlotte Nellemann,71,Liberal Alliance
20354,Theresa Scavenius,71,Alternativet
20966,Frederik Bloch Münster,71,Det Konservative Folkeparti
20388,Jon Stephensen,71,Moderaterne
1779,Else Winther Andersen,71,Venstre
20350,Nick Zimmermann,71,Dansk Folkeparti
376,Annika Smith,71,Socialistisk Folkeparti
371,Niels Christian Nielsen,71,Socialdemokratiet
370,Thomas Medom,71,Socialistisk Folkeparti
367,Karen Touborg,71,Socialistisk Folkeparti
366,Daniel Toft Jakobsen,71,Socialdemokratiet
365,Karen Jespersen,71,Venstre
364,Birthe Rønn Hornbech,71,Venstre
363,Jacob Bjerregaard,71,Socialdemokratiet
362,Vivi Kier,71,Det Konservative Folkeparti
354,Mette Boye,71,Socialistisk Folkeparti
353,Lykke Friis,71,Venstre
352,Henrik Dam Kristensen,71,Socialdemokratiet
351,Sophie Hæstorp Andersen,71,Socialdemokratiet
350,Gitte Lillelund Bech,71,Venstre
348,Villy Søvndal,71,Socialistisk Folkeparti
378,Merete Dea Larsen,71,Dansk Folkeparti
344,Linda Kristiansen,71,Radikale Venstre
379,Kristen Touborg,71,Socialistisk Folkeparti
386,Claus Larsen-Jensen (udpeget af),71,Socialdemokratiet
661,Jens Rohde,71,Uden for Folketingsgrupperne
660,Svend Erik Hovmand,71,Venstre
657,Pia Larsen,71,Venstre
656,Jesper Kiel,71,Enhedslisten
655,Rune Lund,71,Enhedslisten
654,Lone Dybkjær,71,Radikale Venstre
653,Lise von Seelen,71,Socialdemokratiet
652,Lene Jensen,71,Socialdemokratiet
651,Jens Christian Lund,71,Socialdemokratiet
650,Hüseyin Arac,71,Socialdemokratiet
649,Jakob Axel Nielsen,71,Det Konservative Folkeparti
648,Carina Christensen,71,Det Konservative Folkeparti
647,Charlotte Antonsen (udpeget af V),71,Venstre
646,Jens Hald,71,Venstre
645,Christian Mejdahl,71,Venstre
384,Mogens Lykketoft,71,Socialdemokratiet
343,Mie Bergmann,71,Radikale Venstre
305,Jens Ejner Christensen,71,Venstre
304,Jacob Lund,71,Socialdemokratiet
265,Eva Kjer Hansen,71,Venstre
264,Rasmus Prehn,71,Socialdemokratiet
263,Mette Hjermind Dencker,71,Dansk Folkeparti
262,Sjúrður Skaale,71,Javnaðarflokkurin
261,Esben Lunde Larsen,71,Venstre
260,Leif Lahn Jensen,71,Socialdemokratiet
259,Anne-Mette Winther Christiansen (udpeget af V),71,Venstre
258,Poul Andersen,71,Socialdemokratiet
257,Bjarne Laustsen,71,Socialdemokratiet
252,Pia Kjærsgaard,71,Dansk Folkeparti
249,Kirsten Brosbøl (udpeget af S),71,Socialdemokratiet
247,Edmund Joensen,71,Sambandsflokkurin
246,Orla Hav,71,Socialdemokratiet
245,Leif Mikkelsen,71,Liberal Alliance
244,Magnus Heunicke,71,Socialdemokratiet
266,Rasmus Horn Langhoff,71,Socialdemokratiet
268,Helle Løvgreen Mølvig,71,Radikale Venstre
270,Claus Hjort Frederiksen,71,Venstre
271,Kristian Jensen,71,Venstre
303,Anita Christensen,71,Dansk Folkeparti
302,Benedikte Kiær,71,Det Konservative Folkeparti
297,Maja Panduro (udpeget af S),71,Socialdemokratiet
296,Ulla Tørnæs,71,Venstre
294,Doris Jakobsen,71,Siumut
288,Torben Hansen (udpeget af S),71,Socialdemokratiet
286,Ane Halsboe-Jørgensen,71,Socialdemokratiet
662,Poul Nødgaard,71,Dansk Folkeparti
282,Sanne Bjørn,71,Radikale Venstre
280,Karen J. Klint (udpeget af S),71,Socialdemokratiet
279,Tina Nedergaard,71,Venstre
278,Karin Gaardsted,71,Socialdemokratiet
277,Johan Lund Olsen,71,Inuit Ataqatigiit
276,Pernille Boye Koch,71,Uden for Folketingsgrupperne
273,Per Husted,71,Socialdemokratiet
272,Ole Hækkerup,71,Socialdemokratiet
281,Finn Thranum,71,Venstre
663,Christian H. Hansen,71,Uden for Folketingsgrupperne
664,Pia Christmas-Møller,71,Uden for Folketingsgrupperne
665,Helge Adam Møller,71,Det Konservative Folkeparti
1358,Julie Rademacher,71,Socialdemokratiet
1357,Helge Sander,71,Venstre
1353,Peder Sass,71,Socialdemokratiet
1334,Peter Laigaard,71,Liberal Alliance
1325,Ole Vagn Christensen,71,Socialdemokratiet
1319,Ole Stavad (udpeget af S),71,Socialdemokratiet
1311,Ole Glahn,71,Radikale Venstre
1299,Helle Sjelle,71,Det Konservative Folkeparti
1280,Niels Sindal,71,Socialdemokratiet
1269,Niels Høiby,71,Liberal Alliance
1258,Nanna Westerby,71,Socialistisk Folkeparti
1256,Pia Gjellerup (udpeget af S),71,Socialdemokratiet
1250,Jan Trøjborg,71,Socialdemokratiet
1249,Allan Niebuhr,71,Det Konservative Folkeparti
1234,Morten Homann,71,Socialistisk Folkeparti
1362,Per Bisgaard,71,Venstre
1371,Per Dalgaard,71,Dansk Folkeparti
1375,Per Løkken,71,Det Konservative Folkeparti
1378,Per Ørum Jørgensen,71,Kristendemokraterne
1461,Rikke Hvilshøj,71,Venstre
1455,René Skau Björnsson,71,Socialdemokratiet
1454,Rasmus Jarlov,71,Det Konservative Folkeparti
1447,Poul Qvist Jørgensen,71,Socialdemokratiet
1444,Poul Henrik Hedeboe,71,Socialistisk Folkeparti
1440,Poul Erik Christensen,71,Radikale Venstre
1433,Poul Fischer,71,Dansk Folkeparti
1219,Mogens Nørgård,71,Kristendemokraterne
1431,Pia Kristensen,71,Dansk Folkeparti
1414,Peter Christian Christensen,71,Socialdemokratiet
1413,Peter Westermann,71,Socialistisk Folkeparti
1410,Peter Madsen,71,Venstre
1398,Peter Brixtofte,71,Uden for Folketingsgrupperne
1393,Pernille Blach Hansen,71,Socialdemokratiet
1392,Pernille Søndergaard,71,Enhedslisten
1385,Pernille Frahm (udpeget af SF),71,Socialistisk Folkeparti
1417,Pia Boisen,71,Enhedslisten
238,Morten Messerschmidt,71,Dansk Folkeparti
1201,Mogens Camre,71,Dansk Folkeparti
1172,Mia Falkenberg,71,Dansk Folkeparti
794,Lene Garsdal,71,Socialistisk Folkeparti
725,Preben Rudiengaard,71,Venstre
680,Morten Helveg Petersen,71,Radikale Venstre
679,Per Kaalund,71,Socialdemokratiet
678,Klaus Hækkerup (udpeget af S),71,Socialdemokratiet
677,Jesper Langballe,71,Dansk Folkeparti
676,Søren Krarup,71,Dansk Folkeparti
675,Hanne Severinsen,71,Venstre
672,Kuupik Kleist,71,Inuit Ataqatigiit
671,Niels Helveg Petersen,71,Radikale Venstre
670,Lars Emil Johansen,71,Siumut
669,Frank Jensen,71,Socialdemokratiet
668,Naser Khader,71,Uden for Folketingsgrupperne
667,Søren Egge Rasmussen,71,Enhedslisten
666,Jørn Pedersen,71,Socialdemokratiet
801,Lene Hansen,71,Socialdemokratiet
856,Line Barfod,71,Enhedslisten
918,Lisbeth Petersen,71,Venstre
920,Lise Hækkerup,71,Socialdemokratiet
1162,Meta Fuglsang,71,Socialistisk Folkeparti
1146,Marlene Harpsøe,71,Danmarksdemokraterne
1124,Marion Pedersen,71,Venstre
1121,Marie Fugl,71,Socialistisk Folkeparti
1116,Marianne Saxtoft,71,Radikale Venstre
1115,Marianne Pedersen,71,Venstre
1094,Margot Torp,71,Socialdemokratiet
1183,Michael Thomsen,71,Socialistisk Folkeparti
1090,Malou Aamund,71,Venstre
1085,Majbrit Berlau,71,Enhedslisten
1067,Lykke Roed,71,Dansk Folkeparti
1047,Louise Frevert,71,Uden for Folketingsgrupperne
1044,Lotte Thiim Bertelsen,71,Socialistisk Folkeparti
1039,Lotte Bundsgaard,71,Socialdemokratiet
1023,Lone Møller (udpeget af S),71,Socialdemokratiet
951,Lissa Mathiasen,71,Socialdemokratiet
1087,Malene Søgaard-Andersen,71,Socialistisk Folkeparti
235,Jeppe Kofod,71,Socialdemokratiet
234,Anders Fogh Rasmussen,71,Venstre
231,Manu Sareen,71,Radikale Venstre
100,Sofie Carsten Nielsen,71,Radikale Venstre
99,Ole Birk Olesen,71,Liberal Alliance
98,René Christensen,71,Dansk Folkeparti
97,Jesper Petersen,71,Socialdemokratiet
96,Mike Legarth,71,Det Konservative Folkeparti
95,Steen Gade,71,Socialistisk Folkeparti
94,Peter Christensen,71,Venstre
93,Louise Elholm,71,Venstre
92,Carsten Hansen,71,Socialdemokratiet
88,Martin Geertsen,71,Venstre
87,Finn Sørensen,71,Enhedslisten
86,Marlene Borst Hansen,71,Radikale Venstre
85,Özlem Sara Cekic,71,Socialistisk Folkeparti
84,Troels Ravn,71,Socialdemokratiet
83,Brian Mikkelsen,71,Det Konservative Folkeparti
101,Morten Marinus,71,Dansk Folkeparti
102,Jan E. Jørgensen,71,Venstre
103,Anne Sina,71,Socialdemokratiet
106,Margrethe Vestager,71,Radikale Venstre
125,Hans Christian Schmidt,71,Venstre
124,Kim Christiansen,71,Dansk Folkeparti
123,Andreas Steenberg,71,Radikale Venstre
122,Stine Brix,71,Enhedslisten
121,Karina Lorentzen Dehnhardt,71,Socialistisk Folkeparti
120,Benny Engelbrecht,71,Socialdemokratiet
119,Dennis Flydtkjær,71,Danmarksdemokraterne
82,Hans Kristian Skibby,71,Danmarksdemokraterne
118,Trine Bramsen,71,Socialdemokratiet
116,Morten Østergaard,71,Radikale Venstre
113,Jens Henrik Thulesen Dahl,71,Danmarksdemokraterne
112,Lotte Rod,71,Radikale Venstre
111,Joachim B. Olsen,71,Liberal Alliance
110,Rosa Lund,71,Enhedslisten
109,Trine Pertou Mach,71,Enhedslisten
108,Charlotte Dyremose,71,Det Konservative Folkeparti
117,Simon Emil Ammitzbøll-Bille,71,Uden for Folketingsgrupperne
126,Kim Andersen (udpeget af V),71,Venstre
81,Mads Rørvig,71,Venstre
79,Christian Langballe (udpeget af DF),71,Dansk Folkeparti
47,Karen Hækkerup (udpeget af S),71,Socialdemokratiet
44,Henning Hyllested,71,Enhedslisten
43,Pia Olsen Dyhr,71,Socialistisk Folkeparti
39,Christian Juhl,71,Enhedslisten
38,Astrid Krag,71,Socialdemokratiet
34,Søren Espersen,71,Danmarksdemokraterne
33,Holger K. Nielsen,71,Socialistisk Folkeparti
28,Henrik Sass Larsen,71,Socialdemokratiet
24,Karsten Lauritzen,71,Venstre
23,Bjarne Corydon,71,Socialdemokratiet
18,Alex Ahrendtsen,71,Dansk Folkeparti
17,Christine Antorini,71,Socialdemokratiet
13,Sara Olsvig,71,Inuit Ataqatigiit
12,Nicolai Wammen,71,Socialdemokratiet
5,Frank Aaen,71,Enhedslisten
48,Peter Skaarup,71,Danmarksdemokraterne
49,Erling Bonnesen,71,Venstre
50,Liselott Blixt,71,Uden for Folketingsgrupperne
55,Marianne Jelved,71,Radikale Venstre
78,Marie Krarup,71,Uden for Folketingsgrupperne
77,Kristian Thulesen Dahl,71,Uden for Folketingsgrupperne
75,Jeppe Mikkelsen,71,Radikale Venstre
74,Mette Reissmann,71,Socialdemokratiet
73,Merete Riisager,71,Liberal Alliance
72,Karen Ellemann,71,Venstre
71,Tom Behnke,71,Uden for Folketingsgrupperne
80,Torsten Schack Pedersen,71,Venstre
70,Martin Henriksen (udpeget af DF),71,Dansk Folkeparti
68,Nikolaj Villumsen,71,Enhedslisten
67,Nick Hækkerup,71,Socialdemokratiet
64,Flemming Damgaard Larsen,71,Venstre
62,Annette Vilhelmsen,71,Socialistisk Folkeparti
59,Rasmus Helveg Petersen,71,Radikale Venstre
57,Jakob Engel-Schmidt,71,Moderaterne
56,Karin Nødgaard,71,Dansk Folkeparti
69,Pernille Skipper,71,Enhedslisten
1463,Ritt Bjerregaard,71,Socialdemokratiet
127,Preben Bang Henriksen,71,Venstre
130,Sophie Løhde,71,Venstre
202,Peder Christensen,71,Socialdemokratiet
201,Thomas Jensen,71,Socialdemokratiet
200,Jane Heitmann,71,Venstre
199,Karsten Hønge,71,Socialistisk Folkeparti
198,Anne Baastrup,71,Socialistisk Folkeparti
197,Mette Gjerskov,71,Socialdemokratiet
195,Pernille Vigsø Bagge,71,Socialistisk Folkeparti
194,Kristian Pihl Lorentzen,71,Venstre
193,Karsten Nonbo,71,Venstre
192,Fatma Øktem,71,Venstre
191,Zenia Stampe,71,Radikale Venstre
190,Thyra Frank,71,Liberal Alliance
189,Mai Mercado,71,Det Konservative Folkeparti
188,Sanne Rubinke,71,Socialistisk Folkeparti
187,Julie Skovsby,71,Socialdemokratiet
205,Jonas Dahl,71,Socialistisk Folkeparti
206,Troels Lund Poulsen,71,Venstre
207,Jakob Ellemann-Jensen,71,Venstre
208,Simon Kollerup,71,Socialdemokratiet
226,Ole Sohn,71,Socialdemokratiet
225,Uffe Elbæk,71,Alternativet
224,Flemming Møller Mortensen,71,Socialdemokratiet
223,Henrik Høegh,71,Venstre
221,Pia Adelsteen,71,Dansk Folkeparti
220,Morten Bødskov,71,Socialdemokratiet
219,Lisbeth Bech-Nielsen,71,Socialistisk Folkeparti
185,Nadeem Farooq,71,Radikale Venstre
217,Lars Christian Lilleholt,71,Venstre
215,Jørgen Arbo-Bæhr,71,Enhedslisten
214,Jeppe Bruus,71,Socialdemokratiet
213,Jens Joel,71,Socialdemokratiet
212,Eyvind Vesselbo,71,Venstre
211,Jørn Dohrmann,71,Dansk Folkeparti
210,Birgitte Josefsen,71,Venstre
209,Camilla Hersom,71,Radikale Venstre
216,Mikkel Dencker,71,Dansk Folkeparti
129,Bertel Haarder,71,Venstre
184,Lennart Damsbo-Andersen,71,Socialdemokratiet
182,Inger Støjberg,71,Danmarksdemokraterne
153,Per Stig Møller,71,Det Konservative Folkeparti
152,Ida Auken,71,Socialdemokratiet
149,Lars Barfoed,71,Det Konservative Folkeparti
148,Anders Samuelsen,71,Liberal Alliance
147,Johanne Schmidt-Nielsen,71,Enhedslisten
145,Lars Løkke Rasmussen,71,Moderaterne
144,Helle Thorning-Schmidt,71,Socialdemokratiet
141,Martin Lidegaard,71,Radikale Venstre
139,Thomas Danielsen,71,Venstre
138,Mette Frederiksen,71,Socialdemokratiet
135,Mette Bock,71,Liberal Alliance
134,Christian Friis Bach,71,Radikale Venstre
133,John Dyrby Paulsen,71,Socialdemokratiet
132,Søren Pind,71,Venstre
131,Lene Espersen,71,Det Konservative Folkeparti
154,Mogens Jensen,71,Socialdemokratiet
155,Villum Christensen,71,Liberal Alliance
156,Lone Loklindt,71,Radikale Venstre
158,Eigil Andersen,71,Socialistisk Folkeparti
181,Annette Lind,71,Socialdemokratiet
180,Peter Juel-Jensen,71,Venstre
179,Hans Christian Thoning,71,Venstre
178,Michael Aastrup Jensen,71,Venstre
176,Søren Søndergaard,71,Enhedslisten
173,Jacob Jensen,71,Venstre
172,Pernille Rosenkrantz-Theil,71,Socialdemokratiet
183,Bent Bøgsted,71,Danmarksdemokraterne
171,Per Clausen,71,Enhedslisten
167,Dan Jørgensen,71,Socialdemokratiet
164,Hans Andersen,71,Venstre
163,Ellen Trane Nørby,71,Venstre
162,Karina Adsbøl,71,Danmarksdemokraterne
161,Liv Holm Andersen,71,Radikale Venstre
160,Jan Johansen,71,Socialdemokratiet
159,Lars Dohn,71,Enhedslisten
168,Anni Matthiesen,71,Venstre
20351,Franciska Rosenkilde,71,Alternativet
1470,Sandy Brinck,71,Socialdemokratiet
1473,Sidsel Homann,71,Socialistisk Folkeparti
16582,Peder Hvelplund,71,Enhedslisten
16503,Anne Paulin,71,Socialdemokratiet
16473,Malou Lunderød,71,Socialdemokratiet
16428,Emrah Tuncer,71,Radikale Venstre
16374,Anders Johansson,71,Det Konservative Folkeparti
16351,Malte Larsen,71,Socialdemokratiet
16180,Kasper Roug,71,Socialdemokratiet
16176,Nikolaj Amstrup,71,Alternativet
16092,Sisse Marie Welling,71,Socialistisk Folkeparti
16074,Steen Holm Iversen,71,Liberal Alliance
16073,Rasmus Vestergaard Madsen,71,Enhedslisten
16072,Carsten Kudsk,71,Dansk Folkeparti
15881,Magni Arge,71,Tjóðveldi
15800,Henrik Dahl,71,Liberal Alliance
15799,Roger Courage Matthisen,71,Alternativet
16603,Sarah Glerup,71,Enhedslisten
15798,Dorthe Ullemose,71,Dansk Folkeparti
16610,Lars Aslan Rasmussen,71,Socialdemokratiet
16757,Danny K. Malkowski,71,Liberal Alliance
17988,Bjarni Hammer,71,Javnaðarflokkurin
17963,Øjvind Vilsholm,71,Enhedslisten
17827,Tina Boel,71,Socialistisk Folkeparti
17752,Anders Stjernholm,71,Alternativet
17736,Per Nørhave,71,Dansk Folkeparti
17629,Mads Fuglede,71,Venstre
17628,Carl Valentin,71,Socialistisk Folkeparti
17543,Marianne Bredal,71,Venstre
17360,Merete Scheelsbeck,71,Det Konservative Folkeparti
17267,Kristian Hegaard,71,Radikale Venstre
17247,Klaus Markussen,71,Venstre
17141,Brigitte Klintskov Jerkel,71,Det Konservative Folkeparti
17140,Orla Østerby,71,Uden for Folketingsgrupperne
17134,Jonathan Simmel,71,Enhedslisten
16952,Helle Osther,71,Enhedslisten
16728,Kirsten Normann Andersen,71,Socialistisk Folkeparti
15797,Christian Poll,71,Alternativet
15796,Jan Erik Messmann,71,Dansk Folkeparti
15795,May-Britt Kattrup,71,Liberal Alliance
15774,Lise Bech,71,Danmarksdemokraterne
15773,Christina Egelund,71,Liberal Alliance
15772,Ulla Sandbæk,71,Alternativet
15771,Morten Løkkegaard,71,Venstre
15770,Mattias Tesfaye,71,Socialdemokratiet
15769,Maria Reumert Gjerding,71,Enhedslisten
15768,Pernille Schnoor,71,Alternativet
15767,Pernille Bendixen,71,Dansk Folkeparti
15766,Erik Christensen (udpeget af S),71,Socialdemokratiet
15765,Carl Holst,71,Venstre
15764,Jan Rytkjær Callesen,71,Dansk Folkeparti
15763,Peter Kofod,71,Dansk Folkeparti
15762,Christian Rabjerg Madsen,71,Socialdemokratiet
15761,Karina Due,71,Dansk Folkeparti
15760,Lea Wermelin,71,Socialdemokratiet
15775,Torsten Gejl,71,Alternativet
15776,Peter Hummelgaard,71,Socialdemokratiet
15777,Pelle Dragsted,71,Enhedslisten
15778,Carolina Magdalene Maier,71,Alternativet
15794,Trine Torp,71,Socialistisk Folkeparti
15793,Mette Abildgaard,71,Det Konservative Folkeparti
15792,Rasmus Nordqvist,71,Socialistisk Folkeparti
15791,Eva Flyvholm,71,Enhedslisten
15790,Marcus Knuth,71,Det Konservative Folkeparti
15789,Jeppe Jakobsen,71,Dansk Folkeparti
15788,Jacob Mark,71,Socialistisk Folkeparti
17990,Tommy Ahlers,71,Venstre
15787,Kaare Dybvad Bek,71,Socialdemokratiet
15785,Jakob Sølvhøj,71,Enhedslisten
15784,Søren Pape Poulsen,71,Det Konservative Folkeparti
15783,Josephine Fock,71,Alternativet
15782,Britt Bager,71,Det Konservative Folkeparti
15781,Claus Kvist Hansen,71,Dansk Folkeparti
15780,Tilde Bork,71,Dansk Folkeparti
15779,Carsten Bach,71,Liberal Alliance
15786,René Gade,71,Alternativet
18265,Carsten Kissmeyer,71,Venstre
18278,Serdal Benli,71,Socialistisk Folkeparti
18291,Erik Lund,71,Det Konservative Folkeparti
19146,Anna Brændemose,71,Socialistisk Folkeparti
19142,Barbara Gaardlykke Apol,71,Javnaðarflokkurin
19133,Anders G. Christensen,71,Venstre
19016,Dorthe Hindborg,71,Socialdemokratiet
19002,Gitte Willumsen,71,Det Konservative Folkeparti
19000,Theresa Berg Andersen,71,Socialistisk Folkeparti
18953,Mira Issa Bloch,71,Alternativet
18917,Balder Mørk Andersen,71,Socialistisk Folkeparti
18882,Tanja Larsson,71,Socialdemokratiet
18830,Nils Sjøberg,71,Radikale Venstre
18736,Egil Hulgaard,71,Det Konservative Folkeparti
18729,Katrine Robsøe,71,Radikale Venstre
18728,Anne Sophie Callesen,71,Radikale Venstre
18727,Kathrine Olldag,71,Radikale Venstre
18726,Stinus Lindgreen,71,Radikale Venstre
19196,Ruben Kidde,71,Radikale Venstre
19221,Hanne Bjørn-Klausen,71,Det Konservative Folkeparti
19475,Susan Kronborg,71,Radikale Venstre
19480,Henrik Vinther,71,Radikale Venstre
20349,Anna Falkenberg,71,Sambandsflokkurin
20144,Maria Gudme,71,Socialdemokratiet
20051,Theis Kylling Hommeltoft,71,Socialdemokratiet
19996,Helgi Abrahamsen,71,Sambandsflokkurin
19982,Jan Bjergskov Larsen,71,Socialistisk Folkeparti
19948,Mark Grossmann,71,Venstre
19928,Kim Aas,71,Socialdemokratiet
18725,Samira Nawa,71,Radikale Venstre
19920,Karsten Filsø,71,Socialistisk Folkeparti
19809,Christina Thorholm,71,Radikale Venstre
19807,Anne Rasmussen,71,Venstre
19806,Alexander Grandt,71,Socialdemokratiet
19748,Stine Pilt Olsen,71,Det Konservative Folkeparti
19684,Mads Andersen,71,Det Konservative Folkeparti
19637,Kenneth Mikkelsen,71,Venstre
19569,Maja Torp,71,Venstre
19919,Brian Bressendorff,71,Socialdemokratiet
15758,Aleqa Hammond,71,Nunatta Qitornai
18724,Lars Boje Mathiesen,71,Nye Borgerlige
18722,Peter Seier Christensen,71,Nye Borgerlige
18701,Marie Bjerre,71,Venstre
18700,Heidi Bank,71,Venstre
18699,Christoffer Aagaard Melson,71,Venstre
18698,Marlene Ambo-Rasmussen,71,Venstre
18697,Stén Knuth,71,Venstre
18696,Morten Dahlin,71,Venstre
18695,Kim Valentin,71,Venstre
18694,Victoria Velasquez,71,Enhedslisten
18693,Mai Villadsen,71,Enhedslisten
18692,Susanne Zimmer,71,Frie Grønne
18691,Sikandar Siddique,71,Frie Grønne
18688,Aki-Matilda Høegh-Dam,71,Siumut
18614,Rigmor Dam,71,Javnaðarflokkurin
18545,Henrik Old,71,Javnaðarflokkurin
18415,Julius Graakjær Grantzau,71,Alternativet
18702,Anne Honoré Østergaard,71,Venstre
18703,Alex Vanopslagh,71,Liberal Alliance
18704,Halime Oguz,71,Socialistisk Folkeparti
18705,Ina Strøjer-Schmidt,71,Socialistisk Folkeparti
18721,Mette Thiesen,71,Nye Borgerlige
18720,Camilla Fabricius,71,Socialdemokratiet
18719,Birgitte Vind,71,Socialdemokratiet
18718,Anders Kronborg,71,Socialdemokratiet
18717,Bjørn Brandenborg,71,Socialdemokratiet
18716,Rasmus Stoklund,71,Socialdemokratiet
18715,Henrik Møller,71,Socialdemokratiet
18723,Pernille Vermund,71,Nye Borgerlige
18714,Kasper Sand Kjær,71,Socialdemokratiet
18712,Niels Flemming Hansen,71,Det Konservative Folkeparti
18711,Birgitte Bergman,71,Det Konservative Folkeparti
18710,Katarina Ammitzbøll,71,Det Konservative Folkeparti
18709,Signe Munk,71,Socialistisk Folkeparti
18708,Charlotte Broman Mølbæk,71,Socialistisk Folkeparti
18707,Astrid Carøe,71,Socialistisk Folkeparti
18706,Anne Valentina Berthelsen,71,Socialistisk Folkeparti
18713,Mona Juul,71,Det Konservative Folkeparti
15757,Aaja Chemnitz,71,Inuit Ataqatigiit
14372,Susanne Eilersen (udpeget af DF),71,Dansk Folkeparti
14000,Nick Nielsen,71,Siumut
1818,Ester Larsen,71,Venstre
1817,Jens Christian Larsen,71,Venstre
1815,Jette Jespersen,71,Dansk Folkeparti
1814,Gudrun Laub,71,Venstre
1811,Erik Larsen (udpeget af V),71,Venstre
1805,Inge-Lene Ebdrup,71,Liberal Alliance
1804,Jan Petersen (udpeget af S),71,Socialdemokratiet
1793,Keld Albrechtsen,71,Enhedslisten
1792,Svend Aage Jensby,71,Venstre
1791,Henrik Vestergaard,71,Venstre
1790,Freddy Dam (udpeget af V),71,Venstre
1778,Svend Auken,71,Socialdemokratiet
1777,Anita Knakkergaard,71,Dansk Folkeparti
1774,Jørgen Winther,71,Venstre
1773,Carsten Bo Jensen,71,Socialdemokratiet
1821,Sven Buhrkall,71,Venstre
1822,Jens Peter Vernersen,71,Socialdemokratiet
1823,Knud Erik Kirkegaard,71,Det Konservative Folkeparti
1824,Anders Møller,71,Uden for Folketingsgrupperne
1891,Thomas Adelskov,71,Socialdemokratiet
1887,Connie Hedegaard,71,Det Konservative Folkeparti
1886,Jacob Buksti,71,Socialdemokratiet
1885,Inge Dahl-Sørensen,71,Venstre
1883,Anne Grete Holmsgaard (udpeget af SF),71,Socialistisk Folkeparti
1882,Henriette Kjær,71,Det Konservative Folkeparti
1881,Elisabeth Arnold,71,Radikale Venstre
1771,Uno Larsson,71,Dansk Folkeparti
1880,Anne-Marie Meldgaard,71,Socialdemokratiet
1850,Christian Lund Jepsen,71,Venstre
1845,Søren Gade,71,Venstre
1844,Jens Kirk,71,Venstre
1833,Høgni Hoydal,71,Tjóðveldi
1831,Freddie H. Madsen,71,Dansk Folkeparti
1830,Helge Mortensen,71,Socialdemokratiet
1829,Thor Pedersen,71,Venstre
1879,Lars Kramer Mikkelsen,71,Socialdemokratiet
1911,Henning Gjellerod,71,Socialdemokratiet
1770,Erik Mortensen,71,Socialdemokratiet
1768,Grete Schødts,71,Socialdemokratiet
1636,Aase D. Madsen (udpeget af DF),71,Dansk Folkeparti
1623,Aage Frandsen,71,Socialistisk Folkeparti
1619,Yildiz Akdogan,71,Socialdemokratiet
1618,Walter Christophersen,71,Dansk Folkeparti
1558,Tove Videbæk,71,Kristendemokraterne
1557,Bodil Kornbek,71,Kristendemokraterne
1556,Jann Sjursen,71,Kristendemokraterne
1513,Kisser Franciska Lehnert,71,Liberal Alliance
1504,Laura Lindahl,71,Liberal Alliance
1503,Hans Vestager,71,Radikale Venstre
1502,Karl H. Bornhøft,71,Socialistisk Folkeparti
1495,Bendt Bendtsen,71,Det Konservative Folkeparti
1484,Sofia Rossen,71,Inuit Ataqatigiit
1478,Simon Pihl Sørensen,71,Socialdemokratiet
1474,Sidsel Leth Svensson,71,Det Konservative Folkeparti
1718,Svend Heiselberg,71,Venstre
1727,Jette Bergenholz Bautrup,71,Socialdemokratiet
1730,Elsebeth Gerner Nielsen,71,Radikale Venstre
1731,Flemming Hansen,71,Det Konservative Folkeparti
1767,Arne Toft,71,Socialdemokratiet
1761,Else Theill Sørensen,71,Det Konservative Folkeparti
1760,Helga Moos,71,Venstre
1759,Kaj Ikast,71,Det Konservative Folkeparti
1757,Irene Simonsen,71,Venstre
1755,Colette L. Brix,71,Dansk Folkeparti
1753,Flemming Oppfeldt,71,Uden for Folketingsgrupperne
1769,Birthe Skaarup (udpeget af DF),71,Dansk Folkeparti
1752,Jørn Jespersen,71,Socialistisk Folkeparti
1749,Jens Vibjerg (udpeget af V),71,Venstre
1747,Jytte Wittrock,71,Socialdemokratiet
1746,Tove Fergo,71,Venstre
1745,Ulrik Kragh,71,Venstre
1744,Kamal Qureshi,71,Socialistisk Folkeparti
1740,Karina Sørensen,71,Dansk Folkeparti
1739,Thor Gunnar Kofoed,71,Venstre
1751,Inger Bierbaum,71,Socialdemokratiet
1471,Sanne Schroll,71,Socialistisk Folkeparti
1912,Ida Jørgensen,71,Radikale Venstre
1916,Christian Wedell-Neergaard,71,Det Konservative Folkeparti
9976,Jette Gottlieb,71,Enhedslisten
9780,Tórbjørn Jacobsen,71,Tjóðveldi
8917,Thomas Horn,71,Socialdemokratiet
8910,Karin Storgaard,71,Dansk Folkeparti
8319,Jytte Andersen,71,Socialdemokratiet
7633,Torben Hansen,71,Socialdemokratiet
6737,Johannes Lebech,71,Radikale Venstre
6701,Kenneth F. Christensen,71,Socialdemokratiet
6689,Juliane Henningsen Heilmann,71,Inuit Ataqatigiit
6688,Henrik Rasmussen,71,Det Konservative Folkeparti
6687,Kaj Leo Johannesen,71,Sambandsflokkurin
6686,Torben Lund,71,Socialistisk Folkeparti
6685,Anders Broholm,71,Venstre
6684,Annita á Fríðriksmørk,71,Tjóðveldi
5905,"Mogens Jensen, Brøndby",71,Socialdemokratiet
10107,Bruno Jerup,71,Enhedslisten
10690,Steen Konradsen,71,Det Konservative Folkeparti
10691,Kurt Scheelsbeck,71,Det Konservative Folkeparti
10702,Helle Dam,71,Socialdemokratiet
13843,Bente Bendix,71,Venstre
13836,Helge Vagn Jacobsen,71,Radikale Venstre
13727,Sarah Nørris,71,Enhedslisten
12285,Ida Damborg,71,Socialistisk Folkeparti
12284,Marie-Louise Andreassen,71,Radikale Venstre
12283,Aksel V. Johannesen,71,Javnaðarflokkurin
11702,Per Larsen,71,Det Konservative Folkeparti
5593,Carsten Hansen,71,Socialdemokratiet
11586,Bilal Inekci,71,Socialistisk Folkeparti
11584,Daniel Rugholm,71,Det Konservative Folkeparti
11583,Kenneth Kristensen Berth,71,Dansk Folkeparti
11412,Anna Kirsten Olesen,71,Socialdemokratiet
10707,Erikanell Asmuss Lorentsen,71,Radikale Venstre
10706,Jette Plesner Dali,71,Dansk Folkeparti
10705,Bente Kronborg Holst,71,Dansk Folkeparti
10704,Kasper Krüger,71,Venstre
11585,Jens Arne Hedegaard,71,Venstre
1914,Jakob Jensen,71,Socialdemokratiet
5468,Dorrit Knudsen,71,Socialdemokratiet
5132,Flemming Bonne,71,Socialistisk Folkeparti
3089,Joan Erlandsen,71,Venstre
3088,Bente Dahl,71,Radikale Venstre
3087,Elisabeth Geday,71,Radikale Venstre
3086,Johs. Poulsen,71,Radikale Venstre
3085,Kim Mortensen,71,Socialdemokratiet
3084,Troels Christensen (udpeget af V),71,Venstre
3083,Charlotte Fischer,71,Radikale Venstre
3082,Henrik Brodersen,71,Dansk Folkeparti
3081,Kurt Kirkegaard,71,Venstre
3042,"Frode Sørensen, Hjørring",71,Socialdemokratiet
2156,Gitte Seeberg,71,Uden for Folketingsgrupperne
2103,Britta Schall Holberg,71,Venstre
1951,Flemming Møller (udpeget af V),71,Venstre
1948,Birgitte Møller,71,Radikale Venstre
1947,Søren Hansen,71,Socialdemokratiet
3090,Tina Petersen,71,Dansk Folkeparti
3092,Vibeke Grave,71,Socialdemokratiet
3093,Anfinn Kallsberg,71,Fólkaflokkurin
3992,Bjørn Medom Nielsen,71,Socialdemokratiet
4971,Jane Alrø Sørensen,71,Socialistisk Folkeparti
4969,Jørgen Poulsen,71,Radikale Venstre
4968,Knud Kristensen,71,Det Konservative Folkeparti
4965,Hanne Agersnap (udpeget af SF),71,Socialistisk Folkeparti
4957,Tage Leegaard,71,Det Konservative Folkeparti
4956,Ib Poulsen,71,Dansk Folkeparti
4515,Jørgen S. Lundsgaard,71,Det Konservative Folkeparti
5182,Anne Marie Geisler Andersen,71,Radikale Venstre
4434,Abbas Razvi,71,Radikale Venstre
4428,Jens Borking,71,Enhedslisten
3998,Thomas Krog,71,Socialistisk Folkeparti
3997,Tina Bostrup,71,Radikale Venstre
3996,Henrik Fruergaard,71,Venstre
3995,Egil Møller,71,Dansk Folkeparti
3994,Jesper Kinch-Jensen,71,Socialdemokratiet
3993,Grethe H. Nielsen,71,Socialdemokratiet
4433,Jens Jørgen Nygaard,71,Det Konservative Folkeparti
21206,Elvira Kûitse,71,Naleraq
